variant,step,fact_id,condition,control,layer,flipped,logit_diff,first_flip_layer,first_positive_diff_layer
final,535,cf_17408,latent,self,0,False,5.184399604797363,,
final,535,cf_17408,latent,self,1,False,5.184399604797363,,
final,535,cf_17408,latent,self,2,False,5.184399604797363,,
final,535,cf_17408,latent,self,3,False,5.184399604797363,,
final,535,cf_17408,latent,self,4,False,5.184399604797363,,
final,535,cf_17408,latent,self,5,False,5.184399604797363,,
final,535,cf_17408,latent,self,6,False,5.184399604797363,,
final,535,cf_17408,latent,self,7,False,5.184399604797363,,
final,535,cf_17408,latent,self,8,False,5.184399604797363,,
final,535,cf_17408,latent,self,9,False,5.184399604797363,,
final,535,cf_17408,latent,self,10,False,5.184399604797363,,
final,535,cf_17408,latent,self,11,False,5.184399604797363,,
final,535,cf_17408,latent,self,12,False,5.184399604797363,,
final,535,cf_17408,latent,self,13,False,5.184399604797363,,
final,535,cf_17408,latent,self,14,False,5.184399604797363,,
final,535,cf_17408,latent,self,15,False,5.184399604797363,,
final,535,cf_17408,latent,self,16,False,5.184399604797363,,
final,535,cf_17408,latent,self,17,False,5.184399604797363,,
final,535,cf_17408,latent,self,18,False,5.184399604797363,,
final,535,cf_17408,latent,self,19,False,5.184399604797363,,
final,535,cf_17408,latent,self,20,False,5.184399604797363,,
final,535,cf_17408,latent,self,21,False,5.184399604797363,,
final,535,cf_17408,latent,self,22,False,5.184399604797363,,
final,535,cf_17408,latent,self,23,False,5.184399604797363,,
final,535,cf_17408,latent,self,24,False,5.218297004699707,,
final,535,cf_17408,latent,self,-1,False,,,0.0
final,535,cf_15306,latent,self,0,False,3.5196285247802734,,
final,535,cf_15306,latent,self,1,False,3.5196285247802734,,
final,535,cf_15306,latent,self,2,False,3.5196285247802734,,
final,535,cf_15306,latent,self,3,False,3.5196285247802734,,
final,535,cf_15306,latent,self,4,False,3.5196285247802734,,
final,535,cf_15306,latent,self,5,False,3.5196285247802734,,
final,535,cf_15306,latent,self,6,False,3.5196285247802734,,
final,535,cf_15306,latent,self,7,False,3.5196285247802734,,
final,535,cf_15306,latent,self,8,False,3.5196285247802734,,
final,535,cf_15306,latent,self,9,False,3.5196285247802734,,
final,535,cf_15306,latent,self,10,False,3.5196285247802734,,
final,535,cf_15306,latent,self,11,False,3.5196285247802734,,
final,535,cf_15306,latent,self,12,False,3.5196285247802734,,
final,535,cf_15306,latent,self,13,False,3.5196285247802734,,
final,535,cf_15306,latent,self,14,False,3.5196285247802734,,
final,535,cf_15306,latent,self,15,False,3.5196285247802734,,
final,535,cf_15306,latent,self,16,False,3.5196285247802734,,
final,535,cf_15306,latent,self,17,False,3.5196285247802734,,
final,535,cf_15306,latent,self,18,False,3.5196285247802734,,
final,535,cf_15306,latent,self,19,False,3.5196285247802734,,
final,535,cf_15306,latent,self,20,False,3.5196285247802734,,
final,535,cf_15306,latent,self,21,False,3.5196285247802734,,
final,535,cf_15306,latent,self,22,False,3.5196285247802734,,
final,535,cf_15306,latent,self,23,False,3.5196285247802734,,
final,535,cf_15306,latent,self,24,False,3.8123950958251953,,
final,535,cf_15306,latent,self,-1,False,,,0.0
final,535,cf_9130,latent,self,0,False,8.87384033203125,,
final,535,cf_9130,latent,self,1,False,8.87384033203125,,
final,535,cf_9130,latent,self,2,False,8.87384033203125,,
final,535,cf_9130,latent,self,3,False,8.87384033203125,,
final,535,cf_9130,latent,self,4,False,8.87384033203125,,
final,535,cf_9130,latent,self,5,False,8.87384033203125,,
final,535,cf_9130,latent,self,6,False,8.87384033203125,,
final,535,cf_9130,latent,self,7,False,8.87384033203125,,
final,535,cf_9130,latent,self,8,False,8.87384033203125,,
final,535,cf_9130,latent,self,9,False,8.87384033203125,,
final,535,cf_9130,latent,self,10,False,8.87384033203125,,
final,535,cf_9130,latent,self,11,False,8.87384033203125,,
final,535,cf_9130,latent,self,12,False,8.87384033203125,,
final,535,cf_9130,latent,self,13,False,8.87384033203125,,
final,535,cf_9130,latent,self,14,False,8.87384033203125,,
final,535,cf_9130,latent,self,15,False,8.87384033203125,,
final,535,cf_9130,latent,self,16,False,8.87384033203125,,
final,535,cf_9130,latent,self,17,False,8.87384033203125,,
final,535,cf_9130,latent,self,18,False,8.87384033203125,,
final,535,cf_9130,latent,self,19,False,8.87384033203125,,
final,535,cf_9130,latent,self,20,False,8.87384033203125,,
final,535,cf_9130,latent,self,21,False,8.87384033203125,,
final,535,cf_9130,latent,self,22,False,8.87384033203125,,
final,535,cf_9130,latent,self,23,False,8.87384033203125,,
final,535,cf_9130,latent,self,24,False,9.211572647094727,,
final,535,cf_9130,latent,self,-1,False,,,0.0
final,535,cf_6838,latent,self,0,False,0.6747264862060547,,
final,535,cf_6838,latent,self,1,False,0.6747264862060547,,
final,535,cf_6838,latent,self,2,False,0.6747264862060547,,
final,535,cf_6838,latent,self,3,False,0.6747264862060547,,
final,535,cf_6838,latent,self,4,False,0.6747264862060547,,
final,535,cf_6838,latent,self,5,False,0.6747264862060547,,
final,535,cf_6838,latent,self,6,False,0.6747264862060547,,
final,535,cf_6838,latent,self,7,False,0.6747264862060547,,
final,535,cf_6838,latent,self,8,False,0.6747264862060547,,
final,535,cf_6838,latent,self,9,False,0.6747264862060547,,
final,535,cf_6838,latent,self,10,False,0.6747264862060547,,
final,535,cf_6838,latent,self,11,False,0.6747264862060547,,
final,535,cf_6838,latent,self,12,False,0.6747264862060547,,
final,535,cf_6838,latent,self,13,False,0.6747264862060547,,
final,535,cf_6838,latent,self,14,False,0.6747264862060547,,
final,535,cf_6838,latent,self,15,False,0.6747264862060547,,
final,535,cf_6838,latent,self,16,False,0.6747264862060547,,
final,535,cf_6838,latent,self,17,False,0.6747264862060547,,
final,535,cf_6838,latent,self,18,False,0.6747264862060547,,
final,535,cf_6838,latent,self,19,False,0.6747264862060547,,
final,535,cf_6838,latent,self,20,False,0.6747264862060547,,
final,535,cf_6838,latent,self,21,False,0.6747264862060547,,
final,535,cf_6838,latent,self,22,False,0.6747264862060547,,
final,535,cf_6838,latent,self,23,False,0.6747264862060547,,
final,535,cf_6838,latent,self,24,False,0.5592861175537109,,
final,535,cf_6838,latent,self,-1,False,,,0.0
final,535,cf_3027,latent,self,0,False,8.825578689575195,,
final,535,cf_3027,latent,self,1,False,8.825578689575195,,
final,535,cf_3027,latent,self,2,False,8.825578689575195,,
final,535,cf_3027,latent,self,3,False,8.825578689575195,,
final,535,cf_3027,latent,self,4,False,8.825578689575195,,
final,535,cf_3027,latent,self,5,False,8.825578689575195,,
final,535,cf_3027,latent,self,6,False,8.825578689575195,,
final,535,cf_3027,latent,self,7,False,8.825578689575195,,
final,535,cf_3027,latent,self,8,False,8.825578689575195,,
final,535,cf_3027,latent,self,9,False,8.825578689575195,,
final,535,cf_3027,latent,self,10,False,8.825578689575195,,
final,535,cf_3027,latent,self,11,False,8.825578689575195,,
final,535,cf_3027,latent,self,12,False,8.825578689575195,,
final,535,cf_3027,latent,self,13,False,8.825578689575195,,
final,535,cf_3027,latent,self,14,False,8.825578689575195,,
final,535,cf_3027,latent,self,15,False,8.825578689575195,,
final,535,cf_3027,latent,self,16,False,8.825578689575195,,
final,535,cf_3027,latent,self,17,False,8.825578689575195,,
final,535,cf_3027,latent,self,18,False,8.825578689575195,,
final,535,cf_3027,latent,self,19,False,8.825578689575195,,
final,535,cf_3027,latent,self,20,False,8.825578689575195,,
final,535,cf_3027,latent,self,21,False,8.825578689575195,,
final,535,cf_3027,latent,self,22,False,8.825578689575195,,
final,535,cf_3027,latent,self,23,False,8.825578689575195,,
final,535,cf_3027,latent,self,24,False,8.784420013427734,,
final,535,cf_3027,latent,self,-1,False,,,0.0
final,535,cf_7054,latent,self,0,False,0.7453269958496094,,
final,535,cf_7054,latent,self,1,False,0.7453269958496094,,
final,535,cf_7054,latent,self,2,False,0.7453269958496094,,
final,535,cf_7054,latent,self,3,False,0.7453269958496094,,
final,535,cf_7054,latent,self,4,False,0.7453269958496094,,
final,535,cf_7054,latent,self,5,False,0.7453269958496094,,
final,535,cf_7054,latent,self,6,False,0.7453269958496094,,
final,535,cf_7054,latent,self,7,False,0.7453269958496094,,
final,535,cf_7054,latent,self,8,False,0.7453269958496094,,
final,535,cf_7054,latent,self,9,False,0.7453269958496094,,
final,535,cf_7054,latent,self,10,False,0.7453269958496094,,
final,535,cf_7054,latent,self,11,False,0.7453269958496094,,
final,535,cf_7054,latent,self,12,False,0.7453269958496094,,
final,535,cf_7054,latent,self,13,False,0.7453269958496094,,
final,535,cf_7054,latent,self,14,False,0.7453269958496094,,
final,535,cf_7054,latent,self,15,False,0.7453269958496094,,
final,535,cf_7054,latent,self,16,False,0.7453269958496094,,
final,535,cf_7054,latent,self,17,False,0.7453269958496094,,
final,535,cf_7054,latent,self,18,False,0.7453269958496094,,
final,535,cf_7054,latent,self,19,False,0.7453269958496094,,
final,535,cf_7054,latent,self,20,False,0.7453269958496094,,
final,535,cf_7054,latent,self,21,False,0.7453269958496094,,
final,535,cf_7054,latent,self,22,False,0.7453269958496094,,
final,535,cf_7054,latent,self,23,False,0.7453269958496094,,
final,535,cf_7054,latent,self,24,False,0.9439201354980469,,
final,535,cf_7054,latent,self,-1,False,,,0.0
final,535,cf_12911,latent,self,0,False,5.242486000061035,,
final,535,cf_12911,latent,self,1,False,5.242486000061035,,
final,535,cf_12911,latent,self,2,False,5.242486000061035,,
final,535,cf_12911,latent,self,3,False,5.242486000061035,,
final,535,cf_12911,latent,self,4,False,5.242486000061035,,
final,535,cf_12911,latent,self,5,False,5.242486000061035,,
final,535,cf_12911,latent,self,6,False,5.242486000061035,,
final,535,cf_12911,latent,self,7,False,5.242486000061035,,
final,535,cf_12911,latent,self,8,False,5.242486000061035,,
final,535,cf_12911,latent,self,9,False,5.242486000061035,,
final,535,cf_12911,latent,self,10,False,5.242486000061035,,
final,535,cf_12911,latent,self,11,False,5.242486000061035,,
final,535,cf_12911,latent,self,12,False,5.242486000061035,,
final,535,cf_12911,latent,self,13,False,5.242486000061035,,
final,535,cf_12911,latent,self,14,False,5.242486000061035,,
final,535,cf_12911,latent,self,15,False,5.242486000061035,,
final,535,cf_12911,latent,self,16,False,5.242486000061035,,
final,535,cf_12911,latent,self,17,False,5.242486000061035,,
final,535,cf_12911,latent,self,18,False,5.242486000061035,,
final,535,cf_12911,latent,self,19,False,5.242486000061035,,
final,535,cf_12911,latent,self,20,False,5.242486000061035,,
final,535,cf_12911,latent,self,21,False,5.242486000061035,,
final,535,cf_12911,latent,self,22,False,5.242486000061035,,
final,535,cf_12911,latent,self,23,False,5.242486000061035,,
final,535,cf_12911,latent,self,24,False,4.838642120361328,,
final,535,cf_12911,latent,self,-1,False,,,0.0
final,535,cf_7199,latent,self,0,False,8.580476760864258,,
final,535,cf_7199,latent,self,1,False,8.580476760864258,,
final,535,cf_7199,latent,self,2,False,8.580476760864258,,
final,535,cf_7199,latent,self,3,False,8.580476760864258,,
final,535,cf_7199,latent,self,4,False,8.580476760864258,,
final,535,cf_7199,latent,self,5,False,8.580476760864258,,
final,535,cf_7199,latent,self,6,False,8.580476760864258,,
final,535,cf_7199,latent,self,7,False,8.580476760864258,,
final,535,cf_7199,latent,self,8,False,8.580476760864258,,
final,535,cf_7199,latent,self,9,False,8.580476760864258,,
final,535,cf_7199,latent,self,10,False,8.580476760864258,,
final,535,cf_7199,latent,self,11,False,8.580476760864258,,
final,535,cf_7199,latent,self,12,False,8.580476760864258,,
final,535,cf_7199,latent,self,13,False,8.580476760864258,,
final,535,cf_7199,latent,self,14,False,8.580476760864258,,
final,535,cf_7199,latent,self,15,False,8.580476760864258,,
final,535,cf_7199,latent,self,16,False,8.580476760864258,,
final,535,cf_7199,latent,self,17,False,8.580476760864258,,
final,535,cf_7199,latent,self,18,False,8.580476760864258,,
final,535,cf_7199,latent,self,19,False,8.580476760864258,,
final,535,cf_7199,latent,self,20,False,8.580476760864258,,
final,535,cf_7199,latent,self,21,False,8.580476760864258,,
final,535,cf_7199,latent,self,22,False,8.580476760864258,,
final,535,cf_7199,latent,self,23,False,8.580476760864258,,
final,535,cf_7199,latent,self,24,False,8.782724380493164,,
final,535,cf_7199,latent,self,-1,False,,,0.0
final,535,cf_8882,latent,self,0,False,12.716827392578125,,
final,535,cf_8882,latent,self,1,False,12.716827392578125,,
final,535,cf_8882,latent,self,2,False,12.716827392578125,,
final,535,cf_8882,latent,self,3,False,12.716827392578125,,
final,535,cf_8882,latent,self,4,False,12.716827392578125,,
final,535,cf_8882,latent,self,5,False,12.716827392578125,,
final,535,cf_8882,latent,self,6,False,12.716827392578125,,
final,535,cf_8882,latent,self,7,False,12.716827392578125,,
final,535,cf_8882,latent,self,8,False,12.716827392578125,,
final,535,cf_8882,latent,self,9,False,12.716827392578125,,
final,535,cf_8882,latent,self,10,False,12.716827392578125,,
final,535,cf_8882,latent,self,11,False,12.716827392578125,,
final,535,cf_8882,latent,self,12,False,12.716827392578125,,
final,535,cf_8882,latent,self,13,False,12.716827392578125,,
final,535,cf_8882,latent,self,14,False,12.716827392578125,,
final,535,cf_8882,latent,self,15,False,12.716827392578125,,
final,535,cf_8882,latent,self,16,False,12.716827392578125,,
final,535,cf_8882,latent,self,17,False,12.716827392578125,,
final,535,cf_8882,latent,self,18,False,12.716827392578125,,
final,535,cf_8882,latent,self,19,False,12.716827392578125,,
final,535,cf_8882,latent,self,20,False,12.716827392578125,,
final,535,cf_8882,latent,self,21,False,12.716827392578125,,
final,535,cf_8882,latent,self,22,False,12.716827392578125,,
final,535,cf_8882,latent,self,23,False,12.716827392578125,,
final,535,cf_8882,latent,self,24,False,12.664299964904785,,
final,535,cf_8882,latent,self,-1,False,,,0.0
final,535,cf_17346,latent,self,0,False,0.6906929016113281,,
final,535,cf_17346,latent,self,1,False,0.6906929016113281,,
final,535,cf_17346,latent,self,2,False,0.6906929016113281,,
final,535,cf_17346,latent,self,3,False,0.6906929016113281,,
final,535,cf_17346,latent,self,4,False,0.6906929016113281,,
final,535,cf_17346,latent,self,5,False,0.6906929016113281,,
final,535,cf_17346,latent,self,6,False,0.6906929016113281,,
final,535,cf_17346,latent,self,7,False,0.6906929016113281,,
final,535,cf_17346,latent,self,8,False,0.6906929016113281,,
final,535,cf_17346,latent,self,9,False,0.6906929016113281,,
final,535,cf_17346,latent,self,10,False,0.6906929016113281,,
final,535,cf_17346,latent,self,11,False,0.6906929016113281,,
final,535,cf_17346,latent,self,12,False,0.6906929016113281,,
final,535,cf_17346,latent,self,13,False,0.6906929016113281,,
final,535,cf_17346,latent,self,14,False,0.6906929016113281,,
final,535,cf_17346,latent,self,15,False,0.6906929016113281,,
final,535,cf_17346,latent,self,16,False,0.6906929016113281,,
final,535,cf_17346,latent,self,17,False,0.6906929016113281,,
final,535,cf_17346,latent,self,18,False,0.6906929016113281,,
final,535,cf_17346,latent,self,19,False,0.6906929016113281,,
final,535,cf_17346,latent,self,20,False,0.6906929016113281,,
final,535,cf_17346,latent,self,21,False,0.6906929016113281,,
final,535,cf_17346,latent,self,22,False,0.6906929016113281,,
final,535,cf_17346,latent,self,23,False,0.6906929016113281,,
final,535,cf_17346,latent,self,24,False,0.5248985290527344,,
final,535,cf_17346,latent,self,-1,False,,,0.0
final,535,cf_15927,latent,self,0,False,2.2166900634765625,,
final,535,cf_15927,latent,self,1,False,2.2166900634765625,,
final,535,cf_15927,latent,self,2,False,2.2166900634765625,,
final,535,cf_15927,latent,self,3,False,2.2166900634765625,,
final,535,cf_15927,latent,self,4,False,2.2166900634765625,,
final,535,cf_15927,latent,self,5,False,2.2166900634765625,,
final,535,cf_15927,latent,self,6,False,2.2166900634765625,,
final,535,cf_15927,latent,self,7,False,2.2166900634765625,,
final,535,cf_15927,latent,self,8,False,2.2166900634765625,,
final,535,cf_15927,latent,self,9,False,2.2166900634765625,,
final,535,cf_15927,latent,self,10,False,2.2166900634765625,,
final,535,cf_15927,latent,self,11,False,2.2166900634765625,,
final,535,cf_15927,latent,self,12,False,2.2166900634765625,,
final,535,cf_15927,latent,self,13,False,2.2166900634765625,,
final,535,cf_15927,latent,self,14,False,2.2166900634765625,,
final,535,cf_15927,latent,self,15,False,2.2166900634765625,,
final,535,cf_15927,latent,self,16,False,2.2166900634765625,,
final,535,cf_15927,latent,self,17,False,2.2166900634765625,,
final,535,cf_15927,latent,self,18,False,2.2166900634765625,,
final,535,cf_15927,latent,self,19,False,2.2166900634765625,,
final,535,cf_15927,latent,self,20,False,2.2166900634765625,,
final,535,cf_15927,latent,self,21,False,2.2166900634765625,,
final,535,cf_15927,latent,self,22,False,2.2166900634765625,,
final,535,cf_15927,latent,self,23,False,2.2166900634765625,,
final,535,cf_15927,latent,self,24,False,2.227834701538086,,
final,535,cf_15927,latent,self,-1,False,,,0.0
final,535,cf_446,latent,self,0,False,4.125838279724121,,
final,535,cf_446,latent,self,1,False,4.125838279724121,,
final,535,cf_446,latent,self,2,False,4.125838279724121,,
final,535,cf_446,latent,self,3,False,4.125838279724121,,
final,535,cf_446,latent,self,4,False,4.125838279724121,,
final,535,cf_446,latent,self,5,False,4.125838279724121,,
final,535,cf_446,latent,self,6,False,4.125838279724121,,
final,535,cf_446,latent,self,7,False,4.125838279724121,,
final,535,cf_446,latent,self,8,False,4.125838279724121,,
final,535,cf_446,latent,self,9,False,4.125838279724121,,
final,535,cf_446,latent,self,10,False,4.125838279724121,,
final,535,cf_446,latent,self,11,False,4.125838279724121,,
final,535,cf_446,latent,self,12,False,4.125838279724121,,
final,535,cf_446,latent,self,13,False,4.125838279724121,,
final,535,cf_446,latent,self,14,False,4.125838279724121,,
final,535,cf_446,latent,self,15,False,4.125838279724121,,
final,535,cf_446,latent,self,16,False,4.125838279724121,,
final,535,cf_446,latent,self,17,False,4.125838279724121,,
final,535,cf_446,latent,self,18,False,4.125838279724121,,
final,535,cf_446,latent,self,19,False,4.125838279724121,,
final,535,cf_446,latent,self,20,False,4.125838279724121,,
final,535,cf_446,latent,self,21,False,4.125838279724121,,
final,535,cf_446,latent,self,22,False,4.125838279724121,,
final,535,cf_446,latent,self,23,False,4.125838279724121,,
final,535,cf_446,latent,self,24,False,4.399240493774414,,
final,535,cf_446,latent,self,-1,False,,,0.0
final,535,cf_19516,latent,self,0,False,7.845630645751953,,
final,535,cf_19516,latent,self,1,False,7.845630645751953,,
final,535,cf_19516,latent,self,2,False,7.845630645751953,,
final,535,cf_19516,latent,self,3,False,7.845630645751953,,
final,535,cf_19516,latent,self,4,False,7.845630645751953,,
final,535,cf_19516,latent,self,5,False,7.845630645751953,,
final,535,cf_19516,latent,self,6,False,7.845630645751953,,
final,535,cf_19516,latent,self,7,False,7.845630645751953,,
final,535,cf_19516,latent,self,8,False,7.845630645751953,,
final,535,cf_19516,latent,self,9,False,7.845630645751953,,
final,535,cf_19516,latent,self,10,False,7.845630645751953,,
final,535,cf_19516,latent,self,11,False,7.845630645751953,,
final,535,cf_19516,latent,self,12,False,7.845630645751953,,
final,535,cf_19516,latent,self,13,False,7.845630645751953,,
final,535,cf_19516,latent,self,14,False,7.845630645751953,,
final,535,cf_19516,latent,self,15,False,7.845630645751953,,
final,535,cf_19516,latent,self,16,False,7.845630645751953,,
final,535,cf_19516,latent,self,17,False,7.845630645751953,,
final,535,cf_19516,latent,self,18,False,7.845630645751953,,
final,535,cf_19516,latent,self,19,False,7.845630645751953,,
final,535,cf_19516,latent,self,20,False,7.845630645751953,,
final,535,cf_19516,latent,self,21,False,7.845630645751953,,
final,535,cf_19516,latent,self,22,False,7.845630645751953,,
final,535,cf_19516,latent,self,23,False,7.845630645751953,,
final,535,cf_19516,latent,self,24,False,8.41027545928955,,
final,535,cf_19516,latent,self,-1,False,,,0.0
final,535,cf_863,latent,self,0,False,3.231931686401367,,
final,535,cf_863,latent,self,1,False,3.231931686401367,,
final,535,cf_863,latent,self,2,False,3.231931686401367,,
final,535,cf_863,latent,self,3,False,3.231931686401367,,
final,535,cf_863,latent,self,4,False,3.231931686401367,,
final,535,cf_863,latent,self,5,False,3.231931686401367,,
final,535,cf_863,latent,self,6,False,3.231931686401367,,
final,535,cf_863,latent,self,7,False,3.231931686401367,,
final,535,cf_863,latent,self,8,False,3.231931686401367,,
final,535,cf_863,latent,self,9,False,3.231931686401367,,
final,535,cf_863,latent,self,10,False,3.231931686401367,,
final,535,cf_863,latent,self,11,False,3.231931686401367,,
final,535,cf_863,latent,self,12,False,3.231931686401367,,
final,535,cf_863,latent,self,13,False,3.231931686401367,,
final,535,cf_863,latent,self,14,False,3.231931686401367,,
final,535,cf_863,latent,self,15,False,3.231931686401367,,
final,535,cf_863,latent,self,16,False,3.231931686401367,,
final,535,cf_863,latent,self,17,False,3.231931686401367,,
final,535,cf_863,latent,self,18,False,3.231931686401367,,
final,535,cf_863,latent,self,19,False,3.231931686401367,,
final,535,cf_863,latent,self,20,False,3.231931686401367,,
final,535,cf_863,latent,self,21,False,3.231931686401367,,
final,535,cf_863,latent,self,22,False,3.231931686401367,,
final,535,cf_863,latent,self,23,False,3.231931686401367,,
final,535,cf_863,latent,self,24,False,3.117495536804199,,
final,535,cf_863,latent,self,-1,False,,,0.0
final,535,cf_10230,latent,self,0,False,1.9077835083007812,,
final,535,cf_10230,latent,self,1,False,1.9077835083007812,,
final,535,cf_10230,latent,self,2,False,1.9077835083007812,,
final,535,cf_10230,latent,self,3,False,1.9077835083007812,,
final,535,cf_10230,latent,self,4,False,1.9077835083007812,,
final,535,cf_10230,latent,self,5,False,1.9077835083007812,,
final,535,cf_10230,latent,self,6,False,1.9077835083007812,,
final,535,cf_10230,latent,self,7,False,1.9077835083007812,,
final,535,cf_10230,latent,self,8,False,1.9077835083007812,,
final,535,cf_10230,latent,self,9,False,1.9077835083007812,,
final,535,cf_10230,latent,self,10,False,1.9077835083007812,,
final,535,cf_10230,latent,self,11,False,1.9077835083007812,,
final,535,cf_10230,latent,self,12,False,1.9077835083007812,,
final,535,cf_10230,latent,self,13,False,1.9077835083007812,,
final,535,cf_10230,latent,self,14,False,1.9077835083007812,,
final,535,cf_10230,latent,self,15,False,1.9077835083007812,,
final,535,cf_10230,latent,self,16,False,1.9077835083007812,,
final,535,cf_10230,latent,self,17,False,1.9077835083007812,,
final,535,cf_10230,latent,self,18,False,1.9077835083007812,,
final,535,cf_10230,latent,self,19,False,1.9077835083007812,,
final,535,cf_10230,latent,self,20,False,1.9077835083007812,,
final,535,cf_10230,latent,self,21,False,1.9077835083007812,,
final,535,cf_10230,latent,self,22,False,1.9077835083007812,,
final,535,cf_10230,latent,self,23,False,1.9077835083007812,,
final,535,cf_10230,latent,self,24,False,1.5566635131835938,,
final,535,cf_10230,latent,self,-1,False,,,0.0
final,535,cf_4457,latent,self,0,False,7.22286319732666,,
final,535,cf_4457,latent,self,1,False,7.22286319732666,,
final,535,cf_4457,latent,self,2,False,7.22286319732666,,
final,535,cf_4457,latent,self,3,False,7.22286319732666,,
final,535,cf_4457,latent,self,4,False,7.22286319732666,,
final,535,cf_4457,latent,self,5,False,7.22286319732666,,
final,535,cf_4457,latent,self,6,False,7.22286319732666,,
final,535,cf_4457,latent,self,7,False,7.22286319732666,,
final,535,cf_4457,latent,self,8,False,7.22286319732666,,
final,535,cf_4457,latent,self,9,False,7.22286319732666,,
final,535,cf_4457,latent,self,10,False,7.22286319732666,,
final,535,cf_4457,latent,self,11,False,7.22286319732666,,
final,535,cf_4457,latent,self,12,False,7.22286319732666,,
final,535,cf_4457,latent,self,13,False,7.22286319732666,,
final,535,cf_4457,latent,self,14,False,7.22286319732666,,
final,535,cf_4457,latent,self,15,False,7.22286319732666,,
final,535,cf_4457,latent,self,16,False,7.22286319732666,,
final,535,cf_4457,latent,self,17,False,7.22286319732666,,
final,535,cf_4457,latent,self,18,False,7.22286319732666,,
final,535,cf_4457,latent,self,19,False,7.22286319732666,,
final,535,cf_4457,latent,self,20,False,7.22286319732666,,
final,535,cf_4457,latent,self,21,False,7.22286319732666,,
final,535,cf_4457,latent,self,22,False,7.22286319732666,,
final,535,cf_4457,latent,self,23,False,7.22286319732666,,
final,535,cf_4457,latent,self,24,False,7.0516510009765625,,
final,535,cf_4457,latent,self,-1,False,,,0.0
final,535,cf_17408,latent,mismatched,0,False,5.184399604797363,,
final,535,cf_17408,latent,mismatched,1,False,0.7120790481567383,,
final,535,cf_17408,latent,mismatched,2,False,0.7940530776977539,,
final,535,cf_17408,latent,mismatched,3,False,1.0141468048095703,,
final,535,cf_17408,latent,mismatched,4,False,1.0621833801269531,,
final,535,cf_17408,latent,mismatched,5,False,0.9537210464477539,,
final,535,cf_17408,latent,mismatched,6,False,0.975865364074707,,
final,535,cf_17408,latent,mismatched,7,False,1.0597896575927734,,
final,535,cf_17408,latent,mismatched,8,False,1.122955322265625,,
final,535,cf_17408,latent,mismatched,9,False,1.2211799621582031,,
final,535,cf_17408,latent,mismatched,10,False,1.271653175354004,,
final,535,cf_17408,latent,mismatched,11,False,1.406820297241211,,
final,535,cf_17408,latent,mismatched,12,False,1.6219654083251953,,
final,535,cf_17408,latent,mismatched,13,False,2.3175106048583984,,
final,535,cf_17408,latent,mismatched,14,False,2.466496467590332,,
final,535,cf_17408,latent,mismatched,15,False,2.3756790161132812,,
final,535,cf_17408,latent,mismatched,16,False,1.6629581451416016,,
final,535,cf_17408,latent,mismatched,17,False,1.6793413162231445,,
final,535,cf_17408,latent,mismatched,18,False,-0.04250001907348633,,
final,535,cf_17408,latent,mismatched,19,False,0.6424999237060547,,
final,535,cf_17408,latent,mismatched,20,False,1.2058520317077637,,
final,535,cf_17408,latent,mismatched,21,False,1.224104404449463,,
final,535,cf_17408,latent,mismatched,22,False,0.43526458740234375,,
final,535,cf_17408,latent,mismatched,23,False,0.1804513931274414,,
final,535,cf_17408,latent,mismatched,24,False,0.7024650573730469,,
final,535,cf_17408,latent,mismatched,-1,False,,,0.0
final,535,cf_15306,latent,mismatched,0,False,3.5196285247802734,,
final,535,cf_15306,latent,mismatched,1,False,4.150876998901367,,
final,535,cf_15306,latent,mismatched,2,False,4.033109188079834,,
final,535,cf_15306,latent,mismatched,3,False,3.7812118530273438,,
final,535,cf_15306,latent,mismatched,4,False,3.5698437690734863,,
final,535,cf_15306,latent,mismatched,5,False,3.6249442100524902,,
final,535,cf_15306,latent,mismatched,6,False,3.815802574157715,,
final,535,cf_15306,latent,mismatched,7,False,4.074309825897217,,
final,535,cf_15306,latent,mismatched,8,False,3.913041114807129,,
final,535,cf_15306,latent,mismatched,9,False,4.0294671058654785,,
final,535,cf_15306,latent,mismatched,10,False,4.10250997543335,,
final,535,cf_15306,latent,mismatched,11,False,4.543219089508057,,
final,535,cf_15306,latent,mismatched,12,False,4.98361349105835,,
final,535,cf_15306,latent,mismatched,13,False,4.823577404022217,,
final,535,cf_15306,latent,mismatched,14,False,4.634937763214111,,
final,535,cf_15306,latent,mismatched,15,False,4.807159900665283,,
final,535,cf_15306,latent,mismatched,16,False,5.2894392013549805,,
final,535,cf_15306,latent,mismatched,17,False,5.4022650718688965,,
final,535,cf_15306,latent,mismatched,18,False,5.414180278778076,,
final,535,cf_15306,latent,mismatched,19,False,5.310636043548584,,
final,535,cf_15306,latent,mismatched,20,False,5.101100444793701,,
final,535,cf_15306,latent,mismatched,21,False,4.900212287902832,,
final,535,cf_15306,latent,mismatched,22,False,4.9961256980896,,
final,535,cf_15306,latent,mismatched,23,False,5.388858318328857,,
final,535,cf_15306,latent,mismatched,24,False,4.994203090667725,,
final,535,cf_15306,latent,mismatched,-1,False,,,0.0
final,535,cf_9130,latent,mismatched,0,False,8.87384033203125,,
final,535,cf_9130,latent,mismatched,1,False,-1.2045722007751465,,
final,535,cf_9130,latent,mismatched,2,False,-1.183863639831543,,
final,535,cf_9130,latent,mismatched,3,False,-1.29146409034729,,
final,535,cf_9130,latent,mismatched,4,False,-1.3298640251159668,,
final,535,cf_9130,latent,mismatched,5,False,-1.4518210887908936,,
final,535,cf_9130,latent,mismatched,6,False,-1.324127197265625,,
final,535,cf_9130,latent,mismatched,7,False,-1.603165626525879,,
final,535,cf_9130,latent,mismatched,8,False,-1.8313851356506348,,
final,535,cf_9130,latent,mismatched,9,False,-2.1927530765533447,,
final,535,cf_9130,latent,mismatched,10,False,-2.571780204772949,,
final,535,cf_9130,latent,mismatched,11,False,-2.679927349090576,,
final,535,cf_9130,latent,mismatched,12,False,-3.1911327838897705,,
final,535,cf_9130,latent,mismatched,13,False,-2.9143004417419434,,
final,535,cf_9130,latent,mismatched,14,False,-2.4874091148376465,,
final,535,cf_9130,latent,mismatched,15,False,-1.5708578824996948,,
final,535,cf_9130,latent,mismatched,16,False,-1.1750003099441528,,
final,535,cf_9130,latent,mismatched,17,False,-1.915833830833435,,
final,535,cf_9130,latent,mismatched,18,False,-1.520018219947815,,
final,535,cf_9130,latent,mismatched,19,False,-0.33729395270347595,,
final,535,cf_9130,latent,mismatched,20,False,-0.9652666449546814,,
final,535,cf_9130,latent,mismatched,21,False,-0.5525239706039429,,
final,535,cf_9130,latent,mismatched,22,False,-1.3911951780319214,,
final,535,cf_9130,latent,mismatched,23,False,-1.2879345417022705,,
final,535,cf_9130,latent,mismatched,24,False,0.3298441171646118,,
final,535,cf_9130,latent,mismatched,-1,False,,,0.0
final,535,cf_7054,latent,mismatched,0,False,0.7453269958496094,,
final,535,cf_7054,latent,mismatched,1,False,3.132467269897461,,
final,535,cf_7054,latent,mismatched,2,False,3.1034345626831055,,
final,535,cf_7054,latent,mismatched,3,False,3.1198530197143555,,
final,535,cf_7054,latent,mismatched,4,False,3.1743459701538086,,
final,535,cf_7054,latent,mismatched,5,False,3.0961132049560547,,
final,535,cf_7054,latent,mismatched,6,False,3.069883346557617,,
final,535,cf_7054,latent,mismatched,7,False,3.1529312133789062,,
final,535,cf_7054,latent,mismatched,8,False,3.2064809799194336,,
final,535,cf_7054,latent,mismatched,9,False,3.473909378051758,,
final,535,cf_7054,latent,mismatched,10,False,3.627964973449707,,
final,535,cf_7054,latent,mismatched,11,False,3.899968147277832,,
final,535,cf_7054,latent,mismatched,12,False,4.160470962524414,,
final,535,cf_7054,latent,mismatched,13,False,4.506861686706543,,
final,535,cf_7054,latent,mismatched,14,False,4.720954418182373,,
final,535,cf_7054,latent,mismatched,15,False,4.42025899887085,,
final,535,cf_7054,latent,mismatched,16,False,4.200446605682373,,
final,535,cf_7054,latent,mismatched,17,False,3.479405403137207,,
final,535,cf_7054,latent,mismatched,18,False,3.48330020904541,,
final,535,cf_7054,latent,mismatched,19,False,3.971747398376465,,
final,535,cf_7054,latent,mismatched,20,False,3.4878597259521484,,
final,535,cf_7054,latent,mismatched,21,False,3.882779121398926,,
final,535,cf_7054,latent,mismatched,22,False,3.4489622116088867,,
final,535,cf_7054,latent,mismatched,23,False,3.263676643371582,,
final,535,cf_7054,latent,mismatched,24,False,2.3390913009643555,,
final,535,cf_7054,latent,mismatched,-1,False,,,0.0
final,535,cf_12911,latent,mismatched,0,False,5.242486000061035,,
final,535,cf_12911,latent,mismatched,1,False,-4.59267520904541,,
final,535,cf_12911,latent,mismatched,2,False,-4.613852500915527,,
final,535,cf_12911,latent,mismatched,3,False,-4.591050148010254,,
final,535,cf_12911,latent,mismatched,4,False,-4.523187637329102,,
final,535,cf_12911,latent,mismatched,5,False,-4.404383659362793,,
final,535,cf_12911,latent,mismatched,6,False,-4.565118789672852,,
final,535,cf_12911,latent,mismatched,7,False,-4.61305046081543,,
final,535,cf_12911,latent,mismatched,8,False,-4.285204887390137,,
final,535,cf_12911,latent,mismatched,9,False,-4.2353105545043945,,
final,535,cf_12911,latent,mismatched,10,False,-4.011371612548828,,
final,535,cf_12911,latent,mismatched,11,False,-3.961101531982422,,
final,535,cf_12911,latent,mismatched,12,False,-4.568133354187012,,
final,535,cf_12911,latent,mismatched,13,False,-4.705533027648926,,
final,535,cf_12911,latent,mismatched,14,False,-4.976047039031982,,
final,535,cf_12911,latent,mismatched,15,False,-5.168188571929932,,
final,535,cf_12911,latent,mismatched,16,False,-5.314277172088623,,
final,535,cf_12911,latent,mismatched,17,False,-6.098863124847412,,
final,535,cf_12911,latent,mismatched,18,False,-5.662810325622559,,
final,535,cf_12911,latent,mismatched,19,False,-5.471584320068359,,
final,535,cf_12911,latent,mismatched,20,False,-4.443542957305908,,
final,535,cf_12911,latent,mismatched,21,False,-4.086964130401611,,
final,535,cf_12911,latent,mismatched,22,False,-4.25897216796875,,
final,535,cf_12911,latent,mismatched,23,False,-3.950758457183838,,
final,535,cf_12911,latent,mismatched,24,False,-4.141700744628906,,
final,535,cf_12911,latent,mismatched,-1,False,,,0.0
final,535,cf_7199,latent,mismatched,0,False,8.580476760864258,,
final,535,cf_7199,latent,mismatched,1,False,2.8233108520507812,,
final,535,cf_7199,latent,mismatched,2,False,2.796351432800293,,
final,535,cf_7199,latent,mismatched,3,False,2.7258596420288086,,
final,535,cf_7199,latent,mismatched,4,False,2.8114614486694336,,
final,535,cf_7199,latent,mismatched,5,False,2.7886266708374023,,
final,535,cf_7199,latent,mismatched,6,False,2.8252620697021484,,
final,535,cf_7199,latent,mismatched,7,False,2.912177085876465,,
final,535,cf_7199,latent,mismatched,8,False,3.0455141067504883,,
final,535,cf_7199,latent,mismatched,9,False,2.956291675567627,,
final,535,cf_7199,latent,mismatched,10,False,2.8618178367614746,,
final,535,cf_7199,latent,mismatched,11,False,2.932272434234619,,
final,535,cf_7199,latent,mismatched,12,False,2.979562282562256,,
final,535,cf_7199,latent,mismatched,13,False,2.8725156784057617,,
final,535,cf_7199,latent,mismatched,14,False,2.9826998710632324,,
final,535,cf_7199,latent,mismatched,15,False,3.0016818046569824,,
final,535,cf_7199,latent,mismatched,16,False,3.027346134185791,,
final,535,cf_7199,latent,mismatched,17,False,2.9655208587646484,,
final,535,cf_7199,latent,mismatched,18,False,2.8933286666870117,,
final,535,cf_7199,latent,mismatched,19,False,2.742201328277588,,
final,535,cf_7199,latent,mismatched,20,False,2.4325499534606934,,
final,535,cf_7199,latent,mismatched,21,False,2.364718437194824,,
final,535,cf_7199,latent,mismatched,22,False,2.93074893951416,,
final,535,cf_7199,latent,mismatched,23,False,3.6176271438598633,,
final,535,cf_7199,latent,mismatched,24,False,5.221038818359375,,
final,535,cf_7199,latent,mismatched,-1,False,,,0.0
final,535,cf_8882,latent,mismatched,0,False,12.716827392578125,,
final,535,cf_8882,latent,mismatched,1,False,1.7279143333435059,,
final,535,cf_8882,latent,mismatched,2,False,1.5529661178588867,,
final,535,cf_8882,latent,mismatched,3,False,1.488591194152832,,
final,535,cf_8882,latent,mismatched,4,False,1.4880881309509277,,
final,535,cf_8882,latent,mismatched,5,False,1.406517505645752,,
final,535,cf_8882,latent,mismatched,6,False,1.5373687744140625,,
final,535,cf_8882,latent,mismatched,7,False,1.6770620346069336,,
final,535,cf_8882,latent,mismatched,8,False,1.1611623764038086,,
final,535,cf_8882,latent,mismatched,9,False,1.3141093254089355,,
final,535,cf_8882,latent,mismatched,10,False,1.3237237930297852,,
final,535,cf_8882,latent,mismatched,11,False,1.3441123962402344,,
final,535,cf_8882,latent,mismatched,12,False,1.3770475387573242,,
final,535,cf_8882,latent,mismatched,13,False,1.6914896965026855,,
final,535,cf_8882,latent,mismatched,14,False,1.5046958923339844,,
final,535,cf_8882,latent,mismatched,15,False,1.789518117904663,,
final,535,cf_8882,latent,mismatched,16,False,2.701939344406128,,
final,535,cf_8882,latent,mismatched,17,False,3.103666067123413,,
final,535,cf_8882,latent,mismatched,18,False,3.1800975799560547,,
final,535,cf_8882,latent,mismatched,19,False,3.4752140045166016,,
final,535,cf_8882,latent,mismatched,20,False,2.8993327617645264,,
final,535,cf_8882,latent,mismatched,21,False,1.843113660812378,,
final,535,cf_8882,latent,mismatched,22,False,2.5515835285186768,,
final,535,cf_8882,latent,mismatched,23,False,3.5255587100982666,,
final,535,cf_8882,latent,mismatched,24,False,4.723188877105713,,
final,535,cf_8882,latent,mismatched,-1,False,,,0.0
final,535,cf_15927,latent,mismatched,0,False,2.2166900634765625,,
final,535,cf_15927,latent,mismatched,1,False,-1.2940216064453125,,
final,535,cf_15927,latent,mismatched,2,False,-1.5040111541748047,,
final,535,cf_15927,latent,mismatched,3,False,-1.525437355041504,,
final,535,cf_15927,latent,mismatched,4,False,-1.6345739364624023,,
final,535,cf_15927,latent,mismatched,5,False,-1.697129249572754,,
final,535,cf_15927,latent,mismatched,6,False,-1.6854524612426758,,
final,535,cf_15927,latent,mismatched,7,False,-1.82183837890625,,
final,535,cf_15927,latent,mismatched,8,False,-1.7386226654052734,,
final,535,cf_15927,latent,mismatched,9,False,-1.8063421249389648,,
final,535,cf_15927,latent,mismatched,10,False,-1.8148889541625977,,
final,535,cf_15927,latent,mismatched,11,False,-1.9780769348144531,,
final,535,cf_15927,latent,mismatched,12,False,-2.3502941131591797,,
final,535,cf_15927,latent,mismatched,13,False,-2.339529514312744,,
final,535,cf_15927,latent,mismatched,14,False,-2.740039825439453,,
final,535,cf_15927,latent,mismatched,15,False,-2.6872267723083496,,
final,535,cf_15927,latent,mismatched,16,False,-2.9630379676818848,,
final,535,cf_15927,latent,mismatched,17,False,-3.1367762088775635,,
final,535,cf_15927,latent,mismatched,18,False,-2.959872007369995,,
final,535,cf_15927,latent,mismatched,19,False,-2.672691583633423,,
final,535,cf_15927,latent,mismatched,20,False,-2.5311036109924316,,
final,535,cf_15927,latent,mismatched,21,False,-2.540271520614624,,
final,535,cf_15927,latent,mismatched,22,False,-2.413327217102051,,
final,535,cf_15927,latent,mismatched,23,False,-1.9225479364395142,,
final,535,cf_15927,latent,mismatched,24,False,-2.199916362762451,,
final,535,cf_15927,latent,mismatched,-1,False,,,0.0
final,535,cf_19516,latent,mismatched,0,False,7.845630645751953,,
final,535,cf_19516,latent,mismatched,1,False,2.3073978424072266,,
final,535,cf_19516,latent,mismatched,2,False,2.429196357727051,,
final,535,cf_19516,latent,mismatched,3,False,2.3984932899475098,,
final,535,cf_19516,latent,mismatched,4,False,2.0270543098449707,,
final,535,cf_19516,latent,mismatched,5,False,1.8910388946533203,,
final,535,cf_19516,latent,mismatched,6,False,1.8495287895202637,,
final,535,cf_19516,latent,mismatched,7,False,1.9466843605041504,,
final,535,cf_19516,latent,mismatched,8,False,2.0651702880859375,,
final,535,cf_19516,latent,mismatched,9,False,1.719740390777588,,
final,535,cf_19516,latent,mismatched,10,False,1.8651413917541504,,
final,535,cf_19516,latent,mismatched,11,False,1.8015241622924805,,
final,535,cf_19516,latent,mismatched,12,False,1.7144546508789062,,
final,535,cf_19516,latent,mismatched,13,False,1.6721758842468262,,
final,535,cf_19516,latent,mismatched,14,False,1.5389819145202637,,
final,535,cf_19516,latent,mismatched,15,False,1.7132062911987305,,
final,535,cf_19516,latent,mismatched,16,False,1.2378754615783691,,
final,535,cf_19516,latent,mismatched,17,False,1.263227939605713,,
final,535,cf_19516,latent,mismatched,18,False,1.526502251625061,,
final,535,cf_19516,latent,mismatched,19,False,1.5936208963394165,,
final,535,cf_19516,latent,mismatched,20,False,0.7034604549407959,,
final,535,cf_19516,latent,mismatched,21,False,1.8313860893249512,,
final,535,cf_19516,latent,mismatched,22,False,2.04542875289917,,
final,535,cf_19516,latent,mismatched,23,False,1.7749638557434082,,
final,535,cf_19516,latent,mismatched,24,False,1.586780071258545,,
final,535,cf_19516,latent,mismatched,-1,False,,,0.0
final,535,cf_863,latent,mismatched,0,False,3.231931686401367,,
final,535,cf_863,latent,mismatched,1,False,-9.36063003540039,,
final,535,cf_863,latent,mismatched,2,False,-9.164266586303711,,
final,535,cf_863,latent,mismatched,3,False,-9.150060653686523,,
final,535,cf_863,latent,mismatched,4,False,-9.314844131469727,,
final,535,cf_863,latent,mismatched,5,False,-9.2780179977417,,
final,535,cf_863,latent,mismatched,6,False,-9.227692604064941,,
final,535,cf_863,latent,mismatched,7,False,-9.177451133728027,,
final,535,cf_863,latent,mismatched,8,False,-9.106730461120605,,
final,535,cf_863,latent,mismatched,9,False,-8.811175346374512,,
final,535,cf_863,latent,mismatched,10,False,-8.770503044128418,,
final,535,cf_863,latent,mismatched,11,False,-8.273733139038086,,
final,535,cf_863,latent,mismatched,12,False,-8.251721382141113,,
final,535,cf_863,latent,mismatched,13,False,-7.380763053894043,,
final,535,cf_863,latent,mismatched,14,False,-7.037062644958496,,
final,535,cf_863,latent,mismatched,15,False,-6.8579230308532715,,
final,535,cf_863,latent,mismatched,16,False,-7.056657314300537,,
final,535,cf_863,latent,mismatched,17,False,-7.79371452331543,,
final,535,cf_863,latent,mismatched,18,False,-8.250523567199707,,
final,535,cf_863,latent,mismatched,19,False,-8.322588920593262,,
final,535,cf_863,latent,mismatched,20,False,-8.75344467163086,,
final,535,cf_863,latent,mismatched,21,False,-9.396596908569336,,
final,535,cf_863,latent,mismatched,22,False,-9.776357650756836,,
final,535,cf_863,latent,mismatched,23,False,-9.793947219848633,,
final,535,cf_863,latent,mismatched,24,False,-8.411864280700684,,
final,535,cf_863,latent,mismatched,-1,False,,,0.0
final,535,cf_10230,latent,mismatched,0,False,1.9077835083007812,,
final,535,cf_10230,latent,mismatched,1,False,-0.7133502960205078,,
final,535,cf_10230,latent,mismatched,2,False,-0.9730186462402344,,
final,535,cf_10230,latent,mismatched,3,False,-1.078730583190918,,
final,535,cf_10230,latent,mismatched,4,False,-1.3944149017333984,,
final,535,cf_10230,latent,mismatched,5,False,-1.6147794723510742,,
final,535,cf_10230,latent,mismatched,6,False,-1.7647628784179688,,
final,535,cf_10230,latent,mismatched,7,False,-1.6856889724731445,,
final,535,cf_10230,latent,mismatched,8,False,-1.7039918899536133,,
final,535,cf_10230,latent,mismatched,9,False,-1.9162826538085938,,
final,535,cf_10230,latent,mismatched,10,False,-1.875636100769043,,
final,535,cf_10230,latent,mismatched,11,False,-1.7613773345947266,,
final,535,cf_10230,latent,mismatched,12,False,-1.5412273406982422,,
final,535,cf_10230,latent,mismatched,13,False,-1.324042797088623,,
final,535,cf_10230,latent,mismatched,14,False,-1.3641409873962402,,
final,535,cf_10230,latent,mismatched,15,False,-1.261354923248291,,
final,535,cf_10230,latent,mismatched,16,False,-1.4725327491760254,,
final,535,cf_10230,latent,mismatched,17,False,-1.2094216346740723,,
final,535,cf_10230,latent,mismatched,18,False,-1.2261195182800293,,
final,535,cf_10230,latent,mismatched,19,False,-1.0003390312194824,,
final,535,cf_10230,latent,mismatched,20,False,-0.9285316467285156,,
final,535,cf_10230,latent,mismatched,21,False,-1.3211064338684082,,
final,535,cf_10230,latent,mismatched,22,False,-1.1398053169250488,,
final,535,cf_10230,latent,mismatched,23,False,-0.8069953918457031,,
final,535,cf_10230,latent,mismatched,24,False,-0.3904533386230469,,
final,535,cf_10230,latent,mismatched,-1,False,,,0.0
final,535,cf_4457,latent,mismatched,0,False,7.22286319732666,,
final,535,cf_4457,latent,mismatched,1,False,-0.25715065002441406,,
final,535,cf_4457,latent,mismatched,2,False,-0.2618551254272461,,
final,535,cf_4457,latent,mismatched,3,False,-0.16170883178710938,,
final,535,cf_4457,latent,mismatched,4,False,-0.17384624481201172,,
final,535,cf_4457,latent,mismatched,5,False,0.07777023315429688,,
final,535,cf_4457,latent,mismatched,6,False,0.27983951568603516,,
final,535,cf_4457,latent,mismatched,7,False,0.18659687042236328,,
final,535,cf_4457,latent,mismatched,8,False,0.19874954223632812,,
final,535,cf_4457,latent,mismatched,9,False,0.5356922149658203,,
final,535,cf_4457,latent,mismatched,10,False,0.8082504272460938,,
final,535,cf_4457,latent,mismatched,11,False,0.9039897918701172,,
final,535,cf_4457,latent,mismatched,12,False,1.5685291290283203,,
final,535,cf_4457,latent,mismatched,13,False,1.785717487335205,,
final,535,cf_4457,latent,mismatched,14,False,1.3400201797485352,,
final,535,cf_4457,latent,mismatched,15,False,1.5959129333496094,,
final,535,cf_4457,latent,mismatched,16,False,2.7888293266296387,,
final,535,cf_4457,latent,mismatched,17,False,2.5076634883880615,,
final,535,cf_4457,latent,mismatched,18,False,2.375476837158203,,
final,535,cf_4457,latent,mismatched,19,False,2.3380749225616455,,
final,535,cf_4457,latent,mismatched,20,False,2.613940477371216,,
final,535,cf_4457,latent,mismatched,21,False,2.806488275527954,,
final,535,cf_4457,latent,mismatched,22,False,2.710460662841797,,
final,535,cf_4457,latent,mismatched,23,False,2.8779656887054443,,
final,535,cf_4457,latent,mismatched,24,False,3.40411376953125,,
final,535,cf_4457,latent,mismatched,-1,False,,,0.0
final,535,cf_17734,latent,self,0,False,-1.5852375030517578,,
final,535,cf_17734,latent,self,1,False,-1.5852375030517578,,
final,535,cf_17734,latent,self,2,False,-1.5852375030517578,,
final,535,cf_17734,latent,self,3,False,-1.5852375030517578,,
final,535,cf_17734,latent,self,4,False,-1.5852375030517578,,
final,535,cf_17734,latent,self,5,False,-1.5852375030517578,,
final,535,cf_17734,latent,self,6,False,-1.5852375030517578,,
final,535,cf_17734,latent,self,7,False,-1.5852375030517578,,
final,535,cf_17734,latent,self,8,False,-1.5852375030517578,,
final,535,cf_17734,latent,self,9,False,-1.5852375030517578,,
final,535,cf_17734,latent,self,10,False,-1.5852375030517578,,
final,535,cf_17734,latent,self,11,False,-1.5852375030517578,,
final,535,cf_17734,latent,self,12,False,-1.5852375030517578,,
final,535,cf_17734,latent,self,13,False,-1.5852375030517578,,
final,535,cf_17734,latent,self,14,False,-1.5852375030517578,,
final,535,cf_17734,latent,self,15,False,-1.5852375030517578,,
final,535,cf_17734,latent,self,16,False,-1.5852375030517578,,
final,535,cf_17734,latent,self,17,False,-1.5852375030517578,,
final,535,cf_17734,latent,self,18,False,-1.5852375030517578,,
final,535,cf_17734,latent,self,19,False,-1.5852375030517578,,
final,535,cf_17734,latent,self,20,False,-1.5852375030517578,,
final,535,cf_17734,latent,self,21,False,-1.5852375030517578,,
final,535,cf_17734,latent,self,22,False,-1.5852375030517578,,
final,535,cf_17734,latent,self,23,False,-1.5852375030517578,,
final,535,cf_17734,latent,self,24,False,-2.000864028930664,,
final,535,cf_17734,latent,self,-1,False,,,
final,535,cf_3588,latent,self,0,False,1.6245231628417969,,
final,535,cf_3588,latent,self,1,False,1.6245231628417969,,
final,535,cf_3588,latent,self,2,False,1.6245231628417969,,
final,535,cf_3588,latent,self,3,False,1.6245231628417969,,
final,535,cf_3588,latent,self,4,False,1.6245231628417969,,
final,535,cf_3588,latent,self,5,False,1.6245231628417969,,
final,535,cf_3588,latent,self,6,False,1.6245231628417969,,
final,535,cf_3588,latent,self,7,False,1.6245231628417969,,
final,535,cf_3588,latent,self,8,False,1.6245231628417969,,
final,535,cf_3588,latent,self,9,False,1.6245231628417969,,
final,535,cf_3588,latent,self,10,False,1.6245231628417969,,
final,535,cf_3588,latent,self,11,False,1.6245231628417969,,
final,535,cf_3588,latent,self,12,False,1.6245231628417969,,
final,535,cf_3588,latent,self,13,False,1.6245231628417969,,
final,535,cf_3588,latent,self,14,False,1.6245231628417969,,
final,535,cf_3588,latent,self,15,False,1.6245231628417969,,
final,535,cf_3588,latent,self,16,False,1.6245231628417969,,
final,535,cf_3588,latent,self,17,False,1.6245231628417969,,
final,535,cf_3588,latent,self,18,False,1.6245231628417969,,
final,535,cf_3588,latent,self,19,False,1.6245231628417969,,
final,535,cf_3588,latent,self,20,False,1.6245231628417969,,
final,535,cf_3588,latent,self,21,False,1.6245231628417969,,
final,535,cf_3588,latent,self,22,False,1.6245231628417969,,
final,535,cf_3588,latent,self,23,False,1.6245231628417969,,
final,535,cf_3588,latent,self,24,False,1.866170883178711,,
final,535,cf_3588,latent,self,-1,False,,,0.0
final,535,cf_13826,latent,self,0,False,4.549498558044434,,
final,535,cf_13826,latent,self,1,False,4.549498558044434,,
final,535,cf_13826,latent,self,2,False,4.549498558044434,,
final,535,cf_13826,latent,self,3,False,4.549498558044434,,
final,535,cf_13826,latent,self,4,False,4.549498558044434,,
final,535,cf_13826,latent,self,5,False,4.549498558044434,,
final,535,cf_13826,latent,self,6,False,4.549498558044434,,
final,535,cf_13826,latent,self,7,False,4.549498558044434,,
final,535,cf_13826,latent,self,8,False,4.549498558044434,,
final,535,cf_13826,latent,self,9,False,4.549498558044434,,
final,535,cf_13826,latent,self,10,False,4.549498558044434,,
final,535,cf_13826,latent,self,11,False,4.549498558044434,,
final,535,cf_13826,latent,self,12,False,4.549498558044434,,
final,535,cf_13826,latent,self,13,False,4.549498558044434,,
final,535,cf_13826,latent,self,14,False,4.549498558044434,,
final,535,cf_13826,latent,self,15,False,4.549498558044434,,
final,535,cf_13826,latent,self,16,False,4.549498558044434,,
final,535,cf_13826,latent,self,17,False,4.549498558044434,,
final,535,cf_13826,latent,self,18,False,4.549498558044434,,
final,535,cf_13826,latent,self,19,False,4.549498558044434,,
final,535,cf_13826,latent,self,20,False,4.549498558044434,,
final,535,cf_13826,latent,self,21,False,4.549498558044434,,
final,535,cf_13826,latent,self,22,False,4.549498558044434,,
final,535,cf_13826,latent,self,23,False,4.549498558044434,,
final,535,cf_13826,latent,self,24,False,4.593845367431641,,
final,535,cf_13826,latent,self,-1,False,,,0.0
final,535,cf_791,latent,self,0,False,6.635091781616211,,
final,535,cf_791,latent,self,1,False,6.635091781616211,,
final,535,cf_791,latent,self,2,False,6.635091781616211,,
final,535,cf_791,latent,self,3,False,6.635091781616211,,
final,535,cf_791,latent,self,4,False,6.635091781616211,,
final,535,cf_791,latent,self,5,False,6.635091781616211,,
final,535,cf_791,latent,self,6,False,6.635091781616211,,
final,535,cf_791,latent,self,7,False,6.635091781616211,,
final,535,cf_791,latent,self,8,False,6.635091781616211,,
final,535,cf_791,latent,self,9,False,6.635091781616211,,
final,535,cf_791,latent,self,10,False,6.635091781616211,,
final,535,cf_791,latent,self,11,False,6.635091781616211,,
final,535,cf_791,latent,self,12,False,6.635091781616211,,
final,535,cf_791,latent,self,13,False,6.635091781616211,,
final,535,cf_791,latent,self,14,False,6.635091781616211,,
final,535,cf_791,latent,self,15,False,6.635091781616211,,
final,535,cf_791,latent,self,16,False,6.635091781616211,,
final,535,cf_791,latent,self,17,False,6.635091781616211,,
final,535,cf_791,latent,self,18,False,6.635091781616211,,
final,535,cf_791,latent,self,19,False,6.635091781616211,,
final,535,cf_791,latent,self,20,False,6.635091781616211,,
final,535,cf_791,latent,self,21,False,6.635091781616211,,
final,535,cf_791,latent,self,22,False,6.635091781616211,,
final,535,cf_791,latent,self,23,False,6.635091781616211,,
final,535,cf_791,latent,self,24,False,6.291252136230469,,
final,535,cf_791,latent,self,-1,False,,,0.0
final,535,cf_9411,latent,self,0,False,-0.6723709106445312,,
final,535,cf_9411,latent,self,1,False,-0.6723709106445312,,
final,535,cf_9411,latent,self,2,False,-0.6723709106445312,,
final,535,cf_9411,latent,self,3,False,-0.6723709106445312,,
final,535,cf_9411,latent,self,4,False,-0.6723709106445312,,
final,535,cf_9411,latent,self,5,False,-0.6723709106445312,,
final,535,cf_9411,latent,self,6,False,-0.6723709106445312,,
final,535,cf_9411,latent,self,7,False,-0.6723709106445312,,
final,535,cf_9411,latent,self,8,False,-0.6723709106445312,,
final,535,cf_9411,latent,self,9,False,-0.6723709106445312,,
final,535,cf_9411,latent,self,10,False,-0.6723709106445312,,
final,535,cf_9411,latent,self,11,False,-0.6723709106445312,,
final,535,cf_9411,latent,self,12,False,-0.6723709106445312,,
final,535,cf_9411,latent,self,13,False,-0.6723709106445312,,
final,535,cf_9411,latent,self,14,False,-0.6723709106445312,,
final,535,cf_9411,latent,self,15,False,-0.6723709106445312,,
final,535,cf_9411,latent,self,16,False,-0.6723709106445312,,
final,535,cf_9411,latent,self,17,False,-0.6723709106445312,,
final,535,cf_9411,latent,self,18,False,-0.6723709106445312,,
final,535,cf_9411,latent,self,19,False,-0.6723709106445312,,
final,535,cf_9411,latent,self,20,False,-0.6723709106445312,,
final,535,cf_9411,latent,self,21,False,-0.6723709106445312,,
final,535,cf_9411,latent,self,22,False,-0.6723709106445312,,
final,535,cf_9411,latent,self,23,False,-0.6723709106445312,,
final,535,cf_9411,latent,self,24,False,-0.8734340667724609,,
final,535,cf_9411,latent,self,-1,False,,,
final,535,cf_12914,latent,self,0,False,-1.6872406005859375,,
final,535,cf_12914,latent,self,1,False,-1.6872406005859375,,
final,535,cf_12914,latent,self,2,False,-1.6872406005859375,,
final,535,cf_12914,latent,self,3,False,-1.6872406005859375,,
final,535,cf_12914,latent,self,4,False,-1.6872406005859375,,
final,535,cf_12914,latent,self,5,False,-1.6872406005859375,,
final,535,cf_12914,latent,self,6,False,-1.6872406005859375,,
final,535,cf_12914,latent,self,7,False,-1.6872406005859375,,
final,535,cf_12914,latent,self,8,False,-1.6872406005859375,,
final,535,cf_12914,latent,self,9,False,-1.6872406005859375,,
final,535,cf_12914,latent,self,10,False,-1.6872406005859375,,
final,535,cf_12914,latent,self,11,False,-1.6872406005859375,,
final,535,cf_12914,latent,self,12,False,-1.6872406005859375,,
final,535,cf_12914,latent,self,13,False,-1.6872406005859375,,
final,535,cf_12914,latent,self,14,False,-1.6872406005859375,,
final,535,cf_12914,latent,self,15,False,-1.6872406005859375,,
final,535,cf_12914,latent,self,16,False,-1.6872406005859375,,
final,535,cf_12914,latent,self,17,False,-1.6872406005859375,,
final,535,cf_12914,latent,self,18,False,-1.6872406005859375,,
final,535,cf_12914,latent,self,19,False,-1.6872406005859375,,
final,535,cf_12914,latent,self,20,False,-1.6872406005859375,,
final,535,cf_12914,latent,self,21,False,-1.6872406005859375,,
final,535,cf_12914,latent,self,22,False,-1.6872406005859375,,
final,535,cf_12914,latent,self,23,False,-1.6872406005859375,,
final,535,cf_12914,latent,self,24,False,-2.097921371459961,,
final,535,cf_12914,latent,self,-1,False,,,
final,535,cf_12021,latent,self,0,False,3.893819808959961,,
final,535,cf_12021,latent,self,1,False,3.893819808959961,,
final,535,cf_12021,latent,self,2,False,3.893819808959961,,
final,535,cf_12021,latent,self,3,False,3.893819808959961,,
final,535,cf_12021,latent,self,4,False,3.893819808959961,,
final,535,cf_12021,latent,self,5,False,3.893819808959961,,
final,535,cf_12021,latent,self,6,False,3.893819808959961,,
final,535,cf_12021,latent,self,7,False,3.893819808959961,,
final,535,cf_12021,latent,self,8,False,3.893819808959961,,
final,535,cf_12021,latent,self,9,False,3.893819808959961,,
final,535,cf_12021,latent,self,10,False,3.893819808959961,,
final,535,cf_12021,latent,self,11,False,3.893819808959961,,
final,535,cf_12021,latent,self,12,False,3.893819808959961,,
final,535,cf_12021,latent,self,13,False,3.893819808959961,,
final,535,cf_12021,latent,self,14,False,3.893819808959961,,
final,535,cf_12021,latent,self,15,False,3.893819808959961,,
final,535,cf_12021,latent,self,16,False,3.893819808959961,,
final,535,cf_12021,latent,self,17,False,3.893819808959961,,
final,535,cf_12021,latent,self,18,False,3.893819808959961,,
final,535,cf_12021,latent,self,19,False,3.893819808959961,,
final,535,cf_12021,latent,self,20,False,3.893819808959961,,
final,535,cf_12021,latent,self,21,False,3.893819808959961,,
final,535,cf_12021,latent,self,22,False,3.893819808959961,,
final,535,cf_12021,latent,self,23,False,3.893819808959961,,
final,535,cf_12021,latent,self,24,False,4.090224266052246,,
final,535,cf_12021,latent,self,-1,False,,,0.0
final,535,cf_6593,latent,self,0,False,2.0514698028564453,,
final,535,cf_6593,latent,self,1,False,2.0514698028564453,,
final,535,cf_6593,latent,self,2,False,2.0514698028564453,,
final,535,cf_6593,latent,self,3,False,2.0514698028564453,,
final,535,cf_6593,latent,self,4,False,2.0514698028564453,,
final,535,cf_6593,latent,self,5,False,2.0514698028564453,,
final,535,cf_6593,latent,self,6,False,2.0514698028564453,,
final,535,cf_6593,latent,self,7,False,2.0514698028564453,,
final,535,cf_6593,latent,self,8,False,2.0514698028564453,,
final,535,cf_6593,latent,self,9,False,2.0514698028564453,,
final,535,cf_6593,latent,self,10,False,2.0514698028564453,,
final,535,cf_6593,latent,self,11,False,2.0514698028564453,,
final,535,cf_6593,latent,self,12,False,2.0514698028564453,,
final,535,cf_6593,latent,self,13,False,2.0514698028564453,,
final,535,cf_6593,latent,self,14,False,2.0514698028564453,,
final,535,cf_6593,latent,self,15,False,2.0514698028564453,,
final,535,cf_6593,latent,self,16,False,2.0514698028564453,,
final,535,cf_6593,latent,self,17,False,2.0514698028564453,,
final,535,cf_6593,latent,self,18,False,2.0514698028564453,,
final,535,cf_6593,latent,self,19,False,2.0514698028564453,,
final,535,cf_6593,latent,self,20,False,2.0514698028564453,,
final,535,cf_6593,latent,self,21,False,2.0514698028564453,,
final,535,cf_6593,latent,self,22,False,2.0514698028564453,,
final,535,cf_6593,latent,self,23,False,2.0514698028564453,,
final,535,cf_6593,latent,self,24,False,1.7379817962646484,,
final,535,cf_6593,latent,self,-1,False,,,0.0
final,535,cf_11786,latent,self,0,False,2.395191192626953,,
final,535,cf_11786,latent,self,1,False,2.395191192626953,,
final,535,cf_11786,latent,self,2,False,2.395191192626953,,
final,535,cf_11786,latent,self,3,False,2.395191192626953,,
final,535,cf_11786,latent,self,4,False,2.395191192626953,,
final,535,cf_11786,latent,self,5,False,2.395191192626953,,
final,535,cf_11786,latent,self,6,False,2.395191192626953,,
final,535,cf_11786,latent,self,7,False,2.395191192626953,,
final,535,cf_11786,latent,self,8,False,2.395191192626953,,
final,535,cf_11786,latent,self,9,False,2.395191192626953,,
final,535,cf_11786,latent,self,10,False,2.395191192626953,,
final,535,cf_11786,latent,self,11,False,2.395191192626953,,
final,535,cf_11786,latent,self,12,False,2.395191192626953,,
final,535,cf_11786,latent,self,13,False,2.395191192626953,,
final,535,cf_11786,latent,self,14,False,2.395191192626953,,
final,535,cf_11786,latent,self,15,False,2.395191192626953,,
final,535,cf_11786,latent,self,16,False,2.395191192626953,,
final,535,cf_11786,latent,self,17,False,2.395191192626953,,
final,535,cf_11786,latent,self,18,False,2.395191192626953,,
final,535,cf_11786,latent,self,19,False,2.395191192626953,,
final,535,cf_11786,latent,self,20,False,2.395191192626953,,
final,535,cf_11786,latent,self,21,False,2.395191192626953,,
final,535,cf_11786,latent,self,22,False,2.395191192626953,,
final,535,cf_11786,latent,self,23,False,2.395191192626953,,
final,535,cf_11786,latent,self,24,False,2.3549957275390625,,
final,535,cf_11786,latent,self,-1,False,,,0.0
final,535,cf_13579,latent,self,0,False,2.0784568786621094,,
final,535,cf_13579,latent,self,1,False,2.0784568786621094,,
final,535,cf_13579,latent,self,2,False,2.0784568786621094,,
final,535,cf_13579,latent,self,3,False,2.0784568786621094,,
final,535,cf_13579,latent,self,4,False,2.0784568786621094,,
final,535,cf_13579,latent,self,5,False,2.0784568786621094,,
final,535,cf_13579,latent,self,6,False,2.0784568786621094,,
final,535,cf_13579,latent,self,7,False,2.0784568786621094,,
final,535,cf_13579,latent,self,8,False,2.0784568786621094,,
final,535,cf_13579,latent,self,9,False,2.0784568786621094,,
final,535,cf_13579,latent,self,10,False,2.0784568786621094,,
final,535,cf_13579,latent,self,11,False,2.0784568786621094,,
final,535,cf_13579,latent,self,12,False,2.0784568786621094,,
final,535,cf_13579,latent,self,13,False,2.0784568786621094,,
final,535,cf_13579,latent,self,14,False,2.0784568786621094,,
final,535,cf_13579,latent,self,15,False,2.0784568786621094,,
final,535,cf_13579,latent,self,16,False,2.0784568786621094,,
final,535,cf_13579,latent,self,17,False,2.0784568786621094,,
final,535,cf_13579,latent,self,18,False,2.0784568786621094,,
final,535,cf_13579,latent,self,19,False,2.0784568786621094,,
final,535,cf_13579,latent,self,20,False,2.0784568786621094,,
final,535,cf_13579,latent,self,21,False,2.0784568786621094,,
final,535,cf_13579,latent,self,22,False,2.0784568786621094,,
final,535,cf_13579,latent,self,23,False,2.0784568786621094,,
final,535,cf_13579,latent,self,24,False,1.8748703002929688,,
final,535,cf_13579,latent,self,-1,False,,,0.0
final,535,cf_18477,latent,self,0,False,6.757839202880859,,
final,535,cf_18477,latent,self,1,False,6.757839202880859,,
final,535,cf_18477,latent,self,2,False,6.757839202880859,,
final,535,cf_18477,latent,self,3,False,6.757839202880859,,
final,535,cf_18477,latent,self,4,False,6.757839202880859,,
final,535,cf_18477,latent,self,5,False,6.757839202880859,,
final,535,cf_18477,latent,self,6,False,6.757839202880859,,
final,535,cf_18477,latent,self,7,False,6.757839202880859,,
final,535,cf_18477,latent,self,8,False,6.757839202880859,,
final,535,cf_18477,latent,self,9,False,6.757839202880859,,
final,535,cf_18477,latent,self,10,False,6.757839202880859,,
final,535,cf_18477,latent,self,11,False,6.757839202880859,,
final,535,cf_18477,latent,self,12,False,6.757839202880859,,
final,535,cf_18477,latent,self,13,False,6.757839202880859,,
final,535,cf_18477,latent,self,14,False,6.757839202880859,,
final,535,cf_18477,latent,self,15,False,6.757839202880859,,
final,535,cf_18477,latent,self,16,False,6.757839202880859,,
final,535,cf_18477,latent,self,17,False,6.757839202880859,,
final,535,cf_18477,latent,self,18,False,6.757839202880859,,
final,535,cf_18477,latent,self,19,False,6.757839202880859,,
final,535,cf_18477,latent,self,20,False,6.757839202880859,,
final,535,cf_18477,latent,self,21,False,6.757839202880859,,
final,535,cf_18477,latent,self,22,False,6.757839202880859,,
final,535,cf_18477,latent,self,23,False,6.757839202880859,,
final,535,cf_18477,latent,self,24,False,6.930960655212402,,
final,535,cf_18477,latent,self,-1,False,,,0.0
final,535,cf_17309,latent,self,0,False,-0.6643123626708984,,
final,535,cf_17309,latent,self,1,False,-0.6643123626708984,,
final,535,cf_17309,latent,self,2,False,-0.6643123626708984,,
final,535,cf_17309,latent,self,3,False,-0.6643123626708984,,
final,535,cf_17309,latent,self,4,False,-0.6643123626708984,,
final,535,cf_17309,latent,self,5,False,-0.6643123626708984,,
final,535,cf_17309,latent,self,6,False,-0.6643123626708984,,
final,535,cf_17309,latent,self,7,False,-0.6643123626708984,,
final,535,cf_17309,latent,self,8,False,-0.6643123626708984,,
final,535,cf_17309,latent,self,9,False,-0.6643123626708984,,
final,535,cf_17309,latent,self,10,False,-0.6643123626708984,,
final,535,cf_17309,latent,self,11,False,-0.6643123626708984,,
final,535,cf_17309,latent,self,12,False,-0.6643123626708984,,
final,535,cf_17309,latent,self,13,False,-0.6643123626708984,,
final,535,cf_17309,latent,self,14,False,-0.6643123626708984,,
final,535,cf_17309,latent,self,15,False,-0.6643123626708984,,
final,535,cf_17309,latent,self,16,False,-0.6643123626708984,,
final,535,cf_17309,latent,self,17,False,-0.6643123626708984,,
final,535,cf_17309,latent,self,18,False,-0.6643123626708984,,
final,535,cf_17309,latent,self,19,False,-0.6643123626708984,,
final,535,cf_17309,latent,self,20,False,-0.6643123626708984,,
final,535,cf_17309,latent,self,21,False,-0.6643123626708984,,
final,535,cf_17309,latent,self,22,False,-0.6643123626708984,,
final,535,cf_17309,latent,self,23,False,-0.6643123626708984,,
final,535,cf_17309,latent,self,24,False,-0.5188636779785156,,
final,535,cf_17309,latent,self,-1,False,,,
final,535,cf_7559,latent,self,0,False,7.639298439025879,,
final,535,cf_7559,latent,self,1,False,7.639298439025879,,
final,535,cf_7559,latent,self,2,False,7.639298439025879,,
final,535,cf_7559,latent,self,3,False,7.639298439025879,,
final,535,cf_7559,latent,self,4,False,7.639298439025879,,
final,535,cf_7559,latent,self,5,False,7.639298439025879,,
final,535,cf_7559,latent,self,6,False,7.639298439025879,,
final,535,cf_7559,latent,self,7,False,7.639298439025879,,
final,535,cf_7559,latent,self,8,False,7.639298439025879,,
final,535,cf_7559,latent,self,9,False,7.639298439025879,,
final,535,cf_7559,latent,self,10,False,7.639298439025879,,
final,535,cf_7559,latent,self,11,False,7.639298439025879,,
final,535,cf_7559,latent,self,12,False,7.639298439025879,,
final,535,cf_7559,latent,self,13,False,7.639298439025879,,
final,535,cf_7559,latent,self,14,False,7.639298439025879,,
final,535,cf_7559,latent,self,15,False,7.639298439025879,,
final,535,cf_7559,latent,self,16,False,7.639298439025879,,
final,535,cf_7559,latent,self,17,False,7.639298439025879,,
final,535,cf_7559,latent,self,18,False,7.639298439025879,,
final,535,cf_7559,latent,self,19,False,7.639298439025879,,
final,535,cf_7559,latent,self,20,False,7.639298439025879,,
final,535,cf_7559,latent,self,21,False,7.639298439025879,,
final,535,cf_7559,latent,self,22,False,7.639298439025879,,
final,535,cf_7559,latent,self,23,False,7.639298439025879,,
final,535,cf_7559,latent,self,24,False,7.75286865234375,,
final,535,cf_7559,latent,self,-1,False,,,0.0
final,535,cf_16740,latent,self,0,False,3.6689577102661133,,
final,535,cf_16740,latent,self,1,False,3.6689577102661133,,
final,535,cf_16740,latent,self,2,False,3.6689577102661133,,
final,535,cf_16740,latent,self,3,False,3.6689577102661133,,
final,535,cf_16740,latent,self,4,False,3.6689577102661133,,
final,535,cf_16740,latent,self,5,False,3.6689577102661133,,
final,535,cf_16740,latent,self,6,False,3.6689577102661133,,
final,535,cf_16740,latent,self,7,False,3.6689577102661133,,
final,535,cf_16740,latent,self,8,False,3.6689577102661133,,
final,535,cf_16740,latent,self,9,False,3.6689577102661133,,
final,535,cf_16740,latent,self,10,False,3.6689577102661133,,
final,535,cf_16740,latent,self,11,False,3.6689577102661133,,
final,535,cf_16740,latent,self,12,False,3.6689577102661133,,
final,535,cf_16740,latent,self,13,False,3.6689577102661133,,
final,535,cf_16740,latent,self,14,False,3.6689577102661133,,
final,535,cf_16740,latent,self,15,False,3.6689577102661133,,
final,535,cf_16740,latent,self,16,False,3.6689577102661133,,
final,535,cf_16740,latent,self,17,False,3.6689577102661133,,
final,535,cf_16740,latent,self,18,False,3.6689577102661133,,
final,535,cf_16740,latent,self,19,False,3.6689577102661133,,
final,535,cf_16740,latent,self,20,False,3.6689577102661133,,
final,535,cf_16740,latent,self,21,False,3.6689577102661133,,
final,535,cf_16740,latent,self,22,False,3.6689577102661133,,
final,535,cf_16740,latent,self,23,False,3.6689577102661133,,
final,535,cf_16740,latent,self,24,False,3.971830368041992,,
final,535,cf_16740,latent,self,-1,False,,,0.0
final,535,cf_3329,latent,self,0,False,0.7111873626708984,,
final,535,cf_3329,latent,self,1,False,0.7111873626708984,,
final,535,cf_3329,latent,self,2,False,0.7111873626708984,,
final,535,cf_3329,latent,self,3,False,0.7111873626708984,,
final,535,cf_3329,latent,self,4,False,0.7111873626708984,,
final,535,cf_3329,latent,self,5,False,0.7111873626708984,,
final,535,cf_3329,latent,self,6,False,0.7111873626708984,,
final,535,cf_3329,latent,self,7,False,0.7111873626708984,,
final,535,cf_3329,latent,self,8,False,0.7111873626708984,,
final,535,cf_3329,latent,self,9,False,0.7111873626708984,,
final,535,cf_3329,latent,self,10,False,0.7111873626708984,,
final,535,cf_3329,latent,self,11,False,0.7111873626708984,,
final,535,cf_3329,latent,self,12,False,0.7111873626708984,,
final,535,cf_3329,latent,self,13,False,0.7111873626708984,,
final,535,cf_3329,latent,self,14,False,0.7111873626708984,,
final,535,cf_3329,latent,self,15,False,0.7111873626708984,,
final,535,cf_3329,latent,self,16,False,0.7111873626708984,,
final,535,cf_3329,latent,self,17,False,0.7111873626708984,,
final,535,cf_3329,latent,self,18,False,0.7111873626708984,,
final,535,cf_3329,latent,self,19,False,0.7111873626708984,,
final,535,cf_3329,latent,self,20,False,0.7111873626708984,,
final,535,cf_3329,latent,self,21,False,0.7111873626708984,,
final,535,cf_3329,latent,self,22,False,0.7111873626708984,,
final,535,cf_3329,latent,self,23,False,0.7111873626708984,,
final,535,cf_3329,latent,self,24,False,0.8796901702880859,,
final,535,cf_3329,latent,self,-1,False,,,0.0
final,535,cf_16416,latent,self,0,False,4.230916976928711,,
final,535,cf_16416,latent,self,1,False,4.230916976928711,,
final,535,cf_16416,latent,self,2,False,4.230916976928711,,
final,535,cf_16416,latent,self,3,False,4.230916976928711,,
final,535,cf_16416,latent,self,4,False,4.230916976928711,,
final,535,cf_16416,latent,self,5,False,4.230916976928711,,
final,535,cf_16416,latent,self,6,False,4.230916976928711,,
final,535,cf_16416,latent,self,7,False,4.230916976928711,,
final,535,cf_16416,latent,self,8,False,4.230916976928711,,
final,535,cf_16416,latent,self,9,False,4.230916976928711,,
final,535,cf_16416,latent,self,10,False,4.230916976928711,,
final,535,cf_16416,latent,self,11,False,4.230916976928711,,
final,535,cf_16416,latent,self,12,False,4.230916976928711,,
final,535,cf_16416,latent,self,13,False,4.230916976928711,,
final,535,cf_16416,latent,self,14,False,4.230916976928711,,
final,535,cf_16416,latent,self,15,False,4.230916976928711,,
final,535,cf_16416,latent,self,16,False,4.230916976928711,,
final,535,cf_16416,latent,self,17,False,4.230916976928711,,
final,535,cf_16416,latent,self,18,False,4.230916976928711,,
final,535,cf_16416,latent,self,19,False,4.230916976928711,,
final,535,cf_16416,latent,self,20,False,4.230916976928711,,
final,535,cf_16416,latent,self,21,False,4.230916976928711,,
final,535,cf_16416,latent,self,22,False,4.230916976928711,,
final,535,cf_16416,latent,self,23,False,4.230916976928711,,
final,535,cf_16416,latent,self,24,False,4.685970306396484,,
final,535,cf_16416,latent,self,-1,False,,,0.0
final,535,cf_17734,latent,mismatched,0,False,-1.5852375030517578,,
final,535,cf_17734,latent,mismatched,1,False,-12.82761001586914,,
final,535,cf_17734,latent,mismatched,2,False,-13.02498722076416,,
final,535,cf_17734,latent,mismatched,3,False,-13.02210521697998,,
final,535,cf_17734,latent,mismatched,4,False,-12.788293838500977,,
final,535,cf_17734,latent,mismatched,5,False,-12.854635238647461,,
final,535,cf_17734,latent,mismatched,6,False,-12.972782135009766,,
final,535,cf_17734,latent,mismatched,7,False,-13.025562286376953,,
final,535,cf_17734,latent,mismatched,8,False,-12.901552200317383,,
final,535,cf_17734,latent,mismatched,9,False,-12.6365966796875,,
final,535,cf_17734,latent,mismatched,10,False,-12.359479904174805,,
final,535,cf_17734,latent,mismatched,11,False,-12.422660827636719,,
final,535,cf_17734,latent,mismatched,12,False,-12.721759796142578,,
final,535,cf_17734,latent,mismatched,13,False,-12.756912231445312,,
final,535,cf_17734,latent,mismatched,14,False,-13.15652847290039,,
final,535,cf_17734,latent,mismatched,15,False,-13.395953178405762,,
final,535,cf_17734,latent,mismatched,16,False,-14.309596061706543,,
final,535,cf_17734,latent,mismatched,17,False,-15.642576217651367,,
final,535,cf_17734,latent,mismatched,18,False,-16.344341278076172,,
final,535,cf_17734,latent,mismatched,19,False,-16.64383888244629,,
final,535,cf_17734,latent,mismatched,20,False,-17.129207611083984,,
final,535,cf_17734,latent,mismatched,21,False,-17.814096450805664,,
final,535,cf_17734,latent,mismatched,22,False,-16.758216857910156,,
final,535,cf_17734,latent,mismatched,23,False,-16.694732666015625,,
final,535,cf_17734,latent,mismatched,24,False,-16.604198455810547,,
final,535,cf_17734,latent,mismatched,-1,False,,,
final,535,cf_3588,latent,mismatched,0,False,1.6245231628417969,,
final,535,cf_3588,latent,mismatched,1,False,2.6388959884643555,,
final,535,cf_3588,latent,mismatched,2,False,2.5305099487304688,,
final,535,cf_3588,latent,mismatched,3,False,2.567941665649414,,
final,535,cf_3588,latent,mismatched,4,False,2.6931114196777344,,
final,535,cf_3588,latent,mismatched,5,False,2.627185821533203,,
final,535,cf_3588,latent,mismatched,6,False,2.7492809295654297,,
final,535,cf_3588,latent,mismatched,7,False,2.852076530456543,,
final,535,cf_3588,latent,mismatched,8,False,2.8590993881225586,,
final,535,cf_3588,latent,mismatched,9,False,3.2755556106567383,,
final,535,cf_3588,latent,mismatched,10,False,3.9689550399780273,,
final,535,cf_3588,latent,mismatched,11,False,4.402121543884277,,
final,535,cf_3588,latent,mismatched,12,False,4.826483726501465,,
final,535,cf_3588,latent,mismatched,13,False,5.446759223937988,,
final,535,cf_3588,latent,mismatched,14,False,5.698703765869141,,
final,535,cf_3588,latent,mismatched,15,False,5.536667823791504,,
final,535,cf_3588,latent,mismatched,16,False,5.711813926696777,,
final,535,cf_3588,latent,mismatched,17,False,6.312577247619629,,
final,535,cf_3588,latent,mismatched,18,False,5.860791206359863,,
final,535,cf_3588,latent,mismatched,19,False,5.818181037902832,,
final,535,cf_3588,latent,mismatched,20,False,5.435103416442871,,
final,535,cf_3588,latent,mismatched,21,False,5.2879791259765625,,
final,535,cf_3588,latent,mismatched,22,False,5.439438819885254,,
final,535,cf_3588,latent,mismatched,23,False,5.500018119812012,,
final,535,cf_3588,latent,mismatched,24,False,4.169574737548828,,
final,535,cf_3588,latent,mismatched,-1,False,,,0.0
final,535,cf_13826,latent,mismatched,0,False,4.549498558044434,,
final,535,cf_13826,latent,mismatched,1,False,-0.5097417831420898,,
final,535,cf_13826,latent,mismatched,2,False,-0.6060018539428711,,
final,535,cf_13826,latent,mismatched,3,False,-0.6752758026123047,,
final,535,cf_13826,latent,mismatched,4,False,-0.6611766815185547,,
final,535,cf_13826,latent,mismatched,5,False,-0.5945625305175781,,
final,535,cf_13826,latent,mismatched,6,False,-0.5717935562133789,,
final,535,cf_13826,latent,mismatched,7,False,-0.5411434173583984,,
final,535,cf_13826,latent,mismatched,8,False,-0.3386802673339844,,
final,535,cf_13826,latent,mismatched,9,False,-0.0002288818359375,,
final,535,cf_13826,latent,mismatched,10,False,0.035045623779296875,,
final,535,cf_13826,latent,mismatched,11,False,0.17530441284179688,,
final,535,cf_13826,latent,mismatched,12,False,0.1592235565185547,,
final,535,cf_13826,latent,mismatched,13,False,-0.02833271026611328,,
final,535,cf_13826,latent,mismatched,14,False,-0.3239479064941406,,
final,535,cf_13826,latent,mismatched,15,False,0.07368850708007812,,
final,535,cf_13826,latent,mismatched,16,False,0.47203636169433594,,
final,535,cf_13826,latent,mismatched,17,False,0.27513694763183594,,
final,535,cf_13826,latent,mismatched,18,False,0.41497802734375,,
final,535,cf_13826,latent,mismatched,19,False,-0.08257484436035156,,
final,535,cf_13826,latent,mismatched,20,False,-0.25313377380371094,,
final,535,cf_13826,latent,mismatched,21,False,0.29137563705444336,,
final,535,cf_13826,latent,mismatched,22,False,0.08507156372070312,,
final,535,cf_13826,latent,mismatched,23,False,0.3266429901123047,,
final,535,cf_13826,latent,mismatched,24,False,0.2765989303588867,,
final,535,cf_13826,latent,mismatched,-1,False,,,0.0
final,535,cf_791,latent,mismatched,0,False,6.635091781616211,,
final,535,cf_791,latent,mismatched,1,False,-3.1510238647460938,,
final,535,cf_791,latent,mismatched,2,False,-3.54349422454834,,
final,535,cf_791,latent,mismatched,3,False,-3.6040287017822266,,
final,535,cf_791,latent,mismatched,4,False,-4.288036346435547,,
final,535,cf_791,latent,mismatched,5,False,-4.366003036499023,,
final,535,cf_791,latent,mismatched,6,False,-4.953189373016357,,
final,535,cf_791,latent,mismatched,7,False,-5.147710800170898,,
final,535,cf_791,latent,mismatched,8,False,-5.181898593902588,,
final,535,cf_791,latent,mismatched,9,False,-5.37074089050293,,
final,535,cf_791,latent,mismatched,10,False,-5.62263298034668,,
final,535,cf_791,latent,mismatched,11,False,-5.841840744018555,,
final,535,cf_791,latent,mismatched,12,False,-7.165902137756348,,
final,535,cf_791,latent,mismatched,13,False,-6.430253028869629,,
final,535,cf_791,latent,mismatched,14,False,-6.166325092315674,,
final,535,cf_791,latent,mismatched,15,False,-5.94503116607666,,
final,535,cf_791,latent,mismatched,16,False,-5.910117149353027,,
final,535,cf_791,latent,mismatched,17,False,-5.270009517669678,,
final,535,cf_791,latent,mismatched,18,False,-5.3541998863220215,,
final,535,cf_791,latent,mismatched,19,False,-5.821926116943359,,
final,535,cf_791,latent,mismatched,20,False,-5.3181867599487305,,
final,535,cf_791,latent,mismatched,21,False,-4.892815113067627,,
final,535,cf_791,latent,mismatched,22,False,-6.078914642333984,,
final,535,cf_791,latent,mismatched,23,False,-5.933600425720215,,
final,535,cf_791,latent,mismatched,24,False,-5.285287380218506,,
final,535,cf_791,latent,mismatched,-1,False,,,0.0
final,535,cf_9411,latent,mismatched,0,False,-0.6723709106445312,,
final,535,cf_9411,latent,mismatched,1,False,-0.7930779457092285,,
final,535,cf_9411,latent,mismatched,2,False,-0.8786635398864746,,
final,535,cf_9411,latent,mismatched,3,False,-0.6824898719787598,,
final,535,cf_9411,latent,mismatched,4,False,-0.6682271957397461,,
final,535,cf_9411,latent,mismatched,5,False,-0.8538341522216797,,
final,535,cf_9411,latent,mismatched,6,False,-0.6994109153747559,,
final,535,cf_9411,latent,mismatched,7,False,-0.7844691276550293,,
final,535,cf_9411,latent,mismatched,8,False,-0.6629128456115723,,
final,535,cf_9411,latent,mismatched,9,False,-0.6390252113342285,,
final,535,cf_9411,latent,mismatched,10,False,-0.6694340705871582,,
final,535,cf_9411,latent,mismatched,11,False,-0.6674060821533203,,
final,535,cf_9411,latent,mismatched,12,False,-0.698765754699707,,
final,535,cf_9411,latent,mismatched,13,False,-0.5380401611328125,,
final,535,cf_9411,latent,mismatched,14,False,-0.8798813819885254,,
final,535,cf_9411,latent,mismatched,15,False,-0.9042954444885254,,
final,535,cf_9411,latent,mismatched,16,False,-1.0876116752624512,,
final,535,cf_9411,latent,mismatched,17,False,-0.6254771947860718,,
final,535,cf_9411,latent,mismatched,18,False,-0.7505773305892944,,
final,535,cf_9411,latent,mismatched,19,False,0.05334019660949707,,
final,535,cf_9411,latent,mismatched,20,False,0.17835068702697754,,
final,535,cf_9411,latent,mismatched,21,False,-0.14306879043579102,,
final,535,cf_9411,latent,mismatched,22,False,-0.5282723903656006,,
final,535,cf_9411,latent,mismatched,23,False,-0.47742557525634766,,
final,535,cf_9411,latent,mismatched,24,False,-0.1063685417175293,,
final,535,cf_9411,latent,mismatched,-1,False,,,19.0
final,535,cf_12914,latent,mismatched,0,False,-1.6872406005859375,,
final,535,cf_12914,latent,mismatched,1,False,-10.29257583618164,,
final,535,cf_12914,latent,mismatched,2,False,-10.471635818481445,,
final,535,cf_12914,latent,mismatched,3,False,-10.570578575134277,,
final,535,cf_12914,latent,mismatched,4,False,-11.045629501342773,,
final,535,cf_12914,latent,mismatched,5,False,-11.260324478149414,,
final,535,cf_12914,latent,mismatched,6,False,-11.87016487121582,,
final,535,cf_12914,latent,mismatched,7,False,-12.24433708190918,,
final,535,cf_12914,latent,mismatched,8,False,-12.746095657348633,,
final,535,cf_12914,latent,mismatched,9,False,-14.021636962890625,,
final,535,cf_12914,latent,mismatched,10,False,-15.197196006774902,,
final,535,cf_12914,latent,mismatched,11,False,-16.72152328491211,,
final,535,cf_12914,latent,mismatched,12,False,-18.750247955322266,,
final,535,cf_12914,latent,mismatched,13,False,-20.358919143676758,,
final,535,cf_12914,latent,mismatched,14,False,-21.041475296020508,,
final,535,cf_12914,latent,mismatched,15,False,-22.416263580322266,,
final,535,cf_12914,latent,mismatched,16,False,-23.23415756225586,,
final,535,cf_12914,latent,mismatched,17,False,-23.944847106933594,,
final,535,cf_12914,latent,mismatched,18,False,-24.511289596557617,,
final,535,cf_12914,latent,mismatched,19,False,-24.22784423828125,,
final,535,cf_12914,latent,mismatched,20,False,-24.281625747680664,,
final,535,cf_12914,latent,mismatched,21,False,-24.137733459472656,,
final,535,cf_12914,latent,mismatched,22,False,-23.707077026367188,,
final,535,cf_12914,latent,mismatched,23,False,-22.6558895111084,,
final,535,cf_12914,latent,mismatched,24,False,-21.74226188659668,,
final,535,cf_12914,latent,mismatched,-1,False,,,
final,535,cf_12021,latent,mismatched,0,False,3.893819808959961,,
final,535,cf_12021,latent,mismatched,1,False,0.9491481781005859,,
final,535,cf_12021,latent,mismatched,2,False,0.9573163986206055,,
final,535,cf_12021,latent,mismatched,3,False,0.9421606063842773,,
final,535,cf_12021,latent,mismatched,4,False,1.267045021057129,,
final,535,cf_12021,latent,mismatched,5,False,1.3929443359375,,
final,535,cf_12021,latent,mismatched,6,False,1.8505182266235352,,
final,535,cf_12021,latent,mismatched,7,False,1.8799209594726562,,
final,535,cf_12021,latent,mismatched,8,False,1.8520488739013672,,
final,535,cf_12021,latent,mismatched,9,False,2.016050338745117,,
final,535,cf_12021,latent,mismatched,10,False,2.1980409622192383,,
final,535,cf_12021,latent,mismatched,11,False,2.2357139587402344,,
final,535,cf_12021,latent,mismatched,12,False,2.3305883407592773,,
final,535,cf_12021,latent,mismatched,13,False,2.5892839431762695,,
final,535,cf_12021,latent,mismatched,14,False,2.597409248352051,,
final,535,cf_12021,latent,mismatched,15,False,2.664154052734375,,
final,535,cf_12021,latent,mismatched,16,False,2.910745620727539,,
final,535,cf_12021,latent,mismatched,17,False,3.1418590545654297,,
final,535,cf_12021,latent,mismatched,18,False,2.851428985595703,,
final,535,cf_12021,latent,mismatched,19,False,2.781416893005371,,
final,535,cf_12021,latent,mismatched,20,False,1.8572673797607422,,
final,535,cf_12021,latent,mismatched,21,False,1.5718317031860352,,
final,535,cf_12021,latent,mismatched,22,False,1.1596708297729492,,
final,535,cf_12021,latent,mismatched,23,False,0.7747650146484375,,
final,535,cf_12021,latent,mismatched,24,False,0.8165979385375977,,
final,535,cf_12021,latent,mismatched,-1,False,,,0.0
final,535,cf_6593,latent,mismatched,0,False,2.0514698028564453,,
final,535,cf_6593,latent,mismatched,1,False,-7.135086536407471,,
final,535,cf_6593,latent,mismatched,2,False,-6.212188720703125,,
final,535,cf_6593,latent,mismatched,3,False,-5.500838279724121,,
final,535,cf_6593,latent,mismatched,4,False,-5.155697822570801,,
final,535,cf_6593,latent,mismatched,5,False,-4.957206726074219,,
final,535,cf_6593,latent,mismatched,6,False,-4.927837371826172,,
final,535,cf_6593,latent,mismatched,7,False,-4.569171905517578,,
final,535,cf_6593,latent,mismatched,8,False,-4.414773941040039,,
final,535,cf_6593,latent,mismatched,9,False,-5.0078206062316895,,
final,535,cf_6593,latent,mismatched,10,False,-4.906044960021973,,
final,535,cf_6593,latent,mismatched,11,False,-5.020804405212402,,
final,535,cf_6593,latent,mismatched,12,False,-4.606372833251953,,
final,535,cf_6593,latent,mismatched,13,False,-5.667060375213623,,
final,535,cf_6593,latent,mismatched,14,False,-5.8621416091918945,,
final,535,cf_6593,latent,mismatched,15,False,-5.1764020919799805,,
final,535,cf_6593,latent,mismatched,16,False,-4.18678092956543,,
final,535,cf_6593,latent,mismatched,17,False,-3.1506271362304688,,
final,535,cf_6593,latent,mismatched,18,False,-1.9708266258239746,,
final,535,cf_6593,latent,mismatched,19,False,-1.6716084480285645,,
final,535,cf_6593,latent,mismatched,20,False,-0.06629300117492676,,
final,535,cf_6593,latent,mismatched,21,False,0.17076396942138672,,
final,535,cf_6593,latent,mismatched,22,False,0.9048590660095215,,
final,535,cf_6593,latent,mismatched,23,False,1.182633876800537,,
final,535,cf_6593,latent,mismatched,24,False,0.4951348304748535,,
final,535,cf_6593,latent,mismatched,-1,False,,,0.0
final,535,cf_13579,latent,mismatched,0,False,2.0784568786621094,,
final,535,cf_13579,latent,mismatched,1,False,-1.7319927215576172,,
final,535,cf_13579,latent,mismatched,2,False,-1.9083404541015625,,
final,535,cf_13579,latent,mismatched,3,False,-1.9131269454956055,,
final,535,cf_13579,latent,mismatched,4,False,-2.075685501098633,,
final,535,cf_13579,latent,mismatched,5,False,-2.1736202239990234,,
final,535,cf_13579,latent,mismatched,6,False,-2.3336524963378906,,
final,535,cf_13579,latent,mismatched,7,False,-2.318263053894043,,
final,535,cf_13579,latent,mismatched,8,False,-2.248215675354004,,
final,535,cf_13579,latent,mismatched,9,False,-2.5560340881347656,,
final,535,cf_13579,latent,mismatched,10,False,-2.8956356048583984,,
final,535,cf_13579,latent,mismatched,11,False,-3.14711856842041,,
final,535,cf_13579,latent,mismatched,12,False,-3.544203758239746,,
final,535,cf_13579,latent,mismatched,13,False,-3.642094612121582,,
final,535,cf_13579,latent,mismatched,14,False,-3.6225790977478027,,
final,535,cf_13579,latent,mismatched,15,False,-3.6223530769348145,,
final,535,cf_13579,latent,mismatched,16,False,-3.63449764251709,,
final,535,cf_13579,latent,mismatched,17,False,-3.3700966835021973,,
final,535,cf_13579,latent,mismatched,18,False,-2.2988221645355225,,
final,535,cf_13579,latent,mismatched,19,False,-2.772606611251831,,
final,535,cf_13579,latent,mismatched,20,False,-3.029620885848999,,
final,535,cf_13579,latent,mismatched,21,False,-3.049621820449829,,
final,535,cf_13579,latent,mismatched,22,False,-3.3325700759887695,,
final,535,cf_13579,latent,mismatched,23,False,-2.9870848655700684,,
final,535,cf_13579,latent,mismatched,24,False,-3.283250570297241,,
final,535,cf_13579,latent,mismatched,-1,False,,,0.0
final,535,cf_18477,latent,mismatched,0,False,6.757839202880859,,
final,535,cf_18477,latent,mismatched,1,False,-1.269063949584961,,
final,535,cf_18477,latent,mismatched,2,False,-1.3166255950927734,,
final,535,cf_18477,latent,mismatched,3,False,-1.2504301071166992,,
final,535,cf_18477,latent,mismatched,4,False,-1.240330696105957,,
final,535,cf_18477,latent,mismatched,5,False,-1.372368335723877,,
final,535,cf_18477,latent,mismatched,6,False,-1.5851116180419922,,
final,535,cf_18477,latent,mismatched,7,False,-1.7418770790100098,,
final,535,cf_18477,latent,mismatched,8,False,-1.824054479598999,,
final,535,cf_18477,latent,mismatched,9,False,-2.0357325077056885,,
final,535,cf_18477,latent,mismatched,10,False,-2.1133501529693604,,
final,535,cf_18477,latent,mismatched,11,False,-2.1613664627075195,,
final,535,cf_18477,latent,mismatched,12,False,-2.498988151550293,,
final,535,cf_18477,latent,mismatched,13,False,-2.674105405807495,,
final,535,cf_18477,latent,mismatched,14,False,-2.6368520259857178,,
final,535,cf_18477,latent,mismatched,15,False,-1.9767251014709473,,
final,535,cf_18477,latent,mismatched,16,False,-1.6560800075531006,,
final,535,cf_18477,latent,mismatched,17,False,-1.4057197570800781,,
final,535,cf_18477,latent,mismatched,18,False,-1.0149242877960205,,
final,535,cf_18477,latent,mismatched,19,False,-1.278230905532837,,
final,535,cf_18477,latent,mismatched,20,False,-1.2441316843032837,,
final,535,cf_18477,latent,mismatched,21,False,-1.5980350971221924,,
final,535,cf_18477,latent,mismatched,22,False,-1.7300173044204712,,
final,535,cf_18477,latent,mismatched,23,False,-2.1728930473327637,,
final,535,cf_18477,latent,mismatched,24,False,-2.682508945465088,,
final,535,cf_18477,latent,mismatched,-1,False,,,0.0
final,535,cf_17309,latent,mismatched,0,False,-0.6643123626708984,,
final,535,cf_17309,latent,mismatched,1,False,0.2630271911621094,,
final,535,cf_17309,latent,mismatched,2,False,0.19435834884643555,,
final,535,cf_17309,latent,mismatched,3,False,0.2452220916748047,,
final,535,cf_17309,latent,mismatched,4,False,-0.01840972900390625,,
final,535,cf_17309,latent,mismatched,5,False,-0.3775954246520996,,
final,535,cf_17309,latent,mismatched,6,False,-0.13794898986816406,,
final,535,cf_17309,latent,mismatched,7,False,-0.17390012741088867,,
final,535,cf_17309,latent,mismatched,8,False,-0.08748722076416016,,
final,535,cf_17309,latent,mismatched,9,False,0.12515687942504883,,
final,535,cf_17309,latent,mismatched,10,False,0.18200159072875977,,
final,535,cf_17309,latent,mismatched,11,False,0.4927182197570801,,
final,535,cf_17309,latent,mismatched,12,False,0.3095088005065918,,
final,535,cf_17309,latent,mismatched,13,False,0.4422597885131836,,
final,535,cf_17309,latent,mismatched,14,False,0.7480423450469971,,
final,535,cf_17309,latent,mismatched,15,False,0.8149993419647217,,
final,535,cf_17309,latent,mismatched,16,False,1.0163661241531372,,
final,535,cf_17309,latent,mismatched,17,False,0.8638209104537964,,
final,535,cf_17309,latent,mismatched,18,False,0.4691476821899414,,
final,535,cf_17309,latent,mismatched,19,False,0.37111759185791016,,
final,535,cf_17309,latent,mismatched,20,False,-0.48720216751098633,,
final,535,cf_17309,latent,mismatched,21,False,-0.3695049285888672,,
final,535,cf_17309,latent,mismatched,22,False,-0.6197395324707031,,
final,535,cf_17309,latent,mismatched,23,False,-0.8993325233459473,,
final,535,cf_17309,latent,mismatched,24,False,-1.2187681198120117,,
final,535,cf_17309,latent,mismatched,-1,False,,,1.0
final,535,cf_7559,latent,mismatched,0,False,7.639298439025879,,
final,535,cf_7559,latent,mismatched,1,False,-2.495546817779541,,
final,535,cf_7559,latent,mismatched,2,False,-3.062368869781494,,
final,535,cf_7559,latent,mismatched,3,False,-3.087292194366455,,
final,535,cf_7559,latent,mismatched,4,False,-3.1020026206970215,,
final,535,cf_7559,latent,mismatched,5,False,-3.165191173553467,,
final,535,cf_7559,latent,mismatched,6,False,-3.116145133972168,,
final,535,cf_7559,latent,mismatched,7,False,-3.5689940452575684,,
final,535,cf_7559,latent,mismatched,8,False,-3.797306776046753,,
final,535,cf_7559,latent,mismatched,9,False,-4.082320213317871,,
final,535,cf_7559,latent,mismatched,10,False,-4.466308116912842,,
final,535,cf_7559,latent,mismatched,11,False,-4.712217807769775,,
final,535,cf_7559,latent,mismatched,12,False,-4.915413856506348,,
final,535,cf_7559,latent,mismatched,13,False,-5.137354373931885,,
final,535,cf_7559,latent,mismatched,14,False,-5.824100017547607,,
final,535,cf_7559,latent,mismatched,15,False,-6.342886924743652,,
final,535,cf_7559,latent,mismatched,16,False,-6.622469425201416,,
final,535,cf_7559,latent,mismatched,17,False,-7.121868133544922,,
final,535,cf_7559,latent,mismatched,18,False,-6.7880859375,,
final,535,cf_7559,latent,mismatched,19,False,-6.004885673522949,,
final,535,cf_7559,latent,mismatched,20,False,-6.8118085861206055,,
final,535,cf_7559,latent,mismatched,21,False,-4.762762069702148,,
final,535,cf_7559,latent,mismatched,22,False,-4.64881706237793,,
final,535,cf_7559,latent,mismatched,23,False,-4.653154373168945,,
final,535,cf_7559,latent,mismatched,24,False,-3.6440622806549072,,
final,535,cf_7559,latent,mismatched,-1,False,,,0.0
final,535,cf_3329,latent,mismatched,0,False,0.7111873626708984,,
final,535,cf_3329,latent,mismatched,1,False,1.1324224472045898,,
final,535,cf_3329,latent,mismatched,2,False,1.094487190246582,,
final,535,cf_3329,latent,mismatched,3,False,1.080470085144043,,
final,535,cf_3329,latent,mismatched,4,False,1.0664253234863281,,
final,535,cf_3329,latent,mismatched,5,False,1.1262998580932617,,
final,535,cf_3329,latent,mismatched,6,False,1.1251263618469238,,
final,535,cf_3329,latent,mismatched,7,False,1.1925382614135742,,
final,535,cf_3329,latent,mismatched,8,False,1.19329833984375,,
final,535,cf_3329,latent,mismatched,9,False,1.0939011573791504,,
final,535,cf_3329,latent,mismatched,10,False,1.0837101936340332,,
final,535,cf_3329,latent,mismatched,11,False,1.2357187271118164,,
final,535,cf_3329,latent,mismatched,12,False,1.1964640617370605,,
final,535,cf_3329,latent,mismatched,13,False,1.0875420570373535,,
final,535,cf_3329,latent,mismatched,14,False,1.2342791557312012,,
final,535,cf_3329,latent,mismatched,15,False,0.9417791366577148,,
final,535,cf_3329,latent,mismatched,16,False,0.8532543182373047,,
final,535,cf_3329,latent,mismatched,17,False,1.1857109069824219,,
final,535,cf_3329,latent,mismatched,18,False,1.6019222736358643,,
final,535,cf_3329,latent,mismatched,19,False,1.8221431970596313,,
final,535,cf_3329,latent,mismatched,20,False,1.9417707920074463,,
final,535,cf_3329,latent,mismatched,21,False,2.2569453716278076,,
final,535,cf_3329,latent,mismatched,22,False,1.130805492401123,,
final,535,cf_3329,latent,mismatched,23,False,1.1244981288909912,,
final,535,cf_3329,latent,mismatched,24,False,1.102196216583252,,
final,535,cf_3329,latent,mismatched,-1,False,,,0.0
final,535,cf_16416,latent,mismatched,0,False,4.230916976928711,,
final,535,cf_16416,latent,mismatched,1,False,1.69757080078125,,
final,535,cf_16416,latent,mismatched,2,False,1.5157442092895508,,
final,535,cf_16416,latent,mismatched,3,False,1.4431276321411133,,
final,535,cf_16416,latent,mismatched,4,False,1.5850286483764648,,
final,535,cf_16416,latent,mismatched,5,False,1.574972152709961,,
final,535,cf_16416,latent,mismatched,6,False,1.7417526245117188,,
final,535,cf_16416,latent,mismatched,7,False,1.8722162246704102,,
final,535,cf_16416,latent,mismatched,8,False,2.033407211303711,,
final,535,cf_16416,latent,mismatched,9,False,2.205111503601074,,
final,535,cf_16416,latent,mismatched,10,False,2.3234024047851562,,
final,535,cf_16416,latent,mismatched,11,False,2.3892173767089844,,
final,535,cf_16416,latent,mismatched,12,False,2.419645309448242,,
final,535,cf_16416,latent,mismatched,13,False,1.9936532974243164,,
final,535,cf_16416,latent,mismatched,14,False,2.107914924621582,,
final,535,cf_16416,latent,mismatched,15,False,1.8667964935302734,,
final,535,cf_16416,latent,mismatched,16,False,2.17166805267334,,
final,535,cf_16416,latent,mismatched,17,False,2.4113359451293945,,
final,535,cf_16416,latent,mismatched,18,False,2.2415990829467773,,
final,535,cf_16416,latent,mismatched,19,False,2.476468086242676,,
final,535,cf_16416,latent,mismatched,20,False,1.8376388549804688,,
final,535,cf_16416,latent,mismatched,21,False,1.7892017364501953,,
final,535,cf_16416,latent,mismatched,22,False,2.3227405548095703,,
final,535,cf_16416,latent,mismatched,23,False,2.828275680541992,,
final,535,cf_16416,latent,mismatched,24,False,3.405963897705078,,
final,535,cf_16416,latent,mismatched,-1,False,,,0.0
final,535,cf_2843,latent,self,0,False,4.469422340393066,,
final,535,cf_2843,latent,self,1,False,4.469422340393066,,
final,535,cf_2843,latent,self,2,False,4.469422340393066,,
final,535,cf_2843,latent,self,3,False,4.469422340393066,,
final,535,cf_2843,latent,self,4,False,4.469422340393066,,
final,535,cf_2843,latent,self,5,False,4.469422340393066,,
final,535,cf_2843,latent,self,6,False,4.469422340393066,,
final,535,cf_2843,latent,self,7,False,4.469422340393066,,
final,535,cf_2843,latent,self,8,False,4.469422340393066,,
final,535,cf_2843,latent,self,9,False,4.469422340393066,,
final,535,cf_2843,latent,self,10,False,4.469422340393066,,
final,535,cf_2843,latent,self,11,False,4.469422340393066,,
final,535,cf_2843,latent,self,12,False,4.469422340393066,,
final,535,cf_2843,latent,self,13,False,4.469422340393066,,
final,535,cf_2843,latent,self,14,False,4.469422340393066,,
final,535,cf_2843,latent,self,15,False,4.469422340393066,,
final,535,cf_2843,latent,self,16,False,4.469422340393066,,
final,535,cf_2843,latent,self,17,False,4.469422340393066,,
final,535,cf_2843,latent,self,18,False,4.469422340393066,,
final,535,cf_2843,latent,self,19,False,4.469422340393066,,
final,535,cf_2843,latent,self,20,False,4.469422340393066,,
final,535,cf_2843,latent,self,21,False,4.469422340393066,,
final,535,cf_2843,latent,self,22,False,4.469422340393066,,
final,535,cf_2843,latent,self,23,False,4.469422340393066,,
final,535,cf_2843,latent,self,24,False,4.485836982727051,,
final,535,cf_2843,latent,self,-1,False,,,0.0
final,535,cf_12110,latent,self,0,False,6.891848564147949,,
final,535,cf_12110,latent,self,1,False,6.891848564147949,,
final,535,cf_12110,latent,self,2,False,6.891848564147949,,
final,535,cf_12110,latent,self,3,False,6.891848564147949,,
final,535,cf_12110,latent,self,4,False,6.891848564147949,,
final,535,cf_12110,latent,self,5,False,6.891848564147949,,
final,535,cf_12110,latent,self,6,False,6.891848564147949,,
final,535,cf_12110,latent,self,7,False,6.891848564147949,,
final,535,cf_12110,latent,self,8,False,6.891848564147949,,
final,535,cf_12110,latent,self,9,False,6.891848564147949,,
final,535,cf_12110,latent,self,10,False,6.891848564147949,,
final,535,cf_12110,latent,self,11,False,6.891848564147949,,
final,535,cf_12110,latent,self,12,False,6.891848564147949,,
final,535,cf_12110,latent,self,13,False,6.891848564147949,,
final,535,cf_12110,latent,self,14,False,6.891848564147949,,
final,535,cf_12110,latent,self,15,False,6.891848564147949,,
final,535,cf_12110,latent,self,16,False,6.891848564147949,,
final,535,cf_12110,latent,self,17,False,6.891848564147949,,
final,535,cf_12110,latent,self,18,False,6.891848564147949,,
final,535,cf_12110,latent,self,19,False,6.891848564147949,,
final,535,cf_12110,latent,self,20,False,6.891848564147949,,
final,535,cf_12110,latent,self,21,False,6.891848564147949,,
final,535,cf_12110,latent,self,22,False,6.891848564147949,,
final,535,cf_12110,latent,self,23,False,6.891848564147949,,
final,535,cf_12110,latent,self,24,False,7.033291816711426,,
final,535,cf_12110,latent,self,-1,False,,,0.0
final,535,cf_13926,latent,self,0,False,3.15981388092041,,
final,535,cf_13926,latent,self,1,False,3.15981388092041,,
final,535,cf_13926,latent,self,2,False,3.15981388092041,,
final,535,cf_13926,latent,self,3,False,3.15981388092041,,
final,535,cf_13926,latent,self,4,False,3.15981388092041,,
final,535,cf_13926,latent,self,5,False,3.15981388092041,,
final,535,cf_13926,latent,self,6,False,3.15981388092041,,
final,535,cf_13926,latent,self,7,False,3.15981388092041,,
final,535,cf_13926,latent,self,8,False,3.15981388092041,,
final,535,cf_13926,latent,self,9,False,3.15981388092041,,
final,535,cf_13926,latent,self,10,False,3.15981388092041,,
final,535,cf_13926,latent,self,11,False,3.15981388092041,,
final,535,cf_13926,latent,self,12,False,3.15981388092041,,
final,535,cf_13926,latent,self,13,False,3.15981388092041,,
final,535,cf_13926,latent,self,14,False,3.15981388092041,,
final,535,cf_13926,latent,self,15,False,3.15981388092041,,
final,535,cf_13926,latent,self,16,False,3.15981388092041,,
final,535,cf_13926,latent,self,17,False,3.15981388092041,,
final,535,cf_13926,latent,self,18,False,3.15981388092041,,
final,535,cf_13926,latent,self,19,False,3.15981388092041,,
final,535,cf_13926,latent,self,20,False,3.15981388092041,,
final,535,cf_13926,latent,self,21,False,3.15981388092041,,
final,535,cf_13926,latent,self,22,False,3.15981388092041,,
final,535,cf_13926,latent,self,23,False,3.15981388092041,,
final,535,cf_13926,latent,self,24,False,3.2265281677246094,,
final,535,cf_13926,latent,self,-1,False,,,0.0
final,535,cf_7067,latent,self,0,False,7.537994384765625,,
final,535,cf_7067,latent,self,1,False,7.537994384765625,,
final,535,cf_7067,latent,self,2,False,7.537994384765625,,
final,535,cf_7067,latent,self,3,False,7.537994384765625,,
final,535,cf_7067,latent,self,4,False,7.537994384765625,,
final,535,cf_7067,latent,self,5,False,7.537994384765625,,
final,535,cf_7067,latent,self,6,False,7.537994384765625,,
final,535,cf_7067,latent,self,7,False,7.537994384765625,,
final,535,cf_7067,latent,self,8,False,7.537994384765625,,
final,535,cf_7067,latent,self,9,False,7.537994384765625,,
final,535,cf_7067,latent,self,10,False,7.537994384765625,,
final,535,cf_7067,latent,self,11,False,7.537994384765625,,
final,535,cf_7067,latent,self,12,False,7.537994384765625,,
final,535,cf_7067,latent,self,13,False,7.537994384765625,,
final,535,cf_7067,latent,self,14,False,7.537994384765625,,
final,535,cf_7067,latent,self,15,False,7.537994384765625,,
final,535,cf_7067,latent,self,16,False,7.537994384765625,,
final,535,cf_7067,latent,self,17,False,7.537994384765625,,
final,535,cf_7067,latent,self,18,False,7.537994384765625,,
final,535,cf_7067,latent,self,19,False,7.537994384765625,,
final,535,cf_7067,latent,self,20,False,7.537994384765625,,
final,535,cf_7067,latent,self,21,False,7.537994384765625,,
final,535,cf_7067,latent,self,22,False,7.537994384765625,,
final,535,cf_7067,latent,self,23,False,7.537994384765625,,
final,535,cf_7067,latent,self,24,False,7.964094161987305,,
final,535,cf_7067,latent,self,-1,False,,,0.0
final,535,cf_12408,latent,self,0,False,5.5928239822387695,,
final,535,cf_12408,latent,self,1,False,5.5928239822387695,,
final,535,cf_12408,latent,self,2,False,5.5928239822387695,,
final,535,cf_12408,latent,self,3,False,5.5928239822387695,,
final,535,cf_12408,latent,self,4,False,5.5928239822387695,,
final,535,cf_12408,latent,self,5,False,5.5928239822387695,,
final,535,cf_12408,latent,self,6,False,5.5928239822387695,,
final,535,cf_12408,latent,self,7,False,5.5928239822387695,,
final,535,cf_12408,latent,self,8,False,5.5928239822387695,,
final,535,cf_12408,latent,self,9,False,5.5928239822387695,,
final,535,cf_12408,latent,self,10,False,5.5928239822387695,,
final,535,cf_12408,latent,self,11,False,5.5928239822387695,,
final,535,cf_12408,latent,self,12,False,5.5928239822387695,,
final,535,cf_12408,latent,self,13,False,5.5928239822387695,,
final,535,cf_12408,latent,self,14,False,5.5928239822387695,,
final,535,cf_12408,latent,self,15,False,5.5928239822387695,,
final,535,cf_12408,latent,self,16,False,5.5928239822387695,,
final,535,cf_12408,latent,self,17,False,5.5928239822387695,,
final,535,cf_12408,latent,self,18,False,5.5928239822387695,,
final,535,cf_12408,latent,self,19,False,5.5928239822387695,,
final,535,cf_12408,latent,self,20,False,5.5928239822387695,,
final,535,cf_12408,latent,self,21,False,5.5928239822387695,,
final,535,cf_12408,latent,self,22,False,5.5928239822387695,,
final,535,cf_12408,latent,self,23,False,5.5928239822387695,,
final,535,cf_12408,latent,self,24,False,5.746979713439941,,
final,535,cf_12408,latent,self,-1,False,,,0.0
final,535,cf_19190,latent,self,0,False,4.536945343017578,,
final,535,cf_19190,latent,self,1,False,4.536945343017578,,
final,535,cf_19190,latent,self,2,False,4.536945343017578,,
final,535,cf_19190,latent,self,3,False,4.536945343017578,,
final,535,cf_19190,latent,self,4,False,4.536945343017578,,
final,535,cf_19190,latent,self,5,False,4.536945343017578,,
final,535,cf_19190,latent,self,6,False,4.536945343017578,,
final,535,cf_19190,latent,self,7,False,4.536945343017578,,
final,535,cf_19190,latent,self,8,False,4.536945343017578,,
final,535,cf_19190,latent,self,9,False,4.536945343017578,,
final,535,cf_19190,latent,self,10,False,4.536945343017578,,
final,535,cf_19190,latent,self,11,False,4.536945343017578,,
final,535,cf_19190,latent,self,12,False,4.536945343017578,,
final,535,cf_19190,latent,self,13,False,4.536945343017578,,
final,535,cf_19190,latent,self,14,False,4.536945343017578,,
final,535,cf_19190,latent,self,15,False,4.536945343017578,,
final,535,cf_19190,latent,self,16,False,4.536945343017578,,
final,535,cf_19190,latent,self,17,False,4.536945343017578,,
final,535,cf_19190,latent,self,18,False,4.536945343017578,,
final,535,cf_19190,latent,self,19,False,4.536945343017578,,
final,535,cf_19190,latent,self,20,False,4.536945343017578,,
final,535,cf_19190,latent,self,21,False,4.536945343017578,,
final,535,cf_19190,latent,self,22,False,4.536945343017578,,
final,535,cf_19190,latent,self,23,False,4.536945343017578,,
final,535,cf_19190,latent,self,24,False,4.473743438720703,,
final,535,cf_19190,latent,self,-1,False,,,0.0
final,535,cf_16473,latent,self,0,False,0.6446800231933594,,
final,535,cf_16473,latent,self,1,False,0.6446800231933594,,
final,535,cf_16473,latent,self,2,False,0.6446800231933594,,
final,535,cf_16473,latent,self,3,False,0.6446800231933594,,
final,535,cf_16473,latent,self,4,False,0.6446800231933594,,
final,535,cf_16473,latent,self,5,False,0.6446800231933594,,
final,535,cf_16473,latent,self,6,False,0.6446800231933594,,
final,535,cf_16473,latent,self,7,False,0.6446800231933594,,
final,535,cf_16473,latent,self,8,False,0.6446800231933594,,
final,535,cf_16473,latent,self,9,False,0.6446800231933594,,
final,535,cf_16473,latent,self,10,False,0.6446800231933594,,
final,535,cf_16473,latent,self,11,False,0.6446800231933594,,
final,535,cf_16473,latent,self,12,False,0.6446800231933594,,
final,535,cf_16473,latent,self,13,False,0.6446800231933594,,
final,535,cf_16473,latent,self,14,False,0.6446800231933594,,
final,535,cf_16473,latent,self,15,False,0.6446800231933594,,
final,535,cf_16473,latent,self,16,False,0.6446800231933594,,
final,535,cf_16473,latent,self,17,False,0.6446800231933594,,
final,535,cf_16473,latent,self,18,False,0.6446800231933594,,
final,535,cf_16473,latent,self,19,False,0.6446800231933594,,
final,535,cf_16473,latent,self,20,False,0.6446800231933594,,
final,535,cf_16473,latent,self,21,False,0.6446800231933594,,
final,535,cf_16473,latent,self,22,False,0.6446800231933594,,
final,535,cf_16473,latent,self,23,False,0.6446800231933594,,
final,535,cf_16473,latent,self,24,False,0.7393817901611328,,
final,535,cf_16473,latent,self,-1,False,,,0.0
final,535,cf_414,latent,self,0,False,3.737905502319336,,
final,535,cf_414,latent,self,1,False,3.737905502319336,,
final,535,cf_414,latent,self,2,False,3.737905502319336,,
final,535,cf_414,latent,self,3,False,3.737905502319336,,
final,535,cf_414,latent,self,4,False,3.737905502319336,,
final,535,cf_414,latent,self,5,False,3.737905502319336,,
final,535,cf_414,latent,self,6,False,3.737905502319336,,
final,535,cf_414,latent,self,7,False,3.737905502319336,,
final,535,cf_414,latent,self,8,False,3.737905502319336,,
final,535,cf_414,latent,self,9,False,3.737905502319336,,
final,535,cf_414,latent,self,10,False,3.737905502319336,,
final,535,cf_414,latent,self,11,False,3.737905502319336,,
final,535,cf_414,latent,self,12,False,3.737905502319336,,
final,535,cf_414,latent,self,13,False,3.737905502319336,,
final,535,cf_414,latent,self,14,False,3.737905502319336,,
final,535,cf_414,latent,self,15,False,3.737905502319336,,
final,535,cf_414,latent,self,16,False,3.737905502319336,,
final,535,cf_414,latent,self,17,False,3.737905502319336,,
final,535,cf_414,latent,self,18,False,3.737905502319336,,
final,535,cf_414,latent,self,19,False,3.737905502319336,,
final,535,cf_414,latent,self,20,False,3.737905502319336,,
final,535,cf_414,latent,self,21,False,3.737905502319336,,
final,535,cf_414,latent,self,22,False,3.737905502319336,,
final,535,cf_414,latent,self,23,False,3.737905502319336,,
final,535,cf_414,latent,self,24,False,3.960391044616699,,
final,535,cf_414,latent,self,-1,False,,,0.0
final,535,cf_7611,latent,self,0,False,10.4671049118042,,
final,535,cf_7611,latent,self,1,False,10.4671049118042,,
final,535,cf_7611,latent,self,2,False,10.4671049118042,,
final,535,cf_7611,latent,self,3,False,10.4671049118042,,
final,535,cf_7611,latent,self,4,False,10.4671049118042,,
final,535,cf_7611,latent,self,5,False,10.4671049118042,,
final,535,cf_7611,latent,self,6,False,10.4671049118042,,
final,535,cf_7611,latent,self,7,False,10.4671049118042,,
final,535,cf_7611,latent,self,8,False,10.4671049118042,,
final,535,cf_7611,latent,self,9,False,10.4671049118042,,
final,535,cf_7611,latent,self,10,False,10.4671049118042,,
final,535,cf_7611,latent,self,11,False,10.4671049118042,,
final,535,cf_7611,latent,self,12,False,10.4671049118042,,
final,535,cf_7611,latent,self,13,False,10.4671049118042,,
final,535,cf_7611,latent,self,14,False,10.4671049118042,,
final,535,cf_7611,latent,self,15,False,10.4671049118042,,
final,535,cf_7611,latent,self,16,False,10.4671049118042,,
final,535,cf_7611,latent,self,17,False,10.4671049118042,,
final,535,cf_7611,latent,self,18,False,10.4671049118042,,
final,535,cf_7611,latent,self,19,False,10.4671049118042,,
final,535,cf_7611,latent,self,20,False,10.4671049118042,,
final,535,cf_7611,latent,self,21,False,10.4671049118042,,
final,535,cf_7611,latent,self,22,False,10.4671049118042,,
final,535,cf_7611,latent,self,23,False,10.4671049118042,,
final,535,cf_7611,latent,self,24,False,10.559720993041992,,
final,535,cf_7611,latent,self,-1,False,,,0.0
final,535,cf_560,latent,self,0,False,4.229947090148926,,
final,535,cf_560,latent,self,1,False,4.229947090148926,,
final,535,cf_560,latent,self,2,False,4.229947090148926,,
final,535,cf_560,latent,self,3,False,4.229947090148926,,
final,535,cf_560,latent,self,4,False,4.229947090148926,,
final,535,cf_560,latent,self,5,False,4.229947090148926,,
final,535,cf_560,latent,self,6,False,4.229947090148926,,
final,535,cf_560,latent,self,7,False,4.229947090148926,,
final,535,cf_560,latent,self,8,False,4.229947090148926,,
final,535,cf_560,latent,self,9,False,4.229947090148926,,
final,535,cf_560,latent,self,10,False,4.229947090148926,,
final,535,cf_560,latent,self,11,False,4.229947090148926,,
final,535,cf_560,latent,self,12,False,4.229947090148926,,
final,535,cf_560,latent,self,13,False,4.229947090148926,,
final,535,cf_560,latent,self,14,False,4.229947090148926,,
final,535,cf_560,latent,self,15,False,4.229947090148926,,
final,535,cf_560,latent,self,16,False,4.229947090148926,,
final,535,cf_560,latent,self,17,False,4.229947090148926,,
final,535,cf_560,latent,self,18,False,4.229947090148926,,
final,535,cf_560,latent,self,19,False,4.229947090148926,,
final,535,cf_560,latent,self,20,False,4.229947090148926,,
final,535,cf_560,latent,self,21,False,4.229947090148926,,
final,535,cf_560,latent,self,22,False,4.229947090148926,,
final,535,cf_560,latent,self,23,False,4.229947090148926,,
final,535,cf_560,latent,self,24,False,4.764925956726074,,
final,535,cf_560,latent,self,-1,False,,,0.0
final,535,cf_1744,latent,self,0,False,2.242891311645508,,
final,535,cf_1744,latent,self,1,False,2.242891311645508,,
final,535,cf_1744,latent,self,2,False,2.242891311645508,,
final,535,cf_1744,latent,self,3,False,2.242891311645508,,
final,535,cf_1744,latent,self,4,False,2.242891311645508,,
final,535,cf_1744,latent,self,5,False,2.242891311645508,,
final,535,cf_1744,latent,self,6,False,2.242891311645508,,
final,535,cf_1744,latent,self,7,False,2.242891311645508,,
final,535,cf_1744,latent,self,8,False,2.242891311645508,,
final,535,cf_1744,latent,self,9,False,2.242891311645508,,
final,535,cf_1744,latent,self,10,False,2.242891311645508,,
final,535,cf_1744,latent,self,11,False,2.242891311645508,,
final,535,cf_1744,latent,self,12,False,2.242891311645508,,
final,535,cf_1744,latent,self,13,False,2.242891311645508,,
final,535,cf_1744,latent,self,14,False,2.242891311645508,,
final,535,cf_1744,latent,self,15,False,2.242891311645508,,
final,535,cf_1744,latent,self,16,False,2.242891311645508,,
final,535,cf_1744,latent,self,17,False,2.242891311645508,,
final,535,cf_1744,latent,self,18,False,2.242891311645508,,
final,535,cf_1744,latent,self,19,False,2.242891311645508,,
final,535,cf_1744,latent,self,20,False,2.242891311645508,,
final,535,cf_1744,latent,self,21,False,2.242891311645508,,
final,535,cf_1744,latent,self,22,False,2.242891311645508,,
final,535,cf_1744,latent,self,23,False,2.242891311645508,,
final,535,cf_1744,latent,self,24,False,2.2725830078125,,
final,535,cf_1744,latent,self,-1,False,,,0.0
final,535,cf_15631,latent,self,0,False,1.251495361328125,,
final,535,cf_15631,latent,self,1,False,1.251495361328125,,
final,535,cf_15631,latent,self,2,False,1.251495361328125,,
final,535,cf_15631,latent,self,3,False,1.251495361328125,,
final,535,cf_15631,latent,self,4,False,1.251495361328125,,
final,535,cf_15631,latent,self,5,False,1.251495361328125,,
final,535,cf_15631,latent,self,6,False,1.251495361328125,,
final,535,cf_15631,latent,self,7,False,1.251495361328125,,
final,535,cf_15631,latent,self,8,False,1.251495361328125,,
final,535,cf_15631,latent,self,9,False,1.251495361328125,,
final,535,cf_15631,latent,self,10,False,1.251495361328125,,
final,535,cf_15631,latent,self,11,False,1.251495361328125,,
final,535,cf_15631,latent,self,12,False,1.251495361328125,,
final,535,cf_15631,latent,self,13,False,1.251495361328125,,
final,535,cf_15631,latent,self,14,False,1.251495361328125,,
final,535,cf_15631,latent,self,15,False,1.251495361328125,,
final,535,cf_15631,latent,self,16,False,1.251495361328125,,
final,535,cf_15631,latent,self,17,False,1.251495361328125,,
final,535,cf_15631,latent,self,18,False,1.251495361328125,,
final,535,cf_15631,latent,self,19,False,1.251495361328125,,
final,535,cf_15631,latent,self,20,False,1.251495361328125,,
final,535,cf_15631,latent,self,21,False,1.251495361328125,,
final,535,cf_15631,latent,self,22,False,1.251495361328125,,
final,535,cf_15631,latent,self,23,False,1.251495361328125,,
final,535,cf_15631,latent,self,24,False,1.7038936614990234,,
final,535,cf_15631,latent,self,-1,False,,,0.0
final,535,cf_1754,latent,self,0,False,9.669007301330566,,
final,535,cf_1754,latent,self,1,False,9.669007301330566,,
final,535,cf_1754,latent,self,2,False,9.669007301330566,,
final,535,cf_1754,latent,self,3,False,9.669007301330566,,
final,535,cf_1754,latent,self,4,False,9.669007301330566,,
final,535,cf_1754,latent,self,5,False,9.669007301330566,,
final,535,cf_1754,latent,self,6,False,9.669007301330566,,
final,535,cf_1754,latent,self,7,False,9.669007301330566,,
final,535,cf_1754,latent,self,8,False,9.669007301330566,,
final,535,cf_1754,latent,self,9,False,9.669007301330566,,
final,535,cf_1754,latent,self,10,False,9.669007301330566,,
final,535,cf_1754,latent,self,11,False,9.669007301330566,,
final,535,cf_1754,latent,self,12,False,9.669007301330566,,
final,535,cf_1754,latent,self,13,False,9.669007301330566,,
final,535,cf_1754,latent,self,14,False,9.669007301330566,,
final,535,cf_1754,latent,self,15,False,9.669007301330566,,
final,535,cf_1754,latent,self,16,False,9.669007301330566,,
final,535,cf_1754,latent,self,17,False,9.669007301330566,,
final,535,cf_1754,latent,self,18,False,9.669007301330566,,
final,535,cf_1754,latent,self,19,False,9.669007301330566,,
final,535,cf_1754,latent,self,20,False,9.669007301330566,,
final,535,cf_1754,latent,self,21,False,9.669007301330566,,
final,535,cf_1754,latent,self,22,False,9.669007301330566,,
final,535,cf_1754,latent,self,23,False,9.669007301330566,,
final,535,cf_1754,latent,self,24,False,9.912978172302246,,
final,535,cf_1754,latent,self,-1,False,,,0.0
final,535,cf_15696,latent,self,0,False,-0.07489013671875,,
final,535,cf_15696,latent,self,1,False,-0.07489013671875,,
final,535,cf_15696,latent,self,2,False,-0.07489013671875,,
final,535,cf_15696,latent,self,3,False,-0.07489013671875,,
final,535,cf_15696,latent,self,4,False,-0.07489013671875,,
final,535,cf_15696,latent,self,5,False,-0.07489013671875,,
final,535,cf_15696,latent,self,6,False,-0.07489013671875,,
final,535,cf_15696,latent,self,7,False,-0.07489013671875,,
final,535,cf_15696,latent,self,8,False,-0.07489013671875,,
final,535,cf_15696,latent,self,9,False,-0.07489013671875,,
final,535,cf_15696,latent,self,10,False,-0.07489013671875,,
final,535,cf_15696,latent,self,11,False,-0.07489013671875,,
final,535,cf_15696,latent,self,12,False,-0.07489013671875,,
final,535,cf_15696,latent,self,13,False,-0.07489013671875,,
final,535,cf_15696,latent,self,14,False,-0.07489013671875,,
final,535,cf_15696,latent,self,15,False,-0.07489013671875,,
final,535,cf_15696,latent,self,16,False,-0.07489013671875,,
final,535,cf_15696,latent,self,17,False,-0.07489013671875,,
final,535,cf_15696,latent,self,18,False,-0.07489013671875,,
final,535,cf_15696,latent,self,19,False,-0.07489013671875,,
final,535,cf_15696,latent,self,20,False,-0.07489013671875,,
final,535,cf_15696,latent,self,21,False,-0.07489013671875,,
final,535,cf_15696,latent,self,22,False,-0.07489013671875,,
final,535,cf_15696,latent,self,23,False,-0.07489013671875,,
final,535,cf_15696,latent,self,24,False,-0.9482994079589844,,
final,535,cf_15696,latent,self,-1,False,,,
final,535,cf_2614,latent,self,0,False,4.692816734313965,,
final,535,cf_2614,latent,self,1,False,4.692816734313965,,
final,535,cf_2614,latent,self,2,False,4.692816734313965,,
final,535,cf_2614,latent,self,3,False,4.692816734313965,,
final,535,cf_2614,latent,self,4,False,4.692816734313965,,
final,535,cf_2614,latent,self,5,False,4.692816734313965,,
final,535,cf_2614,latent,self,6,False,4.692816734313965,,
final,535,cf_2614,latent,self,7,False,4.692816734313965,,
final,535,cf_2614,latent,self,8,False,4.692816734313965,,
final,535,cf_2614,latent,self,9,False,4.692816734313965,,
final,535,cf_2614,latent,self,10,False,4.692816734313965,,
final,535,cf_2614,latent,self,11,False,4.692816734313965,,
final,535,cf_2614,latent,self,12,False,4.692816734313965,,
final,535,cf_2614,latent,self,13,False,4.692816734313965,,
final,535,cf_2614,latent,self,14,False,4.692816734313965,,
final,535,cf_2614,latent,self,15,False,4.692816734313965,,
final,535,cf_2614,latent,self,16,False,4.692816734313965,,
final,535,cf_2614,latent,self,17,False,4.692816734313965,,
final,535,cf_2614,latent,self,18,False,4.692816734313965,,
final,535,cf_2614,latent,self,19,False,4.692816734313965,,
final,535,cf_2614,latent,self,20,False,4.692816734313965,,
final,535,cf_2614,latent,self,21,False,4.692816734313965,,
final,535,cf_2614,latent,self,22,False,4.692816734313965,,
final,535,cf_2614,latent,self,23,False,4.692816734313965,,
final,535,cf_2614,latent,self,24,False,4.448598861694336,,
final,535,cf_2614,latent,self,-1,False,,,0.0
final,535,cf_1672,latent,self,0,False,7.79392147064209,,
final,535,cf_1672,latent,self,1,False,7.79392147064209,,
final,535,cf_1672,latent,self,2,False,7.79392147064209,,
final,535,cf_1672,latent,self,3,False,7.79392147064209,,
final,535,cf_1672,latent,self,4,False,7.79392147064209,,
final,535,cf_1672,latent,self,5,False,7.79392147064209,,
final,535,cf_1672,latent,self,6,False,7.79392147064209,,
final,535,cf_1672,latent,self,7,False,7.79392147064209,,
final,535,cf_1672,latent,self,8,False,7.79392147064209,,
final,535,cf_1672,latent,self,9,False,7.79392147064209,,
final,535,cf_1672,latent,self,10,False,7.79392147064209,,
final,535,cf_1672,latent,self,11,False,7.79392147064209,,
final,535,cf_1672,latent,self,12,False,7.79392147064209,,
final,535,cf_1672,latent,self,13,False,7.79392147064209,,
final,535,cf_1672,latent,self,14,False,7.79392147064209,,
final,535,cf_1672,latent,self,15,False,7.79392147064209,,
final,535,cf_1672,latent,self,16,False,7.79392147064209,,
final,535,cf_1672,latent,self,17,False,7.79392147064209,,
final,535,cf_1672,latent,self,18,False,7.79392147064209,,
final,535,cf_1672,latent,self,19,False,7.79392147064209,,
final,535,cf_1672,latent,self,20,False,7.79392147064209,,
final,535,cf_1672,latent,self,21,False,7.79392147064209,,
final,535,cf_1672,latent,self,22,False,7.79392147064209,,
final,535,cf_1672,latent,self,23,False,7.79392147064209,,
final,535,cf_1672,latent,self,24,False,8.14266300201416,,
final,535,cf_1672,latent,self,-1,False,,,0.0
final,535,cf_2843,latent,mismatched,0,False,4.469422340393066,,
final,535,cf_2843,latent,mismatched,1,False,-2.270888328552246,,
final,535,cf_2843,latent,mismatched,2,False,-2.3134050369262695,,
final,535,cf_2843,latent,mismatched,3,False,-2.3756160736083984,,
final,535,cf_2843,latent,mismatched,4,False,-2.374903678894043,,
final,535,cf_2843,latent,mismatched,5,False,-2.3792734146118164,,
final,535,cf_2843,latent,mismatched,6,False,-2.37716007232666,,
final,535,cf_2843,latent,mismatched,7,False,-2.390944480895996,,
final,535,cf_2843,latent,mismatched,8,False,-2.4243955612182617,,
final,535,cf_2843,latent,mismatched,9,False,-2.5278472900390625,,
final,535,cf_2843,latent,mismatched,10,False,-2.583751678466797,,
final,535,cf_2843,latent,mismatched,11,False,-2.71982479095459,,
final,535,cf_2843,latent,mismatched,12,False,-2.523524284362793,,
final,535,cf_2843,latent,mismatched,13,False,-2.62774658203125,,
final,535,cf_2843,latent,mismatched,14,False,-2.5533905029296875,,
final,535,cf_2843,latent,mismatched,15,False,-2.6288509368896484,,
final,535,cf_2843,latent,mismatched,16,False,-2.7474260330200195,,
final,535,cf_2843,latent,mismatched,17,False,-2.7485580444335938,,
final,535,cf_2843,latent,mismatched,18,False,-2.221737861633301,,
final,535,cf_2843,latent,mismatched,19,False,-2.090458393096924,,
final,535,cf_2843,latent,mismatched,20,False,-1.8404121398925781,,
final,535,cf_2843,latent,mismatched,21,False,-1.375138759613037,,
final,535,cf_2843,latent,mismatched,22,False,-2.0185956954956055,,
final,535,cf_2843,latent,mismatched,23,False,-2.065701961517334,,
final,535,cf_2843,latent,mismatched,24,False,-3.037867546081543,,
final,535,cf_2843,latent,mismatched,-1,False,,,0.0
final,535,cf_12110,latent,mismatched,0,False,6.891848564147949,,
final,535,cf_12110,latent,mismatched,1,False,7.3272786140441895,,
final,535,cf_12110,latent,mismatched,2,False,7.274977207183838,,
final,535,cf_12110,latent,mismatched,3,False,7.290278911590576,,
final,535,cf_12110,latent,mismatched,4,False,7.31674861907959,,
final,535,cf_12110,latent,mismatched,5,False,7.078927516937256,,
final,535,cf_12110,latent,mismatched,6,False,6.782806396484375,,
final,535,cf_12110,latent,mismatched,7,False,6.887146949768066,,
final,535,cf_12110,latent,mismatched,8,False,6.690600395202637,,
final,535,cf_12110,latent,mismatched,9,False,6.731982231140137,,
final,535,cf_12110,latent,mismatched,10,False,6.575455665588379,,
final,535,cf_12110,latent,mismatched,11,False,6.59368371963501,,
final,535,cf_12110,latent,mismatched,12,False,6.019649028778076,,
final,535,cf_12110,latent,mismatched,13,False,4.918224334716797,,
final,535,cf_12110,latent,mismatched,14,False,4.777355194091797,,
final,535,cf_12110,latent,mismatched,15,False,4.620912075042725,,
final,535,cf_12110,latent,mismatched,16,False,4.876412868499756,,
final,535,cf_12110,latent,mismatched,17,False,4.476266860961914,,
final,535,cf_12110,latent,mismatched,18,False,4.88040018081665,,
final,535,cf_12110,latent,mismatched,19,False,4.168759346008301,,
final,535,cf_12110,latent,mismatched,20,False,3.717404365539551,,
final,535,cf_12110,latent,mismatched,21,False,2.6002278327941895,,
final,535,cf_12110,latent,mismatched,22,False,2.2007994651794434,,
final,535,cf_12110,latent,mismatched,23,False,1.5275139808654785,,
final,535,cf_12110,latent,mismatched,24,False,1.134267807006836,,
final,535,cf_12110,latent,mismatched,-1,False,,,0.0
final,535,cf_13926,latent,mismatched,0,False,3.15981388092041,,
final,535,cf_13926,latent,mismatched,1,False,-1.362288475036621,,
final,535,cf_13926,latent,mismatched,2,False,-1.4039039611816406,,
final,535,cf_13926,latent,mismatched,3,False,-1.4415531158447266,,
final,535,cf_13926,latent,mismatched,4,False,-1.370692253112793,,
final,535,cf_13926,latent,mismatched,5,False,-1.543731689453125,,
final,535,cf_13926,latent,mismatched,6,False,-1.5748796463012695,,
final,535,cf_13926,latent,mismatched,7,False,-1.7806243896484375,,
final,535,cf_13926,latent,mismatched,8,False,-1.8015289306640625,,
final,535,cf_13926,latent,mismatched,9,False,-1.5821723937988281,,
final,535,cf_13926,latent,mismatched,10,False,-1.5186338424682617,,
final,535,cf_13926,latent,mismatched,11,False,-1.4206600189208984,,
final,535,cf_13926,latent,mismatched,12,False,-1.1869020462036133,,
final,535,cf_13926,latent,mismatched,13,False,-1.1105146408081055,,
final,535,cf_13926,latent,mismatched,14,False,-0.9350757598876953,,
final,535,cf_13926,latent,mismatched,15,False,-0.4158501625061035,,
final,535,cf_13926,latent,mismatched,16,False,-0.1925492286682129,,
final,535,cf_13926,latent,mismatched,17,False,-0.32442808151245117,,
final,535,cf_13926,latent,mismatched,18,False,-0.19555902481079102,,
final,535,cf_13926,latent,mismatched,19,False,0.07225179672241211,,
final,535,cf_13926,latent,mismatched,20,False,-0.35950469970703125,,
final,535,cf_13926,latent,mismatched,21,False,-0.04850149154663086,,
final,535,cf_13926,latent,mismatched,22,False,0.0076084136962890625,,
final,535,cf_13926,latent,mismatched,23,False,0.6732571125030518,,
final,535,cf_13926,latent,mismatched,24,False,-0.5447230339050293,,
final,535,cf_13926,latent,mismatched,-1,False,,,0.0
final,535,cf_7067,latent,mismatched,0,False,7.537994384765625,,
final,535,cf_7067,latent,mismatched,1,False,4.051362037658691,,
final,535,cf_7067,latent,mismatched,2,False,3.6636838912963867,,
final,535,cf_7067,latent,mismatched,3,False,3.7246017456054688,,
final,535,cf_7067,latent,mismatched,4,False,3.778306007385254,,
final,535,cf_7067,latent,mismatched,5,False,3.7262630462646484,,
final,535,cf_7067,latent,mismatched,6,False,3.861682891845703,,
final,535,cf_7067,latent,mismatched,7,False,3.829556465148926,,
final,535,cf_7067,latent,mismatched,8,False,4.022911071777344,,
final,535,cf_7067,latent,mismatched,9,False,4.401793003082275,,
final,535,cf_7067,latent,mismatched,10,False,4.46271276473999,,
final,535,cf_7067,latent,mismatched,11,False,4.200002193450928,,
final,535,cf_7067,latent,mismatched,12,False,4.010919570922852,,
final,535,cf_7067,latent,mismatched,13,False,4.0684943199157715,,
final,535,cf_7067,latent,mismatched,14,False,4.076517581939697,,
final,535,cf_7067,latent,mismatched,15,False,3.5039100646972656,,
final,535,cf_7067,latent,mismatched,16,False,3.3952622413635254,,
final,535,cf_7067,latent,mismatched,17,False,3.133028030395508,,
final,535,cf_7067,latent,mismatched,18,False,3.593547821044922,,
final,535,cf_7067,latent,mismatched,19,False,3.554610252380371,,
final,535,cf_7067,latent,mismatched,20,False,3.6515302658081055,,
final,535,cf_7067,latent,mismatched,21,False,4.0903825759887695,,
final,535,cf_7067,latent,mismatched,22,False,4.427598476409912,,
final,535,cf_7067,latent,mismatched,23,False,5.0271220207214355,,
final,535,cf_7067,latent,mismatched,24,False,6.214452743530273,,
final,535,cf_7067,latent,mismatched,-1,False,,,0.0
final,535,cf_12408,latent,mismatched,0,False,5.5928239822387695,,
final,535,cf_12408,latent,mismatched,1,False,2.6731576919555664,,
final,535,cf_12408,latent,mismatched,2,False,3.092379093170166,,
final,535,cf_12408,latent,mismatched,3,False,3.19631290435791,,
final,535,cf_12408,latent,mismatched,4,False,3.3378052711486816,,
final,535,cf_12408,latent,mismatched,5,False,3.3730344772338867,,
final,535,cf_12408,latent,mismatched,6,False,4.200922012329102,,
final,535,cf_12408,latent,mismatched,7,False,4.584314823150635,,
final,535,cf_12408,latent,mismatched,8,False,5.0731120109558105,,
final,535,cf_12408,latent,mismatched,9,False,5.170709133148193,,
final,535,cf_12408,latent,mismatched,10,False,5.217113018035889,,
final,535,cf_12408,latent,mismatched,11,False,5.081408500671387,,
final,535,cf_12408,latent,mismatched,12,False,5.364121437072754,,
final,535,cf_12408,latent,mismatched,13,False,5.545849800109863,,
final,535,cf_12408,latent,mismatched,14,False,5.237260818481445,,
final,535,cf_12408,latent,mismatched,15,False,4.558624267578125,,
final,535,cf_12408,latent,mismatched,16,False,5.429501533508301,,
final,535,cf_12408,latent,mismatched,17,False,6.029818534851074,,
final,535,cf_12408,latent,mismatched,18,False,6.3495564460754395,,
final,535,cf_12408,latent,mismatched,19,False,6.600109100341797,,
final,535,cf_12408,latent,mismatched,20,False,6.4928131103515625,,
final,535,cf_12408,latent,mismatched,21,False,6.187229633331299,,
final,535,cf_12408,latent,mismatched,22,False,5.119644641876221,,
final,535,cf_12408,latent,mismatched,23,False,4.675372123718262,,
final,535,cf_12408,latent,mismatched,24,False,3.2762858867645264,,
final,535,cf_12408,latent,mismatched,-1,False,,,0.0
final,535,cf_19190,latent,mismatched,0,False,4.536945343017578,,
final,535,cf_19190,latent,mismatched,1,False,2.1395740509033203,,
final,535,cf_19190,latent,mismatched,2,False,2.270223617553711,,
final,535,cf_19190,latent,mismatched,3,False,2.3889808654785156,,
final,535,cf_19190,latent,mismatched,4,False,2.593862533569336,,
final,535,cf_19190,latent,mismatched,5,False,2.812788963317871,,
final,535,cf_19190,latent,mismatched,6,False,3.168882369995117,,
final,535,cf_19190,latent,mismatched,7,False,3.6614198684692383,,
final,535,cf_19190,latent,mismatched,8,False,3.625062942504883,,
final,535,cf_19190,latent,mismatched,9,False,3.8951492309570312,,
final,535,cf_19190,latent,mismatched,10,False,4.2400360107421875,,
final,535,cf_19190,latent,mismatched,11,False,4.4952392578125,,
final,535,cf_19190,latent,mismatched,12,False,4.2470703125,,
final,535,cf_19190,latent,mismatched,13,False,4.919018745422363,,
final,535,cf_19190,latent,mismatched,14,False,5.181508541107178,,
final,535,cf_19190,latent,mismatched,15,False,4.702178478240967,,
final,535,cf_19190,latent,mismatched,16,False,4.700649738311768,,
final,535,cf_19190,latent,mismatched,17,False,4.697659492492676,,
final,535,cf_19190,latent,mismatched,18,False,5.244108200073242,,
final,535,cf_19190,latent,mismatched,19,False,4.184163570404053,,
final,535,cf_19190,latent,mismatched,20,False,5.300807476043701,,
final,535,cf_19190,latent,mismatched,21,False,5.740154266357422,,
final,535,cf_19190,latent,mismatched,22,False,4.8141913414001465,,
final,535,cf_19190,latent,mismatched,23,False,4.831318378448486,,
final,535,cf_19190,latent,mismatched,24,False,3.5334959030151367,,
final,535,cf_19190,latent,mismatched,-1,False,,,0.0
final,535,cf_16473,latent,mismatched,0,False,0.6446800231933594,,
final,535,cf_16473,latent,mismatched,1,False,0.5150585174560547,,
final,535,cf_16473,latent,mismatched,2,False,0.3284940719604492,,
final,535,cf_16473,latent,mismatched,3,False,0.4739522933959961,,
final,535,cf_16473,latent,mismatched,4,False,0.6288394927978516,,
final,535,cf_16473,latent,mismatched,5,False,0.7570858001708984,,
final,535,cf_16473,latent,mismatched,6,False,0.8345270156860352,,
final,535,cf_16473,latent,mismatched,7,False,0.9360513687133789,,
final,535,cf_16473,latent,mismatched,8,False,0.7257661819458008,,
final,535,cf_16473,latent,mismatched,9,False,0.37790393829345703,,
final,535,cf_16473,latent,mismatched,10,False,0.2642040252685547,,
final,535,cf_16473,latent,mismatched,11,False,0.5199308395385742,,
final,535,cf_16473,latent,mismatched,12,False,1.03129243850708,,
final,535,cf_16473,latent,mismatched,13,False,0.6390204429626465,,
final,535,cf_16473,latent,mismatched,14,False,0.47136855125427246,,
final,535,cf_16473,latent,mismatched,15,False,0.35915136337280273,,
final,535,cf_16473,latent,mismatched,16,False,0.08780694007873535,,
final,535,cf_16473,latent,mismatched,17,False,-0.16914868354797363,,
final,535,cf_16473,latent,mismatched,18,False,-0.017518162727355957,,
final,535,cf_16473,latent,mismatched,19,False,0.6766881942749023,,
final,535,cf_16473,latent,mismatched,20,False,0.4277942180633545,,
final,535,cf_16473,latent,mismatched,21,False,0.7705121040344238,,
final,535,cf_16473,latent,mismatched,22,False,0.6814243793487549,,
final,535,cf_16473,latent,mismatched,23,False,0.7901210784912109,,
final,535,cf_16473,latent,mismatched,24,False,0.35755252838134766,,
final,535,cf_16473,latent,mismatched,-1,False,,,0.0
final,535,cf_7611,latent,mismatched,0,False,10.4671049118042,,
final,535,cf_7611,latent,mismatched,1,False,4.1262006759643555,,
final,535,cf_7611,latent,mismatched,2,False,3.918185234069824,,
final,535,cf_7611,latent,mismatched,3,False,3.886089324951172,,
final,535,cf_7611,latent,mismatched,4,False,3.970522880554199,,
final,535,cf_7611,latent,mismatched,5,False,3.8055315017700195,,
final,535,cf_7611,latent,mismatched,6,False,3.6240291595458984,,
final,535,cf_7611,latent,mismatched,7,False,3.4044322967529297,,
final,535,cf_7611,latent,mismatched,8,False,2.8660879135131836,,
final,535,cf_7611,latent,mismatched,9,False,3.104410171508789,,
final,535,cf_7611,latent,mismatched,10,False,3.6093430519104004,,
final,535,cf_7611,latent,mismatched,11,False,4.12129020690918,,
final,535,cf_7611,latent,mismatched,12,False,4.422808647155762,,
final,535,cf_7611,latent,mismatched,13,False,5.248622894287109,,
final,535,cf_7611,latent,mismatched,14,False,4.957605838775635,,
final,535,cf_7611,latent,mismatched,15,False,5.262628555297852,,
final,535,cf_7611,latent,mismatched,16,False,5.541394233703613,,
final,535,cf_7611,latent,mismatched,17,False,6.12932825088501,,
final,535,cf_7611,latent,mismatched,18,False,7.252309799194336,,
final,535,cf_7611,latent,mismatched,19,False,7.879183769226074,,
final,535,cf_7611,latent,mismatched,20,False,8.529597282409668,,
final,535,cf_7611,latent,mismatched,21,False,8.12717056274414,,
final,535,cf_7611,latent,mismatched,22,False,7.660809516906738,,
final,535,cf_7611,latent,mismatched,23,False,6.930054187774658,,
final,535,cf_7611,latent,mismatched,24,False,6.251487731933594,,
final,535,cf_7611,latent,mismatched,-1,False,,,0.0
final,535,cf_560,latent,mismatched,0,False,4.229947090148926,,
final,535,cf_560,latent,mismatched,1,False,2.3566389083862305,,
final,535,cf_560,latent,mismatched,2,False,2.118391990661621,,
final,535,cf_560,latent,mismatched,3,False,2.073178291320801,,
final,535,cf_560,latent,mismatched,4,False,2.22811222076416,,
final,535,cf_560,latent,mismatched,5,False,2.1141185760498047,,
final,535,cf_560,latent,mismatched,6,False,1.8666877746582031,,
final,535,cf_560,latent,mismatched,7,False,1.9018030166625977,,
final,535,cf_560,latent,mismatched,8,False,2.000807762145996,,
final,535,cf_560,latent,mismatched,9,False,1.4886083602905273,,
final,535,cf_560,latent,mismatched,10,False,0.9988288879394531,,
final,535,cf_560,latent,mismatched,11,False,0.871488094329834,,
final,535,cf_560,latent,mismatched,12,False,0.9799823760986328,,
final,535,cf_560,latent,mismatched,13,False,0.9975953102111816,,
final,535,cf_560,latent,mismatched,14,False,1.0454106330871582,,
final,535,cf_560,latent,mismatched,15,False,0.6600832939147949,,
final,535,cf_560,latent,mismatched,16,False,0.8436093330383301,,
final,535,cf_560,latent,mismatched,17,False,0.5585780143737793,,
final,535,cf_560,latent,mismatched,18,False,0.745255708694458,,
final,535,cf_560,latent,mismatched,19,False,0.34823036193847656,,
final,535,cf_560,latent,mismatched,20,False,0.15783357620239258,,
final,535,cf_560,latent,mismatched,21,False,-0.8121771812438965,,
final,535,cf_560,latent,mismatched,22,False,-0.47493815422058105,,
final,535,cf_560,latent,mismatched,23,False,-0.6692202091217041,,
final,535,cf_560,latent,mismatched,24,False,-0.8305149078369141,,
final,535,cf_560,latent,mismatched,-1,False,,,0.0
final,535,cf_15631,latent,mismatched,0,False,1.251495361328125,,
final,535,cf_15631,latent,mismatched,1,False,2.9227352142333984,,
final,535,cf_15631,latent,mismatched,2,False,2.8196964263916016,,
final,535,cf_15631,latent,mismatched,3,False,2.8591537475585938,,
final,535,cf_15631,latent,mismatched,4,False,2.8249435424804688,,
final,535,cf_15631,latent,mismatched,5,False,2.4525623321533203,,
final,535,cf_15631,latent,mismatched,6,False,2.308079719543457,,
final,535,cf_15631,latent,mismatched,7,False,2.1885032653808594,,
final,535,cf_15631,latent,mismatched,8,False,1.8219184875488281,,
final,535,cf_15631,latent,mismatched,9,False,1.6890172958374023,,
final,535,cf_15631,latent,mismatched,10,False,1.6502981185913086,,
final,535,cf_15631,latent,mismatched,11,False,1.6692790985107422,,
final,535,cf_15631,latent,mismatched,12,False,1.5833959579467773,,
final,535,cf_15631,latent,mismatched,13,False,1.5109071731567383,,
final,535,cf_15631,latent,mismatched,14,False,1.3995485305786133,,
final,535,cf_15631,latent,mismatched,15,False,1.3539199829101562,,
final,535,cf_15631,latent,mismatched,16,False,1.3631715774536133,,
final,535,cf_15631,latent,mismatched,17,False,1.602029800415039,,
final,535,cf_15631,latent,mismatched,18,False,1.5971832275390625,,
final,535,cf_15631,latent,mismatched,19,False,1.8002262115478516,,
final,535,cf_15631,latent,mismatched,20,False,1.8975019454956055,,
final,535,cf_15631,latent,mismatched,21,False,1.8919219970703125,,
final,535,cf_15631,latent,mismatched,22,False,2.3288936614990234,,
final,535,cf_15631,latent,mismatched,23,False,2.630038261413574,,
final,535,cf_15631,latent,mismatched,24,False,2.470928192138672,,
final,535,cf_15631,latent,mismatched,-1,False,,,0.0
final,535,cf_1754,latent,mismatched,0,False,9.669007301330566,,
final,535,cf_1754,latent,mismatched,1,False,1.5362634658813477,,
final,535,cf_1754,latent,mismatched,2,False,1.6873502731323242,,
final,535,cf_1754,latent,mismatched,3,False,1.5936980247497559,,
final,535,cf_1754,latent,mismatched,4,False,1.0518646240234375,,
final,535,cf_1754,latent,mismatched,5,False,0.9257340431213379,,
final,535,cf_1754,latent,mismatched,6,False,1.061394214630127,,
final,535,cf_1754,latent,mismatched,7,False,0.880620002746582,,
final,535,cf_1754,latent,mismatched,8,False,1.057178020477295,,
final,535,cf_1754,latent,mismatched,9,False,1.1940760612487793,,
final,535,cf_1754,latent,mismatched,10,False,1.157707691192627,,
final,535,cf_1754,latent,mismatched,11,False,1.184689998626709,,
final,535,cf_1754,latent,mismatched,12,False,1.8090133666992188,,
final,535,cf_1754,latent,mismatched,13,False,2.0857949256896973,,
final,535,cf_1754,latent,mismatched,14,False,2.5044171810150146,,
final,535,cf_1754,latent,mismatched,15,False,2.8178508281707764,,
final,535,cf_1754,latent,mismatched,16,False,3.422520160675049,,
final,535,cf_1754,latent,mismatched,17,False,3.2837910652160645,,
final,535,cf_1754,latent,mismatched,18,False,5.004893779754639,,
final,535,cf_1754,latent,mismatched,19,False,4.994106292724609,,
final,535,cf_1754,latent,mismatched,20,False,4.585934638977051,,
final,535,cf_1754,latent,mismatched,21,False,3.3945393562316895,,
final,535,cf_1754,latent,mismatched,22,False,4.170952320098877,,
final,535,cf_1754,latent,mismatched,23,False,5.249124526977539,,
final,535,cf_1754,latent,mismatched,24,False,5.902316093444824,,
final,535,cf_1754,latent,mismatched,-1,False,,,0.0
final,535,cf_15696,latent,mismatched,0,False,-0.07489013671875,,
final,535,cf_15696,latent,mismatched,1,False,-1.4628372192382812,,
final,535,cf_15696,latent,mismatched,2,False,-1.7360477447509766,,
final,535,cf_15696,latent,mismatched,3,False,-1.6047096252441406,,
final,535,cf_15696,latent,mismatched,4,False,-1.7986640930175781,,
final,535,cf_15696,latent,mismatched,5,False,-1.7139778137207031,,
final,535,cf_15696,latent,mismatched,6,False,-1.5651016235351562,,
final,535,cf_15696,latent,mismatched,7,False,-1.3562736511230469,,
final,535,cf_15696,latent,mismatched,8,False,-1.2347049713134766,,
final,535,cf_15696,latent,mismatched,9,False,-1.0225658416748047,,
final,535,cf_15696,latent,mismatched,10,False,-0.8347511291503906,,
final,535,cf_15696,latent,mismatched,11,False,-0.5970172882080078,,
final,535,cf_15696,latent,mismatched,12,False,-0.3816413879394531,,
final,535,cf_15696,latent,mismatched,13,False,-0.5743141174316406,,
final,535,cf_15696,latent,mismatched,14,False,-0.62506103515625,,
final,535,cf_15696,latent,mismatched,15,False,-0.6774845123291016,,
final,535,cf_15696,latent,mismatched,16,False,-0.9062290191650391,,
final,535,cf_15696,latent,mismatched,17,False,-1.363555908203125,,
final,535,cf_15696,latent,mismatched,18,False,-1.3697013854980469,,
final,535,cf_15696,latent,mismatched,19,False,-1.806295394897461,,
final,535,cf_15696,latent,mismatched,20,False,-1.759359359741211,,
final,535,cf_15696,latent,mismatched,21,False,-1.545309066772461,,
final,535,cf_15696,latent,mismatched,22,False,-1.674631118774414,,
final,535,cf_15696,latent,mismatched,23,False,-1.8492870330810547,,
final,535,cf_15696,latent,mismatched,24,False,-1.4887351989746094,,
final,535,cf_15696,latent,mismatched,-1,False,,,
final,535,cf_2614,latent,mismatched,0,False,4.692816734313965,,
final,535,cf_2614,latent,mismatched,1,False,0.3923826217651367,,
final,535,cf_2614,latent,mismatched,2,False,0.44920825958251953,,
final,535,cf_2614,latent,mismatched,3,False,0.38382625579833984,,
final,535,cf_2614,latent,mismatched,4,False,0.39999961853027344,,
final,535,cf_2614,latent,mismatched,5,False,0.34885406494140625,,
final,535,cf_2614,latent,mismatched,6,False,0.3235912322998047,,
final,535,cf_2614,latent,mismatched,7,False,0.2351675033569336,,
final,535,cf_2614,latent,mismatched,8,False,0.3592567443847656,,
final,535,cf_2614,latent,mismatched,9,False,0.5633363723754883,,
final,535,cf_2614,latent,mismatched,10,False,0.4622354507446289,,
final,535,cf_2614,latent,mismatched,11,False,0.7173118591308594,,
final,535,cf_2614,latent,mismatched,12,False,0.9797019958496094,,
final,535,cf_2614,latent,mismatched,13,False,1.5219049453735352,,
final,535,cf_2614,latent,mismatched,14,False,1.968745231628418,,
final,535,cf_2614,latent,mismatched,15,False,2.2789926528930664,,
final,535,cf_2614,latent,mismatched,16,False,2.6158828735351562,,
final,535,cf_2614,latent,mismatched,17,False,3.012505531311035,,
final,535,cf_2614,latent,mismatched,18,False,2.8628368377685547,,
final,535,cf_2614,latent,mismatched,19,False,3.7351551055908203,,
final,535,cf_2614,latent,mismatched,20,False,3.59334659576416,,
final,535,cf_2614,latent,mismatched,21,False,4.261693954467773,,
final,535,cf_2614,latent,mismatched,22,False,5.093341827392578,,
final,535,cf_2614,latent,mismatched,23,False,6.005216598510742,,
final,535,cf_2614,latent,mismatched,24,False,7.092881202697754,,
final,535,cf_2614,latent,mismatched,-1,False,,,0.0
final,535,cf_1672,latent,mismatched,0,False,7.79392147064209,,
final,535,cf_1672,latent,mismatched,1,False,8.44233512878418,,
final,535,cf_1672,latent,mismatched,2,False,8.32159423828125,,
final,535,cf_1672,latent,mismatched,3,False,8.302556037902832,,
final,535,cf_1672,latent,mismatched,4,False,8.5264310836792,,
final,535,cf_1672,latent,mismatched,5,False,8.532282829284668,,
final,535,cf_1672,latent,mismatched,6,False,8.934493064880371,,
final,535,cf_1672,latent,mismatched,7,False,8.853070259094238,,
final,535,cf_1672,latent,mismatched,8,False,8.791194915771484,,
final,535,cf_1672,latent,mismatched,9,False,8.906723022460938,,
final,535,cf_1672,latent,mismatched,10,False,9.454440116882324,,
final,535,cf_1672,latent,mismatched,11,False,9.980046272277832,,
final,535,cf_1672,latent,mismatched,12,False,10.534721374511719,,
final,535,cf_1672,latent,mismatched,13,False,10.792007446289062,,
final,535,cf_1672,latent,mismatched,14,False,11.461081504821777,,
final,535,cf_1672,latent,mismatched,15,False,11.539772033691406,,
final,535,cf_1672,latent,mismatched,16,False,12.085968971252441,,
final,535,cf_1672,latent,mismatched,17,False,11.966453552246094,,
final,535,cf_1672,latent,mismatched,18,False,11.735179901123047,,
final,535,cf_1672,latent,mismatched,19,False,12.332768440246582,,
final,535,cf_1672,latent,mismatched,20,False,12.729208946228027,,
final,535,cf_1672,latent,mismatched,21,False,12.675248146057129,,
final,535,cf_1672,latent,mismatched,22,False,13.704168319702148,,
final,535,cf_1672,latent,mismatched,23,False,13.716165542602539,,
final,535,cf_1672,latent,mismatched,24,False,14.871431350708008,,
final,535,cf_1672,latent,mismatched,-1,False,,,0.0
final,535,cf_16393,latent,self,0,False,11.529034614562988,,
final,535,cf_16393,latent,self,1,False,11.529034614562988,,
final,535,cf_16393,latent,self,2,False,11.529034614562988,,
final,535,cf_16393,latent,self,3,False,11.529034614562988,,
final,535,cf_16393,latent,self,4,False,11.529034614562988,,
final,535,cf_16393,latent,self,5,False,11.529034614562988,,
final,535,cf_16393,latent,self,6,False,11.529034614562988,,
final,535,cf_16393,latent,self,7,False,11.529034614562988,,
final,535,cf_16393,latent,self,8,False,11.529034614562988,,
final,535,cf_16393,latent,self,9,False,11.529034614562988,,
final,535,cf_16393,latent,self,10,False,11.529034614562988,,
final,535,cf_16393,latent,self,11,False,11.529034614562988,,
final,535,cf_16393,latent,self,12,False,11.529034614562988,,
final,535,cf_16393,latent,self,13,False,11.529034614562988,,
final,535,cf_16393,latent,self,14,False,11.529034614562988,,
final,535,cf_16393,latent,self,15,False,11.529034614562988,,
final,535,cf_16393,latent,self,16,False,11.529034614562988,,
final,535,cf_16393,latent,self,17,False,11.529034614562988,,
final,535,cf_16393,latent,self,18,False,11.529034614562988,,
final,535,cf_16393,latent,self,19,False,11.529034614562988,,
final,535,cf_16393,latent,self,20,False,11.529034614562988,,
final,535,cf_16393,latent,self,21,False,11.529034614562988,,
final,535,cf_16393,latent,self,22,False,11.529034614562988,,
final,535,cf_16393,latent,self,23,False,11.529034614562988,,
final,535,cf_16393,latent,self,24,False,11.600723266601562,,
final,535,cf_16393,latent,self,-1,False,,,0.0
final,535,cf_12102,latent,self,0,False,3.2928895950317383,,
final,535,cf_12102,latent,self,1,False,3.2928895950317383,,
final,535,cf_12102,latent,self,2,False,3.2928895950317383,,
final,535,cf_12102,latent,self,3,False,3.2928895950317383,,
final,535,cf_12102,latent,self,4,False,3.2928895950317383,,
final,535,cf_12102,latent,self,5,False,3.2928895950317383,,
final,535,cf_12102,latent,self,6,False,3.2928895950317383,,
final,535,cf_12102,latent,self,7,False,3.2928895950317383,,
final,535,cf_12102,latent,self,8,False,3.2928895950317383,,
final,535,cf_12102,latent,self,9,False,3.2928895950317383,,
final,535,cf_12102,latent,self,10,False,3.2928895950317383,,
final,535,cf_12102,latent,self,11,False,3.2928895950317383,,
final,535,cf_12102,latent,self,12,False,3.2928895950317383,,
final,535,cf_12102,latent,self,13,False,3.2928895950317383,,
final,535,cf_12102,latent,self,14,False,3.2928895950317383,,
final,535,cf_12102,latent,self,15,False,3.2928895950317383,,
final,535,cf_12102,latent,self,16,False,3.2928895950317383,,
final,535,cf_12102,latent,self,17,False,3.2928895950317383,,
final,535,cf_12102,latent,self,18,False,3.2928895950317383,,
final,535,cf_12102,latent,self,19,False,3.2928895950317383,,
final,535,cf_12102,latent,self,20,False,3.2928895950317383,,
final,535,cf_12102,latent,self,21,False,3.2928895950317383,,
final,535,cf_12102,latent,self,22,False,3.2928895950317383,,
final,535,cf_12102,latent,self,23,False,3.2928895950317383,,
final,535,cf_12102,latent,self,24,False,3.4863967895507812,,
final,535,cf_12102,latent,self,-1,False,,,0.0
final,535,cf_7758,latent,self,0,False,4.146684646606445,,
final,535,cf_7758,latent,self,1,False,4.146684646606445,,
final,535,cf_7758,latent,self,2,False,4.146684646606445,,
final,535,cf_7758,latent,self,3,False,4.146684646606445,,
final,535,cf_7758,latent,self,4,False,4.146684646606445,,
final,535,cf_7758,latent,self,5,False,4.146684646606445,,
final,535,cf_7758,latent,self,6,False,4.146684646606445,,
final,535,cf_7758,latent,self,7,False,4.146684646606445,,
final,535,cf_7758,latent,self,8,False,4.146684646606445,,
final,535,cf_7758,latent,self,9,False,4.146684646606445,,
final,535,cf_7758,latent,self,10,False,4.146684646606445,,
final,535,cf_7758,latent,self,11,False,4.146684646606445,,
final,535,cf_7758,latent,self,12,False,4.146684646606445,,
final,535,cf_7758,latent,self,13,False,4.146684646606445,,
final,535,cf_7758,latent,self,14,False,4.146684646606445,,
final,535,cf_7758,latent,self,15,False,4.146684646606445,,
final,535,cf_7758,latent,self,16,False,4.146684646606445,,
final,535,cf_7758,latent,self,17,False,4.146684646606445,,
final,535,cf_7758,latent,self,18,False,4.146684646606445,,
final,535,cf_7758,latent,self,19,False,4.146684646606445,,
final,535,cf_7758,latent,self,20,False,4.146684646606445,,
final,535,cf_7758,latent,self,21,False,4.146684646606445,,
final,535,cf_7758,latent,self,22,False,4.146684646606445,,
final,535,cf_7758,latent,self,23,False,4.146684646606445,,
final,535,cf_7758,latent,self,24,False,4.435971260070801,,
final,535,cf_7758,latent,self,-1,False,,,0.0
final,535,cf_10098,latent,self,0,False,-0.5399513244628906,,
final,535,cf_10098,latent,self,1,False,-0.5399513244628906,,
final,535,cf_10098,latent,self,2,False,-0.5399513244628906,,
final,535,cf_10098,latent,self,3,False,-0.5399513244628906,,
final,535,cf_10098,latent,self,4,False,-0.5399513244628906,,
final,535,cf_10098,latent,self,5,False,-0.5399513244628906,,
final,535,cf_10098,latent,self,6,False,-0.5399513244628906,,
final,535,cf_10098,latent,self,7,False,-0.5399513244628906,,
final,535,cf_10098,latent,self,8,False,-0.5399513244628906,,
final,535,cf_10098,latent,self,9,False,-0.5399513244628906,,
final,535,cf_10098,latent,self,10,False,-0.5399513244628906,,
final,535,cf_10098,latent,self,11,False,-0.5399513244628906,,
final,535,cf_10098,latent,self,12,False,-0.5399513244628906,,
final,535,cf_10098,latent,self,13,False,-0.5399513244628906,,
final,535,cf_10098,latent,self,14,False,-0.5399513244628906,,
final,535,cf_10098,latent,self,15,False,-0.5399513244628906,,
final,535,cf_10098,latent,self,16,False,-0.5399513244628906,,
final,535,cf_10098,latent,self,17,False,-0.5399513244628906,,
final,535,cf_10098,latent,self,18,False,-0.5399513244628906,,
final,535,cf_10098,latent,self,19,False,-0.5399513244628906,,
final,535,cf_10098,latent,self,20,False,-0.5399513244628906,,
final,535,cf_10098,latent,self,21,False,-0.5399513244628906,,
final,535,cf_10098,latent,self,22,False,-0.5399513244628906,,
final,535,cf_10098,latent,self,23,False,-0.5399513244628906,,
final,535,cf_10098,latent,self,24,False,-1.2618751525878906,,
final,535,cf_10098,latent,self,-1,False,,,
final,535,cf_14940,latent,self,0,False,-0.6754112243652344,,
final,535,cf_14940,latent,self,1,False,-0.6754112243652344,,
final,535,cf_14940,latent,self,2,False,-0.6754112243652344,,
final,535,cf_14940,latent,self,3,False,-0.6754112243652344,,
final,535,cf_14940,latent,self,4,False,-0.6754112243652344,,
final,535,cf_14940,latent,self,5,False,-0.6754112243652344,,
final,535,cf_14940,latent,self,6,False,-0.6754112243652344,,
final,535,cf_14940,latent,self,7,False,-0.6754112243652344,,
final,535,cf_14940,latent,self,8,False,-0.6754112243652344,,
final,535,cf_14940,latent,self,9,False,-0.6754112243652344,,
final,535,cf_14940,latent,self,10,False,-0.6754112243652344,,
final,535,cf_14940,latent,self,11,False,-0.6754112243652344,,
final,535,cf_14940,latent,self,12,False,-0.6754112243652344,,
final,535,cf_14940,latent,self,13,False,-0.6754112243652344,,
final,535,cf_14940,latent,self,14,False,-0.6754112243652344,,
final,535,cf_14940,latent,self,15,False,-0.6754112243652344,,
final,535,cf_14940,latent,self,16,False,-0.6754112243652344,,
final,535,cf_14940,latent,self,17,False,-0.6754112243652344,,
final,535,cf_14940,latent,self,18,False,-0.6754112243652344,,
final,535,cf_14940,latent,self,19,False,-0.6754112243652344,,
final,535,cf_14940,latent,self,20,False,-0.6754112243652344,,
final,535,cf_14940,latent,self,21,False,-0.6754112243652344,,
final,535,cf_14940,latent,self,22,False,-0.6754112243652344,,
final,535,cf_14940,latent,self,23,False,-0.6754112243652344,,
final,535,cf_14940,latent,self,24,False,-0.7675991058349609,,
final,535,cf_14940,latent,self,-1,False,,,
final,535,cf_9416,latent,self,0,False,3.8865861892700195,,
final,535,cf_9416,latent,self,1,False,3.8865861892700195,,
final,535,cf_9416,latent,self,2,False,3.8865861892700195,,
final,535,cf_9416,latent,self,3,False,3.8865861892700195,,
final,535,cf_9416,latent,self,4,False,3.8865861892700195,,
final,535,cf_9416,latent,self,5,False,3.8865861892700195,,
final,535,cf_9416,latent,self,6,False,3.8865861892700195,,
final,535,cf_9416,latent,self,7,False,3.8865861892700195,,
final,535,cf_9416,latent,self,8,False,3.8865861892700195,,
final,535,cf_9416,latent,self,9,False,3.8865861892700195,,
final,535,cf_9416,latent,self,10,False,3.8865861892700195,,
final,535,cf_9416,latent,self,11,False,3.8865861892700195,,
final,535,cf_9416,latent,self,12,False,3.8865861892700195,,
final,535,cf_9416,latent,self,13,False,3.8865861892700195,,
final,535,cf_9416,latent,self,14,False,3.8865861892700195,,
final,535,cf_9416,latent,self,15,False,3.8865861892700195,,
final,535,cf_9416,latent,self,16,False,3.8865861892700195,,
final,535,cf_9416,latent,self,17,False,3.8865861892700195,,
final,535,cf_9416,latent,self,18,False,3.8865861892700195,,
final,535,cf_9416,latent,self,19,False,3.8865861892700195,,
final,535,cf_9416,latent,self,20,False,3.8865861892700195,,
final,535,cf_9416,latent,self,21,False,3.8865861892700195,,
final,535,cf_9416,latent,self,22,False,3.8865861892700195,,
final,535,cf_9416,latent,self,23,False,3.8865861892700195,,
final,535,cf_9416,latent,self,24,False,3.738772392272949,,
final,535,cf_9416,latent,self,-1,False,,,0.0
final,535,cf_14047,latent,self,0,False,2.0543994903564453,,
final,535,cf_14047,latent,self,1,False,2.0543994903564453,,
final,535,cf_14047,latent,self,2,False,2.0543994903564453,,
final,535,cf_14047,latent,self,3,False,2.0543994903564453,,
final,535,cf_14047,latent,self,4,False,2.0543994903564453,,
final,535,cf_14047,latent,self,5,False,2.0543994903564453,,
final,535,cf_14047,latent,self,6,False,2.0543994903564453,,
final,535,cf_14047,latent,self,7,False,2.0543994903564453,,
final,535,cf_14047,latent,self,8,False,2.0543994903564453,,
final,535,cf_14047,latent,self,9,False,2.0543994903564453,,
final,535,cf_14047,latent,self,10,False,2.0543994903564453,,
final,535,cf_14047,latent,self,11,False,2.0543994903564453,,
final,535,cf_14047,latent,self,12,False,2.0543994903564453,,
final,535,cf_14047,latent,self,13,False,2.0543994903564453,,
final,535,cf_14047,latent,self,14,False,2.0543994903564453,,
final,535,cf_14047,latent,self,15,False,2.0543994903564453,,
final,535,cf_14047,latent,self,16,False,2.0543994903564453,,
final,535,cf_14047,latent,self,17,False,2.0543994903564453,,
final,535,cf_14047,latent,self,18,False,2.0543994903564453,,
final,535,cf_14047,latent,self,19,False,2.0543994903564453,,
final,535,cf_14047,latent,self,20,False,2.0543994903564453,,
final,535,cf_14047,latent,self,21,False,2.0543994903564453,,
final,535,cf_14047,latent,self,22,False,2.0543994903564453,,
final,535,cf_14047,latent,self,23,False,2.0543994903564453,,
final,535,cf_14047,latent,self,24,False,1.981475830078125,,
final,535,cf_14047,latent,self,-1,False,,,0.0
final,535,cf_11926,latent,self,0,False,3.3567733764648438,,
final,535,cf_11926,latent,self,1,False,3.3567733764648438,,
final,535,cf_11926,latent,self,2,False,3.3567733764648438,,
final,535,cf_11926,latent,self,3,False,3.3567733764648438,,
final,535,cf_11926,latent,self,4,False,3.3567733764648438,,
final,535,cf_11926,latent,self,5,False,3.3567733764648438,,
final,535,cf_11926,latent,self,6,False,3.3567733764648438,,
final,535,cf_11926,latent,self,7,False,3.3567733764648438,,
final,535,cf_11926,latent,self,8,False,3.3567733764648438,,
final,535,cf_11926,latent,self,9,False,3.3567733764648438,,
final,535,cf_11926,latent,self,10,False,3.3567733764648438,,
final,535,cf_11926,latent,self,11,False,3.3567733764648438,,
final,535,cf_11926,latent,self,12,False,3.3567733764648438,,
final,535,cf_11926,latent,self,13,False,3.3567733764648438,,
final,535,cf_11926,latent,self,14,False,3.3567733764648438,,
final,535,cf_11926,latent,self,15,False,3.3567733764648438,,
final,535,cf_11926,latent,self,16,False,3.3567733764648438,,
final,535,cf_11926,latent,self,17,False,3.3567733764648438,,
final,535,cf_11926,latent,self,18,False,3.3567733764648438,,
final,535,cf_11926,latent,self,19,False,3.3567733764648438,,
final,535,cf_11926,latent,self,20,False,3.3567733764648438,,
final,535,cf_11926,latent,self,21,False,3.3567733764648438,,
final,535,cf_11926,latent,self,22,False,3.3567733764648438,,
final,535,cf_11926,latent,self,23,False,3.3567733764648438,,
final,535,cf_11926,latent,self,24,False,3.3292694091796875,,
final,535,cf_11926,latent,self,-1,False,,,0.0
final,535,cf_4238,latent,self,0,False,4.513235092163086,,
final,535,cf_4238,latent,self,1,False,4.513235092163086,,
final,535,cf_4238,latent,self,2,False,4.513235092163086,,
final,535,cf_4238,latent,self,3,False,4.513235092163086,,
final,535,cf_4238,latent,self,4,False,4.513235092163086,,
final,535,cf_4238,latent,self,5,False,4.513235092163086,,
final,535,cf_4238,latent,self,6,False,4.513235092163086,,
final,535,cf_4238,latent,self,7,False,4.513235092163086,,
final,535,cf_4238,latent,self,8,False,4.513235092163086,,
final,535,cf_4238,latent,self,9,False,4.513235092163086,,
final,535,cf_4238,latent,self,10,False,4.513235092163086,,
final,535,cf_4238,latent,self,11,False,4.513235092163086,,
final,535,cf_4238,latent,self,12,False,4.513235092163086,,
final,535,cf_4238,latent,self,13,False,4.513235092163086,,
final,535,cf_4238,latent,self,14,False,4.513235092163086,,
final,535,cf_4238,latent,self,15,False,4.513235092163086,,
final,535,cf_4238,latent,self,16,False,4.513235092163086,,
final,535,cf_4238,latent,self,17,False,4.513235092163086,,
final,535,cf_4238,latent,self,18,False,4.513235092163086,,
final,535,cf_4238,latent,self,19,False,4.513235092163086,,
final,535,cf_4238,latent,self,20,False,4.513235092163086,,
final,535,cf_4238,latent,self,21,False,4.513235092163086,,
final,535,cf_4238,latent,self,22,False,4.513235092163086,,
final,535,cf_4238,latent,self,23,False,4.513235092163086,,
final,535,cf_4238,latent,self,24,False,4.731108665466309,,
final,535,cf_4238,latent,self,-1,False,,,0.0
final,535,cf_19544,latent,self,0,False,5.721397399902344,,
final,535,cf_19544,latent,self,1,False,5.721397399902344,,
final,535,cf_19544,latent,self,2,False,5.721397399902344,,
final,535,cf_19544,latent,self,3,False,5.721397399902344,,
final,535,cf_19544,latent,self,4,False,5.721397399902344,,
final,535,cf_19544,latent,self,5,False,5.721397399902344,,
final,535,cf_19544,latent,self,6,False,5.721397399902344,,
final,535,cf_19544,latent,self,7,False,5.721397399902344,,
final,535,cf_19544,latent,self,8,False,5.721397399902344,,
final,535,cf_19544,latent,self,9,False,5.721397399902344,,
final,535,cf_19544,latent,self,10,False,5.721397399902344,,
final,535,cf_19544,latent,self,11,False,5.721397399902344,,
final,535,cf_19544,latent,self,12,False,5.721397399902344,,
final,535,cf_19544,latent,self,13,False,5.721397399902344,,
final,535,cf_19544,latent,self,14,False,5.721397399902344,,
final,535,cf_19544,latent,self,15,False,5.721397399902344,,
final,535,cf_19544,latent,self,16,False,5.721397399902344,,
final,535,cf_19544,latent,self,17,False,5.721397399902344,,
final,535,cf_19544,latent,self,18,False,5.721397399902344,,
final,535,cf_19544,latent,self,19,False,5.721397399902344,,
final,535,cf_19544,latent,self,20,False,5.721397399902344,,
final,535,cf_19544,latent,self,21,False,5.721397399902344,,
final,535,cf_19544,latent,self,22,False,5.721397399902344,,
final,535,cf_19544,latent,self,23,False,5.721397399902344,,
final,535,cf_19544,latent,self,24,False,5.186700820922852,,
final,535,cf_19544,latent,self,-1,False,,,0.0
final,535,cf_7153,latent,self,0,False,3.244631767272949,,
final,535,cf_7153,latent,self,1,False,3.244631767272949,,
final,535,cf_7153,latent,self,2,False,3.244631767272949,,
final,535,cf_7153,latent,self,3,False,3.244631767272949,,
final,535,cf_7153,latent,self,4,False,3.244631767272949,,
final,535,cf_7153,latent,self,5,False,3.244631767272949,,
final,535,cf_7153,latent,self,6,False,3.244631767272949,,
final,535,cf_7153,latent,self,7,False,3.244631767272949,,
final,535,cf_7153,latent,self,8,False,3.244631767272949,,
final,535,cf_7153,latent,self,9,False,3.244631767272949,,
final,535,cf_7153,latent,self,10,False,3.244631767272949,,
final,535,cf_7153,latent,self,11,False,3.244631767272949,,
final,535,cf_7153,latent,self,12,False,3.244631767272949,,
final,535,cf_7153,latent,self,13,False,3.244631767272949,,
final,535,cf_7153,latent,self,14,False,3.244631767272949,,
final,535,cf_7153,latent,self,15,False,3.244631767272949,,
final,535,cf_7153,latent,self,16,False,3.244631767272949,,
final,535,cf_7153,latent,self,17,False,3.244631767272949,,
final,535,cf_7153,latent,self,18,False,3.244631767272949,,
final,535,cf_7153,latent,self,19,False,3.244631767272949,,
final,535,cf_7153,latent,self,20,False,3.244631767272949,,
final,535,cf_7153,latent,self,21,False,3.244631767272949,,
final,535,cf_7153,latent,self,22,False,3.244631767272949,,
final,535,cf_7153,latent,self,23,False,3.244631767272949,,
final,535,cf_7153,latent,self,24,False,3.407705307006836,,
final,535,cf_7153,latent,self,-1,False,,,0.0
final,535,cf_11430,latent,self,0,False,-0.5668869018554688,,
final,535,cf_11430,latent,self,1,False,-0.5668869018554688,,
final,535,cf_11430,latent,self,2,False,-0.5668869018554688,,
final,535,cf_11430,latent,self,3,False,-0.5668869018554688,,
final,535,cf_11430,latent,self,4,False,-0.5668869018554688,,
final,535,cf_11430,latent,self,5,False,-0.5668869018554688,,
final,535,cf_11430,latent,self,6,False,-0.5668869018554688,,
final,535,cf_11430,latent,self,7,False,-0.5668869018554688,,
final,535,cf_11430,latent,self,8,False,-0.5668869018554688,,
final,535,cf_11430,latent,self,9,False,-0.5668869018554688,,
final,535,cf_11430,latent,self,10,False,-0.5668869018554688,,
final,535,cf_11430,latent,self,11,False,-0.5668869018554688,,
final,535,cf_11430,latent,self,12,False,-0.5668869018554688,,
final,535,cf_11430,latent,self,13,False,-0.5668869018554688,,
final,535,cf_11430,latent,self,14,False,-0.5668869018554688,,
final,535,cf_11430,latent,self,15,False,-0.5668869018554688,,
final,535,cf_11430,latent,self,16,False,-0.5668869018554688,,
final,535,cf_11430,latent,self,17,False,-0.5668869018554688,,
final,535,cf_11430,latent,self,18,False,-0.5668869018554688,,
final,535,cf_11430,latent,self,19,False,-0.5668869018554688,,
final,535,cf_11430,latent,self,20,False,-0.5668869018554688,,
final,535,cf_11430,latent,self,21,False,-0.5668869018554688,,
final,535,cf_11430,latent,self,22,False,-0.5668869018554688,,
final,535,cf_11430,latent,self,23,False,-0.5668869018554688,,
final,535,cf_11430,latent,self,24,False,-0.4539642333984375,,
final,535,cf_11430,latent,self,-1,False,,,
final,535,cf_4876,latent,self,0,False,5.985894203186035,,
final,535,cf_4876,latent,self,1,False,5.985894203186035,,
final,535,cf_4876,latent,self,2,False,5.985894203186035,,
final,535,cf_4876,latent,self,3,False,5.985894203186035,,
final,535,cf_4876,latent,self,4,False,5.985894203186035,,
final,535,cf_4876,latent,self,5,False,5.985894203186035,,
final,535,cf_4876,latent,self,6,False,5.985894203186035,,
final,535,cf_4876,latent,self,7,False,5.985894203186035,,
final,535,cf_4876,latent,self,8,False,5.985894203186035,,
final,535,cf_4876,latent,self,9,False,5.985894203186035,,
final,535,cf_4876,latent,self,10,False,5.985894203186035,,
final,535,cf_4876,latent,self,11,False,5.985894203186035,,
final,535,cf_4876,latent,self,12,False,5.985894203186035,,
final,535,cf_4876,latent,self,13,False,5.985894203186035,,
final,535,cf_4876,latent,self,14,False,5.985894203186035,,
final,535,cf_4876,latent,self,15,False,5.985894203186035,,
final,535,cf_4876,latent,self,16,False,5.985894203186035,,
final,535,cf_4876,latent,self,17,False,5.985894203186035,,
final,535,cf_4876,latent,self,18,False,5.985894203186035,,
final,535,cf_4876,latent,self,19,False,5.985894203186035,,
final,535,cf_4876,latent,self,20,False,5.985894203186035,,
final,535,cf_4876,latent,self,21,False,5.985894203186035,,
final,535,cf_4876,latent,self,22,False,5.985894203186035,,
final,535,cf_4876,latent,self,23,False,5.985894203186035,,
final,535,cf_4876,latent,self,24,False,6.151717185974121,,
final,535,cf_4876,latent,self,-1,False,,,0.0
final,535,cf_11396,latent,self,0,False,5.224579811096191,,
final,535,cf_11396,latent,self,1,False,5.224579811096191,,
final,535,cf_11396,latent,self,2,False,5.224579811096191,,
final,535,cf_11396,latent,self,3,False,5.224579811096191,,
final,535,cf_11396,latent,self,4,False,5.224579811096191,,
final,535,cf_11396,latent,self,5,False,5.224579811096191,,
final,535,cf_11396,latent,self,6,False,5.224579811096191,,
final,535,cf_11396,latent,self,7,False,5.224579811096191,,
final,535,cf_11396,latent,self,8,False,5.224579811096191,,
final,535,cf_11396,latent,self,9,False,5.224579811096191,,
final,535,cf_11396,latent,self,10,False,5.224579811096191,,
final,535,cf_11396,latent,self,11,False,5.224579811096191,,
final,535,cf_11396,latent,self,12,False,5.224579811096191,,
final,535,cf_11396,latent,self,13,False,5.224579811096191,,
final,535,cf_11396,latent,self,14,False,5.224579811096191,,
final,535,cf_11396,latent,self,15,False,5.224579811096191,,
final,535,cf_11396,latent,self,16,False,5.224579811096191,,
final,535,cf_11396,latent,self,17,False,5.224579811096191,,
final,535,cf_11396,latent,self,18,False,5.224579811096191,,
final,535,cf_11396,latent,self,19,False,5.224579811096191,,
final,535,cf_11396,latent,self,20,False,5.224579811096191,,
final,535,cf_11396,latent,self,21,False,5.224579811096191,,
final,535,cf_11396,latent,self,22,False,5.224579811096191,,
final,535,cf_11396,latent,self,23,False,5.224579811096191,,
final,535,cf_11396,latent,self,24,False,5.2273712158203125,,
final,535,cf_11396,latent,self,-1,False,,,0.0
final,535,cf_17740,latent,self,0,False,2.2520923614501953,,
final,535,cf_17740,latent,self,1,False,2.2520923614501953,,
final,535,cf_17740,latent,self,2,False,2.2520923614501953,,
final,535,cf_17740,latent,self,3,False,2.2520923614501953,,
final,535,cf_17740,latent,self,4,False,2.2520923614501953,,
final,535,cf_17740,latent,self,5,False,2.2520923614501953,,
final,535,cf_17740,latent,self,6,False,2.2520923614501953,,
final,535,cf_17740,latent,self,7,False,2.2520923614501953,,
final,535,cf_17740,latent,self,8,False,2.2520923614501953,,
final,535,cf_17740,latent,self,9,False,2.2520923614501953,,
final,535,cf_17740,latent,self,10,False,2.2520923614501953,,
final,535,cf_17740,latent,self,11,False,2.2520923614501953,,
final,535,cf_17740,latent,self,12,False,2.2520923614501953,,
final,535,cf_17740,latent,self,13,False,2.2520923614501953,,
final,535,cf_17740,latent,self,14,False,2.2520923614501953,,
final,535,cf_17740,latent,self,15,False,2.2520923614501953,,
final,535,cf_17740,latent,self,16,False,2.2520923614501953,,
final,535,cf_17740,latent,self,17,False,2.2520923614501953,,
final,535,cf_17740,latent,self,18,False,2.2520923614501953,,
final,535,cf_17740,latent,self,19,False,2.2520923614501953,,
final,535,cf_17740,latent,self,20,False,2.2520923614501953,,
final,535,cf_17740,latent,self,21,False,2.2520923614501953,,
final,535,cf_17740,latent,self,22,False,2.2520923614501953,,
final,535,cf_17740,latent,self,23,False,2.2520923614501953,,
final,535,cf_17740,latent,self,24,False,2.415236473083496,,
final,535,cf_17740,latent,self,-1,False,,,0.0
final,535,cf_1835,latent,self,0,False,4.393550872802734,,
final,535,cf_1835,latent,self,1,False,4.393550872802734,,
final,535,cf_1835,latent,self,2,False,4.393550872802734,,
final,535,cf_1835,latent,self,3,False,4.393550872802734,,
final,535,cf_1835,latent,self,4,False,4.393550872802734,,
final,535,cf_1835,latent,self,5,False,4.393550872802734,,
final,535,cf_1835,latent,self,6,False,4.393550872802734,,
final,535,cf_1835,latent,self,7,False,4.393550872802734,,
final,535,cf_1835,latent,self,8,False,4.393550872802734,,
final,535,cf_1835,latent,self,9,False,4.393550872802734,,
final,535,cf_1835,latent,self,10,False,4.393550872802734,,
final,535,cf_1835,latent,self,11,False,4.393550872802734,,
final,535,cf_1835,latent,self,12,False,4.393550872802734,,
final,535,cf_1835,latent,self,13,False,4.393550872802734,,
final,535,cf_1835,latent,self,14,False,4.393550872802734,,
final,535,cf_1835,latent,self,15,False,4.393550872802734,,
final,535,cf_1835,latent,self,16,False,4.393550872802734,,
final,535,cf_1835,latent,self,17,False,4.393550872802734,,
final,535,cf_1835,latent,self,18,False,4.393550872802734,,
final,535,cf_1835,latent,self,19,False,4.393550872802734,,
final,535,cf_1835,latent,self,20,False,4.393550872802734,,
final,535,cf_1835,latent,self,21,False,4.393550872802734,,
final,535,cf_1835,latent,self,22,False,4.393550872802734,,
final,535,cf_1835,latent,self,23,False,4.393550872802734,,
final,535,cf_1835,latent,self,24,False,4.741856575012207,,
final,535,cf_1835,latent,self,-1,False,,,0.0
final,535,cf_16393,latent,mismatched,0,False,11.529034614562988,,
final,535,cf_16393,latent,mismatched,1,False,-1.7942113876342773,,
final,535,cf_16393,latent,mismatched,2,False,-1.4341201782226562,,
final,535,cf_16393,latent,mismatched,3,False,-1.4919147491455078,,
final,535,cf_16393,latent,mismatched,4,False,-1.737807273864746,,
final,535,cf_16393,latent,mismatched,5,False,-1.857417106628418,,
final,535,cf_16393,latent,mismatched,6,False,-2.123157501220703,,
final,535,cf_16393,latent,mismatched,7,False,-2.4059524536132812,,
final,535,cf_16393,latent,mismatched,8,False,-2.3399715423583984,,
final,535,cf_16393,latent,mismatched,9,False,-2.7515220642089844,,
final,535,cf_16393,latent,mismatched,10,False,-3.1315813064575195,,
final,535,cf_16393,latent,mismatched,11,False,-3.374746322631836,,
final,535,cf_16393,latent,mismatched,12,False,-3.1503028869628906,,
final,535,cf_16393,latent,mismatched,13,False,-3.863809585571289,,
final,535,cf_16393,latent,mismatched,14,False,-3.6493587493896484,,
final,535,cf_16393,latent,mismatched,15,False,-3.410367012023926,,
final,535,cf_16393,latent,mismatched,16,False,-2.0786848068237305,,
final,535,cf_16393,latent,mismatched,17,False,-2.3902783393859863,,
final,535,cf_16393,latent,mismatched,18,False,-4.489351749420166,,
final,535,cf_16393,latent,mismatched,19,False,-4.9202561378479,,
final,535,cf_16393,latent,mismatched,20,False,-3.8900256156921387,,
final,535,cf_16393,latent,mismatched,21,False,-2.53450345993042,,
final,535,cf_16393,latent,mismatched,22,False,-2.6221141815185547,,
final,535,cf_16393,latent,mismatched,23,False,-2.175053596496582,,
final,535,cf_16393,latent,mismatched,24,False,-0.8502559661865234,,
final,535,cf_16393,latent,mismatched,-1,False,,,0.0
final,535,cf_12102,latent,mismatched,0,False,3.2928895950317383,,
final,535,cf_12102,latent,mismatched,1,False,0.22596168518066406,,
final,535,cf_12102,latent,mismatched,2,False,-0.020964622497558594,,
final,535,cf_12102,latent,mismatched,3,False,-0.019327163696289062,,
final,535,cf_12102,latent,mismatched,4,False,-0.08806800842285156,,
final,535,cf_12102,latent,mismatched,5,False,-0.06294631958007812,,
final,535,cf_12102,latent,mismatched,6,False,-0.008563041687011719,,
final,535,cf_12102,latent,mismatched,7,False,0.1946277618408203,,
final,535,cf_12102,latent,mismatched,8,False,0.29503440856933594,,
final,535,cf_12102,latent,mismatched,9,False,0.8523464202880859,,
final,535,cf_12102,latent,mismatched,10,False,1.2847318649291992,,
final,535,cf_12102,latent,mismatched,11,False,1.4271836280822754,,
final,535,cf_12102,latent,mismatched,12,False,1.5508995056152344,,
final,535,cf_12102,latent,mismatched,13,False,1.1756515502929688,,
final,535,cf_12102,latent,mismatched,14,False,1.599158763885498,,
final,535,cf_12102,latent,mismatched,15,False,1.8555054664611816,,
final,535,cf_12102,latent,mismatched,16,False,2.1282825469970703,,
final,535,cf_12102,latent,mismatched,17,False,2.0262322425842285,,
final,535,cf_12102,latent,mismatched,18,False,2.014565944671631,,
final,535,cf_12102,latent,mismatched,19,False,2.5680060386657715,,
final,535,cf_12102,latent,mismatched,20,False,1.4329195022583008,,
final,535,cf_12102,latent,mismatched,21,False,1.3582921028137207,,
final,535,cf_12102,latent,mismatched,22,False,2.206839084625244,,
final,535,cf_12102,latent,mismatched,23,False,2.1629467010498047,,
final,535,cf_12102,latent,mismatched,24,False,4.109282493591309,,
final,535,cf_12102,latent,mismatched,-1,False,,,0.0
final,535,cf_7758,latent,mismatched,0,False,4.146684646606445,,
final,535,cf_7758,latent,mismatched,1,False,2.841782569885254,,
final,535,cf_7758,latent,mismatched,2,False,2.655071258544922,,
final,535,cf_7758,latent,mismatched,3,False,3.5760602951049805,,
final,535,cf_7758,latent,mismatched,4,False,4.185747146606445,,
final,535,cf_7758,latent,mismatched,5,False,3.9870615005493164,,
final,535,cf_7758,latent,mismatched,6,False,4.315503120422363,,
final,535,cf_7758,latent,mismatched,7,False,4.845558166503906,,
final,535,cf_7758,latent,mismatched,8,False,5.037101745605469,,
final,535,cf_7758,latent,mismatched,9,False,5.733969688415527,,
final,535,cf_7758,latent,mismatched,10,False,6.291482925415039,,
final,535,cf_7758,latent,mismatched,11,False,7.401902198791504,,
final,535,cf_7758,latent,mismatched,12,False,7.622659206390381,,
final,535,cf_7758,latent,mismatched,13,False,10.354961395263672,,
final,535,cf_7758,latent,mismatched,14,False,11.0291109085083,,
final,535,cf_7758,latent,mismatched,15,False,9.848804473876953,,
final,535,cf_7758,latent,mismatched,16,False,10.269499778747559,,
final,535,cf_7758,latent,mismatched,17,False,9.710382461547852,,
final,535,cf_7758,latent,mismatched,18,False,10.387751579284668,,
final,535,cf_7758,latent,mismatched,19,False,11.269363403320312,,
final,535,cf_7758,latent,mismatched,20,False,10.358043670654297,,
final,535,cf_7758,latent,mismatched,21,False,9.823888778686523,,
final,535,cf_7758,latent,mismatched,22,False,9.274249076843262,,
final,535,cf_7758,latent,mismatched,23,False,9.476000785827637,,
final,535,cf_7758,latent,mismatched,24,False,9.760692596435547,,
final,535,cf_7758,latent,mismatched,-1,False,,,0.0
final,535,cf_10098,latent,mismatched,0,False,-0.5399513244628906,,
final,535,cf_10098,latent,mismatched,1,False,-4.527988433837891,,
final,535,cf_10098,latent,mismatched,2,False,-4.465045928955078,,
final,535,cf_10098,latent,mismatched,3,False,-4.4886627197265625,,
final,535,cf_10098,latent,mismatched,4,False,-4.414426803588867,,
final,535,cf_10098,latent,mismatched,5,False,-4.405104637145996,,
final,535,cf_10098,latent,mismatched,6,False,-4.3174285888671875,,
final,535,cf_10098,latent,mismatched,7,False,-4.198652267456055,,
final,535,cf_10098,latent,mismatched,8,False,-4.025386810302734,,
final,535,cf_10098,latent,mismatched,9,False,-3.8844051361083984,,
final,535,cf_10098,latent,mismatched,10,False,-3.78070068359375,,
final,535,cf_10098,latent,mismatched,11,False,-4.0327911376953125,,
final,535,cf_10098,latent,mismatched,12,False,-3.986797332763672,,
final,535,cf_10098,latent,mismatched,13,False,-4.299091339111328,,
final,535,cf_10098,latent,mismatched,14,False,-4.55927848815918,,
final,535,cf_10098,latent,mismatched,15,False,-4.483543395996094,,
final,535,cf_10098,latent,mismatched,16,False,-4.866979598999023,,
final,535,cf_10098,latent,mismatched,17,False,-5.125099182128906,,
final,535,cf_10098,latent,mismatched,18,False,-5.32269287109375,,
final,535,cf_10098,latent,mismatched,19,False,-4.853364944458008,,
final,535,cf_10098,latent,mismatched,20,False,-5.148550033569336,,
final,535,cf_10098,latent,mismatched,21,False,-5.204267501831055,,
final,535,cf_10098,latent,mismatched,22,False,-4.36992073059082,,
final,535,cf_10098,latent,mismatched,23,False,-4.24101448059082,,
final,535,cf_10098,latent,mismatched,24,False,-4.097330093383789,,
final,535,cf_10098,latent,mismatched,-1,False,,,
final,535,cf_14940,latent,mismatched,0,False,-0.6754112243652344,,
final,535,cf_14940,latent,mismatched,1,False,-6.338201522827148,,
final,535,cf_14940,latent,mismatched,2,False,-6.35463809967041,,
final,535,cf_14940,latent,mismatched,3,False,-6.369560241699219,,
final,535,cf_14940,latent,mismatched,4,False,-6.313114166259766,,
final,535,cf_14940,latent,mismatched,5,False,-6.254278182983398,,
final,535,cf_14940,latent,mismatched,6,False,-6.207688331604004,,
final,535,cf_14940,latent,mismatched,7,False,-6.279059410095215,,
final,535,cf_14940,latent,mismatched,8,False,-6.347723007202148,,
final,535,cf_14940,latent,mismatched,9,False,-6.422057151794434,,
final,535,cf_14940,latent,mismatched,10,False,-6.652529716491699,,
final,535,cf_14940,latent,mismatched,11,False,-6.954766273498535,,
final,535,cf_14940,latent,mismatched,12,False,-6.9801788330078125,,
final,535,cf_14940,latent,mismatched,13,False,-7.253190994262695,,
final,535,cf_14940,latent,mismatched,14,False,-7.748826026916504,,
final,535,cf_14940,latent,mismatched,15,False,-8.244671821594238,,
final,535,cf_14940,latent,mismatched,16,False,-8.537242889404297,,
final,535,cf_14940,latent,mismatched,17,False,-9.013142585754395,,
final,535,cf_14940,latent,mismatched,18,False,-9.25157642364502,,
final,535,cf_14940,latent,mismatched,19,False,-9.376350402832031,,
final,535,cf_14940,latent,mismatched,20,False,-9.081869125366211,,
final,535,cf_14940,latent,mismatched,21,False,-10.20567512512207,,
final,535,cf_14940,latent,mismatched,22,False,-9.605413436889648,,
final,535,cf_14940,latent,mismatched,23,False,-9.925949096679688,,
final,535,cf_14940,latent,mismatched,24,False,-8.566679000854492,,
final,535,cf_14940,latent,mismatched,-1,False,,,
final,535,cf_14047,latent,mismatched,0,False,2.0543994903564453,,
final,535,cf_14047,latent,mismatched,1,False,1.133925437927246,,
final,535,cf_14047,latent,mismatched,2,False,1.1566085815429688,,
final,535,cf_14047,latent,mismatched,3,False,1.1100635528564453,,
final,535,cf_14047,latent,mismatched,4,False,0.9348850250244141,,
final,535,cf_14047,latent,mismatched,5,False,0.7681102752685547,,
final,535,cf_14047,latent,mismatched,6,False,0.2698345184326172,,
final,535,cf_14047,latent,mismatched,7,False,0.27352142333984375,,
final,535,cf_14047,latent,mismatched,8,False,0.131988525390625,,
final,535,cf_14047,latent,mismatched,9,False,0.534088134765625,,
final,535,cf_14047,latent,mismatched,10,False,0.8794498443603516,,
final,535,cf_14047,latent,mismatched,11,False,0.8491477966308594,,
final,535,cf_14047,latent,mismatched,12,False,1.0906963348388672,,
final,535,cf_14047,latent,mismatched,13,False,1.4633026123046875,,
final,535,cf_14047,latent,mismatched,14,False,1.2547426223754883,,
final,535,cf_14047,latent,mismatched,15,False,1.1853303909301758,,
final,535,cf_14047,latent,mismatched,16,False,0.9382333755493164,,
final,535,cf_14047,latent,mismatched,17,False,0.42674827575683594,,
final,535,cf_14047,latent,mismatched,18,False,-0.12197494506835938,,
final,535,cf_14047,latent,mismatched,19,False,-0.5593509674072266,,
final,535,cf_14047,latent,mismatched,20,False,-0.8796625137329102,,
final,535,cf_14047,latent,mismatched,21,False,-0.9723052978515625,,
final,535,cf_14047,latent,mismatched,22,False,-1.206345558166504,,
final,535,cf_14047,latent,mismatched,23,False,-1.1668767929077148,,
final,535,cf_14047,latent,mismatched,24,False,-1.3826055526733398,,
final,535,cf_14047,latent,mismatched,-1,False,,,0.0
final,535,cf_11926,latent,mismatched,0,False,3.3567733764648438,,
final,535,cf_11926,latent,mismatched,1,False,-0.7483949661254883,,
final,535,cf_11926,latent,mismatched,2,False,-0.907099723815918,,
final,535,cf_11926,latent,mismatched,3,False,-0.9453086853027344,,
final,535,cf_11926,latent,mismatched,4,False,-0.6701393127441406,,
final,535,cf_11926,latent,mismatched,5,False,-0.6623992919921875,,
final,535,cf_11926,latent,mismatched,6,False,-0.4091310501098633,,
final,535,cf_11926,latent,mismatched,7,False,-0.3883047103881836,,
final,535,cf_11926,latent,mismatched,8,False,-0.3458251953125,,
final,535,cf_11926,latent,mismatched,9,False,-0.2881350517272949,,
final,535,cf_11926,latent,mismatched,10,False,-0.476381778717041,,
final,535,cf_11926,latent,mismatched,11,False,-0.7717337608337402,,
final,535,cf_11926,latent,mismatched,12,False,-1.2806344032287598,,
final,535,cf_11926,latent,mismatched,13,False,-1.1613142490386963,,
final,535,cf_11926,latent,mismatched,14,False,-0.996323823928833,,
final,535,cf_11926,latent,mismatched,15,False,-1.047650933265686,,
final,535,cf_11926,latent,mismatched,16,False,-1.7753381729125977,,
final,535,cf_11926,latent,mismatched,17,False,-1.0523040294647217,,
final,535,cf_11926,latent,mismatched,18,False,-0.7981307506561279,,
final,535,cf_11926,latent,mismatched,19,False,-0.8842641115188599,,
final,535,cf_11926,latent,mismatched,20,False,-0.7848934531211853,,
final,535,cf_11926,latent,mismatched,21,False,-0.33795803785324097,,
final,535,cf_11926,latent,mismatched,22,False,-1.0335335731506348,,
final,535,cf_11926,latent,mismatched,23,False,-1.876643180847168,,
final,535,cf_11926,latent,mismatched,24,False,-2.7016406059265137,,
final,535,cf_11926,latent,mismatched,-1,False,,,0.0
final,535,cf_4238,latent,mismatched,0,False,4.513235092163086,,
final,535,cf_4238,latent,mismatched,1,False,-1.5129013061523438,,
final,535,cf_4238,latent,mismatched,2,False,-1.2729008197784424,,
final,535,cf_4238,latent,mismatched,3,False,-1.2945165634155273,,
final,535,cf_4238,latent,mismatched,4,False,-1.4101414680480957,,
final,535,cf_4238,latent,mismatched,5,False,-1.3303935527801514,,
final,535,cf_4238,latent,mismatched,6,False,-1.3803246021270752,,
final,535,cf_4238,latent,mismatched,7,False,-1.385540246963501,,
final,535,cf_4238,latent,mismatched,8,False,-1.4080586433410645,,
final,535,cf_4238,latent,mismatched,9,False,-1.3108878135681152,,
final,535,cf_4238,latent,mismatched,10,False,-1.607997179031372,,
final,535,cf_4238,latent,mismatched,11,False,-1.702538013458252,,
final,535,cf_4238,latent,mismatched,12,False,-1.820251703262329,,
final,535,cf_4238,latent,mismatched,13,False,-1.7642555236816406,,
final,535,cf_4238,latent,mismatched,14,False,-1.8272747993469238,,
final,535,cf_4238,latent,mismatched,15,False,-1.5293216705322266,,
final,535,cf_4238,latent,mismatched,16,False,-1.5499447584152222,,
final,535,cf_4238,latent,mismatched,17,False,-1.9019877910614014,,
final,535,cf_4238,latent,mismatched,18,False,-1.931200385093689,,
final,535,cf_4238,latent,mismatched,19,False,-1.4746384620666504,,
final,535,cf_4238,latent,mismatched,20,False,-0.8108887672424316,,
final,535,cf_4238,latent,mismatched,21,False,-0.8589476943016052,,
final,535,cf_4238,latent,mismatched,22,False,-1.329359769821167,,
final,535,cf_4238,latent,mismatched,23,False,-0.7428800463676453,,
final,535,cf_4238,latent,mismatched,24,False,-0.9970716834068298,,
final,535,cf_4238,latent,mismatched,-1,False,,,0.0
final,535,cf_7153,latent,mismatched,0,False,3.244631767272949,,
final,535,cf_7153,latent,mismatched,1,False,3.7120449542999268,,
final,535,cf_7153,latent,mismatched,2,False,3.9415080547332764,,
final,535,cf_7153,latent,mismatched,3,False,3.7469847202301025,,
final,535,cf_7153,latent,mismatched,4,False,3.980229616165161,,
final,535,cf_7153,latent,mismatched,5,False,4.022004127502441,,
final,535,cf_7153,latent,mismatched,6,False,4.028491020202637,,
final,535,cf_7153,latent,mismatched,7,False,4.1080451011657715,,
final,535,cf_7153,latent,mismatched,8,False,4.026909828186035,,
final,535,cf_7153,latent,mismatched,9,False,4.162066459655762,,
final,535,cf_7153,latent,mismatched,10,False,4.212578296661377,,
final,535,cf_7153,latent,mismatched,11,False,4.426988124847412,,
final,535,cf_7153,latent,mismatched,12,False,4.748518943786621,,
final,535,cf_7153,latent,mismatched,13,False,4.76536750793457,,
final,535,cf_7153,latent,mismatched,14,False,4.937326908111572,,
final,535,cf_7153,latent,mismatched,15,False,4.835493087768555,,
final,535,cf_7153,latent,mismatched,16,False,4.845619201660156,,
final,535,cf_7153,latent,mismatched,17,False,3.8676984310150146,,
final,535,cf_7153,latent,mismatched,18,False,3.703733205795288,,
final,535,cf_7153,latent,mismatched,19,False,3.158214569091797,,
final,535,cf_7153,latent,mismatched,20,False,3.2295186519622803,,
final,535,cf_7153,latent,mismatched,21,False,3.5617051124572754,,
final,535,cf_7153,latent,mismatched,22,False,3.847904920578003,,
final,535,cf_7153,latent,mismatched,23,False,2.8816604614257812,,
final,535,cf_7153,latent,mismatched,24,False,2.1622350215911865,,
final,535,cf_7153,latent,mismatched,-1,False,,,0.0
final,535,cf_11430,latent,mismatched,0,False,-0.5668869018554688,,
final,535,cf_11430,latent,mismatched,1,False,1.8797011375427246,,
final,535,cf_11430,latent,mismatched,2,False,1.6074180603027344,,
final,535,cf_11430,latent,mismatched,3,False,1.9994401931762695,,
final,535,cf_11430,latent,mismatched,4,False,2.0791726112365723,,
final,535,cf_11430,latent,mismatched,5,False,2.2770228385925293,,
final,535,cf_11430,latent,mismatched,6,False,2.6071057319641113,,
final,535,cf_11430,latent,mismatched,7,False,2.857847213745117,,
final,535,cf_11430,latent,mismatched,8,False,3.183028221130371,,
final,535,cf_11430,latent,mismatched,9,False,3.272082805633545,,
final,535,cf_11430,latent,mismatched,10,False,3.2945735454559326,,
final,535,cf_11430,latent,mismatched,11,False,3.360898971557617,,
final,535,cf_11430,latent,mismatched,12,False,3.5698513984680176,,
final,535,cf_11430,latent,mismatched,13,False,3.669321060180664,,
final,535,cf_11430,latent,mismatched,14,False,3.509488105773926,,
final,535,cf_11430,latent,mismatched,15,False,3.4437601566314697,,
final,535,cf_11430,latent,mismatched,16,False,3.2188165187835693,,
final,535,cf_11430,latent,mismatched,17,False,3.0861728191375732,,
final,535,cf_11430,latent,mismatched,18,False,2.741525173187256,,
final,535,cf_11430,latent,mismatched,19,False,2.688584089279175,,
final,535,cf_11430,latent,mismatched,20,False,1.7449994087219238,,
final,535,cf_11430,latent,mismatched,21,False,0.539614200592041,,
final,535,cf_11430,latent,mismatched,22,False,0.48031044006347656,,
final,535,cf_11430,latent,mismatched,23,False,0.5314860343933105,,
final,535,cf_11430,latent,mismatched,24,False,0.4425926208496094,,
final,535,cf_11430,latent,mismatched,-1,False,,,1.0
final,535,cf_4876,latent,mismatched,0,False,5.985894203186035,,
final,535,cf_4876,latent,mismatched,1,False,3.8531155586242676,,
final,535,cf_4876,latent,mismatched,2,False,4.014239311218262,,
final,535,cf_4876,latent,mismatched,3,False,4.101346969604492,,
final,535,cf_4876,latent,mismatched,4,False,4.13264799118042,,
final,535,cf_4876,latent,mismatched,5,False,4.171286106109619,,
final,535,cf_4876,latent,mismatched,6,False,3.8360390663146973,,
final,535,cf_4876,latent,mismatched,7,False,3.773944854736328,,
final,535,cf_4876,latent,mismatched,8,False,4.031957149505615,,
final,535,cf_4876,latent,mismatched,9,False,4.652345657348633,,
final,535,cf_4876,latent,mismatched,10,False,4.687065124511719,,
final,535,cf_4876,latent,mismatched,11,False,4.727729320526123,,
final,535,cf_4876,latent,mismatched,12,False,5.232814311981201,,
final,535,cf_4876,latent,mismatched,13,False,5.494853496551514,,
final,535,cf_4876,latent,mismatched,14,False,5.435655117034912,,
final,535,cf_4876,latent,mismatched,15,False,6.043560028076172,,
final,535,cf_4876,latent,mismatched,16,False,6.0276408195495605,,
final,535,cf_4876,latent,mismatched,17,False,5.560722351074219,,
final,535,cf_4876,latent,mismatched,18,False,5.190013885498047,,
final,535,cf_4876,latent,mismatched,19,False,5.595982074737549,,
final,535,cf_4876,latent,mismatched,20,False,6.855317115783691,,
final,535,cf_4876,latent,mismatched,21,False,8.148904800415039,,
final,535,cf_4876,latent,mismatched,22,False,8.479753494262695,,
final,535,cf_4876,latent,mismatched,23,False,9.00236988067627,,
final,535,cf_4876,latent,mismatched,24,False,8.611116409301758,,
final,535,cf_4876,latent,mismatched,-1,False,,,0.0
final,535,cf_11396,latent,mismatched,0,False,5.224579811096191,,
final,535,cf_11396,latent,mismatched,1,False,4.718020915985107,,
final,535,cf_11396,latent,mismatched,2,False,4.96319580078125,,
final,535,cf_11396,latent,mismatched,3,False,4.614263534545898,,
final,535,cf_11396,latent,mismatched,4,False,4.295612335205078,,
final,535,cf_11396,latent,mismatched,5,False,4.111568450927734,,
final,535,cf_11396,latent,mismatched,6,False,3.581155776977539,,
final,535,cf_11396,latent,mismatched,7,False,3.871854305267334,,
final,535,cf_11396,latent,mismatched,8,False,3.4167580604553223,,
final,535,cf_11396,latent,mismatched,9,False,3.349316120147705,,
final,535,cf_11396,latent,mismatched,10,False,3.7331290245056152,,
final,535,cf_11396,latent,mismatched,11,False,4.330954551696777,,
final,535,cf_11396,latent,mismatched,12,False,4.71181583404541,,
final,535,cf_11396,latent,mismatched,13,False,4.595647811889648,,
final,535,cf_11396,latent,mismatched,14,False,4.799487113952637,,
final,535,cf_11396,latent,mismatched,15,False,4.7863240242004395,,
final,535,cf_11396,latent,mismatched,16,False,5.580432415008545,,
final,535,cf_11396,latent,mismatched,17,False,5.888454914093018,,
final,535,cf_11396,latent,mismatched,18,False,6.180525302886963,,
final,535,cf_11396,latent,mismatched,19,False,6.744171619415283,,
final,535,cf_11396,latent,mismatched,20,False,6.794878005981445,,
final,535,cf_11396,latent,mismatched,21,False,5.361307144165039,,
final,535,cf_11396,latent,mismatched,22,False,4.577820777893066,,
final,535,cf_11396,latent,mismatched,23,False,3.270965576171875,,
final,535,cf_11396,latent,mismatched,24,False,2.803062915802002,,
final,535,cf_11396,latent,mismatched,-1,False,,,0.0
final,535,cf_17740,latent,mismatched,0,False,2.2520923614501953,,
final,535,cf_17740,latent,mismatched,1,False,-0.10832977294921875,,
final,535,cf_17740,latent,mismatched,2,False,-0.1483922004699707,,
final,535,cf_17740,latent,mismatched,3,False,-0.10137319564819336,,
final,535,cf_17740,latent,mismatched,4,False,-0.0949101448059082,,
final,535,cf_17740,latent,mismatched,5,False,-0.11076831817626953,,
final,535,cf_17740,latent,mismatched,6,False,-0.12670516967773438,,
final,535,cf_17740,latent,mismatched,7,False,-0.17061758041381836,,
final,535,cf_17740,latent,mismatched,8,False,-0.2853717803955078,,
final,535,cf_17740,latent,mismatched,9,False,-0.364227294921875,,
final,535,cf_17740,latent,mismatched,10,False,-0.5560088157653809,,
final,535,cf_17740,latent,mismatched,11,False,-0.7019548416137695,,
final,535,cf_17740,latent,mismatched,12,False,-0.7297515869140625,,
final,535,cf_17740,latent,mismatched,13,False,-0.7572088241577148,,
final,535,cf_17740,latent,mismatched,14,False,-0.6873288154602051,,
final,535,cf_17740,latent,mismatched,15,False,-0.35348081588745117,,
final,535,cf_17740,latent,mismatched,16,False,0.26937103271484375,,
final,535,cf_17740,latent,mismatched,17,False,0.23526716232299805,,
final,535,cf_17740,latent,mismatched,18,False,0.465423583984375,,
final,535,cf_17740,latent,mismatched,19,False,1.1969990730285645,,
final,535,cf_17740,latent,mismatched,20,False,0.9603018760681152,,
final,535,cf_17740,latent,mismatched,21,False,1.0532689094543457,,
final,535,cf_17740,latent,mismatched,22,False,0.6981978416442871,,
final,535,cf_17740,latent,mismatched,23,False,1.3255982398986816,,
final,535,cf_17740,latent,mismatched,24,False,1.4348249435424805,,
final,535,cf_17740,latent,mismatched,-1,False,,,0.0
final,535,cf_1835,latent,mismatched,0,False,4.393550872802734,,
final,535,cf_1835,latent,mismatched,1,False,2.064785957336426,,
final,535,cf_1835,latent,mismatched,2,False,2.311847686767578,,
final,535,cf_1835,latent,mismatched,3,False,2.297024726867676,,
final,535,cf_1835,latent,mismatched,4,False,2.505803108215332,,
final,535,cf_1835,latent,mismatched,5,False,2.401576042175293,,
final,535,cf_1835,latent,mismatched,6,False,2.176102638244629,,
final,535,cf_1835,latent,mismatched,7,False,2.031902313232422,,
final,535,cf_1835,latent,mismatched,8,False,2.1313114166259766,,
final,535,cf_1835,latent,mismatched,9,False,1.9515485763549805,,
final,535,cf_1835,latent,mismatched,10,False,2.1084041595458984,,
final,535,cf_1835,latent,mismatched,11,False,2.0754899978637695,,
final,535,cf_1835,latent,mismatched,12,False,2.478632926940918,,
final,535,cf_1835,latent,mismatched,13,False,2.524839401245117,,
final,535,cf_1835,latent,mismatched,14,False,2.577205181121826,,
final,535,cf_1835,latent,mismatched,15,False,3.045742988586426,,
final,535,cf_1835,latent,mismatched,16,False,3.127030849456787,,
final,535,cf_1835,latent,mismatched,17,False,4.422319412231445,,
final,535,cf_1835,latent,mismatched,18,False,4.220865249633789,,
final,535,cf_1835,latent,mismatched,19,False,5.239337921142578,,
final,535,cf_1835,latent,mismatched,20,False,4.613524913787842,,
final,535,cf_1835,latent,mismatched,21,False,4.047375679016113,,
final,535,cf_1835,latent,mismatched,22,False,3.9924421310424805,,
final,535,cf_1835,latent,mismatched,23,False,3.6170363426208496,,
final,535,cf_1835,latent,mismatched,24,False,1.9952712059020996,,
final,535,cf_1835,latent,mismatched,-1,False,,,0.0
final,535,cf_18759,latent,self,0,False,3.6218137741088867,,
final,535,cf_18759,latent,self,1,False,3.6218137741088867,,
final,535,cf_18759,latent,self,2,False,3.6218137741088867,,
final,535,cf_18759,latent,self,3,False,3.6218137741088867,,
final,535,cf_18759,latent,self,4,False,3.6218137741088867,,
final,535,cf_18759,latent,self,5,False,3.6218137741088867,,
final,535,cf_18759,latent,self,6,False,3.6218137741088867,,
final,535,cf_18759,latent,self,7,False,3.6218137741088867,,
final,535,cf_18759,latent,self,8,False,3.6218137741088867,,
final,535,cf_18759,latent,self,9,False,3.6218137741088867,,
final,535,cf_18759,latent,self,10,False,3.6218137741088867,,
final,535,cf_18759,latent,self,11,False,3.6218137741088867,,
final,535,cf_18759,latent,self,12,False,3.6218137741088867,,
final,535,cf_18759,latent,self,13,False,3.6218137741088867,,
final,535,cf_18759,latent,self,14,False,3.6218137741088867,,
final,535,cf_18759,latent,self,15,False,3.6218137741088867,,
final,535,cf_18759,latent,self,16,False,3.6218137741088867,,
final,535,cf_18759,latent,self,17,False,3.6218137741088867,,
final,535,cf_18759,latent,self,18,False,3.6218137741088867,,
final,535,cf_18759,latent,self,19,False,3.6218137741088867,,
final,535,cf_18759,latent,self,20,False,3.6218137741088867,,
final,535,cf_18759,latent,self,21,False,3.6218137741088867,,
final,535,cf_18759,latent,self,22,False,3.6218137741088867,,
final,535,cf_18759,latent,self,23,False,3.6218137741088867,,
final,535,cf_18759,latent,self,24,False,3.727720260620117,,
final,535,cf_18759,latent,self,-1,False,,,0.0
final,535,cf_14545,latent,self,0,False,9.415203094482422,,
final,535,cf_14545,latent,self,1,False,9.415203094482422,,
final,535,cf_14545,latent,self,2,False,9.415203094482422,,
final,535,cf_14545,latent,self,3,False,9.415203094482422,,
final,535,cf_14545,latent,self,4,False,9.415203094482422,,
final,535,cf_14545,latent,self,5,False,9.415203094482422,,
final,535,cf_14545,latent,self,6,False,9.415203094482422,,
final,535,cf_14545,latent,self,7,False,9.415203094482422,,
final,535,cf_14545,latent,self,8,False,9.415203094482422,,
final,535,cf_14545,latent,self,9,False,9.415203094482422,,
final,535,cf_14545,latent,self,10,False,9.415203094482422,,
final,535,cf_14545,latent,self,11,False,9.415203094482422,,
final,535,cf_14545,latent,self,12,False,9.415203094482422,,
final,535,cf_14545,latent,self,13,False,9.415203094482422,,
final,535,cf_14545,latent,self,14,False,9.415203094482422,,
final,535,cf_14545,latent,self,15,False,9.415203094482422,,
final,535,cf_14545,latent,self,16,False,9.415203094482422,,
final,535,cf_14545,latent,self,17,False,9.415203094482422,,
final,535,cf_14545,latent,self,18,False,9.415203094482422,,
final,535,cf_14545,latent,self,19,False,9.415203094482422,,
final,535,cf_14545,latent,self,20,False,9.415203094482422,,
final,535,cf_14545,latent,self,21,False,9.415203094482422,,
final,535,cf_14545,latent,self,22,False,9.415203094482422,,
final,535,cf_14545,latent,self,23,False,9.415203094482422,,
final,535,cf_14545,latent,self,24,False,9.328502655029297,,
final,535,cf_14545,latent,self,-1,False,,,0.0
final,535,cf_6380,latent,self,0,False,5.49558162689209,,
final,535,cf_6380,latent,self,1,False,5.49558162689209,,
final,535,cf_6380,latent,self,2,False,5.49558162689209,,
final,535,cf_6380,latent,self,3,False,5.49558162689209,,
final,535,cf_6380,latent,self,4,False,5.49558162689209,,
final,535,cf_6380,latent,self,5,False,5.49558162689209,,
final,535,cf_6380,latent,self,6,False,5.49558162689209,,
final,535,cf_6380,latent,self,7,False,5.49558162689209,,
final,535,cf_6380,latent,self,8,False,5.49558162689209,,
final,535,cf_6380,latent,self,9,False,5.49558162689209,,
final,535,cf_6380,latent,self,10,False,5.49558162689209,,
final,535,cf_6380,latent,self,11,False,5.49558162689209,,
final,535,cf_6380,latent,self,12,False,5.49558162689209,,
final,535,cf_6380,latent,self,13,False,5.49558162689209,,
final,535,cf_6380,latent,self,14,False,5.49558162689209,,
final,535,cf_6380,latent,self,15,False,5.49558162689209,,
final,535,cf_6380,latent,self,16,False,5.49558162689209,,
final,535,cf_6380,latent,self,17,False,5.49558162689209,,
final,535,cf_6380,latent,self,18,False,5.49558162689209,,
final,535,cf_6380,latent,self,19,False,5.49558162689209,,
final,535,cf_6380,latent,self,20,False,5.49558162689209,,
final,535,cf_6380,latent,self,21,False,5.49558162689209,,
final,535,cf_6380,latent,self,22,False,5.49558162689209,,
final,535,cf_6380,latent,self,23,False,5.49558162689209,,
final,535,cf_6380,latent,self,24,False,6.052428245544434,,
final,535,cf_6380,latent,self,-1,False,,,0.0
final,535,cf_12840,latent,self,0,False,10.585196495056152,,
final,535,cf_12840,latent,self,1,False,10.585196495056152,,
final,535,cf_12840,latent,self,2,False,10.585196495056152,,
final,535,cf_12840,latent,self,3,False,10.585196495056152,,
final,535,cf_12840,latent,self,4,False,10.585196495056152,,
final,535,cf_12840,latent,self,5,False,10.585196495056152,,
final,535,cf_12840,latent,self,6,False,10.585196495056152,,
final,535,cf_12840,latent,self,7,False,10.585196495056152,,
final,535,cf_12840,latent,self,8,False,10.585196495056152,,
final,535,cf_12840,latent,self,9,False,10.585196495056152,,
final,535,cf_12840,latent,self,10,False,10.585196495056152,,
final,535,cf_12840,latent,self,11,False,10.585196495056152,,
final,535,cf_12840,latent,self,12,False,10.585196495056152,,
final,535,cf_12840,latent,self,13,False,10.585196495056152,,
final,535,cf_12840,latent,self,14,False,10.585196495056152,,
final,535,cf_12840,latent,self,15,False,10.585196495056152,,
final,535,cf_12840,latent,self,16,False,10.585196495056152,,
final,535,cf_12840,latent,self,17,False,10.585196495056152,,
final,535,cf_12840,latent,self,18,False,10.585196495056152,,
final,535,cf_12840,latent,self,19,False,10.585196495056152,,
final,535,cf_12840,latent,self,20,False,10.585196495056152,,
final,535,cf_12840,latent,self,21,False,10.585196495056152,,
final,535,cf_12840,latent,self,22,False,10.585196495056152,,
final,535,cf_12840,latent,self,23,False,10.585196495056152,,
final,535,cf_12840,latent,self,24,False,11.00600528717041,,
final,535,cf_12840,latent,self,-1,False,,,0.0
final,535,cf_11772,latent,self,0,False,6.972648620605469,,
final,535,cf_11772,latent,self,1,False,6.972648620605469,,
final,535,cf_11772,latent,self,2,False,6.972648620605469,,
final,535,cf_11772,latent,self,3,False,6.972648620605469,,
final,535,cf_11772,latent,self,4,False,6.972648620605469,,
final,535,cf_11772,latent,self,5,False,6.972648620605469,,
final,535,cf_11772,latent,self,6,False,6.972648620605469,,
final,535,cf_11772,latent,self,7,False,6.972648620605469,,
final,535,cf_11772,latent,self,8,False,6.972648620605469,,
final,535,cf_11772,latent,self,9,False,6.972648620605469,,
final,535,cf_11772,latent,self,10,False,6.972648620605469,,
final,535,cf_11772,latent,self,11,False,6.972648620605469,,
final,535,cf_11772,latent,self,12,False,6.972648620605469,,
final,535,cf_11772,latent,self,13,False,6.972648620605469,,
final,535,cf_11772,latent,self,14,False,6.972648620605469,,
final,535,cf_11772,latent,self,15,False,6.972648620605469,,
final,535,cf_11772,latent,self,16,False,6.972648620605469,,
final,535,cf_11772,latent,self,17,False,6.972648620605469,,
final,535,cf_11772,latent,self,18,False,6.972648620605469,,
final,535,cf_11772,latent,self,19,False,6.972648620605469,,
final,535,cf_11772,latent,self,20,False,6.972648620605469,,
final,535,cf_11772,latent,self,21,False,6.972648620605469,,
final,535,cf_11772,latent,self,22,False,6.972648620605469,,
final,535,cf_11772,latent,self,23,False,6.972648620605469,,
final,535,cf_11772,latent,self,24,False,6.783639907836914,,
final,535,cf_11772,latent,self,-1,False,,,0.0
final,535,cf_16535,latent,self,0,False,8.106746673583984,,
final,535,cf_16535,latent,self,1,False,8.106746673583984,,
final,535,cf_16535,latent,self,2,False,8.106746673583984,,
final,535,cf_16535,latent,self,3,False,8.106746673583984,,
final,535,cf_16535,latent,self,4,False,8.106746673583984,,
final,535,cf_16535,latent,self,5,False,8.106746673583984,,
final,535,cf_16535,latent,self,6,False,8.106746673583984,,
final,535,cf_16535,latent,self,7,False,8.106746673583984,,
final,535,cf_16535,latent,self,8,False,8.106746673583984,,
final,535,cf_16535,latent,self,9,False,8.106746673583984,,
final,535,cf_16535,latent,self,10,False,8.106746673583984,,
final,535,cf_16535,latent,self,11,False,8.106746673583984,,
final,535,cf_16535,latent,self,12,False,8.106746673583984,,
final,535,cf_16535,latent,self,13,False,8.106746673583984,,
final,535,cf_16535,latent,self,14,False,8.106746673583984,,
final,535,cf_16535,latent,self,15,False,8.106746673583984,,
final,535,cf_16535,latent,self,16,False,8.106746673583984,,
final,535,cf_16535,latent,self,17,False,8.106746673583984,,
final,535,cf_16535,latent,self,18,False,8.106746673583984,,
final,535,cf_16535,latent,self,19,False,8.106746673583984,,
final,535,cf_16535,latent,self,20,False,8.106746673583984,,
final,535,cf_16535,latent,self,21,False,8.106746673583984,,
final,535,cf_16535,latent,self,22,False,8.106746673583984,,
final,535,cf_16535,latent,self,23,False,8.106746673583984,,
final,535,cf_16535,latent,self,24,False,8.523154258728027,,
final,535,cf_16535,latent,self,-1,False,,,0.0
final,535,cf_16506,latent,self,0,False,0.10790061950683594,,
final,535,cf_16506,latent,self,1,False,0.10790061950683594,,
final,535,cf_16506,latent,self,2,False,0.10790061950683594,,
final,535,cf_16506,latent,self,3,False,0.10790061950683594,,
final,535,cf_16506,latent,self,4,False,0.10790061950683594,,
final,535,cf_16506,latent,self,5,False,0.10790061950683594,,
final,535,cf_16506,latent,self,6,False,0.10790061950683594,,
final,535,cf_16506,latent,self,7,False,0.10790061950683594,,
final,535,cf_16506,latent,self,8,False,0.10790061950683594,,
final,535,cf_16506,latent,self,9,False,0.10790061950683594,,
final,535,cf_16506,latent,self,10,False,0.10790061950683594,,
final,535,cf_16506,latent,self,11,False,0.10790061950683594,,
final,535,cf_16506,latent,self,12,False,0.10790061950683594,,
final,535,cf_16506,latent,self,13,False,0.10790061950683594,,
final,535,cf_16506,latent,self,14,False,0.10790061950683594,,
final,535,cf_16506,latent,self,15,False,0.10790061950683594,,
final,535,cf_16506,latent,self,16,False,0.10790061950683594,,
final,535,cf_16506,latent,self,17,False,0.10790061950683594,,
final,535,cf_16506,latent,self,18,False,0.10790061950683594,,
final,535,cf_16506,latent,self,19,False,0.10790061950683594,,
final,535,cf_16506,latent,self,20,False,0.10790061950683594,,
final,535,cf_16506,latent,self,21,False,0.10790061950683594,,
final,535,cf_16506,latent,self,22,False,0.10790061950683594,,
final,535,cf_16506,latent,self,23,False,0.10790061950683594,,
final,535,cf_16506,latent,self,24,False,-0.00310516357421875,,
final,535,cf_16506,latent,self,-1,False,,,0.0
final,535,cf_4585,latent,self,0,False,-2.236581802368164,,
final,535,cf_4585,latent,self,1,False,-2.236581802368164,,
final,535,cf_4585,latent,self,2,False,-2.236581802368164,,
final,535,cf_4585,latent,self,3,False,-2.236581802368164,,
final,535,cf_4585,latent,self,4,False,-2.236581802368164,,
final,535,cf_4585,latent,self,5,False,-2.236581802368164,,
final,535,cf_4585,latent,self,6,False,-2.236581802368164,,
final,535,cf_4585,latent,self,7,False,-2.236581802368164,,
final,535,cf_4585,latent,self,8,False,-2.236581802368164,,
final,535,cf_4585,latent,self,9,False,-2.236581802368164,,
final,535,cf_4585,latent,self,10,False,-2.236581802368164,,
final,535,cf_4585,latent,self,11,False,-2.236581802368164,,
final,535,cf_4585,latent,self,12,False,-2.236581802368164,,
final,535,cf_4585,latent,self,13,False,-2.236581802368164,,
final,535,cf_4585,latent,self,14,False,-2.236581802368164,,
final,535,cf_4585,latent,self,15,False,-2.236581802368164,,
final,535,cf_4585,latent,self,16,False,-2.236581802368164,,
final,535,cf_4585,latent,self,17,False,-2.236581802368164,,
final,535,cf_4585,latent,self,18,False,-2.236581802368164,,
final,535,cf_4585,latent,self,19,False,-2.236581802368164,,
final,535,cf_4585,latent,self,20,False,-2.236581802368164,,
final,535,cf_4585,latent,self,21,False,-2.236581802368164,,
final,535,cf_4585,latent,self,22,False,-2.236581802368164,,
final,535,cf_4585,latent,self,23,False,-2.236581802368164,,
final,535,cf_4585,latent,self,24,False,-2.8946895599365234,,
final,535,cf_4585,latent,self,-1,False,,,
final,535,cf_8907,latent,self,0,False,-1.6327781677246094,,
final,535,cf_8907,latent,self,1,False,-1.6327781677246094,,
final,535,cf_8907,latent,self,2,False,-1.6327781677246094,,
final,535,cf_8907,latent,self,3,False,-1.6327781677246094,,
final,535,cf_8907,latent,self,4,False,-1.6327781677246094,,
final,535,cf_8907,latent,self,5,False,-1.6327781677246094,,
final,535,cf_8907,latent,self,6,False,-1.6327781677246094,,
final,535,cf_8907,latent,self,7,False,-1.6327781677246094,,
final,535,cf_8907,latent,self,8,False,-1.6327781677246094,,
final,535,cf_8907,latent,self,9,False,-1.6327781677246094,,
final,535,cf_8907,latent,self,10,False,-1.6327781677246094,,
final,535,cf_8907,latent,self,11,False,-1.6327781677246094,,
final,535,cf_8907,latent,self,12,False,-1.6327781677246094,,
final,535,cf_8907,latent,self,13,False,-1.6327781677246094,,
final,535,cf_8907,latent,self,14,False,-1.6327781677246094,,
final,535,cf_8907,latent,self,15,False,-1.6327781677246094,,
final,535,cf_8907,latent,self,16,False,-1.6327781677246094,,
final,535,cf_8907,latent,self,17,False,-1.6327781677246094,,
final,535,cf_8907,latent,self,18,False,-1.6327781677246094,,
final,535,cf_8907,latent,self,19,False,-1.6327781677246094,,
final,535,cf_8907,latent,self,20,False,-1.6327781677246094,,
final,535,cf_8907,latent,self,21,False,-1.6327781677246094,,
final,535,cf_8907,latent,self,22,False,-1.6327781677246094,,
final,535,cf_8907,latent,self,23,False,-1.6327781677246094,,
final,535,cf_8907,latent,self,24,False,-2.412477493286133,,
final,535,cf_8907,latent,self,-1,False,,,
final,535,cf_16975,latent,self,0,False,1.1831493377685547,,
final,535,cf_16975,latent,self,1,False,1.1831493377685547,,
final,535,cf_16975,latent,self,2,False,1.1831493377685547,,
final,535,cf_16975,latent,self,3,False,1.1831493377685547,,
final,535,cf_16975,latent,self,4,False,1.1831493377685547,,
final,535,cf_16975,latent,self,5,False,1.1831493377685547,,
final,535,cf_16975,latent,self,6,False,1.1831493377685547,,
final,535,cf_16975,latent,self,7,False,1.1831493377685547,,
final,535,cf_16975,latent,self,8,False,1.1831493377685547,,
final,535,cf_16975,latent,self,9,False,1.1831493377685547,,
final,535,cf_16975,latent,self,10,False,1.1831493377685547,,
final,535,cf_16975,latent,self,11,False,1.1831493377685547,,
final,535,cf_16975,latent,self,12,False,1.1831493377685547,,
final,535,cf_16975,latent,self,13,False,1.1831493377685547,,
final,535,cf_16975,latent,self,14,False,1.1831493377685547,,
final,535,cf_16975,latent,self,15,False,1.1831493377685547,,
final,535,cf_16975,latent,self,16,False,1.1831493377685547,,
final,535,cf_16975,latent,self,17,False,1.1831493377685547,,
final,535,cf_16975,latent,self,18,False,1.1831493377685547,,
final,535,cf_16975,latent,self,19,False,1.1831493377685547,,
final,535,cf_16975,latent,self,20,False,1.1831493377685547,,
final,535,cf_16975,latent,self,21,False,1.1831493377685547,,
final,535,cf_16975,latent,self,22,False,1.1831493377685547,,
final,535,cf_16975,latent,self,23,False,1.1831493377685547,,
final,535,cf_16975,latent,self,24,False,0.7648696899414062,,
final,535,cf_16975,latent,self,-1,False,,,0.0
final,535,cf_19571,latent,self,0,False,4.003884315490723,,
final,535,cf_19571,latent,self,1,False,4.003884315490723,,
final,535,cf_19571,latent,self,2,False,4.003884315490723,,
final,535,cf_19571,latent,self,3,False,4.003884315490723,,
final,535,cf_19571,latent,self,4,False,4.003884315490723,,
final,535,cf_19571,latent,self,5,False,4.003884315490723,,
final,535,cf_19571,latent,self,6,False,4.003884315490723,,
final,535,cf_19571,latent,self,7,False,4.003884315490723,,
final,535,cf_19571,latent,self,8,False,4.003884315490723,,
final,535,cf_19571,latent,self,9,False,4.003884315490723,,
final,535,cf_19571,latent,self,10,False,4.003884315490723,,
final,535,cf_19571,latent,self,11,False,4.003884315490723,,
final,535,cf_19571,latent,self,12,False,4.003884315490723,,
final,535,cf_19571,latent,self,13,False,4.003884315490723,,
final,535,cf_19571,latent,self,14,False,4.003884315490723,,
final,535,cf_19571,latent,self,15,False,4.003884315490723,,
final,535,cf_19571,latent,self,16,False,4.003884315490723,,
final,535,cf_19571,latent,self,17,False,4.003884315490723,,
final,535,cf_19571,latent,self,18,False,4.003884315490723,,
final,535,cf_19571,latent,self,19,False,4.003884315490723,,
final,535,cf_19571,latent,self,20,False,4.003884315490723,,
final,535,cf_19571,latent,self,21,False,4.003884315490723,,
final,535,cf_19571,latent,self,22,False,4.003884315490723,,
final,535,cf_19571,latent,self,23,False,4.003884315490723,,
final,535,cf_19571,latent,self,24,False,3.962582588195801,,
final,535,cf_19571,latent,self,-1,False,,,0.0
final,535,cf_14381,latent,self,0,False,9.3555269241333,,
final,535,cf_14381,latent,self,1,False,9.3555269241333,,
final,535,cf_14381,latent,self,2,False,9.3555269241333,,
final,535,cf_14381,latent,self,3,False,9.3555269241333,,
final,535,cf_14381,latent,self,4,False,9.3555269241333,,
final,535,cf_14381,latent,self,5,False,9.3555269241333,,
final,535,cf_14381,latent,self,6,False,9.3555269241333,,
final,535,cf_14381,latent,self,7,False,9.3555269241333,,
final,535,cf_14381,latent,self,8,False,9.3555269241333,,
final,535,cf_14381,latent,self,9,False,9.3555269241333,,
final,535,cf_14381,latent,self,10,False,9.3555269241333,,
final,535,cf_14381,latent,self,11,False,9.3555269241333,,
final,535,cf_14381,latent,self,12,False,9.3555269241333,,
final,535,cf_14381,latent,self,13,False,9.3555269241333,,
final,535,cf_14381,latent,self,14,False,9.3555269241333,,
final,535,cf_14381,latent,self,15,False,9.3555269241333,,
final,535,cf_14381,latent,self,16,False,9.3555269241333,,
final,535,cf_14381,latent,self,17,False,9.3555269241333,,
final,535,cf_14381,latent,self,18,False,9.3555269241333,,
final,535,cf_14381,latent,self,19,False,9.3555269241333,,
final,535,cf_14381,latent,self,20,False,9.3555269241333,,
final,535,cf_14381,latent,self,21,False,9.3555269241333,,
final,535,cf_14381,latent,self,22,False,9.3555269241333,,
final,535,cf_14381,latent,self,23,False,9.3555269241333,,
final,535,cf_14381,latent,self,24,False,9.21946907043457,,
final,535,cf_14381,latent,self,-1,False,,,0.0
final,535,cf_14053,latent,self,0,False,2.3983001708984375,,
final,535,cf_14053,latent,self,1,False,2.3983001708984375,,
final,535,cf_14053,latent,self,2,False,2.3983001708984375,,
final,535,cf_14053,latent,self,3,False,2.3983001708984375,,
final,535,cf_14053,latent,self,4,False,2.3983001708984375,,
final,535,cf_14053,latent,self,5,False,2.3983001708984375,,
final,535,cf_14053,latent,self,6,False,2.3983001708984375,,
final,535,cf_14053,latent,self,7,False,2.3983001708984375,,
final,535,cf_14053,latent,self,8,False,2.3983001708984375,,
final,535,cf_14053,latent,self,9,False,2.3983001708984375,,
final,535,cf_14053,latent,self,10,False,2.3983001708984375,,
final,535,cf_14053,latent,self,11,False,2.3983001708984375,,
final,535,cf_14053,latent,self,12,False,2.3983001708984375,,
final,535,cf_14053,latent,self,13,False,2.3983001708984375,,
final,535,cf_14053,latent,self,14,False,2.3983001708984375,,
final,535,cf_14053,latent,self,15,False,2.3983001708984375,,
final,535,cf_14053,latent,self,16,False,2.3983001708984375,,
final,535,cf_14053,latent,self,17,False,2.3983001708984375,,
final,535,cf_14053,latent,self,18,False,2.3983001708984375,,
final,535,cf_14053,latent,self,19,False,2.3983001708984375,,
final,535,cf_14053,latent,self,20,False,2.3983001708984375,,
final,535,cf_14053,latent,self,21,False,2.3983001708984375,,
final,535,cf_14053,latent,self,22,False,2.3983001708984375,,
final,535,cf_14053,latent,self,23,False,2.3983001708984375,,
final,535,cf_14053,latent,self,24,False,2.591798782348633,,
final,535,cf_14053,latent,self,-1,False,,,0.0
final,535,cf_1097,latent,self,0,False,5.232985496520996,,
final,535,cf_1097,latent,self,1,False,5.232985496520996,,
final,535,cf_1097,latent,self,2,False,5.232985496520996,,
final,535,cf_1097,latent,self,3,False,5.232985496520996,,
final,535,cf_1097,latent,self,4,False,5.232985496520996,,
final,535,cf_1097,latent,self,5,False,5.232985496520996,,
final,535,cf_1097,latent,self,6,False,5.232985496520996,,
final,535,cf_1097,latent,self,7,False,5.232985496520996,,
final,535,cf_1097,latent,self,8,False,5.232985496520996,,
final,535,cf_1097,latent,self,9,False,5.232985496520996,,
final,535,cf_1097,latent,self,10,False,5.232985496520996,,
final,535,cf_1097,latent,self,11,False,5.232985496520996,,
final,535,cf_1097,latent,self,12,False,5.232985496520996,,
final,535,cf_1097,latent,self,13,False,5.232985496520996,,
final,535,cf_1097,latent,self,14,False,5.232985496520996,,
final,535,cf_1097,latent,self,15,False,5.232985496520996,,
final,535,cf_1097,latent,self,16,False,5.232985496520996,,
final,535,cf_1097,latent,self,17,False,5.232985496520996,,
final,535,cf_1097,latent,self,18,False,5.232985496520996,,
final,535,cf_1097,latent,self,19,False,5.232985496520996,,
final,535,cf_1097,latent,self,20,False,5.232985496520996,,
final,535,cf_1097,latent,self,21,False,5.232985496520996,,
final,535,cf_1097,latent,self,22,False,5.232985496520996,,
final,535,cf_1097,latent,self,23,False,5.232985496520996,,
final,535,cf_1097,latent,self,24,False,5.862612724304199,,
final,535,cf_1097,latent,self,-1,False,,,0.0
final,535,cf_8125,latent,self,0,False,-0.3597240447998047,,
final,535,cf_8125,latent,self,1,False,-0.3597240447998047,,
final,535,cf_8125,latent,self,2,False,-0.3597240447998047,,
final,535,cf_8125,latent,self,3,False,-0.3597240447998047,,
final,535,cf_8125,latent,self,4,False,-0.3597240447998047,,
final,535,cf_8125,latent,self,5,False,-0.3597240447998047,,
final,535,cf_8125,latent,self,6,False,-0.3597240447998047,,
final,535,cf_8125,latent,self,7,False,-0.3597240447998047,,
final,535,cf_8125,latent,self,8,False,-0.3597240447998047,,
final,535,cf_8125,latent,self,9,False,-0.3597240447998047,,
final,535,cf_8125,latent,self,10,False,-0.3597240447998047,,
final,535,cf_8125,latent,self,11,False,-0.3597240447998047,,
final,535,cf_8125,latent,self,12,False,-0.3597240447998047,,
final,535,cf_8125,latent,self,13,False,-0.3597240447998047,,
final,535,cf_8125,latent,self,14,False,-0.3597240447998047,,
final,535,cf_8125,latent,self,15,False,-0.3597240447998047,,
final,535,cf_8125,latent,self,16,False,-0.3597240447998047,,
final,535,cf_8125,latent,self,17,False,-0.3597240447998047,,
final,535,cf_8125,latent,self,18,False,-0.3597240447998047,,
final,535,cf_8125,latent,self,19,False,-0.3597240447998047,,
final,535,cf_8125,latent,self,20,False,-0.3597240447998047,,
final,535,cf_8125,latent,self,21,False,-0.3597240447998047,,
final,535,cf_8125,latent,self,22,False,-0.3597240447998047,,
final,535,cf_8125,latent,self,23,False,-0.3597240447998047,,
final,535,cf_8125,latent,self,24,False,-1.495574951171875,,
final,535,cf_8125,latent,self,-1,False,,,
final,535,cf_766,latent,self,0,False,3.633315086364746,,
final,535,cf_766,latent,self,1,False,3.633315086364746,,
final,535,cf_766,latent,self,2,False,3.633315086364746,,
final,535,cf_766,latent,self,3,False,3.633315086364746,,
final,535,cf_766,latent,self,4,False,3.633315086364746,,
final,535,cf_766,latent,self,5,False,3.633315086364746,,
final,535,cf_766,latent,self,6,False,3.633315086364746,,
final,535,cf_766,latent,self,7,False,3.633315086364746,,
final,535,cf_766,latent,self,8,False,3.633315086364746,,
final,535,cf_766,latent,self,9,False,3.633315086364746,,
final,535,cf_766,latent,self,10,False,3.633315086364746,,
final,535,cf_766,latent,self,11,False,3.633315086364746,,
final,535,cf_766,latent,self,12,False,3.633315086364746,,
final,535,cf_766,latent,self,13,False,3.633315086364746,,
final,535,cf_766,latent,self,14,False,3.633315086364746,,
final,535,cf_766,latent,self,15,False,3.633315086364746,,
final,535,cf_766,latent,self,16,False,3.633315086364746,,
final,535,cf_766,latent,self,17,False,3.633315086364746,,
final,535,cf_766,latent,self,18,False,3.633315086364746,,
final,535,cf_766,latent,self,19,False,3.633315086364746,,
final,535,cf_766,latent,self,20,False,3.633315086364746,,
final,535,cf_766,latent,self,21,False,3.633315086364746,,
final,535,cf_766,latent,self,22,False,3.633315086364746,,
final,535,cf_766,latent,self,23,False,3.633315086364746,,
final,535,cf_766,latent,self,24,False,3.805720329284668,,
final,535,cf_766,latent,self,-1,False,,,0.0
final,535,cf_14545,latent,mismatched,0,False,9.415203094482422,,
final,535,cf_14545,latent,mismatched,1,False,1.2639379501342773,,
final,535,cf_14545,latent,mismatched,2,False,1.0424089431762695,,
final,535,cf_14545,latent,mismatched,3,False,1.2929620742797852,,
final,535,cf_14545,latent,mismatched,4,False,1.6812162399291992,,
final,535,cf_14545,latent,mismatched,5,False,1.8538012504577637,,
final,535,cf_14545,latent,mismatched,6,False,1.8595304489135742,,
final,535,cf_14545,latent,mismatched,7,False,1.9216156005859375,,
final,535,cf_14545,latent,mismatched,8,False,2.15230393409729,,
final,535,cf_14545,latent,mismatched,9,False,2.298689126968384,,
final,535,cf_14545,latent,mismatched,10,False,2.710646867752075,,
final,535,cf_14545,latent,mismatched,11,False,3.179807662963867,,
final,535,cf_14545,latent,mismatched,12,False,3.670159101486206,,
final,535,cf_14545,latent,mismatched,13,False,4.393279075622559,,
final,535,cf_14545,latent,mismatched,14,False,4.861400127410889,,
final,535,cf_14545,latent,mismatched,15,False,5.477575778961182,,
final,535,cf_14545,latent,mismatched,16,False,5.909869194030762,,
final,535,cf_14545,latent,mismatched,17,False,7.051506042480469,,
final,535,cf_14545,latent,mismatched,18,False,7.350090026855469,,
final,535,cf_14545,latent,mismatched,19,False,9.142934799194336,,
final,535,cf_14545,latent,mismatched,20,False,8.893590927124023,,
final,535,cf_14545,latent,mismatched,21,False,8.380621910095215,,
final,535,cf_14545,latent,mismatched,22,False,7.190990447998047,,
final,535,cf_14545,latent,mismatched,23,False,6.431221961975098,,
final,535,cf_14545,latent,mismatched,24,False,6.181973934173584,,
final,535,cf_14545,latent,mismatched,-1,False,,,0.0
final,535,cf_6380,latent,mismatched,0,False,5.49558162689209,,
final,535,cf_6380,latent,mismatched,1,False,3.89638614654541,,
final,535,cf_6380,latent,mismatched,2,False,4.020785331726074,,
final,535,cf_6380,latent,mismatched,3,False,3.940619468688965,,
final,535,cf_6380,latent,mismatched,4,False,3.870840549468994,,
final,535,cf_6380,latent,mismatched,5,False,3.817150115966797,,
final,535,cf_6380,latent,mismatched,6,False,3.7256393432617188,,
final,535,cf_6380,latent,mismatched,7,False,3.6966447830200195,,
final,535,cf_6380,latent,mismatched,8,False,3.7712182998657227,,
final,535,cf_6380,latent,mismatched,9,False,3.8456926345825195,,
final,535,cf_6380,latent,mismatched,10,False,3.7934794425964355,,
final,535,cf_6380,latent,mismatched,11,False,3.8658928871154785,,
final,535,cf_6380,latent,mismatched,12,False,3.8790369033813477,,
final,535,cf_6380,latent,mismatched,13,False,4.095635414123535,,
final,535,cf_6380,latent,mismatched,14,False,4.332162857055664,,
final,535,cf_6380,latent,mismatched,15,False,4.1185784339904785,,
final,535,cf_6380,latent,mismatched,16,False,4.232723712921143,,
final,535,cf_6380,latent,mismatched,17,False,4.266583442687988,,
final,535,cf_6380,latent,mismatched,18,False,3.712362051010132,,
final,535,cf_6380,latent,mismatched,19,False,4.001376628875732,,
final,535,cf_6380,latent,mismatched,20,False,3.3428151607513428,,
final,535,cf_6380,latent,mismatched,21,False,2.501114845275879,,
final,535,cf_6380,latent,mismatched,22,False,2.5184454917907715,,
final,535,cf_6380,latent,mismatched,23,False,2.401435136795044,,
final,535,cf_6380,latent,mismatched,24,False,2.9110629558563232,,
final,535,cf_6380,latent,mismatched,-1,False,,,0.0
final,535,cf_11772,latent,mismatched,0,False,6.972648620605469,,
final,535,cf_11772,latent,mismatched,1,False,0.33261585235595703,,
final,535,cf_11772,latent,mismatched,2,False,0.5065932273864746,,
final,535,cf_11772,latent,mismatched,3,False,0.5225014686584473,,
final,535,cf_11772,latent,mismatched,4,False,0.4028916358947754,,
final,535,cf_11772,latent,mismatched,5,False,0.24405860900878906,,
final,535,cf_11772,latent,mismatched,6,False,0.045302391052246094,,
final,535,cf_11772,latent,mismatched,7,False,-0.07113981246948242,,
final,535,cf_11772,latent,mismatched,8,False,-0.02777862548828125,,
final,535,cf_11772,latent,mismatched,9,False,-0.01097869873046875,,
final,535,cf_11772,latent,mismatched,10,False,-0.15799665451049805,,
final,535,cf_11772,latent,mismatched,11,False,-0.24504828453063965,,
final,535,cf_11772,latent,mismatched,12,False,-0.5312404632568359,,
final,535,cf_11772,latent,mismatched,13,False,-0.259350061416626,,
final,535,cf_11772,latent,mismatched,14,False,0.001173257827758789,,
final,535,cf_11772,latent,mismatched,15,False,-0.2144773006439209,,
final,535,cf_11772,latent,mismatched,16,False,-0.6192880272865295,,
final,535,cf_11772,latent,mismatched,17,False,-0.6697825193405151,,
final,535,cf_11772,latent,mismatched,18,False,0.5619475841522217,,
final,535,cf_11772,latent,mismatched,19,False,0.5715046525001526,,
final,535,cf_11772,latent,mismatched,20,False,0.6659896373748779,,
final,535,cf_11772,latent,mismatched,21,False,0.9457659125328064,,
final,535,cf_11772,latent,mismatched,22,False,0.724827766418457,,
final,535,cf_11772,latent,mismatched,23,False,-0.07451269030570984,,
final,535,cf_11772,latent,mismatched,24,False,-0.7773458957672119,,
final,535,cf_11772,latent,mismatched,-1,False,,,0.0
final,535,cf_16506,latent,mismatched,0,False,0.10790061950683594,,
final,535,cf_16506,latent,mismatched,1,False,1.8978519439697266,,
final,535,cf_16506,latent,mismatched,2,False,1.6713027954101562,,
final,535,cf_16506,latent,mismatched,3,False,1.52545166015625,,
final,535,cf_16506,latent,mismatched,4,False,1.3450422286987305,,
final,535,cf_16506,latent,mismatched,5,False,1.4222192764282227,,
final,535,cf_16506,latent,mismatched,6,False,1.4854817390441895,,
final,535,cf_16506,latent,mismatched,7,False,1.4279279708862305,,
final,535,cf_16506,latent,mismatched,8,False,1.4216809272766113,,
final,535,cf_16506,latent,mismatched,9,False,1.491297721862793,,
final,535,cf_16506,latent,mismatched,10,False,1.6227684020996094,,
final,535,cf_16506,latent,mismatched,11,False,1.8337197303771973,,
final,535,cf_16506,latent,mismatched,12,False,1.9612298011779785,,
final,535,cf_16506,latent,mismatched,13,False,2.0943379402160645,,
final,535,cf_16506,latent,mismatched,14,False,2.178699016571045,,
final,535,cf_16506,latent,mismatched,15,False,2.2504444122314453,,
final,535,cf_16506,latent,mismatched,16,False,2.0526084899902344,,
final,535,cf_16506,latent,mismatched,17,False,2.2912631034851074,,
final,535,cf_16506,latent,mismatched,18,False,2.493520736694336,,
final,535,cf_16506,latent,mismatched,19,False,2.187747001647949,,
final,535,cf_16506,latent,mismatched,20,False,1.9820489883422852,,
final,535,cf_16506,latent,mismatched,21,False,1.9209799766540527,,
final,535,cf_16506,latent,mismatched,22,False,2.0826873779296875,,
final,535,cf_16506,latent,mismatched,23,False,2.1283822059631348,,
final,535,cf_16506,latent,mismatched,24,False,2.685027599334717,,
final,535,cf_16506,latent,mismatched,-1,False,,,0.0
final,535,cf_4585,latent,mismatched,0,False,-2.236581802368164,,
final,535,cf_4585,latent,mismatched,1,False,-13.064743041992188,,
final,535,cf_4585,latent,mismatched,2,False,-12.340597152709961,,
final,535,cf_4585,latent,mismatched,3,False,-12.296239852905273,,
final,535,cf_4585,latent,mismatched,4,False,-12.267505645751953,,
final,535,cf_4585,latent,mismatched,5,False,-12.265457153320312,,
final,535,cf_4585,latent,mismatched,6,False,-12.426107406616211,,
final,535,cf_4585,latent,mismatched,7,False,-12.651897430419922,,
final,535,cf_4585,latent,mismatched,8,False,-12.698431015014648,,
final,535,cf_4585,latent,mismatched,9,False,-13.603799819946289,,
final,535,cf_4585,latent,mismatched,10,False,-14.782612800598145,,
final,535,cf_4585,latent,mismatched,11,False,-15.984416961669922,,
final,535,cf_4585,latent,mismatched,12,False,-16.251644134521484,,
final,535,cf_4585,latent,mismatched,13,False,-17.86475372314453,,
final,535,cf_4585,latent,mismatched,14,False,-18.96337127685547,,
final,535,cf_4585,latent,mismatched,15,False,-18.60552406311035,,
final,535,cf_4585,latent,mismatched,16,False,-19.211833953857422,,
final,535,cf_4585,latent,mismatched,17,False,-19.5871639251709,,
final,535,cf_4585,latent,mismatched,18,False,-19.7497501373291,,
final,535,cf_4585,latent,mismatched,19,False,-19.351743698120117,,
final,535,cf_4585,latent,mismatched,20,False,-19.816110610961914,,
final,535,cf_4585,latent,mismatched,21,False,-19.148704528808594,,
final,535,cf_4585,latent,mismatched,22,False,-19.787704467773438,,
final,535,cf_4585,latent,mismatched,23,False,-20.121231079101562,,
final,535,cf_4585,latent,mismatched,24,False,-20.44239616394043,,
final,535,cf_4585,latent,mismatched,-1,False,,,
final,535,cf_8907,latent,mismatched,0,False,-1.6327781677246094,,
final,535,cf_8907,latent,mismatched,1,False,-9.007073402404785,,
final,535,cf_8907,latent,mismatched,2,False,-8.510018348693848,,
final,535,cf_8907,latent,mismatched,3,False,-8.576884269714355,,
final,535,cf_8907,latent,mismatched,4,False,-8.580114364624023,,
final,535,cf_8907,latent,mismatched,5,False,-8.728041648864746,,
final,535,cf_8907,latent,mismatched,6,False,-10.107102394104004,,
final,535,cf_8907,latent,mismatched,7,False,-10.37154483795166,,
final,535,cf_8907,latent,mismatched,8,False,-10.639686584472656,,
final,535,cf_8907,latent,mismatched,9,False,-10.622648239135742,,
final,535,cf_8907,latent,mismatched,10,False,-11.14373779296875,,
final,535,cf_8907,latent,mismatched,11,False,-11.544930458068848,,
final,535,cf_8907,latent,mismatched,12,False,-12.361289978027344,,
final,535,cf_8907,latent,mismatched,13,False,-13.414176940917969,,
final,535,cf_8907,latent,mismatched,14,False,-14.48886489868164,,
final,535,cf_8907,latent,mismatched,15,False,-15.942224502563477,,
final,535,cf_8907,latent,mismatched,16,False,-16.704938888549805,,
final,535,cf_8907,latent,mismatched,17,False,-17.28998565673828,,
final,535,cf_8907,latent,mismatched,18,False,-17.776256561279297,,
final,535,cf_8907,latent,mismatched,19,False,-18.900001525878906,,
final,535,cf_8907,latent,mismatched,20,False,-18.30314064025879,,
final,535,cf_8907,latent,mismatched,21,False,-18.590118408203125,,
final,535,cf_8907,latent,mismatched,22,False,-18.4099063873291,,
final,535,cf_8907,latent,mismatched,23,False,-19.24236488342285,,
final,535,cf_8907,latent,mismatched,24,False,-18.78790855407715,,
final,535,cf_8907,latent,mismatched,-1,False,,,
final,535,cf_19571,latent,mismatched,0,False,4.003884315490723,,
final,535,cf_19571,latent,mismatched,1,False,-2.068614959716797,,
final,535,cf_19571,latent,mismatched,2,False,-1.904128074645996,,
final,535,cf_19571,latent,mismatched,3,False,-1.9517688751220703,,
final,535,cf_19571,latent,mismatched,4,False,-1.9044322967529297,,
final,535,cf_19571,latent,mismatched,5,False,-2.0067873001098633,,
final,535,cf_19571,latent,mismatched,6,False,-2.0053930282592773,,
final,535,cf_19571,latent,mismatched,7,False,-1.8601369857788086,,
final,535,cf_19571,latent,mismatched,8,False,-2.0059804916381836,,
final,535,cf_19571,latent,mismatched,9,False,-1.9680500030517578,,
final,535,cf_19571,latent,mismatched,10,False,-2.0913643836975098,,
final,535,cf_19571,latent,mismatched,11,False,-2.1242380142211914,,
final,535,cf_19571,latent,mismatched,12,False,-2.333878993988037,,
final,535,cf_19571,latent,mismatched,13,False,-2.2152395248413086,,
final,535,cf_19571,latent,mismatched,14,False,-2.429495334625244,,
final,535,cf_19571,latent,mismatched,15,False,-2.56583833694458,,
final,535,cf_19571,latent,mismatched,16,False,-3.025810480117798,,
final,535,cf_19571,latent,mismatched,17,False,-2.454557418823242,,
final,535,cf_19571,latent,mismatched,18,False,-2.155996561050415,,
final,535,cf_19571,latent,mismatched,19,False,-2.24718976020813,,
final,535,cf_19571,latent,mismatched,20,False,-1.7422351837158203,,
final,535,cf_19571,latent,mismatched,21,False,-1.1022446155548096,,
final,535,cf_19571,latent,mismatched,22,False,-1.2093932628631592,,
final,535,cf_19571,latent,mismatched,23,False,-0.6768641471862793,,
final,535,cf_19571,latent,mismatched,24,False,-0.09185981750488281,,
final,535,cf_19571,latent,mismatched,-1,False,,,0.0
final,535,cf_14381,latent,mismatched,0,False,9.3555269241333,,
final,535,cf_14381,latent,mismatched,1,False,-1.9266605377197266,,
final,535,cf_14381,latent,mismatched,2,False,-1.9538097381591797,,
final,535,cf_14381,latent,mismatched,3,False,-2.0223865509033203,,
final,535,cf_14381,latent,mismatched,4,False,-1.580047607421875,,
final,535,cf_14381,latent,mismatched,5,False,-1.498453140258789,,
final,535,cf_14381,latent,mismatched,6,False,-1.0637035369873047,,
final,535,cf_14381,latent,mismatched,7,False,-1.2136306762695312,,
final,535,cf_14381,latent,mismatched,8,False,-1.1691875457763672,,
final,535,cf_14381,latent,mismatched,9,False,-1.9708023071289062,,
final,535,cf_14381,latent,mismatched,10,False,-2.300197124481201,,
final,535,cf_14381,latent,mismatched,11,False,-2.4976749420166016,,
final,535,cf_14381,latent,mismatched,12,False,-2.8468947410583496,,
final,535,cf_14381,latent,mismatched,13,False,-2.0419163703918457,,
final,535,cf_14381,latent,mismatched,14,False,-2.1166434288024902,,
final,535,cf_14381,latent,mismatched,15,False,-2.3776676654815674,,
final,535,cf_14381,latent,mismatched,16,False,-3.482151746749878,,
final,535,cf_14381,latent,mismatched,17,False,-2.889547824859619,,
final,535,cf_14381,latent,mismatched,18,False,-1.2573351860046387,,
final,535,cf_14381,latent,mismatched,19,False,-1.9242528676986694,,
final,535,cf_14381,latent,mismatched,20,False,-2.568937063217163,,
final,535,cf_14381,latent,mismatched,21,False,-2.246807098388672,,
final,535,cf_14381,latent,mismatched,22,False,-3.094325542449951,,
final,535,cf_14381,latent,mismatched,23,False,-3.0581915378570557,,
final,535,cf_14381,latent,mismatched,24,False,-2.324963092803955,,
final,535,cf_14381,latent,mismatched,-1,False,,,0.0
final,535,cf_14053,latent,mismatched,0,False,2.3983001708984375,,
final,535,cf_14053,latent,mismatched,1,False,-0.16741657257080078,,
final,535,cf_14053,latent,mismatched,2,False,-0.3066425323486328,,
final,535,cf_14053,latent,mismatched,3,False,-0.28771495819091797,,
final,535,cf_14053,latent,mismatched,4,False,-0.10020637512207031,,
final,535,cf_14053,latent,mismatched,5,False,0.0023593902587890625,,
final,535,cf_14053,latent,mismatched,6,False,0.012486457824707031,,
final,535,cf_14053,latent,mismatched,7,False,0.1893911361694336,,
final,535,cf_14053,latent,mismatched,8,False,0.07740116119384766,,
final,535,cf_14053,latent,mismatched,9,False,0.09084892272949219,,
final,535,cf_14053,latent,mismatched,10,False,0.42900562286376953,,
final,535,cf_14053,latent,mismatched,11,False,0.6726713180541992,,
final,535,cf_14053,latent,mismatched,12,False,0.8202342987060547,,
final,535,cf_14053,latent,mismatched,13,False,0.39208221435546875,,
final,535,cf_14053,latent,mismatched,14,False,0.6109676361083984,,
final,535,cf_14053,latent,mismatched,15,False,0.6527690887451172,,
final,535,cf_14053,latent,mismatched,16,False,0.713468074798584,,
final,535,cf_14053,latent,mismatched,17,False,0.20574617385864258,,
final,535,cf_14053,latent,mismatched,18,False,-0.7231578826904297,,
final,535,cf_14053,latent,mismatched,19,False,-0.4986448287963867,,
final,535,cf_14053,latent,mismatched,20,False,-0.5874443054199219,,
final,535,cf_14053,latent,mismatched,21,False,-0.2152271270751953,,
final,535,cf_14053,latent,mismatched,22,False,-1.002242088317871,,
final,535,cf_14053,latent,mismatched,23,False,-0.22199678421020508,,
final,535,cf_14053,latent,mismatched,24,False,0.9578447341918945,,
final,535,cf_14053,latent,mismatched,-1,False,,,0.0
final,535,cf_8125,latent,mismatched,0,False,-0.3597240447998047,,
final,535,cf_8125,latent,mismatched,1,False,-13.637104988098145,,
final,535,cf_8125,latent,mismatched,2,False,-13.720269203186035,,
final,535,cf_8125,latent,mismatched,3,False,-13.692748069763184,,
final,535,cf_8125,latent,mismatched,4,False,-13.640053749084473,,
final,535,cf_8125,latent,mismatched,5,False,-13.937755584716797,,
final,535,cf_8125,latent,mismatched,6,False,-14.213638305664062,,
final,535,cf_8125,latent,mismatched,7,False,-14.337239265441895,,
final,535,cf_8125,latent,mismatched,8,False,-14.650707244873047,,
final,535,cf_8125,latent,mismatched,9,False,-15.433515548706055,,
final,535,cf_8125,latent,mismatched,10,False,-15.357369422912598,,
final,535,cf_8125,latent,mismatched,11,False,-15.516596794128418,,
final,535,cf_8125,latent,mismatched,12,False,-15.52243423461914,,
final,535,cf_8125,latent,mismatched,13,False,-16.496015548706055,,
final,535,cf_8125,latent,mismatched,14,False,-17.961563110351562,,
final,535,cf_8125,latent,mismatched,15,False,-18.71845245361328,,
final,535,cf_8125,latent,mismatched,16,False,-20.54446029663086,,
final,535,cf_8125,latent,mismatched,17,False,-21.917848587036133,,
final,535,cf_8125,latent,mismatched,18,False,-22.26510238647461,,
final,535,cf_8125,latent,mismatched,19,False,-22.612802505493164,,
final,535,cf_8125,latent,mismatched,20,False,-23.540937423706055,,
final,535,cf_8125,latent,mismatched,21,False,-22.614587783813477,,
final,535,cf_8125,latent,mismatched,22,False,-21.50316047668457,,
final,535,cf_8125,latent,mismatched,23,False,-22.266611099243164,,
final,535,cf_8125,latent,mismatched,24,False,-21.05528450012207,,
final,535,cf_8125,latent,mismatched,-1,False,,,
final,535,cf_766,latent,mismatched,0,False,3.633315086364746,,
final,535,cf_766,latent,mismatched,1,False,0.8044748306274414,,
final,535,cf_766,latent,mismatched,2,False,1.2806215286254883,,
final,535,cf_766,latent,mismatched,3,False,1.279123306274414,,
final,535,cf_766,latent,mismatched,4,False,1.365971565246582,,
final,535,cf_766,latent,mismatched,5,False,1.616501808166504,,
final,535,cf_766,latent,mismatched,6,False,1.6785297393798828,,
final,535,cf_766,latent,mismatched,7,False,1.5968027114868164,,
final,535,cf_766,latent,mismatched,8,False,1.4265785217285156,,
final,535,cf_766,latent,mismatched,9,False,1.2721643447875977,,
final,535,cf_766,latent,mismatched,10,False,1.3320722579956055,,
final,535,cf_766,latent,mismatched,11,False,1.4617414474487305,,
final,535,cf_766,latent,mismatched,12,False,1.5479154586791992,,
final,535,cf_766,latent,mismatched,13,False,1.8569726943969727,,
final,535,cf_766,latent,mismatched,14,False,1.9889731407165527,,
final,535,cf_766,latent,mismatched,15,False,2.1816091537475586,,
final,535,cf_766,latent,mismatched,16,False,2.8486709594726562,,
final,535,cf_766,latent,mismatched,17,False,3.2305078506469727,,
final,535,cf_766,latent,mismatched,18,False,2.628812551498413,,
final,535,cf_766,latent,mismatched,19,False,2.3942971229553223,,
final,535,cf_766,latent,mismatched,20,False,2.781785011291504,,
final,535,cf_766,latent,mismatched,21,False,0.8724126815795898,,
final,535,cf_766,latent,mismatched,22,False,0.5138139724731445,,
final,535,cf_766,latent,mismatched,23,False,0.41396093368530273,,
final,535,cf_766,latent,mismatched,24,False,0.7060732841491699,,
final,535,cf_766,latent,mismatched,-1,False,,,0.0
final,535,cf_16015,latent,self,0,False,6.306522369384766,,
final,535,cf_16015,latent,self,1,False,6.306522369384766,,
final,535,cf_16015,latent,self,2,False,6.306522369384766,,
final,535,cf_16015,latent,self,3,False,6.306522369384766,,
final,535,cf_16015,latent,self,4,False,6.306522369384766,,
final,535,cf_16015,latent,self,5,False,6.306522369384766,,
final,535,cf_16015,latent,self,6,False,6.306522369384766,,
final,535,cf_16015,latent,self,7,False,6.306522369384766,,
final,535,cf_16015,latent,self,8,False,6.306522369384766,,
final,535,cf_16015,latent,self,9,False,6.306522369384766,,
final,535,cf_16015,latent,self,10,False,6.306522369384766,,
final,535,cf_16015,latent,self,11,False,6.306522369384766,,
final,535,cf_16015,latent,self,12,False,6.306522369384766,,
final,535,cf_16015,latent,self,13,False,6.306522369384766,,
final,535,cf_16015,latent,self,14,False,6.306522369384766,,
final,535,cf_16015,latent,self,15,False,6.306522369384766,,
final,535,cf_16015,latent,self,16,False,6.306522369384766,,
final,535,cf_16015,latent,self,17,False,6.306522369384766,,
final,535,cf_16015,latent,self,18,False,6.306522369384766,,
final,535,cf_16015,latent,self,19,False,6.306522369384766,,
final,535,cf_16015,latent,self,20,False,6.306522369384766,,
final,535,cf_16015,latent,self,21,False,6.306522369384766,,
final,535,cf_16015,latent,self,22,False,6.306522369384766,,
final,535,cf_16015,latent,self,23,False,6.306522369384766,,
final,535,cf_16015,latent,self,24,False,6.082533836364746,,
final,535,cf_16015,latent,self,-1,False,,,0.0
final,535,cf_15169,latent,self,0,False,-0.4275035858154297,,
final,535,cf_15169,latent,self,1,False,-0.4275035858154297,,
final,535,cf_15169,latent,self,2,False,-0.4275035858154297,,
final,535,cf_15169,latent,self,3,False,-0.4275035858154297,,
final,535,cf_15169,latent,self,4,False,-0.4275035858154297,,
final,535,cf_15169,latent,self,5,False,-0.4275035858154297,,
final,535,cf_15169,latent,self,6,False,-0.4275035858154297,,
final,535,cf_15169,latent,self,7,False,-0.4275035858154297,,
final,535,cf_15169,latent,self,8,False,-0.4275035858154297,,
final,535,cf_15169,latent,self,9,False,-0.4275035858154297,,
final,535,cf_15169,latent,self,10,False,-0.4275035858154297,,
final,535,cf_15169,latent,self,11,False,-0.4275035858154297,,
final,535,cf_15169,latent,self,12,False,-0.4275035858154297,,
final,535,cf_15169,latent,self,13,False,-0.4275035858154297,,
final,535,cf_15169,latent,self,14,False,-0.4275035858154297,,
final,535,cf_15169,latent,self,15,False,-0.4275035858154297,,
final,535,cf_15169,latent,self,16,False,-0.4275035858154297,,
final,535,cf_15169,latent,self,17,False,-0.4275035858154297,,
final,535,cf_15169,latent,self,18,False,-0.4275035858154297,,
final,535,cf_15169,latent,self,19,False,-0.4275035858154297,,
final,535,cf_15169,latent,self,20,False,-0.4275035858154297,,
final,535,cf_15169,latent,self,21,False,-0.4275035858154297,,
final,535,cf_15169,latent,self,22,False,-0.4275035858154297,,
final,535,cf_15169,latent,self,23,False,-0.4275035858154297,,
final,535,cf_15169,latent,self,24,False,-1.248809814453125,,
final,535,cf_15169,latent,self,-1,False,,,
final,535,cf_3911,latent,self,0,False,3.473115921020508,,
final,535,cf_3911,latent,self,1,False,3.473115921020508,,
final,535,cf_3911,latent,self,2,False,3.473115921020508,,
final,535,cf_3911,latent,self,3,False,3.473115921020508,,
final,535,cf_3911,latent,self,4,False,3.473115921020508,,
final,535,cf_3911,latent,self,5,False,3.473115921020508,,
final,535,cf_3911,latent,self,6,False,3.473115921020508,,
final,535,cf_3911,latent,self,7,False,3.473115921020508,,
final,535,cf_3911,latent,self,8,False,3.473115921020508,,
final,535,cf_3911,latent,self,9,False,3.473115921020508,,
final,535,cf_3911,latent,self,10,False,3.473115921020508,,
final,535,cf_3911,latent,self,11,False,3.473115921020508,,
final,535,cf_3911,latent,self,12,False,3.473115921020508,,
final,535,cf_3911,latent,self,13,False,3.473115921020508,,
final,535,cf_3911,latent,self,14,False,3.473115921020508,,
final,535,cf_3911,latent,self,15,False,3.473115921020508,,
final,535,cf_3911,latent,self,16,False,3.473115921020508,,
final,535,cf_3911,latent,self,17,False,3.473115921020508,,
final,535,cf_3911,latent,self,18,False,3.473115921020508,,
final,535,cf_3911,latent,self,19,False,3.473115921020508,,
final,535,cf_3911,latent,self,20,False,3.473115921020508,,
final,535,cf_3911,latent,self,21,False,3.473115921020508,,
final,535,cf_3911,latent,self,22,False,3.473115921020508,,
final,535,cf_3911,latent,self,23,False,3.473115921020508,,
final,535,cf_3911,latent,self,24,False,3.811389923095703,,
final,535,cf_3911,latent,self,-1,False,,,0.0
final,535,cf_14820,latent,self,0,False,7.034763336181641,,
final,535,cf_14820,latent,self,1,False,7.034763336181641,,
final,535,cf_14820,latent,self,2,False,7.034763336181641,,
final,535,cf_14820,latent,self,3,False,7.034763336181641,,
final,535,cf_14820,latent,self,4,False,7.034763336181641,,
final,535,cf_14820,latent,self,5,False,7.034763336181641,,
final,535,cf_14820,latent,self,6,False,7.034763336181641,,
final,535,cf_14820,latent,self,7,False,7.034763336181641,,
final,535,cf_14820,latent,self,8,False,7.034763336181641,,
final,535,cf_14820,latent,self,9,False,7.034763336181641,,
final,535,cf_14820,latent,self,10,False,7.034763336181641,,
final,535,cf_14820,latent,self,11,False,7.034763336181641,,
final,535,cf_14820,latent,self,12,False,7.034763336181641,,
final,535,cf_14820,latent,self,13,False,7.034763336181641,,
final,535,cf_14820,latent,self,14,False,7.034763336181641,,
final,535,cf_14820,latent,self,15,False,7.034763336181641,,
final,535,cf_14820,latent,self,16,False,7.034763336181641,,
final,535,cf_14820,latent,self,17,False,7.034763336181641,,
final,535,cf_14820,latent,self,18,False,7.034763336181641,,
final,535,cf_14820,latent,self,19,False,7.034763336181641,,
final,535,cf_14820,latent,self,20,False,7.034763336181641,,
final,535,cf_14820,latent,self,21,False,7.034763336181641,,
final,535,cf_14820,latent,self,22,False,7.034763336181641,,
final,535,cf_14820,latent,self,23,False,7.034763336181641,,
final,535,cf_14820,latent,self,24,False,7.729983329772949,,
final,535,cf_14820,latent,self,-1,False,,,0.0
final,535,cf_15601,latent,self,0,False,-0.08794021606445312,,
final,535,cf_15601,latent,self,1,False,-0.08794021606445312,,
final,535,cf_15601,latent,self,2,False,-0.08794021606445312,,
final,535,cf_15601,latent,self,3,False,-0.08794021606445312,,
final,535,cf_15601,latent,self,4,False,-0.08794021606445312,,
final,535,cf_15601,latent,self,5,False,-0.08794021606445312,,
final,535,cf_15601,latent,self,6,False,-0.08794021606445312,,
final,535,cf_15601,latent,self,7,False,-0.08794021606445312,,
final,535,cf_15601,latent,self,8,False,-0.08794021606445312,,
final,535,cf_15601,latent,self,9,False,-0.08794021606445312,,
final,535,cf_15601,latent,self,10,False,-0.08794021606445312,,
final,535,cf_15601,latent,self,11,False,-0.08794021606445312,,
final,535,cf_15601,latent,self,12,False,-0.08794021606445312,,
final,535,cf_15601,latent,self,13,False,-0.08794021606445312,,
final,535,cf_15601,latent,self,14,False,-0.08794021606445312,,
final,535,cf_15601,latent,self,15,False,-0.08794021606445312,,
final,535,cf_15601,latent,self,16,False,-0.08794021606445312,,
final,535,cf_15601,latent,self,17,False,-0.08794021606445312,,
final,535,cf_15601,latent,self,18,False,-0.08794021606445312,,
final,535,cf_15601,latent,self,19,False,-0.08794021606445312,,
final,535,cf_15601,latent,self,20,False,-0.08794021606445312,,
final,535,cf_15601,latent,self,21,False,-0.08794021606445312,,
final,535,cf_15601,latent,self,22,False,-0.08794021606445312,,
final,535,cf_15601,latent,self,23,False,-0.08794021606445312,,
final,535,cf_15601,latent,self,24,True,0.12871551513671875,,
final,535,cf_15601,latent,self,-1,True,,24.0,24.0
final,535,cf_457,latent,self,0,False,-2.9760055541992188,,
final,535,cf_457,latent,self,1,False,-2.9760055541992188,,
final,535,cf_457,latent,self,2,False,-2.9760055541992188,,
final,535,cf_457,latent,self,3,False,-2.9760055541992188,,
final,535,cf_457,latent,self,4,False,-2.9760055541992188,,
final,535,cf_457,latent,self,5,False,-2.9760055541992188,,
final,535,cf_457,latent,self,6,False,-2.9760055541992188,,
final,535,cf_457,latent,self,7,False,-2.9760055541992188,,
final,535,cf_457,latent,self,8,False,-2.9760055541992188,,
final,535,cf_457,latent,self,9,False,-2.9760055541992188,,
final,535,cf_457,latent,self,10,False,-2.9760055541992188,,
final,535,cf_457,latent,self,11,False,-2.9760055541992188,,
final,535,cf_457,latent,self,12,False,-2.9760055541992188,,
final,535,cf_457,latent,self,13,False,-2.9760055541992188,,
final,535,cf_457,latent,self,14,False,-2.9760055541992188,,
final,535,cf_457,latent,self,15,False,-2.9760055541992188,,
final,535,cf_457,latent,self,16,False,-2.9760055541992188,,
final,535,cf_457,latent,self,17,False,-2.9760055541992188,,
final,535,cf_457,latent,self,18,False,-2.9760055541992188,,
final,535,cf_457,latent,self,19,False,-2.9760055541992188,,
final,535,cf_457,latent,self,20,False,-2.9760055541992188,,
final,535,cf_457,latent,self,21,False,-2.9760055541992188,,
final,535,cf_457,latent,self,22,False,-2.9760055541992188,,
final,535,cf_457,latent,self,23,False,-2.9760055541992188,,
final,535,cf_457,latent,self,24,False,-4.524187088012695,,
final,535,cf_457,latent,self,-1,False,,,
final,535,cf_10852,latent,self,0,False,2.080596923828125,,
final,535,cf_10852,latent,self,1,False,2.080596923828125,,
final,535,cf_10852,latent,self,2,False,2.080596923828125,,
final,535,cf_10852,latent,self,3,False,2.080596923828125,,
final,535,cf_10852,latent,self,4,False,2.080596923828125,,
final,535,cf_10852,latent,self,5,False,2.080596923828125,,
final,535,cf_10852,latent,self,6,False,2.080596923828125,,
final,535,cf_10852,latent,self,7,False,2.080596923828125,,
final,535,cf_10852,latent,self,8,False,2.080596923828125,,
final,535,cf_10852,latent,self,9,False,2.080596923828125,,
final,535,cf_10852,latent,self,10,False,2.080596923828125,,
final,535,cf_10852,latent,self,11,False,2.080596923828125,,
final,535,cf_10852,latent,self,12,False,2.080596923828125,,
final,535,cf_10852,latent,self,13,False,2.080596923828125,,
final,535,cf_10852,latent,self,14,False,2.080596923828125,,
final,535,cf_10852,latent,self,15,False,2.080596923828125,,
final,535,cf_10852,latent,self,16,False,2.080596923828125,,
final,535,cf_10852,latent,self,17,False,2.080596923828125,,
final,535,cf_10852,latent,self,18,False,2.080596923828125,,
final,535,cf_10852,latent,self,19,False,2.080596923828125,,
final,535,cf_10852,latent,self,20,False,2.080596923828125,,
final,535,cf_10852,latent,self,21,False,2.080596923828125,,
final,535,cf_10852,latent,self,22,False,2.080596923828125,,
final,535,cf_10852,latent,self,23,False,2.080596923828125,,
final,535,cf_10852,latent,self,24,False,2.124235153198242,,
final,535,cf_10852,latent,self,-1,False,,,0.0
final,535,cf_19445,latent,self,0,False,2.7469310760498047,,
final,535,cf_19445,latent,self,1,False,2.7469310760498047,,
final,535,cf_19445,latent,self,2,False,2.7469310760498047,,
final,535,cf_19445,latent,self,3,False,2.7469310760498047,,
final,535,cf_19445,latent,self,4,False,2.7469310760498047,,
final,535,cf_19445,latent,self,5,False,2.7469310760498047,,
final,535,cf_19445,latent,self,6,False,2.7469310760498047,,
final,535,cf_19445,latent,self,7,False,2.7469310760498047,,
final,535,cf_19445,latent,self,8,False,2.7469310760498047,,
final,535,cf_19445,latent,self,9,False,2.7469310760498047,,
final,535,cf_19445,latent,self,10,False,2.7469310760498047,,
final,535,cf_19445,latent,self,11,False,2.7469310760498047,,
final,535,cf_19445,latent,self,12,False,2.7469310760498047,,
final,535,cf_19445,latent,self,13,False,2.7469310760498047,,
final,535,cf_19445,latent,self,14,False,2.7469310760498047,,
final,535,cf_19445,latent,self,15,False,2.7469310760498047,,
final,535,cf_19445,latent,self,16,False,2.7469310760498047,,
final,535,cf_19445,latent,self,17,False,2.7469310760498047,,
final,535,cf_19445,latent,self,18,False,2.7469310760498047,,
final,535,cf_19445,latent,self,19,False,2.7469310760498047,,
final,535,cf_19445,latent,self,20,False,2.7469310760498047,,
final,535,cf_19445,latent,self,21,False,2.7469310760498047,,
final,535,cf_19445,latent,self,22,False,2.7469310760498047,,
final,535,cf_19445,latent,self,23,False,2.7469310760498047,,
final,535,cf_19445,latent,self,24,False,2.882476806640625,,
final,535,cf_19445,latent,self,-1,False,,,0.0
final,535,cf_14210,latent,self,0,False,4.082742691040039,,
final,535,cf_14210,latent,self,1,False,4.082742691040039,,
final,535,cf_14210,latent,self,2,False,4.082742691040039,,
final,535,cf_14210,latent,self,3,False,4.082742691040039,,
final,535,cf_14210,latent,self,4,False,4.082742691040039,,
final,535,cf_14210,latent,self,5,False,4.082742691040039,,
final,535,cf_14210,latent,self,6,False,4.082742691040039,,
final,535,cf_14210,latent,self,7,False,4.082742691040039,,
final,535,cf_14210,latent,self,8,False,4.082742691040039,,
final,535,cf_14210,latent,self,9,False,4.082742691040039,,
final,535,cf_14210,latent,self,10,False,4.082742691040039,,
final,535,cf_14210,latent,self,11,False,4.082742691040039,,
final,535,cf_14210,latent,self,12,False,4.082742691040039,,
final,535,cf_14210,latent,self,13,False,4.082742691040039,,
final,535,cf_14210,latent,self,14,False,4.082742691040039,,
final,535,cf_14210,latent,self,15,False,4.082742691040039,,
final,535,cf_14210,latent,self,16,False,4.082742691040039,,
final,535,cf_14210,latent,self,17,False,4.082742691040039,,
final,535,cf_14210,latent,self,18,False,4.082742691040039,,
final,535,cf_14210,latent,self,19,False,4.082742691040039,,
final,535,cf_14210,latent,self,20,False,4.082742691040039,,
final,535,cf_14210,latent,self,21,False,4.082742691040039,,
final,535,cf_14210,latent,self,22,False,4.082742691040039,,
final,535,cf_14210,latent,self,23,False,4.082742691040039,,
final,535,cf_14210,latent,self,24,False,4.281164169311523,,
final,535,cf_14210,latent,self,-1,False,,,0.0
final,535,cf_10914,latent,self,0,False,1.729604721069336,,
final,535,cf_10914,latent,self,1,False,1.729604721069336,,
final,535,cf_10914,latent,self,2,False,1.729604721069336,,
final,535,cf_10914,latent,self,3,False,1.729604721069336,,
final,535,cf_10914,latent,self,4,False,1.729604721069336,,
final,535,cf_10914,latent,self,5,False,1.729604721069336,,
final,535,cf_10914,latent,self,6,False,1.729604721069336,,
final,535,cf_10914,latent,self,7,False,1.729604721069336,,
final,535,cf_10914,latent,self,8,False,1.729604721069336,,
final,535,cf_10914,latent,self,9,False,1.729604721069336,,
final,535,cf_10914,latent,self,10,False,1.729604721069336,,
final,535,cf_10914,latent,self,11,False,1.729604721069336,,
final,535,cf_10914,latent,self,12,False,1.729604721069336,,
final,535,cf_10914,latent,self,13,False,1.729604721069336,,
final,535,cf_10914,latent,self,14,False,1.729604721069336,,
final,535,cf_10914,latent,self,15,False,1.729604721069336,,
final,535,cf_10914,latent,self,16,False,1.729604721069336,,
final,535,cf_10914,latent,self,17,False,1.729604721069336,,
final,535,cf_10914,latent,self,18,False,1.729604721069336,,
final,535,cf_10914,latent,self,19,False,1.729604721069336,,
final,535,cf_10914,latent,self,20,False,1.729604721069336,,
final,535,cf_10914,latent,self,21,False,1.729604721069336,,
final,535,cf_10914,latent,self,22,False,1.729604721069336,,
final,535,cf_10914,latent,self,23,False,1.729604721069336,,
final,535,cf_10914,latent,self,24,False,1.5672550201416016,,
final,535,cf_10914,latent,self,-1,False,,,0.0
final,535,cf_7593,latent,self,0,False,2.6617002487182617,,
final,535,cf_7593,latent,self,1,False,2.6617002487182617,,
final,535,cf_7593,latent,self,2,False,2.6617002487182617,,
final,535,cf_7593,latent,self,3,False,2.6617002487182617,,
final,535,cf_7593,latent,self,4,False,2.6617002487182617,,
final,535,cf_7593,latent,self,5,False,2.6617002487182617,,
final,535,cf_7593,latent,self,6,False,2.6617002487182617,,
final,535,cf_7593,latent,self,7,False,2.6617002487182617,,
final,535,cf_7593,latent,self,8,False,2.6617002487182617,,
final,535,cf_7593,latent,self,9,False,2.6617002487182617,,
final,535,cf_7593,latent,self,10,False,2.6617002487182617,,
final,535,cf_7593,latent,self,11,False,2.6617002487182617,,
final,535,cf_7593,latent,self,12,False,2.6617002487182617,,
final,535,cf_7593,latent,self,13,False,2.6617002487182617,,
final,535,cf_7593,latent,self,14,False,2.6617002487182617,,
final,535,cf_7593,latent,self,15,False,2.6617002487182617,,
final,535,cf_7593,latent,self,16,False,2.6617002487182617,,
final,535,cf_7593,latent,self,17,False,2.6617002487182617,,
final,535,cf_7593,latent,self,18,False,2.6617002487182617,,
final,535,cf_7593,latent,self,19,False,2.6617002487182617,,
final,535,cf_7593,latent,self,20,False,2.6617002487182617,,
final,535,cf_7593,latent,self,21,False,2.6617002487182617,,
final,535,cf_7593,latent,self,22,False,2.6617002487182617,,
final,535,cf_7593,latent,self,23,False,2.6617002487182617,,
final,535,cf_7593,latent,self,24,False,2.8511009216308594,,
final,535,cf_7593,latent,self,-1,False,,,0.0
final,535,cf_9589,latent,self,0,False,0.05640602111816406,,
final,535,cf_9589,latent,self,1,False,0.05640602111816406,,
final,535,cf_9589,latent,self,2,False,0.05640602111816406,,
final,535,cf_9589,latent,self,3,False,0.05640602111816406,,
final,535,cf_9589,latent,self,4,False,0.05640602111816406,,
final,535,cf_9589,latent,self,5,False,0.05640602111816406,,
final,535,cf_9589,latent,self,6,False,0.05640602111816406,,
final,535,cf_9589,latent,self,7,False,0.05640602111816406,,
final,535,cf_9589,latent,self,8,False,0.05640602111816406,,
final,535,cf_9589,latent,self,9,False,0.05640602111816406,,
final,535,cf_9589,latent,self,10,False,0.05640602111816406,,
final,535,cf_9589,latent,self,11,False,0.05640602111816406,,
final,535,cf_9589,latent,self,12,False,0.05640602111816406,,
final,535,cf_9589,latent,self,13,False,0.05640602111816406,,
final,535,cf_9589,latent,self,14,False,0.05640602111816406,,
final,535,cf_9589,latent,self,15,False,0.05640602111816406,,
final,535,cf_9589,latent,self,16,False,0.05640602111816406,,
final,535,cf_9589,latent,self,17,False,0.05640602111816406,,
final,535,cf_9589,latent,self,18,False,0.05640602111816406,,
final,535,cf_9589,latent,self,19,False,0.05640602111816406,,
final,535,cf_9589,latent,self,20,False,0.05640602111816406,,
final,535,cf_9589,latent,self,21,False,0.05640602111816406,,
final,535,cf_9589,latent,self,22,False,0.05640602111816406,,
final,535,cf_9589,latent,self,23,False,0.05640602111816406,,
final,535,cf_9589,latent,self,24,False,0.1881885528564453,,
final,535,cf_9589,latent,self,-1,False,,,0.0
final,535,cf_17430,latent,self,0,False,4.754612922668457,,
final,535,cf_17430,latent,self,1,False,4.754612922668457,,
final,535,cf_17430,latent,self,2,False,4.754612922668457,,
final,535,cf_17430,latent,self,3,False,4.754612922668457,,
final,535,cf_17430,latent,self,4,False,4.754612922668457,,
final,535,cf_17430,latent,self,5,False,4.754612922668457,,
final,535,cf_17430,latent,self,6,False,4.754612922668457,,
final,535,cf_17430,latent,self,7,False,4.754612922668457,,
final,535,cf_17430,latent,self,8,False,4.754612922668457,,
final,535,cf_17430,latent,self,9,False,4.754612922668457,,
final,535,cf_17430,latent,self,10,False,4.754612922668457,,
final,535,cf_17430,latent,self,11,False,4.754612922668457,,
final,535,cf_17430,latent,self,12,False,4.754612922668457,,
final,535,cf_17430,latent,self,13,False,4.754612922668457,,
final,535,cf_17430,latent,self,14,False,4.754612922668457,,
final,535,cf_17430,latent,self,15,False,4.754612922668457,,
final,535,cf_17430,latent,self,16,False,4.754612922668457,,
final,535,cf_17430,latent,self,17,False,4.754612922668457,,
final,535,cf_17430,latent,self,18,False,4.754612922668457,,
final,535,cf_17430,latent,self,19,False,4.754612922668457,,
final,535,cf_17430,latent,self,20,False,4.754612922668457,,
final,535,cf_17430,latent,self,21,False,4.754612922668457,,
final,535,cf_17430,latent,self,22,False,4.754612922668457,,
final,535,cf_17430,latent,self,23,False,4.754612922668457,,
final,535,cf_17430,latent,self,24,False,4.5882568359375,,
final,535,cf_17430,latent,self,-1,False,,,0.0
final,535,cf_10912,latent,self,0,False,3.7111358642578125,,
final,535,cf_10912,latent,self,1,False,3.7111358642578125,,
final,535,cf_10912,latent,self,2,False,3.7111358642578125,,
final,535,cf_10912,latent,self,3,False,3.7111358642578125,,
final,535,cf_10912,latent,self,4,False,3.7111358642578125,,
final,535,cf_10912,latent,self,5,False,3.7111358642578125,,
final,535,cf_10912,latent,self,6,False,3.7111358642578125,,
final,535,cf_10912,latent,self,7,False,3.7111358642578125,,
final,535,cf_10912,latent,self,8,False,3.7111358642578125,,
final,535,cf_10912,latent,self,9,False,3.7111358642578125,,
final,535,cf_10912,latent,self,10,False,3.7111358642578125,,
final,535,cf_10912,latent,self,11,False,3.7111358642578125,,
final,535,cf_10912,latent,self,12,False,3.7111358642578125,,
final,535,cf_10912,latent,self,13,False,3.7111358642578125,,
final,535,cf_10912,latent,self,14,False,3.7111358642578125,,
final,535,cf_10912,latent,self,15,False,3.7111358642578125,,
final,535,cf_10912,latent,self,16,False,3.7111358642578125,,
final,535,cf_10912,latent,self,17,False,3.7111358642578125,,
final,535,cf_10912,latent,self,18,False,3.7111358642578125,,
final,535,cf_10912,latent,self,19,False,3.7111358642578125,,
final,535,cf_10912,latent,self,20,False,3.7111358642578125,,
final,535,cf_10912,latent,self,21,False,3.7111358642578125,,
final,535,cf_10912,latent,self,22,False,3.7111358642578125,,
final,535,cf_10912,latent,self,23,False,3.7111358642578125,,
final,535,cf_10912,latent,self,24,False,3.5476646423339844,,
final,535,cf_10912,latent,self,-1,False,,,0.0
final,535,cf_9653,latent,self,0,False,1.7127313613891602,,
final,535,cf_9653,latent,self,1,False,1.7127313613891602,,
final,535,cf_9653,latent,self,2,False,1.7127313613891602,,
final,535,cf_9653,latent,self,3,False,1.7127313613891602,,
final,535,cf_9653,latent,self,4,False,1.7127313613891602,,
final,535,cf_9653,latent,self,5,False,1.7127313613891602,,
final,535,cf_9653,latent,self,6,False,1.7127313613891602,,
final,535,cf_9653,latent,self,7,False,1.7127313613891602,,
final,535,cf_9653,latent,self,8,False,1.7127313613891602,,
final,535,cf_9653,latent,self,9,False,1.7127313613891602,,
final,535,cf_9653,latent,self,10,False,1.7127313613891602,,
final,535,cf_9653,latent,self,11,False,1.7127313613891602,,
final,535,cf_9653,latent,self,12,False,1.7127313613891602,,
final,535,cf_9653,latent,self,13,False,1.7127313613891602,,
final,535,cf_9653,latent,self,14,False,1.7127313613891602,,
final,535,cf_9653,latent,self,15,False,1.7127313613891602,,
final,535,cf_9653,latent,self,16,False,1.7127313613891602,,
final,535,cf_9653,latent,self,17,False,1.7127313613891602,,
final,535,cf_9653,latent,self,18,False,1.7127313613891602,,
final,535,cf_9653,latent,self,19,False,1.7127313613891602,,
final,535,cf_9653,latent,self,20,False,1.7127313613891602,,
final,535,cf_9653,latent,self,21,False,1.7127313613891602,,
final,535,cf_9653,latent,self,22,False,1.7127313613891602,,
final,535,cf_9653,latent,self,23,False,1.7127313613891602,,
final,535,cf_9653,latent,self,24,False,1.6738710403442383,,
final,535,cf_9653,latent,self,-1,False,,,0.0
final,535,cf_12664,latent,self,0,False,2.254749298095703,,
final,535,cf_12664,latent,self,1,False,2.254749298095703,,
final,535,cf_12664,latent,self,2,False,2.254749298095703,,
final,535,cf_12664,latent,self,3,False,2.254749298095703,,
final,535,cf_12664,latent,self,4,False,2.254749298095703,,
final,535,cf_12664,latent,self,5,False,2.254749298095703,,
final,535,cf_12664,latent,self,6,False,2.254749298095703,,
final,535,cf_12664,latent,self,7,False,2.254749298095703,,
final,535,cf_12664,latent,self,8,False,2.254749298095703,,
final,535,cf_12664,latent,self,9,False,2.254749298095703,,
final,535,cf_12664,latent,self,10,False,2.254749298095703,,
final,535,cf_12664,latent,self,11,False,2.254749298095703,,
final,535,cf_12664,latent,self,12,False,2.254749298095703,,
final,535,cf_12664,latent,self,13,False,2.254749298095703,,
final,535,cf_12664,latent,self,14,False,2.254749298095703,,
final,535,cf_12664,latent,self,15,False,2.254749298095703,,
final,535,cf_12664,latent,self,16,False,2.254749298095703,,
final,535,cf_12664,latent,self,17,False,2.254749298095703,,
final,535,cf_12664,latent,self,18,False,2.254749298095703,,
final,535,cf_12664,latent,self,19,False,2.254749298095703,,
final,535,cf_12664,latent,self,20,False,2.254749298095703,,
final,535,cf_12664,latent,self,21,False,2.254749298095703,,
final,535,cf_12664,latent,self,22,False,2.254749298095703,,
final,535,cf_12664,latent,self,23,False,2.254749298095703,,
final,535,cf_12664,latent,self,24,False,2.3047542572021484,,
final,535,cf_12664,latent,self,-1,False,,,0.0
final,535,cf_16015,latent,mismatched,0,False,6.306522369384766,,
final,535,cf_16015,latent,mismatched,1,False,-5.40482234954834,,
final,535,cf_16015,latent,mismatched,2,False,-5.26200008392334,,
final,535,cf_16015,latent,mismatched,3,False,-5.234021186828613,,
final,535,cf_16015,latent,mismatched,4,False,-5.563023567199707,,
final,535,cf_16015,latent,mismatched,5,False,-5.881324768066406,,
final,535,cf_16015,latent,mismatched,6,False,-6.329421520233154,,
final,535,cf_16015,latent,mismatched,7,False,-6.538528919219971,,
final,535,cf_16015,latent,mismatched,8,False,-6.610201835632324,,
final,535,cf_16015,latent,mismatched,9,False,-6.590901851654053,,
final,535,cf_16015,latent,mismatched,10,False,-6.884504795074463,,
final,535,cf_16015,latent,mismatched,11,False,-7.244423866271973,,
final,535,cf_16015,latent,mismatched,12,False,-7.357767581939697,,
final,535,cf_16015,latent,mismatched,13,False,-8.02560806274414,,
final,535,cf_16015,latent,mismatched,14,False,-8.579960823059082,,
final,535,cf_16015,latent,mismatched,15,False,-8.822654724121094,,
final,535,cf_16015,latent,mismatched,16,False,-9.24400520324707,,
final,535,cf_16015,latent,mismatched,17,False,-9.297819137573242,,
final,535,cf_16015,latent,mismatched,18,False,-10.210267066955566,,
final,535,cf_16015,latent,mismatched,19,False,-8.481278419494629,,
final,535,cf_16015,latent,mismatched,20,False,-8.006574630737305,,
final,535,cf_16015,latent,mismatched,21,False,-7.1692657470703125,,
final,535,cf_16015,latent,mismatched,22,False,-6.186275959014893,,
final,535,cf_16015,latent,mismatched,23,False,-5.836254596710205,,
final,535,cf_16015,latent,mismatched,24,False,-4.957111358642578,,
final,535,cf_16015,latent,mismatched,-1,False,,,0.0
final,535,cf_3911,latent,mismatched,0,False,3.473115921020508,,
final,535,cf_3911,latent,mismatched,1,False,0.26523685455322266,,
final,535,cf_3911,latent,mismatched,2,False,0.5406265258789062,,
final,535,cf_3911,latent,mismatched,3,False,0.5112571716308594,,
final,535,cf_3911,latent,mismatched,4,False,0.7013564109802246,,
final,535,cf_3911,latent,mismatched,5,False,0.8414387702941895,,
final,535,cf_3911,latent,mismatched,6,False,1.1672172546386719,,
final,535,cf_3911,latent,mismatched,7,False,1.2690162658691406,,
final,535,cf_3911,latent,mismatched,8,False,1.418811321258545,,
final,535,cf_3911,latent,mismatched,9,False,1.4942293167114258,,
final,535,cf_3911,latent,mismatched,10,False,1.3802251815795898,,
final,535,cf_3911,latent,mismatched,11,False,1.089223861694336,,
final,535,cf_3911,latent,mismatched,12,False,0.6311042308807373,,
final,535,cf_3911,latent,mismatched,13,False,-0.3461036682128906,,
final,535,cf_3911,latent,mismatched,14,False,-0.43111443519592285,,
final,535,cf_3911,latent,mismatched,15,False,-1.107520580291748,,
final,535,cf_3911,latent,mismatched,16,False,-0.8016369342803955,,
final,535,cf_3911,latent,mismatched,17,False,-0.4871852397918701,,
final,535,cf_3911,latent,mismatched,18,False,-1.017016887664795,,
final,535,cf_3911,latent,mismatched,19,False,-0.5222516059875488,,
final,535,cf_3911,latent,mismatched,20,False,-1.5035593509674072,,
final,535,cf_3911,latent,mismatched,21,False,-1.696096420288086,,
final,535,cf_3911,latent,mismatched,22,False,-1.8394405841827393,,
final,535,cf_3911,latent,mismatched,23,False,-2.3771448135375977,,
final,535,cf_3911,latent,mismatched,24,False,-2.5220561027526855,,
final,535,cf_3911,latent,mismatched,-1,False,,,0.0
final,535,cf_14820,latent,mismatched,0,False,7.034763336181641,,
final,535,cf_14820,latent,mismatched,1,False,5.11767053604126,,
final,535,cf_14820,latent,mismatched,2,False,5.48784065246582,,
final,535,cf_14820,latent,mismatched,3,False,5.4107584953308105,,
final,535,cf_14820,latent,mismatched,4,False,5.463141441345215,,
final,535,cf_14820,latent,mismatched,5,False,5.530754089355469,,
final,535,cf_14820,latent,mismatched,6,False,6.095499515533447,,
final,535,cf_14820,latent,mismatched,7,False,6.436206817626953,,
final,535,cf_14820,latent,mismatched,8,False,6.6400837898254395,,
final,535,cf_14820,latent,mismatched,9,False,7.475672245025635,,
final,535,cf_14820,latent,mismatched,10,False,7.893975257873535,,
final,535,cf_14820,latent,mismatched,11,False,8.442794799804688,,
final,535,cf_14820,latent,mismatched,12,False,9.083819389343262,,
final,535,cf_14820,latent,mismatched,13,False,9.935044288635254,,
final,535,cf_14820,latent,mismatched,14,False,10.760972023010254,,
final,535,cf_14820,latent,mismatched,15,False,11.142388343811035,,
final,535,cf_14820,latent,mismatched,16,False,11.715472221374512,,
final,535,cf_14820,latent,mismatched,17,False,12.68869400024414,,
final,535,cf_14820,latent,mismatched,18,False,13.686344146728516,,
final,535,cf_14820,latent,mismatched,19,False,14.769708633422852,,
final,535,cf_14820,latent,mismatched,20,False,14.337807655334473,,
final,535,cf_14820,latent,mismatched,21,False,15.456178665161133,,
final,535,cf_14820,latent,mismatched,22,False,15.542737007141113,,
final,535,cf_14820,latent,mismatched,23,False,14.251646041870117,,
final,535,cf_14820,latent,mismatched,24,False,14.882399559020996,,
final,535,cf_14820,latent,mismatched,-1,False,,,0.0
final,535,cf_457,latent,mismatched,0,False,-2.9760055541992188,,
final,535,cf_457,latent,mismatched,1,False,-5.695646286010742,,
final,535,cf_457,latent,mismatched,2,False,-5.421605110168457,,
final,535,cf_457,latent,mismatched,3,False,-5.423464775085449,,
final,535,cf_457,latent,mismatched,4,False,-5.235588073730469,,
final,535,cf_457,latent,mismatched,5,False,-5.256622314453125,,
final,535,cf_457,latent,mismatched,6,False,-5.201647758483887,,
final,535,cf_457,latent,mismatched,7,False,-5.187227249145508,,
final,535,cf_457,latent,mismatched,8,False,-4.743154525756836,,
final,535,cf_457,latent,mismatched,9,False,-5.075044631958008,,
final,535,cf_457,latent,mismatched,10,False,-5.329912185668945,,
final,535,cf_457,latent,mismatched,11,False,-6.0371246337890625,,
final,535,cf_457,latent,mismatched,12,False,-6.485232353210449,,
final,535,cf_457,latent,mismatched,13,False,-7.413887023925781,,
final,535,cf_457,latent,mismatched,14,False,-8.306700706481934,,
final,535,cf_457,latent,mismatched,15,False,-8.5820894241333,,
final,535,cf_457,latent,mismatched,16,False,-8.406074523925781,,
final,535,cf_457,latent,mismatched,17,False,-8.75857925415039,,
final,535,cf_457,latent,mismatched,18,False,-9.338484764099121,,
final,535,cf_457,latent,mismatched,19,False,-9.786576271057129,,
final,535,cf_457,latent,mismatched,20,False,-9.735644340515137,,
final,535,cf_457,latent,mismatched,21,False,-9.257484436035156,,
final,535,cf_457,latent,mismatched,22,False,-9.000443458557129,,
final,535,cf_457,latent,mismatched,23,False,-9.398233413696289,,
final,535,cf_457,latent,mismatched,24,False,-10.131095886230469,,
final,535,cf_457,latent,mismatched,-1,False,,,
final,535,cf_10852,latent,mismatched,0,False,2.080596923828125,,
final,535,cf_10852,latent,mismatched,1,False,-0.8257808685302734,,
final,535,cf_10852,latent,mismatched,2,False,-1.0047607421875,,
final,535,cf_10852,latent,mismatched,3,False,-0.9675445556640625,,
final,535,cf_10852,latent,mismatched,4,False,-1.0380687713623047,,
final,535,cf_10852,latent,mismatched,5,False,-0.9610099792480469,,
final,535,cf_10852,latent,mismatched,6,False,-1.3803215026855469,,
final,535,cf_10852,latent,mismatched,7,False,-1.4938907623291016,,
final,535,cf_10852,latent,mismatched,8,False,-1.577667236328125,,
final,535,cf_10852,latent,mismatched,9,False,-1.5673103332519531,,
final,535,cf_10852,latent,mismatched,10,False,-1.5348033905029297,,
final,535,cf_10852,latent,mismatched,11,False,-1.43157958984375,,
final,535,cf_10852,latent,mismatched,12,False,-1.5029716491699219,,
final,535,cf_10852,latent,mismatched,13,False,-1.349334716796875,,
final,535,cf_10852,latent,mismatched,14,False,-1.3047847747802734,,
final,535,cf_10852,latent,mismatched,15,False,-1.6306228637695312,,
final,535,cf_10852,latent,mismatched,16,False,-1.5506668090820312,,
final,535,cf_10852,latent,mismatched,17,False,-2.0006837844848633,,
final,535,cf_10852,latent,mismatched,18,False,-2.063404083251953,,
final,535,cf_10852,latent,mismatched,19,False,-2.340712547302246,,
final,535,cf_10852,latent,mismatched,20,False,-2.6575279235839844,,
final,535,cf_10852,latent,mismatched,21,False,-1.1356096267700195,,
final,535,cf_10852,latent,mismatched,22,False,-1.2136240005493164,,
final,535,cf_10852,latent,mismatched,23,False,-0.760706901550293,,
final,535,cf_10852,latent,mismatched,24,False,-0.11378288269042969,,
final,535,cf_10852,latent,mismatched,-1,False,,,0.0
final,535,cf_14210,latent,mismatched,0,False,4.082742691040039,,
final,535,cf_14210,latent,mismatched,1,False,-0.549401044845581,,
final,535,cf_14210,latent,mismatched,2,False,-0.7627763748168945,,
final,535,cf_14210,latent,mismatched,3,False,-0.8810164928436279,,
final,535,cf_14210,latent,mismatched,4,False,-0.9333407878875732,,
final,535,cf_14210,latent,mismatched,5,False,-0.8769500255584717,,
final,535,cf_14210,latent,mismatched,6,False,-1.0490002632141113,,
final,535,cf_14210,latent,mismatched,7,False,-1.0802147388458252,,
final,535,cf_14210,latent,mismatched,8,False,-1.100886344909668,,
final,535,cf_14210,latent,mismatched,9,False,-0.8746159076690674,,
final,535,cf_14210,latent,mismatched,10,False,-1.173753023147583,,
final,535,cf_14210,latent,mismatched,11,False,-1.293788194656372,,
final,535,cf_14210,latent,mismatched,12,False,-1.4651939868927002,,
final,535,cf_14210,latent,mismatched,13,False,-1.2778271436691284,,
final,535,cf_14210,latent,mismatched,14,False,-1.170540452003479,,
final,535,cf_14210,latent,mismatched,15,False,-1.1892883777618408,,
final,535,cf_14210,latent,mismatched,16,False,-1.3198063373565674,,
final,535,cf_14210,latent,mismatched,17,False,-1.6203252077102661,,
final,535,cf_14210,latent,mismatched,18,False,-1.888258934020996,,
final,535,cf_14210,latent,mismatched,19,False,-1.4160553216934204,,
final,535,cf_14210,latent,mismatched,20,False,-1.0745075941085815,,
final,535,cf_14210,latent,mismatched,21,False,-1.5658915042877197,,
final,535,cf_14210,latent,mismatched,22,False,-2.053278684616089,,
final,535,cf_14210,latent,mismatched,23,False,-1.3724377155303955,,
final,535,cf_14210,latent,mismatched,24,False,-2.0161073207855225,,
final,535,cf_14210,latent,mismatched,-1,False,,,0.0
final,535,cf_10914,latent,mismatched,0,False,1.729604721069336,,
final,535,cf_10914,latent,mismatched,1,False,0.7113962173461914,,
final,535,cf_10914,latent,mismatched,2,False,0.7761039733886719,,
final,535,cf_10914,latent,mismatched,3,False,0.6440296173095703,,
final,535,cf_10914,latent,mismatched,4,False,0.3959054946899414,,
final,535,cf_10914,latent,mismatched,5,False,0.38269805908203125,,
final,535,cf_10914,latent,mismatched,6,False,0.37652015686035156,,
final,535,cf_10914,latent,mismatched,7,False,0.47334861755371094,,
final,535,cf_10914,latent,mismatched,8,False,0.48221778869628906,,
final,535,cf_10914,latent,mismatched,9,False,0.7596187591552734,,
final,535,cf_10914,latent,mismatched,10,False,0.6861352920532227,,
final,535,cf_10914,latent,mismatched,11,False,0.8860206604003906,,
final,535,cf_10914,latent,mismatched,12,False,0.8997068405151367,,
final,535,cf_10914,latent,mismatched,13,False,1.1346960067749023,,
final,535,cf_10914,latent,mismatched,14,False,2.043884754180908,,
final,535,cf_10914,latent,mismatched,15,False,2.3805532455444336,,
final,535,cf_10914,latent,mismatched,16,False,2.812906265258789,,
final,535,cf_10914,latent,mismatched,17,False,2.762843132019043,,
final,535,cf_10914,latent,mismatched,18,False,2.950643539428711,,
final,535,cf_10914,latent,mismatched,19,False,3.0215983390808105,,
final,535,cf_10914,latent,mismatched,20,False,2.4586827754974365,,
final,535,cf_10914,latent,mismatched,21,False,1.5470492839813232,,
final,535,cf_10914,latent,mismatched,22,False,2.5631771087646484,,
final,535,cf_10914,latent,mismatched,23,False,2.3629977703094482,,
final,535,cf_10914,latent,mismatched,24,False,2.123180389404297,,
final,535,cf_10914,latent,mismatched,-1,False,,,0.0
final,535,cf_7593,latent,mismatched,0,False,2.6617002487182617,,
final,535,cf_7593,latent,mismatched,1,False,2.707848072052002,,
final,535,cf_7593,latent,mismatched,2,False,3.0492467880249023,,
final,535,cf_7593,latent,mismatched,3,False,3.161264181137085,,
final,535,cf_7593,latent,mismatched,4,False,3.452089309692383,,
final,535,cf_7593,latent,mismatched,5,False,3.2662956714630127,,
final,535,cf_7593,latent,mismatched,6,False,3.080183267593384,,
final,535,cf_7593,latent,mismatched,7,False,3.0087363719940186,,
final,535,cf_7593,latent,mismatched,8,False,2.7739500999450684,,
final,535,cf_7593,latent,mismatched,9,False,2.737165927886963,,
final,535,cf_7593,latent,mismatched,10,False,2.320618152618408,,
final,535,cf_7593,latent,mismatched,11,False,2.1145801544189453,,
final,535,cf_7593,latent,mismatched,12,False,1.97467041015625,,
final,535,cf_7593,latent,mismatched,13,False,1.8434560298919678,,
final,535,cf_7593,latent,mismatched,14,False,2.014235258102417,,
final,535,cf_7593,latent,mismatched,15,False,1.8358473777770996,,
final,535,cf_7593,latent,mismatched,16,False,1.7939751148223877,,
final,535,cf_7593,latent,mismatched,17,False,1.808656930923462,,
final,535,cf_7593,latent,mismatched,18,False,2.2067298889160156,,
final,535,cf_7593,latent,mismatched,19,False,1.9452927112579346,,
final,535,cf_7593,latent,mismatched,20,False,2.5203540325164795,,
final,535,cf_7593,latent,mismatched,21,False,1.8675689697265625,,
final,535,cf_7593,latent,mismatched,22,False,1.84391450881958,,
final,535,cf_7593,latent,mismatched,23,False,1.261885404586792,,
final,535,cf_7593,latent,mismatched,24,False,0.3977642059326172,,
final,535,cf_7593,latent,mismatched,-1,False,,,0.0
final,535,cf_9589,latent,mismatched,0,False,0.05640602111816406,,
final,535,cf_9589,latent,mismatched,1,False,0.5942878723144531,,
final,535,cf_9589,latent,mismatched,2,False,0.8242673873901367,,
final,535,cf_9589,latent,mismatched,3,False,0.8231515884399414,,
final,535,cf_9589,latent,mismatched,4,False,0.7182016372680664,,
final,535,cf_9589,latent,mismatched,5,False,0.6199684143066406,,
final,535,cf_9589,latent,mismatched,6,False,0.4554767608642578,,
final,535,cf_9589,latent,mismatched,7,False,0.24439239501953125,,
final,535,cf_9589,latent,mismatched,8,False,0.3876457214355469,,
final,535,cf_9589,latent,mismatched,9,False,0.022108078002929688,,
final,535,cf_9589,latent,mismatched,10,False,-0.18775653839111328,,
final,535,cf_9589,latent,mismatched,11,False,-0.38568878173828125,,
final,535,cf_9589,latent,mismatched,12,False,-0.28888893127441406,,
final,535,cf_9589,latent,mismatched,13,False,-0.6807432174682617,,
final,535,cf_9589,latent,mismatched,14,False,-0.9978294372558594,,
final,535,cf_9589,latent,mismatched,15,False,-1.1473870277404785,,
final,535,cf_9589,latent,mismatched,16,False,-1.5640732049942017,,
final,535,cf_9589,latent,mismatched,17,False,-1.6697804927825928,,
final,535,cf_9589,latent,mismatched,18,False,-1.5275052785873413,,
final,535,cf_9589,latent,mismatched,19,False,-2.034295082092285,,
final,535,cf_9589,latent,mismatched,20,False,-1.6254370212554932,,
final,535,cf_9589,latent,mismatched,21,False,-2.458329916000366,,
final,535,cf_9589,latent,mismatched,22,False,-1.5004961490631104,,
final,535,cf_9589,latent,mismatched,23,False,-1.2065918445587158,,
final,535,cf_9589,latent,mismatched,24,False,-1.623206377029419,,
final,535,cf_9589,latent,mismatched,-1,False,,,0.0
final,535,cf_17430,latent,mismatched,0,False,4.754612922668457,,
final,535,cf_17430,latent,mismatched,1,False,2.7562789916992188,,
final,535,cf_17430,latent,mismatched,2,False,2.5946507453918457,,
final,535,cf_17430,latent,mismatched,3,False,2.7484207153320312,,
final,535,cf_17430,latent,mismatched,4,False,3.4834470748901367,,
final,535,cf_17430,latent,mismatched,5,False,3.744302272796631,,
final,535,cf_17430,latent,mismatched,6,False,3.751192569732666,,
final,535,cf_17430,latent,mismatched,7,False,3.6587657928466797,,
final,535,cf_17430,latent,mismatched,8,False,3.4420390129089355,,
final,535,cf_17430,latent,mismatched,9,False,3.325253963470459,,
final,535,cf_17430,latent,mismatched,10,False,3.0735764503479004,,
final,535,cf_17430,latent,mismatched,11,False,2.9438257217407227,,
final,535,cf_17430,latent,mismatched,12,False,2.991720199584961,,
final,535,cf_17430,latent,mismatched,13,False,2.835578680038452,,
final,535,cf_17430,latent,mismatched,14,False,2.8856277465820312,,
final,535,cf_17430,latent,mismatched,15,False,3.0941452980041504,,
final,535,cf_17430,latent,mismatched,16,False,3.0630035400390625,,
final,535,cf_17430,latent,mismatched,17,False,3.595808982849121,,
final,535,cf_17430,latent,mismatched,18,False,3.743321657180786,,
final,535,cf_17430,latent,mismatched,19,False,4.178167819976807,,
final,535,cf_17430,latent,mismatched,20,False,4.985085487365723,,
final,535,cf_17430,latent,mismatched,21,False,3.7719759941101074,,
final,535,cf_17430,latent,mismatched,22,False,2.372100353240967,,
final,535,cf_17430,latent,mismatched,23,False,2.395252227783203,,
final,535,cf_17430,latent,mismatched,24,False,1.174795150756836,,
final,535,cf_17430,latent,mismatched,-1,False,,,0.0
final,535,cf_10912,latent,mismatched,0,False,3.7111358642578125,,
final,535,cf_10912,latent,mismatched,1,False,-3.033367156982422,,
final,535,cf_10912,latent,mismatched,2,False,-2.8142566680908203,,
final,535,cf_10912,latent,mismatched,3,False,-2.4594364166259766,,
final,535,cf_10912,latent,mismatched,4,False,-2.4379348754882812,,
final,535,cf_10912,latent,mismatched,5,False,-2.7055835723876953,,
final,535,cf_10912,latent,mismatched,6,False,-2.753997802734375,,
final,535,cf_10912,latent,mismatched,7,False,-2.667530059814453,,
final,535,cf_10912,latent,mismatched,8,False,-2.7038726806640625,,
final,535,cf_10912,latent,mismatched,9,False,-2.668527603149414,,
final,535,cf_10912,latent,mismatched,10,False,-2.929931640625,,
final,535,cf_10912,latent,mismatched,11,False,-3.374227523803711,,
final,535,cf_10912,latent,mismatched,12,False,-3.848834991455078,,
final,535,cf_10912,latent,mismatched,13,False,-4.4271697998046875,,
final,535,cf_10912,latent,mismatched,14,False,-4.883962631225586,,
final,535,cf_10912,latent,mismatched,15,False,-5.588409423828125,,
final,535,cf_10912,latent,mismatched,16,False,-6.711831092834473,,
final,535,cf_10912,latent,mismatched,17,False,-7.117098808288574,,
final,535,cf_10912,latent,mismatched,18,False,-6.668953895568848,,
final,535,cf_10912,latent,mismatched,19,False,-6.1657514572143555,,
final,535,cf_10912,latent,mismatched,20,False,-6.389171600341797,,
final,535,cf_10912,latent,mismatched,21,False,-6.41788387298584,,
final,535,cf_10912,latent,mismatched,22,False,-6.49466609954834,,
final,535,cf_10912,latent,mismatched,23,False,-5.978519439697266,,
final,535,cf_10912,latent,mismatched,24,False,-4.86149787902832,,
final,535,cf_10912,latent,mismatched,-1,False,,,0.0
final,535,cf_18360,latent,self,0,False,6.834830284118652,,
final,535,cf_18360,latent,self,1,False,6.834830284118652,,
final,535,cf_18360,latent,self,2,False,6.834830284118652,,
final,535,cf_18360,latent,self,3,False,6.834830284118652,,
final,535,cf_18360,latent,self,4,False,6.834830284118652,,
final,535,cf_18360,latent,self,5,False,6.834830284118652,,
final,535,cf_18360,latent,self,6,False,6.834830284118652,,
final,535,cf_18360,latent,self,7,False,6.834830284118652,,
final,535,cf_18360,latent,self,8,False,6.834830284118652,,
final,535,cf_18360,latent,self,9,False,6.834830284118652,,
final,535,cf_18360,latent,self,10,False,6.834830284118652,,
final,535,cf_18360,latent,self,11,False,6.834830284118652,,
final,535,cf_18360,latent,self,12,False,6.834830284118652,,
final,535,cf_18360,latent,self,13,False,6.834830284118652,,
final,535,cf_18360,latent,self,14,False,6.834830284118652,,
final,535,cf_18360,latent,self,15,False,6.834830284118652,,
final,535,cf_18360,latent,self,16,False,6.834830284118652,,
final,535,cf_18360,latent,self,17,False,6.834830284118652,,
final,535,cf_18360,latent,self,18,False,6.834830284118652,,
final,535,cf_18360,latent,self,19,False,6.834830284118652,,
final,535,cf_18360,latent,self,20,False,6.834830284118652,,
final,535,cf_18360,latent,self,21,False,6.834830284118652,,
final,535,cf_18360,latent,self,22,False,6.834830284118652,,
final,535,cf_18360,latent,self,23,False,6.834830284118652,,
final,535,cf_18360,latent,self,24,False,7.199109077453613,,
final,535,cf_18360,latent,self,-1,False,,,0.0
final,535,cf_5407,latent,self,0,False,4.237634658813477,,
final,535,cf_5407,latent,self,1,False,4.237634658813477,,
final,535,cf_5407,latent,self,2,False,4.237634658813477,,
final,535,cf_5407,latent,self,3,False,4.237634658813477,,
final,535,cf_5407,latent,self,4,False,4.237634658813477,,
final,535,cf_5407,latent,self,5,False,4.237634658813477,,
final,535,cf_5407,latent,self,6,False,4.237634658813477,,
final,535,cf_5407,latent,self,7,False,4.237634658813477,,
final,535,cf_5407,latent,self,8,False,4.237634658813477,,
final,535,cf_5407,latent,self,9,False,4.237634658813477,,
final,535,cf_5407,latent,self,10,False,4.237634658813477,,
final,535,cf_5407,latent,self,11,False,4.237634658813477,,
final,535,cf_5407,latent,self,12,False,4.237634658813477,,
final,535,cf_5407,latent,self,13,False,4.237634658813477,,
final,535,cf_5407,latent,self,14,False,4.237634658813477,,
final,535,cf_5407,latent,self,15,False,4.237634658813477,,
final,535,cf_5407,latent,self,16,False,4.237634658813477,,
final,535,cf_5407,latent,self,17,False,4.237634658813477,,
final,535,cf_5407,latent,self,18,False,4.237634658813477,,
final,535,cf_5407,latent,self,19,False,4.237634658813477,,
final,535,cf_5407,latent,self,20,False,4.237634658813477,,
final,535,cf_5407,latent,self,21,False,4.237634658813477,,
final,535,cf_5407,latent,self,22,False,4.237634658813477,,
final,535,cf_5407,latent,self,23,False,4.237634658813477,,
final,535,cf_5407,latent,self,24,False,4.229004859924316,,
final,535,cf_5407,latent,self,-1,False,,,0.0
final,535,cf_2129,latent,self,0,False,4.298952102661133,,
final,535,cf_2129,latent,self,1,False,4.298952102661133,,
final,535,cf_2129,latent,self,2,False,4.298952102661133,,
final,535,cf_2129,latent,self,3,False,4.298952102661133,,
final,535,cf_2129,latent,self,4,False,4.298952102661133,,
final,535,cf_2129,latent,self,5,False,4.298952102661133,,
final,535,cf_2129,latent,self,6,False,4.298952102661133,,
final,535,cf_2129,latent,self,7,False,4.298952102661133,,
final,535,cf_2129,latent,self,8,False,4.298952102661133,,
final,535,cf_2129,latent,self,9,False,4.298952102661133,,
final,535,cf_2129,latent,self,10,False,4.298952102661133,,
final,535,cf_2129,latent,self,11,False,4.298952102661133,,
final,535,cf_2129,latent,self,12,False,4.298952102661133,,
final,535,cf_2129,latent,self,13,False,4.298952102661133,,
final,535,cf_2129,latent,self,14,False,4.298952102661133,,
final,535,cf_2129,latent,self,15,False,4.298952102661133,,
final,535,cf_2129,latent,self,16,False,4.298952102661133,,
final,535,cf_2129,latent,self,17,False,4.298952102661133,,
final,535,cf_2129,latent,self,18,False,4.298952102661133,,
final,535,cf_2129,latent,self,19,False,4.298952102661133,,
final,535,cf_2129,latent,self,20,False,4.298952102661133,,
final,535,cf_2129,latent,self,21,False,4.298952102661133,,
final,535,cf_2129,latent,self,22,False,4.298952102661133,,
final,535,cf_2129,latent,self,23,False,4.298952102661133,,
final,535,cf_2129,latent,self,24,False,4.141519546508789,,
final,535,cf_2129,latent,self,-1,False,,,0.0
final,535,cf_3305,latent,self,0,False,-3.0347862243652344,,
final,535,cf_3305,latent,self,1,False,-3.0347862243652344,,
final,535,cf_3305,latent,self,2,False,-3.0347862243652344,,
final,535,cf_3305,latent,self,3,False,-3.0347862243652344,,
final,535,cf_3305,latent,self,4,False,-3.0347862243652344,,
final,535,cf_3305,latent,self,5,False,-3.0347862243652344,,
final,535,cf_3305,latent,self,6,False,-3.0347862243652344,,
final,535,cf_3305,latent,self,7,False,-3.0347862243652344,,
final,535,cf_3305,latent,self,8,False,-3.0347862243652344,,
final,535,cf_3305,latent,self,9,False,-3.0347862243652344,,
final,535,cf_3305,latent,self,10,False,-3.0347862243652344,,
final,535,cf_3305,latent,self,11,False,-3.0347862243652344,,
final,535,cf_3305,latent,self,12,False,-3.0347862243652344,,
final,535,cf_3305,latent,self,13,False,-3.0347862243652344,,
final,535,cf_3305,latent,self,14,False,-3.0347862243652344,,
final,535,cf_3305,latent,self,15,False,-3.0347862243652344,,
final,535,cf_3305,latent,self,16,False,-3.0347862243652344,,
final,535,cf_3305,latent,self,17,False,-3.0347862243652344,,
final,535,cf_3305,latent,self,18,False,-3.0347862243652344,,
final,535,cf_3305,latent,self,19,False,-3.0347862243652344,,
final,535,cf_3305,latent,self,20,False,-3.0347862243652344,,
final,535,cf_3305,latent,self,21,False,-3.0347862243652344,,
final,535,cf_3305,latent,self,22,False,-3.0347862243652344,,
final,535,cf_3305,latent,self,23,False,-3.0347862243652344,,
final,535,cf_3305,latent,self,24,False,-4.14103889465332,,
final,535,cf_3305,latent,self,-1,False,,,
final,535,syn_0,synthetic,self,0,False,-1.9412918090820312,,
final,535,syn_0,synthetic,self,1,False,-1.9412918090820312,,
final,535,syn_0,synthetic,self,2,False,-1.9412918090820312,,
final,535,syn_0,synthetic,self,3,False,-1.9412918090820312,,
final,535,syn_0,synthetic,self,4,False,-1.9412918090820312,,
final,535,syn_0,synthetic,self,5,False,-1.9412918090820312,,
final,535,syn_0,synthetic,self,6,False,-1.9412918090820312,,
final,535,syn_0,synthetic,self,7,False,-1.9412918090820312,,
final,535,syn_0,synthetic,self,8,False,-1.9412918090820312,,
final,535,syn_0,synthetic,self,9,False,-1.9412918090820312,,
final,535,syn_0,synthetic,self,10,False,-1.9412918090820312,,
final,535,syn_0,synthetic,self,11,False,-1.9412918090820312,,
final,535,syn_0,synthetic,self,12,False,-1.9412918090820312,,
final,535,syn_0,synthetic,self,13,False,-1.9412918090820312,,
final,535,syn_0,synthetic,self,14,False,-1.9412918090820312,,
final,535,syn_0,synthetic,self,15,False,-1.9412918090820312,,
final,535,syn_0,synthetic,self,16,False,-1.9412918090820312,,
final,535,syn_0,synthetic,self,17,False,-1.9412918090820312,,
final,535,syn_0,synthetic,self,18,False,-1.9412918090820312,,
final,535,syn_0,synthetic,self,19,False,-1.9412918090820312,,
final,535,syn_0,synthetic,self,20,False,-1.9412918090820312,,
final,535,syn_0,synthetic,self,21,False,-1.9412918090820312,,
final,535,syn_0,synthetic,self,22,False,-1.9412918090820312,,
final,535,syn_0,synthetic,self,23,False,-1.9412918090820312,,
final,535,syn_0,synthetic,self,24,False,-2.19635009765625,,
final,535,syn_0,synthetic,self,-1,False,,,
final,535,syn_1,synthetic,self,0,False,2.1040830612182617,,
final,535,syn_1,synthetic,self,1,False,2.1040830612182617,,
final,535,syn_1,synthetic,self,2,False,2.1040830612182617,,
final,535,syn_1,synthetic,self,3,False,2.1040830612182617,,
final,535,syn_1,synthetic,self,4,False,2.1040830612182617,,
final,535,syn_1,synthetic,self,5,False,2.1040830612182617,,
final,535,syn_1,synthetic,self,6,False,2.1040830612182617,,
final,535,syn_1,synthetic,self,7,False,2.1040830612182617,,
final,535,syn_1,synthetic,self,8,False,2.1040830612182617,,
final,535,syn_1,synthetic,self,9,False,2.1040830612182617,,
final,535,syn_1,synthetic,self,10,False,2.1040830612182617,,
final,535,syn_1,synthetic,self,11,False,2.1040830612182617,,
final,535,syn_1,synthetic,self,12,False,2.1040830612182617,,
final,535,syn_1,synthetic,self,13,False,2.1040830612182617,,
final,535,syn_1,synthetic,self,14,False,2.1040830612182617,,
final,535,syn_1,synthetic,self,15,False,2.1040830612182617,,
final,535,syn_1,synthetic,self,16,False,2.1040830612182617,,
final,535,syn_1,synthetic,self,17,False,2.1040830612182617,,
final,535,syn_1,synthetic,self,18,False,2.1040830612182617,,
final,535,syn_1,synthetic,self,19,False,2.1040830612182617,,
final,535,syn_1,synthetic,self,20,False,2.1040830612182617,,
final,535,syn_1,synthetic,self,21,False,2.1040830612182617,,
final,535,syn_1,synthetic,self,22,False,2.1040830612182617,,
final,535,syn_1,synthetic,self,23,False,2.1040830612182617,,
final,535,syn_1,synthetic,self,24,False,2.230907440185547,,
final,535,syn_1,synthetic,self,-1,False,,,0.0
final,535,syn_70,synthetic,self,0,False,1.7023463249206543,,
final,535,syn_70,synthetic,self,1,False,1.7023463249206543,,
final,535,syn_70,synthetic,self,2,False,1.7023463249206543,,
final,535,syn_70,synthetic,self,3,False,1.7023463249206543,,
final,535,syn_70,synthetic,self,4,False,1.7023463249206543,,
final,535,syn_70,synthetic,self,5,False,1.7023463249206543,,
final,535,syn_70,synthetic,self,6,False,1.7023463249206543,,
final,535,syn_70,synthetic,self,7,False,1.7023463249206543,,
final,535,syn_70,synthetic,self,8,False,1.7023463249206543,,
final,535,syn_70,synthetic,self,9,False,1.7023463249206543,,
final,535,syn_70,synthetic,self,10,False,1.7023463249206543,,
final,535,syn_70,synthetic,self,11,False,1.7023463249206543,,
final,535,syn_70,synthetic,self,12,False,1.7023463249206543,,
final,535,syn_70,synthetic,self,13,False,1.7023463249206543,,
final,535,syn_70,synthetic,self,14,False,1.7023463249206543,,
final,535,syn_70,synthetic,self,15,False,1.7023463249206543,,
final,535,syn_70,synthetic,self,16,False,1.7023463249206543,,
final,535,syn_70,synthetic,self,17,False,1.7023463249206543,,
final,535,syn_70,synthetic,self,18,False,1.7023463249206543,,
final,535,syn_70,synthetic,self,19,False,1.7023463249206543,,
final,535,syn_70,synthetic,self,20,False,1.7023463249206543,,
final,535,syn_70,synthetic,self,21,False,1.7023463249206543,,
final,535,syn_70,synthetic,self,22,False,1.7023463249206543,,
final,535,syn_70,synthetic,self,23,False,1.7023463249206543,,
final,535,syn_70,synthetic,self,24,False,1.698784351348877,,
final,535,syn_70,synthetic,self,-1,False,,,0.0
final,535,syn_71,synthetic,self,0,False,2.738534927368164,,
final,535,syn_71,synthetic,self,1,False,2.738534927368164,,
final,535,syn_71,synthetic,self,2,False,2.738534927368164,,
final,535,syn_71,synthetic,self,3,False,2.738534927368164,,
final,535,syn_71,synthetic,self,4,False,2.738534927368164,,
final,535,syn_71,synthetic,self,5,False,2.738534927368164,,
final,535,syn_71,synthetic,self,6,False,2.738534927368164,,
final,535,syn_71,synthetic,self,7,False,2.738534927368164,,
final,535,syn_71,synthetic,self,8,False,2.738534927368164,,
final,535,syn_71,synthetic,self,9,False,2.738534927368164,,
final,535,syn_71,synthetic,self,10,False,2.738534927368164,,
final,535,syn_71,synthetic,self,11,False,2.738534927368164,,
final,535,syn_71,synthetic,self,12,False,2.738534927368164,,
final,535,syn_71,synthetic,self,13,False,2.738534927368164,,
final,535,syn_71,synthetic,self,14,False,2.738534927368164,,
final,535,syn_71,synthetic,self,15,False,2.738534927368164,,
final,535,syn_71,synthetic,self,16,False,2.738534927368164,,
final,535,syn_71,synthetic,self,17,False,2.738534927368164,,
final,535,syn_71,synthetic,self,18,False,2.738534927368164,,
final,535,syn_71,synthetic,self,19,False,2.738534927368164,,
final,535,syn_71,synthetic,self,20,False,2.738534927368164,,
final,535,syn_71,synthetic,self,21,False,2.738534927368164,,
final,535,syn_71,synthetic,self,22,False,2.738534927368164,,
final,535,syn_71,synthetic,self,23,False,2.738534927368164,,
final,535,syn_71,synthetic,self,24,False,2.4417924880981445,,
final,535,syn_71,synthetic,self,-1,False,,,0.0
final,535,syn_4,synthetic,self,0,False,1.4715166091918945,,
final,535,syn_4,synthetic,self,1,False,1.4715166091918945,,
final,535,syn_4,synthetic,self,2,False,1.4715166091918945,,
final,535,syn_4,synthetic,self,3,False,1.4715166091918945,,
final,535,syn_4,synthetic,self,4,False,1.4715166091918945,,
final,535,syn_4,synthetic,self,5,False,1.4715166091918945,,
final,535,syn_4,synthetic,self,6,False,1.4715166091918945,,
final,535,syn_4,synthetic,self,7,False,1.4715166091918945,,
final,535,syn_4,synthetic,self,8,False,1.4715166091918945,,
final,535,syn_4,synthetic,self,9,False,1.4715166091918945,,
final,535,syn_4,synthetic,self,10,False,1.4715166091918945,,
final,535,syn_4,synthetic,self,11,False,1.4715166091918945,,
final,535,syn_4,synthetic,self,12,False,1.4715166091918945,,
final,535,syn_4,synthetic,self,13,False,1.4715166091918945,,
final,535,syn_4,synthetic,self,14,False,1.4715166091918945,,
final,535,syn_4,synthetic,self,15,False,1.4715166091918945,,
final,535,syn_4,synthetic,self,16,False,1.4715166091918945,,
final,535,syn_4,synthetic,self,17,False,1.4715166091918945,,
final,535,syn_4,synthetic,self,18,False,1.4715166091918945,,
final,535,syn_4,synthetic,self,19,False,1.4715166091918945,,
final,535,syn_4,synthetic,self,20,False,1.4715166091918945,,
final,535,syn_4,synthetic,self,21,False,1.4715166091918945,,
final,535,syn_4,synthetic,self,22,False,1.4715166091918945,,
final,535,syn_4,synthetic,self,23,False,1.4715166091918945,,
final,535,syn_4,synthetic,self,24,False,1.5988903045654297,,
final,535,syn_4,synthetic,self,-1,False,,,0.0
final,535,syn_107,synthetic,self,0,False,0.9795093536376953,,
final,535,syn_107,synthetic,self,1,False,0.9795093536376953,,
final,535,syn_107,synthetic,self,2,False,0.9795093536376953,,
final,535,syn_107,synthetic,self,3,False,0.9795093536376953,,
final,535,syn_107,synthetic,self,4,False,0.9795093536376953,,
final,535,syn_107,synthetic,self,5,False,0.9795093536376953,,
final,535,syn_107,synthetic,self,6,False,0.9795093536376953,,
final,535,syn_107,synthetic,self,7,False,0.9795093536376953,,
final,535,syn_107,synthetic,self,8,False,0.9795093536376953,,
final,535,syn_107,synthetic,self,9,False,0.9795093536376953,,
final,535,syn_107,synthetic,self,10,False,0.9795093536376953,,
final,535,syn_107,synthetic,self,11,False,0.9795093536376953,,
final,535,syn_107,synthetic,self,12,False,0.9795093536376953,,
final,535,syn_107,synthetic,self,13,False,0.9795093536376953,,
final,535,syn_107,synthetic,self,14,False,0.9795093536376953,,
final,535,syn_107,synthetic,self,15,False,0.9795093536376953,,
final,535,syn_107,synthetic,self,16,False,0.9795093536376953,,
final,535,syn_107,synthetic,self,17,False,0.9795093536376953,,
final,535,syn_107,synthetic,self,18,False,0.9795093536376953,,
final,535,syn_107,synthetic,self,19,False,0.9795093536376953,,
final,535,syn_107,synthetic,self,20,False,0.9795093536376953,,
final,535,syn_107,synthetic,self,21,False,0.9795093536376953,,
final,535,syn_107,synthetic,self,22,False,0.9795093536376953,,
final,535,syn_107,synthetic,self,23,False,0.9795093536376953,,
final,535,syn_107,synthetic,self,24,False,1.2533416748046875,,
final,535,syn_107,synthetic,self,-1,False,,,0.0
final,535,syn_108,synthetic,self,0,False,-1.1621341705322266,,
final,535,syn_108,synthetic,self,1,False,-1.1621341705322266,,
final,535,syn_108,synthetic,self,2,False,-1.1621341705322266,,
final,535,syn_108,synthetic,self,3,False,-1.1621341705322266,,
final,535,syn_108,synthetic,self,4,False,-1.1621341705322266,,
final,535,syn_108,synthetic,self,5,False,-1.1621341705322266,,
final,535,syn_108,synthetic,self,6,False,-1.1621341705322266,,
final,535,syn_108,synthetic,self,7,False,-1.1621341705322266,,
final,535,syn_108,synthetic,self,8,False,-1.1621341705322266,,
final,535,syn_108,synthetic,self,9,False,-1.1621341705322266,,
final,535,syn_108,synthetic,self,10,False,-1.1621341705322266,,
final,535,syn_108,synthetic,self,11,False,-1.1621341705322266,,
final,535,syn_108,synthetic,self,12,False,-1.1621341705322266,,
final,535,syn_108,synthetic,self,13,False,-1.1621341705322266,,
final,535,syn_108,synthetic,self,14,False,-1.1621341705322266,,
final,535,syn_108,synthetic,self,15,False,-1.1621341705322266,,
final,535,syn_108,synthetic,self,16,False,-1.1621341705322266,,
final,535,syn_108,synthetic,self,17,False,-1.1621341705322266,,
final,535,syn_108,synthetic,self,18,False,-1.1621341705322266,,
final,535,syn_108,synthetic,self,19,False,-1.1621341705322266,,
final,535,syn_108,synthetic,self,20,False,-1.1621341705322266,,
final,535,syn_108,synthetic,self,21,False,-1.1621341705322266,,
final,535,syn_108,synthetic,self,22,False,-1.1621341705322266,,
final,535,syn_108,synthetic,self,23,False,-1.1621341705322266,,
final,535,syn_108,synthetic,self,24,False,-1.273488998413086,,
final,535,syn_108,synthetic,self,-1,False,,,
final,535,syn_41,synthetic,self,0,False,-2.653898239135742,,
final,535,syn_41,synthetic,self,1,False,-2.653898239135742,,
final,535,syn_41,synthetic,self,2,False,-2.653898239135742,,
final,535,syn_41,synthetic,self,3,False,-2.653898239135742,,
final,535,syn_41,synthetic,self,4,False,-2.653898239135742,,
final,535,syn_41,synthetic,self,5,False,-2.653898239135742,,
final,535,syn_41,synthetic,self,6,False,-2.653898239135742,,
final,535,syn_41,synthetic,self,7,False,-2.653898239135742,,
final,535,syn_41,synthetic,self,8,False,-2.653898239135742,,
final,535,syn_41,synthetic,self,9,False,-2.653898239135742,,
final,535,syn_41,synthetic,self,10,False,-2.653898239135742,,
final,535,syn_41,synthetic,self,11,False,-2.653898239135742,,
final,535,syn_41,synthetic,self,12,False,-2.653898239135742,,
final,535,syn_41,synthetic,self,13,False,-2.653898239135742,,
final,535,syn_41,synthetic,self,14,False,-2.653898239135742,,
final,535,syn_41,synthetic,self,15,False,-2.653898239135742,,
final,535,syn_41,synthetic,self,16,False,-2.653898239135742,,
final,535,syn_41,synthetic,self,17,False,-2.653898239135742,,
final,535,syn_41,synthetic,self,18,False,-2.653898239135742,,
final,535,syn_41,synthetic,self,19,False,-2.653898239135742,,
final,535,syn_41,synthetic,self,20,False,-2.653898239135742,,
final,535,syn_41,synthetic,self,21,False,-2.653898239135742,,
final,535,syn_41,synthetic,self,22,False,-2.653898239135742,,
final,535,syn_41,synthetic,self,23,False,-2.653898239135742,,
final,535,syn_41,synthetic,self,24,False,-2.6443300247192383,,
final,535,syn_41,synthetic,self,-1,False,,,
final,535,syn_8,synthetic,self,0,False,1.1445236206054688,,
final,535,syn_8,synthetic,self,1,False,1.1445236206054688,,
final,535,syn_8,synthetic,self,2,False,1.1445236206054688,,
final,535,syn_8,synthetic,self,3,False,1.1445236206054688,,
final,535,syn_8,synthetic,self,4,False,1.1445236206054688,,
final,535,syn_8,synthetic,self,5,False,1.1445236206054688,,
final,535,syn_8,synthetic,self,6,False,1.1445236206054688,,
final,535,syn_8,synthetic,self,7,False,1.1445236206054688,,
final,535,syn_8,synthetic,self,8,False,1.1445236206054688,,
final,535,syn_8,synthetic,self,9,False,1.1445236206054688,,
final,535,syn_8,synthetic,self,10,False,1.1445236206054688,,
final,535,syn_8,synthetic,self,11,False,1.1445236206054688,,
final,535,syn_8,synthetic,self,12,False,1.1445236206054688,,
final,535,syn_8,synthetic,self,13,False,1.1445236206054688,,
final,535,syn_8,synthetic,self,14,False,1.1445236206054688,,
final,535,syn_8,synthetic,self,15,False,1.1445236206054688,,
final,535,syn_8,synthetic,self,16,False,1.1445236206054688,,
final,535,syn_8,synthetic,self,17,False,1.1445236206054688,,
final,535,syn_8,synthetic,self,18,False,1.1445236206054688,,
final,535,syn_8,synthetic,self,19,False,1.1445236206054688,,
final,535,syn_8,synthetic,self,20,False,1.1445236206054688,,
final,535,syn_8,synthetic,self,21,False,1.1445236206054688,,
final,535,syn_8,synthetic,self,22,False,1.1445236206054688,,
final,535,syn_8,synthetic,self,23,False,1.1445236206054688,,
final,535,syn_8,synthetic,self,24,False,1.014984130859375,,
final,535,syn_8,synthetic,self,-1,False,,,0.0
final,535,syn_111,synthetic,self,0,False,-1.08807373046875,,
final,535,syn_111,synthetic,self,1,False,-1.08807373046875,,
final,535,syn_111,synthetic,self,2,False,-1.08807373046875,,
final,535,syn_111,synthetic,self,3,False,-1.08807373046875,,
final,535,syn_111,synthetic,self,4,False,-1.08807373046875,,
final,535,syn_111,synthetic,self,5,False,-1.08807373046875,,
final,535,syn_111,synthetic,self,6,False,-1.08807373046875,,
final,535,syn_111,synthetic,self,7,False,-1.08807373046875,,
final,535,syn_111,synthetic,self,8,False,-1.08807373046875,,
final,535,syn_111,synthetic,self,9,False,-1.08807373046875,,
final,535,syn_111,synthetic,self,10,False,-1.08807373046875,,
final,535,syn_111,synthetic,self,11,False,-1.08807373046875,,
final,535,syn_111,synthetic,self,12,False,-1.08807373046875,,
final,535,syn_111,synthetic,self,13,False,-1.08807373046875,,
final,535,syn_111,synthetic,self,14,False,-1.08807373046875,,
final,535,syn_111,synthetic,self,15,False,-1.08807373046875,,
final,535,syn_111,synthetic,self,16,False,-1.08807373046875,,
final,535,syn_111,synthetic,self,17,False,-1.08807373046875,,
final,535,syn_111,synthetic,self,18,False,-1.08807373046875,,
final,535,syn_111,synthetic,self,19,False,-1.08807373046875,,
final,535,syn_111,synthetic,self,20,False,-1.08807373046875,,
final,535,syn_111,synthetic,self,21,False,-1.08807373046875,,
final,535,syn_111,synthetic,self,22,False,-1.08807373046875,,
final,535,syn_111,synthetic,self,23,False,-1.08807373046875,,
final,535,syn_111,synthetic,self,24,False,-0.9226980209350586,,
final,535,syn_111,synthetic,self,-1,False,,,
final,535,syn_10,synthetic,self,0,False,-3.609254837036133,,
final,535,syn_10,synthetic,self,1,False,-3.609254837036133,,
final,535,syn_10,synthetic,self,2,False,-3.609254837036133,,
final,535,syn_10,synthetic,self,3,False,-3.609254837036133,,
final,535,syn_10,synthetic,self,4,False,-3.609254837036133,,
final,535,syn_10,synthetic,self,5,False,-3.609254837036133,,
final,535,syn_10,synthetic,self,6,False,-3.609254837036133,,
final,535,syn_10,synthetic,self,7,False,-3.609254837036133,,
final,535,syn_10,synthetic,self,8,False,-3.609254837036133,,
final,535,syn_10,synthetic,self,9,False,-3.609254837036133,,
final,535,syn_10,synthetic,self,10,False,-3.609254837036133,,
final,535,syn_10,synthetic,self,11,False,-3.609254837036133,,
final,535,syn_10,synthetic,self,12,False,-3.609254837036133,,
final,535,syn_10,synthetic,self,13,False,-3.609254837036133,,
final,535,syn_10,synthetic,self,14,False,-3.609254837036133,,
final,535,syn_10,synthetic,self,15,False,-3.609254837036133,,
final,535,syn_10,synthetic,self,16,False,-3.609254837036133,,
final,535,syn_10,synthetic,self,17,False,-3.609254837036133,,
final,535,syn_10,synthetic,self,18,False,-3.609254837036133,,
final,535,syn_10,synthetic,self,19,False,-3.609254837036133,,
final,535,syn_10,synthetic,self,20,False,-3.609254837036133,,
final,535,syn_10,synthetic,self,21,False,-3.609254837036133,,
final,535,syn_10,synthetic,self,22,False,-3.609254837036133,,
final,535,syn_10,synthetic,self,23,False,-3.609254837036133,,
final,535,syn_10,synthetic,self,24,False,-3.829342842102051,,
final,535,syn_10,synthetic,self,-1,False,,,
final,535,syn_11,synthetic,self,0,False,1.1529550552368164,,
final,535,syn_11,synthetic,self,1,False,1.1529550552368164,,
final,535,syn_11,synthetic,self,2,False,1.1529550552368164,,
final,535,syn_11,synthetic,self,3,False,1.1529550552368164,,
final,535,syn_11,synthetic,self,4,False,1.1529550552368164,,
final,535,syn_11,synthetic,self,5,False,1.1529550552368164,,
final,535,syn_11,synthetic,self,6,False,1.1529550552368164,,
final,535,syn_11,synthetic,self,7,False,1.1529550552368164,,
final,535,syn_11,synthetic,self,8,False,1.1529550552368164,,
final,535,syn_11,synthetic,self,9,False,1.1529550552368164,,
final,535,syn_11,synthetic,self,10,False,1.1529550552368164,,
final,535,syn_11,synthetic,self,11,False,1.1529550552368164,,
final,535,syn_11,synthetic,self,12,False,1.1529550552368164,,
final,535,syn_11,synthetic,self,13,False,1.1529550552368164,,
final,535,syn_11,synthetic,self,14,False,1.1529550552368164,,
final,535,syn_11,synthetic,self,15,False,1.1529550552368164,,
final,535,syn_11,synthetic,self,16,False,1.1529550552368164,,
final,535,syn_11,synthetic,self,17,False,1.1529550552368164,,
final,535,syn_11,synthetic,self,18,False,1.1529550552368164,,
final,535,syn_11,synthetic,self,19,False,1.1529550552368164,,
final,535,syn_11,synthetic,self,20,False,1.1529550552368164,,
final,535,syn_11,synthetic,self,21,False,1.1529550552368164,,
final,535,syn_11,synthetic,self,22,False,1.1529550552368164,,
final,535,syn_11,synthetic,self,23,False,1.1529550552368164,,
final,535,syn_11,synthetic,self,24,False,1.3091182708740234,,
final,535,syn_11,synthetic,self,-1,False,,,0.0
final,535,cf_18360,latent,mismatched,0,False,6.834830284118652,,
final,535,cf_18360,latent,mismatched,1,False,2.1171607971191406,,
final,535,cf_18360,latent,mismatched,2,False,2.077601432800293,,
final,535,cf_18360,latent,mismatched,3,False,2.1178321838378906,,
final,535,cf_18360,latent,mismatched,4,False,2.2865257263183594,,
final,535,cf_18360,latent,mismatched,5,False,2.1840591430664062,,
final,535,cf_18360,latent,mismatched,6,False,2.041290283203125,,
final,535,cf_18360,latent,mismatched,7,False,2.030428409576416,,
final,535,cf_18360,latent,mismatched,8,False,2.1427245140075684,,
final,535,cf_18360,latent,mismatched,9,False,2.21311616897583,,
final,535,cf_18360,latent,mismatched,10,False,2.0801472663879395,,
final,535,cf_18360,latent,mismatched,11,False,1.9180293083190918,,
final,535,cf_18360,latent,mismatched,12,False,2.114449977874756,,
final,535,cf_18360,latent,mismatched,13,False,1.341242790222168,,
final,535,cf_18360,latent,mismatched,14,False,1.2096014022827148,,
final,535,cf_18360,latent,mismatched,15,False,1.2269630432128906,,
final,535,cf_18360,latent,mismatched,16,False,1.470961570739746,,
final,535,cf_18360,latent,mismatched,17,False,1.2950665950775146,,
final,535,cf_18360,latent,mismatched,18,False,1.8599169254302979,,
final,535,cf_18360,latent,mismatched,19,False,1.6007170677185059,,
final,535,cf_18360,latent,mismatched,20,False,2.2226295471191406,,
final,535,cf_18360,latent,mismatched,21,False,2.473907470703125,,
final,535,cf_18360,latent,mismatched,22,False,2.064838171005249,,
final,535,cf_18360,latent,mismatched,23,False,2.882009506225586,,
final,535,cf_18360,latent,mismatched,24,False,3.7752645015716553,,
final,535,cf_18360,latent,mismatched,-1,False,,,0.0
final,535,cf_5407,latent,mismatched,0,False,4.237634658813477,,
final,535,cf_5407,latent,mismatched,1,False,-0.9882726669311523,,
final,535,cf_5407,latent,mismatched,2,False,-0.9992160797119141,,
final,535,cf_5407,latent,mismatched,3,False,-0.9713754653930664,,
final,535,cf_5407,latent,mismatched,4,False,-1.1183862686157227,,
final,535,cf_5407,latent,mismatched,5,False,-1.1787176132202148,,
final,535,cf_5407,latent,mismatched,6,False,-1.3098669052124023,,
final,535,cf_5407,latent,mismatched,7,False,-1.2557315826416016,,
final,535,cf_5407,latent,mismatched,8,False,-1.425999641418457,,
final,535,cf_5407,latent,mismatched,9,False,-2.104879379272461,,
final,535,cf_5407,latent,mismatched,10,False,-2.3188629150390625,,
final,535,cf_5407,latent,mismatched,11,False,-2.366779327392578,,
final,535,cf_5407,latent,mismatched,12,False,-2.739879608154297,,
final,535,cf_5407,latent,mismatched,13,False,-3.06622314453125,,
final,535,cf_5407,latent,mismatched,14,False,-3.5114240646362305,,
final,535,cf_5407,latent,mismatched,15,False,-3.833026885986328,,
final,535,cf_5407,latent,mismatched,16,False,-4.618288993835449,,
final,535,cf_5407,latent,mismatched,17,False,-4.557458877563477,,
final,535,cf_5407,latent,mismatched,18,False,-5.091464996337891,,
final,535,cf_5407,latent,mismatched,19,False,-5.462427139282227,,
final,535,cf_5407,latent,mismatched,20,False,-4.912240982055664,,
final,535,cf_5407,latent,mismatched,21,False,-4.686953544616699,,
final,535,cf_5407,latent,mismatched,22,False,-4.81884765625,,
final,535,cf_5407,latent,mismatched,23,False,-4.621801376342773,,
final,535,cf_5407,latent,mismatched,24,False,-3.655074119567871,,
final,535,cf_5407,latent,mismatched,-1,False,,,0.0
final,535,cf_2129,latent,mismatched,0,False,4.298952102661133,,
final,535,cf_2129,latent,mismatched,1,False,-0.022558212280273438,,
final,535,cf_2129,latent,mismatched,2,False,-0.17304515838623047,,
final,535,cf_2129,latent,mismatched,3,False,-0.13173294067382812,,
final,535,cf_2129,latent,mismatched,4,False,-0.016284942626953125,,
final,535,cf_2129,latent,mismatched,5,False,-0.11481666564941406,,
final,535,cf_2129,latent,mismatched,6,False,-0.08221912384033203,,
final,535,cf_2129,latent,mismatched,7,False,0.05903148651123047,,
final,535,cf_2129,latent,mismatched,8,False,-0.08324146270751953,,
final,535,cf_2129,latent,mismatched,9,False,-0.25127220153808594,,
final,535,cf_2129,latent,mismatched,10,False,-0.3170022964477539,,
final,535,cf_2129,latent,mismatched,11,False,-0.5795316696166992,,
final,535,cf_2129,latent,mismatched,12,False,-0.6417016983032227,,
final,535,cf_2129,latent,mismatched,13,False,-0.4666309356689453,,
final,535,cf_2129,latent,mismatched,14,False,-0.6549148559570312,,
final,535,cf_2129,latent,mismatched,15,False,-0.8536510467529297,,
final,535,cf_2129,latent,mismatched,16,False,-0.9430904388427734,,
final,535,cf_2129,latent,mismatched,17,False,-0.7096643447875977,,
final,535,cf_2129,latent,mismatched,18,False,-1.273972511291504,,
final,535,cf_2129,latent,mismatched,19,False,-1.4864091873168945,,
final,535,cf_2129,latent,mismatched,20,False,-0.873870849609375,,
final,535,cf_2129,latent,mismatched,21,False,-1.0274629592895508,,
final,535,cf_2129,latent,mismatched,22,False,-0.914982795715332,,
final,535,cf_2129,latent,mismatched,23,False,-0.860107421875,,
final,535,cf_2129,latent,mismatched,24,False,-1.300126075744629,,
final,535,cf_2129,latent,mismatched,-1,False,,,0.0
final,535,cf_3305,latent,mismatched,0,False,-3.0347862243652344,,
final,535,cf_3305,latent,mismatched,1,False,-11.399591445922852,,
final,535,cf_3305,latent,mismatched,2,False,-11.460092544555664,,
final,535,cf_3305,latent,mismatched,3,False,-11.316457748413086,,
final,535,cf_3305,latent,mismatched,4,False,-11.382715225219727,,
final,535,cf_3305,latent,mismatched,5,False,-11.153593063354492,,
final,535,cf_3305,latent,mismatched,6,False,-10.92926025390625,,
final,535,cf_3305,latent,mismatched,7,False,-10.759099960327148,,
final,535,cf_3305,latent,mismatched,8,False,-10.500252723693848,,
final,535,cf_3305,latent,mismatched,9,False,-10.012768745422363,,
final,535,cf_3305,latent,mismatched,10,False,-10.138994216918945,,
final,535,cf_3305,latent,mismatched,11,False,-10.410889625549316,,
final,535,cf_3305,latent,mismatched,12,False,-10.694459915161133,,
final,535,cf_3305,latent,mismatched,13,False,-12.237279891967773,,
final,535,cf_3305,latent,mismatched,14,False,-12.735176086425781,,
final,535,cf_3305,latent,mismatched,15,False,-13.383306503295898,,
final,535,cf_3305,latent,mismatched,16,False,-14.245235443115234,,
final,535,cf_3305,latent,mismatched,17,False,-14.993578910827637,,
final,535,cf_3305,latent,mismatched,18,False,-15.968083381652832,,
final,535,cf_3305,latent,mismatched,19,False,-15.824471473693848,,
final,535,cf_3305,latent,mismatched,20,False,-14.975652694702148,,
final,535,cf_3305,latent,mismatched,21,False,-14.76926040649414,,
final,535,cf_3305,latent,mismatched,22,False,-13.69281005859375,,
final,535,cf_3305,latent,mismatched,23,False,-13.556658744812012,,
final,535,cf_3305,latent,mismatched,24,False,-13.717550277709961,,
final,535,cf_3305,latent,mismatched,-1,False,,,
final,535,syn_0,synthetic,mismatched,0,False,-1.9412918090820312,,
final,535,syn_0,synthetic,mismatched,1,False,-0.1570444107055664,,
final,535,syn_0,synthetic,mismatched,2,False,-0.14143657684326172,,
final,535,syn_0,synthetic,mismatched,3,False,-0.34600257873535156,,
final,535,syn_0,synthetic,mismatched,4,False,-0.1039113998413086,,
final,535,syn_0,synthetic,mismatched,5,False,-0.15316390991210938,,
final,535,syn_0,synthetic,mismatched,6,False,-0.051959991455078125,,
final,535,syn_0,synthetic,mismatched,7,False,-0.13753795623779297,,
final,535,syn_0,synthetic,mismatched,8,False,-0.2542915344238281,,
final,535,syn_0,synthetic,mismatched,9,False,-0.3379087448120117,,
final,535,syn_0,synthetic,mismatched,10,False,-0.38963890075683594,,
final,535,syn_0,synthetic,mismatched,11,False,-0.2812986373901367,,
final,535,syn_0,synthetic,mismatched,12,False,-0.22318267822265625,,
final,535,syn_0,synthetic,mismatched,13,False,-0.22974061965942383,,
final,535,syn_0,synthetic,mismatched,14,False,-0.1713557243347168,,
final,535,syn_0,synthetic,mismatched,15,False,0.17563629150390625,,
final,535,syn_0,synthetic,mismatched,16,False,0.39460277557373047,,
final,535,syn_0,synthetic,mismatched,17,False,0.9115138053894043,,
final,535,syn_0,synthetic,mismatched,18,False,1.0166807174682617,,
final,535,syn_0,synthetic,mismatched,19,False,2.0451278686523438,,
final,535,syn_0,synthetic,mismatched,20,False,2.591391086578369,,
final,535,syn_0,synthetic,mismatched,21,False,2.2971677780151367,,
final,535,syn_0,synthetic,mismatched,22,False,2.451599597930908,,
final,535,syn_0,synthetic,mismatched,23,False,2.670302152633667,,
final,535,syn_0,synthetic,mismatched,24,False,3.7361514568328857,,
final,535,syn_0,synthetic,mismatched,-1,False,,,15.0
final,535,syn_1,synthetic,mismatched,0,False,2.1040830612182617,,
final,535,syn_1,synthetic,mismatched,1,False,2.0757484436035156,,
final,535,syn_1,synthetic,mismatched,2,False,2.137152671813965,,
final,535,syn_1,synthetic,mismatched,3,False,2.0920639038085938,,
final,535,syn_1,synthetic,mismatched,4,False,2.1782703399658203,,
final,535,syn_1,synthetic,mismatched,5,False,2.218576431274414,,
final,535,syn_1,synthetic,mismatched,6,False,2.3270339965820312,,
final,535,syn_1,synthetic,mismatched,7,False,2.4109201431274414,,
final,535,syn_1,synthetic,mismatched,8,False,2.5564498901367188,,
final,535,syn_1,synthetic,mismatched,9,False,2.971303939819336,,
final,535,syn_1,synthetic,mismatched,10,False,3.280642509460449,,
final,535,syn_1,synthetic,mismatched,11,False,3.5451526641845703,,
final,535,syn_1,synthetic,mismatched,12,False,3.7670087814331055,,
final,535,syn_1,synthetic,mismatched,13,False,4.121895790100098,,
final,535,syn_1,synthetic,mismatched,14,False,4.587377548217773,,
final,535,syn_1,synthetic,mismatched,15,False,5.330087661743164,,
final,535,syn_1,synthetic,mismatched,16,False,6.124575614929199,,
final,535,syn_1,synthetic,mismatched,17,False,6.118091583251953,,
final,535,syn_1,synthetic,mismatched,18,False,6.0554304122924805,,
final,535,syn_1,synthetic,mismatched,19,False,6.449479579925537,,
final,535,syn_1,synthetic,mismatched,20,False,6.529059410095215,,
final,535,syn_1,synthetic,mismatched,21,False,6.629885196685791,,
final,535,syn_1,synthetic,mismatched,22,False,6.674958229064941,,
final,535,syn_1,synthetic,mismatched,23,False,7.091731548309326,,
final,535,syn_1,synthetic,mismatched,24,False,6.8148064613342285,,
final,535,syn_1,synthetic,mismatched,-1,False,,,0.0
final,535,syn_4,synthetic,mismatched,0,False,1.4715166091918945,,
final,535,syn_4,synthetic,mismatched,1,False,3.257966995239258,,
final,535,syn_4,synthetic,mismatched,2,False,3.5442848205566406,,
final,535,syn_4,synthetic,mismatched,3,False,3.468555450439453,,
final,535,syn_4,synthetic,mismatched,4,False,3.2455625534057617,,
final,535,syn_4,synthetic,mismatched,5,False,3.2444801330566406,,
final,535,syn_4,synthetic,mismatched,6,False,3.4542150497436523,,
final,535,syn_4,synthetic,mismatched,7,False,3.491471290588379,,
final,535,syn_4,synthetic,mismatched,8,False,3.3677778244018555,,
final,535,syn_4,synthetic,mismatched,9,False,2.3529253005981445,,
final,535,syn_4,synthetic,mismatched,10,False,2.0777435302734375,,
final,535,syn_4,synthetic,mismatched,11,False,1.2489404678344727,,
final,535,syn_4,synthetic,mismatched,12,False,1.3824481964111328,,
final,535,syn_4,synthetic,mismatched,13,False,1.3964266777038574,,
final,535,syn_4,synthetic,mismatched,14,False,1.4144086837768555,,
final,535,syn_4,synthetic,mismatched,15,False,1.4398174285888672,,
final,535,syn_4,synthetic,mismatched,16,False,1.9093210697174072,,
final,535,syn_4,synthetic,mismatched,17,False,2.0629403591156006,,
final,535,syn_4,synthetic,mismatched,18,False,2.872502088546753,,
final,535,syn_4,synthetic,mismatched,19,False,3.646411895751953,,
final,535,syn_4,synthetic,mismatched,20,False,2.4593312740325928,,
final,535,syn_4,synthetic,mismatched,21,False,2.1964731216430664,,
final,535,syn_4,synthetic,mismatched,22,False,3.278721332550049,,
final,535,syn_4,synthetic,mismatched,23,False,2.942869186401367,,
final,535,syn_4,synthetic,mismatched,24,False,4.097325325012207,,
final,535,syn_4,synthetic,mismatched,-1,False,,,0.0
final,535,syn_107,synthetic,mismatched,0,False,0.9795093536376953,,
final,535,syn_107,synthetic,mismatched,1,False,-1.2466402053833008,,
final,535,syn_107,synthetic,mismatched,2,False,-1.4504914283752441,,
final,535,syn_107,synthetic,mismatched,3,False,-1.3856134414672852,,
final,535,syn_107,synthetic,mismatched,4,False,-1.300340175628662,,
final,535,syn_107,synthetic,mismatched,5,False,-1.361058235168457,,
final,535,syn_107,synthetic,mismatched,6,False,-1.4630165100097656,,
final,535,syn_107,synthetic,mismatched,7,False,-1.404627799987793,,
final,535,syn_107,synthetic,mismatched,8,False,-1.322230339050293,,
final,535,syn_107,synthetic,mismatched,9,False,-0.8605833053588867,,
final,535,syn_107,synthetic,mismatched,10,False,-0.3761005401611328,,
final,535,syn_107,synthetic,mismatched,11,False,-0.14622974395751953,,
final,535,syn_107,synthetic,mismatched,12,False,0.06767749786376953,,
final,535,syn_107,synthetic,mismatched,13,False,0.1540822982788086,,
final,535,syn_107,synthetic,mismatched,14,False,0.40276432037353516,,
final,535,syn_107,synthetic,mismatched,15,False,0.6908245086669922,,
final,535,syn_107,synthetic,mismatched,16,False,0.9342679977416992,,
final,535,syn_107,synthetic,mismatched,17,False,0.6461820602416992,,
final,535,syn_107,synthetic,mismatched,18,False,0.7256698608398438,,
final,535,syn_107,synthetic,mismatched,19,False,1.6969022750854492,,
final,535,syn_107,synthetic,mismatched,20,False,1.693075180053711,,
final,535,syn_107,synthetic,mismatched,21,False,2.0659122467041016,,
final,535,syn_107,synthetic,mismatched,22,False,2.366971969604492,,
final,535,syn_107,synthetic,mismatched,23,False,2.110304832458496,,
final,535,syn_107,synthetic,mismatched,24,False,1.4267873764038086,,
final,535,syn_107,synthetic,mismatched,-1,False,,,0.0
final,535,syn_108,synthetic,mismatched,0,False,-1.1621341705322266,,
final,535,syn_108,synthetic,mismatched,1,False,0.060532569885253906,,
final,535,syn_108,synthetic,mismatched,2,False,-0.053314208984375,,
final,535,syn_108,synthetic,mismatched,3,False,-0.35872840881347656,,
final,535,syn_108,synthetic,mismatched,4,False,-0.4150056838989258,,
final,535,syn_108,synthetic,mismatched,5,False,-0.2802085876464844,,
final,535,syn_108,synthetic,mismatched,6,False,-0.4019660949707031,,
final,535,syn_108,synthetic,mismatched,7,False,-0.19390010833740234,,
final,535,syn_108,synthetic,mismatched,8,False,-0.018448829650878906,,
final,535,syn_108,synthetic,mismatched,9,False,-0.18594837188720703,,
final,535,syn_108,synthetic,mismatched,10,False,-0.1983938217163086,,
final,535,syn_108,synthetic,mismatched,11,False,-0.17240047454833984,,
final,535,syn_108,synthetic,mismatched,12,False,-0.395477294921875,,
final,535,syn_108,synthetic,mismatched,13,False,-0.38630008697509766,,
final,535,syn_108,synthetic,mismatched,14,False,-0.6361799240112305,,
final,535,syn_108,synthetic,mismatched,15,False,-0.9031095504760742,,
final,535,syn_108,synthetic,mismatched,16,False,-0.5748195648193359,,
final,535,syn_108,synthetic,mismatched,17,False,-0.9210577011108398,,
final,535,syn_108,synthetic,mismatched,18,False,-1.4543676376342773,,
final,535,syn_108,synthetic,mismatched,19,False,-1.9776182174682617,,
final,535,syn_108,synthetic,mismatched,20,False,-1.8449935913085938,,
final,535,syn_108,synthetic,mismatched,21,False,-2.694408416748047,,
final,535,syn_108,synthetic,mismatched,22,False,-3.8861255645751953,,
final,535,syn_108,synthetic,mismatched,23,False,-4.671470642089844,,
final,535,syn_108,synthetic,mismatched,24,False,-5.842185020446777,,
final,535,syn_108,synthetic,mismatched,-1,False,,,1.0
final,535,syn_41,synthetic,mismatched,0,False,-2.653898239135742,,
final,535,syn_41,synthetic,mismatched,1,False,0.3076801300048828,,
final,535,syn_41,synthetic,mismatched,2,False,0.2879810333251953,,
final,535,syn_41,synthetic,mismatched,3,False,0.3425426483154297,,
final,535,syn_41,synthetic,mismatched,4,False,0.3522634506225586,,
final,535,syn_41,synthetic,mismatched,5,False,0.36803722381591797,,
final,535,syn_41,synthetic,mismatched,6,False,0.2667407989501953,,
final,535,syn_41,synthetic,mismatched,7,False,0.23300838470458984,,
final,535,syn_41,synthetic,mismatched,8,False,0.47382450103759766,,
final,535,syn_41,synthetic,mismatched,9,False,0.7008628845214844,,
final,535,syn_41,synthetic,mismatched,10,False,1.2736778259277344,,
final,535,syn_41,synthetic,mismatched,11,False,2.06472110748291,,
final,535,syn_41,synthetic,mismatched,12,False,2.5407590866088867,,
final,535,syn_41,synthetic,mismatched,13,False,2.8753294944763184,,
final,535,syn_41,synthetic,mismatched,14,False,3.3540267944335938,,
final,535,syn_41,synthetic,mismatched,15,False,3.5135765075683594,,
final,535,syn_41,synthetic,mismatched,16,False,3.5618174076080322,,
final,535,syn_41,synthetic,mismatched,17,False,4.049518585205078,,
final,535,syn_41,synthetic,mismatched,18,False,4.525052070617676,,
final,535,syn_41,synthetic,mismatched,19,False,4.444967269897461,,
final,535,syn_41,synthetic,mismatched,20,False,5.688671588897705,,
final,535,syn_41,synthetic,mismatched,21,False,5.211518287658691,,
final,535,syn_41,synthetic,mismatched,22,False,4.777897357940674,,
final,535,syn_41,synthetic,mismatched,23,False,4.6734514236450195,,
final,535,syn_41,synthetic,mismatched,24,False,4.449934959411621,,
final,535,syn_41,synthetic,mismatched,-1,False,,,1.0
final,535,syn_8,synthetic,mismatched,0,False,1.1445236206054688,,
final,535,syn_8,synthetic,mismatched,1,False,0.9799690246582031,,
final,535,syn_8,synthetic,mismatched,2,False,0.9498758316040039,,
final,535,syn_8,synthetic,mismatched,3,False,1.0601272583007812,,
final,535,syn_8,synthetic,mismatched,4,False,0.6023731231689453,,
final,535,syn_8,synthetic,mismatched,5,False,0.762700080871582,,
final,535,syn_8,synthetic,mismatched,6,False,1.1663618087768555,,
final,535,syn_8,synthetic,mismatched,7,False,1.4801244735717773,,
final,535,syn_8,synthetic,mismatched,8,False,1.8513641357421875,,
final,535,syn_8,synthetic,mismatched,9,False,1.2845382690429688,,
final,535,syn_8,synthetic,mismatched,10,False,1.2161874771118164,,
final,535,syn_8,synthetic,mismatched,11,False,1.642690658569336,,
final,535,syn_8,synthetic,mismatched,12,False,1.9626178741455078,,
final,535,syn_8,synthetic,mismatched,13,False,2.4338040351867676,,
final,535,syn_8,synthetic,mismatched,14,False,2.2711830139160156,,
final,535,syn_8,synthetic,mismatched,15,False,2.135002613067627,,
final,535,syn_8,synthetic,mismatched,16,False,2.5824151039123535,,
final,535,syn_8,synthetic,mismatched,17,False,3.2190465927124023,,
final,535,syn_8,synthetic,mismatched,18,False,2.613774299621582,,
final,535,syn_8,synthetic,mismatched,19,False,2.5458807945251465,,
final,535,syn_8,synthetic,mismatched,20,False,1.5511350631713867,,
final,535,syn_8,synthetic,mismatched,21,False,1.7847867012023926,,
final,535,syn_8,synthetic,mismatched,22,False,2.462219715118408,,
final,535,syn_8,synthetic,mismatched,23,False,2.9853410720825195,,
final,535,syn_8,synthetic,mismatched,24,False,4.141488075256348,,
final,535,syn_8,synthetic,mismatched,-1,False,,,0.0
final,535,syn_111,synthetic,mismatched,0,False,-1.08807373046875,,
final,535,syn_111,synthetic,mismatched,1,False,2.538544178009033,,
final,535,syn_111,synthetic,mismatched,2,False,2.803493022918701,,
final,535,syn_111,synthetic,mismatched,3,False,2.978334903717041,,
final,535,syn_111,synthetic,mismatched,4,False,2.8649959564208984,,
final,535,syn_111,synthetic,mismatched,5,False,2.5216989517211914,,
final,535,syn_111,synthetic,mismatched,6,False,2.4789791107177734,,
final,535,syn_111,synthetic,mismatched,7,False,2.4979372024536133,,
final,535,syn_111,synthetic,mismatched,8,False,2.4971070289611816,,
final,535,syn_111,synthetic,mismatched,9,False,2.409513473510742,,
final,535,syn_111,synthetic,mismatched,10,False,2.4605507850646973,,
final,535,syn_111,synthetic,mismatched,11,False,2.5839109420776367,,
final,535,syn_111,synthetic,mismatched,12,False,2.8406779766082764,,
final,535,syn_111,synthetic,mismatched,13,False,2.652315855026245,,
final,535,syn_111,synthetic,mismatched,14,False,2.7964558601379395,,
final,535,syn_111,synthetic,mismatched,15,False,2.528014659881592,,
final,535,syn_111,synthetic,mismatched,16,False,2.4358513355255127,,
final,535,syn_111,synthetic,mismatched,17,False,2.661977767944336,,
final,535,syn_111,synthetic,mismatched,18,False,2.6486082077026367,,
final,535,syn_111,synthetic,mismatched,19,False,1.620111346244812,,
final,535,syn_111,synthetic,mismatched,20,False,2.241360664367676,,
final,535,syn_111,synthetic,mismatched,21,False,2.367784023284912,,
final,535,syn_111,synthetic,mismatched,22,False,2.2391812801361084,,
final,535,syn_111,synthetic,mismatched,23,False,1.6114189624786377,,
final,535,syn_111,synthetic,mismatched,24,False,2.516472101211548,,
final,535,syn_111,synthetic,mismatched,-1,False,,,1.0
final,535,syn_10,synthetic,mismatched,0,False,-3.609254837036133,,
final,535,syn_10,synthetic,mismatched,1,False,-1.485520362854004,,
final,535,syn_10,synthetic,mismatched,2,False,-1.036311149597168,,
final,535,syn_10,synthetic,mismatched,3,False,-0.9326791763305664,,
final,535,syn_10,synthetic,mismatched,4,False,-0.9147615432739258,,
final,535,syn_10,synthetic,mismatched,5,False,-0.6602363586425781,,
final,535,syn_10,synthetic,mismatched,6,False,-0.37494707107543945,,
final,535,syn_10,synthetic,mismatched,7,False,-0.19889402389526367,,
final,535,syn_10,synthetic,mismatched,8,False,-0.4503812789916992,,
final,535,syn_10,synthetic,mismatched,9,False,-0.8989357948303223,,
final,535,syn_10,synthetic,mismatched,10,False,-1.0948452949523926,,
final,535,syn_10,synthetic,mismatched,11,False,-1.277017593383789,,
final,535,syn_10,synthetic,mismatched,12,False,-1.2399373054504395,,
final,535,syn_10,synthetic,mismatched,13,False,-1.0208549499511719,,
final,535,syn_10,synthetic,mismatched,14,False,-1.3174176216125488,,
final,535,syn_10,synthetic,mismatched,15,False,-1.61954927444458,,
final,535,syn_10,synthetic,mismatched,16,False,-1.4853262901306152,,
final,535,syn_10,synthetic,mismatched,17,False,-1.3792853355407715,,
final,535,syn_10,synthetic,mismatched,18,False,-2.2394065856933594,,
final,535,syn_10,synthetic,mismatched,19,False,-1.9861207008361816,,
final,535,syn_10,synthetic,mismatched,20,False,-1.408301830291748,,
final,535,syn_10,synthetic,mismatched,21,False,-1.0263988971710205,,
final,535,syn_10,synthetic,mismatched,22,False,-1.5009355545043945,,
final,535,syn_10,synthetic,mismatched,23,False,-1.569967269897461,,
final,535,syn_10,synthetic,mismatched,24,False,-1.810114860534668,,
final,535,syn_10,synthetic,mismatched,-1,False,,,
final,535,syn_11,synthetic,mismatched,0,False,1.1529550552368164,,
final,535,syn_11,synthetic,mismatched,1,False,0.04200172424316406,,
final,535,syn_11,synthetic,mismatched,2,False,-0.22908782958984375,,
final,535,syn_11,synthetic,mismatched,3,False,-0.42903900146484375,,
final,535,syn_11,synthetic,mismatched,4,False,-0.5257530212402344,,
final,535,syn_11,synthetic,mismatched,5,False,-0.5466775894165039,,
final,535,syn_11,synthetic,mismatched,6,False,-0.4437837600708008,,
final,535,syn_11,synthetic,mismatched,7,False,-0.36524105072021484,,
final,535,syn_11,synthetic,mismatched,8,False,-0.16298389434814453,,
final,535,syn_11,synthetic,mismatched,9,False,0.05810737609863281,,
final,535,syn_11,synthetic,mismatched,10,False,0.25829410552978516,,
final,535,syn_11,synthetic,mismatched,11,False,0.33413028717041016,,
final,535,syn_11,synthetic,mismatched,12,False,0.24326515197753906,,
final,535,syn_11,synthetic,mismatched,13,False,0.47359704971313477,,
final,535,syn_11,synthetic,mismatched,14,False,0.59613037109375,,
final,535,syn_11,synthetic,mismatched,15,False,0.7821106910705566,,
final,535,syn_11,synthetic,mismatched,16,False,1.0029315948486328,,
final,535,syn_11,synthetic,mismatched,17,False,1.5909600257873535,,
final,535,syn_11,synthetic,mismatched,18,False,1.369333267211914,,
final,535,syn_11,synthetic,mismatched,19,False,1.4628782272338867,,
final,535,syn_11,synthetic,mismatched,20,False,0.9130630493164062,,
final,535,syn_11,synthetic,mismatched,21,False,1.2839994430541992,,
final,535,syn_11,synthetic,mismatched,22,False,0.32924365997314453,,
final,535,syn_11,synthetic,mismatched,23,False,0.46394920349121094,,
final,535,syn_11,synthetic,mismatched,24,False,0.7943744659423828,,
final,535,syn_11,synthetic,mismatched,-1,False,,,0.0
final,535,syn_114,synthetic,self,0,False,-1.6958723068237305,,
final,535,syn_114,synthetic,self,1,False,-1.6958723068237305,,
final,535,syn_114,synthetic,self,2,False,-1.6958723068237305,,
final,535,syn_114,synthetic,self,3,False,-1.6958723068237305,,
final,535,syn_114,synthetic,self,4,False,-1.6958723068237305,,
final,535,syn_114,synthetic,self,5,False,-1.6958723068237305,,
final,535,syn_114,synthetic,self,6,False,-1.6958723068237305,,
final,535,syn_114,synthetic,self,7,False,-1.6958723068237305,,
final,535,syn_114,synthetic,self,8,False,-1.6958723068237305,,
final,535,syn_114,synthetic,self,9,False,-1.6958723068237305,,
final,535,syn_114,synthetic,self,10,False,-1.6958723068237305,,
final,535,syn_114,synthetic,self,11,False,-1.6958723068237305,,
final,535,syn_114,synthetic,self,12,False,-1.6958723068237305,,
final,535,syn_114,synthetic,self,13,False,-1.6958723068237305,,
final,535,syn_114,synthetic,self,14,False,-1.6958723068237305,,
final,535,syn_114,synthetic,self,15,False,-1.6958723068237305,,
final,535,syn_114,synthetic,self,16,False,-1.6958723068237305,,
final,535,syn_114,synthetic,self,17,False,-1.6958723068237305,,
final,535,syn_114,synthetic,self,18,False,-1.6958723068237305,,
final,535,syn_114,synthetic,self,19,False,-1.6958723068237305,,
final,535,syn_114,synthetic,self,20,False,-1.6958723068237305,,
final,535,syn_114,synthetic,self,21,False,-1.6958723068237305,,
final,535,syn_114,synthetic,self,22,False,-1.6958723068237305,,
final,535,syn_114,synthetic,self,23,False,-1.6958723068237305,,
final,535,syn_114,synthetic,self,24,False,-1.8511486053466797,,
final,535,syn_114,synthetic,self,-1,False,,,
final,535,syn_13,synthetic,self,0,False,-1.0203752517700195,,
final,535,syn_13,synthetic,self,1,False,-1.0203752517700195,,
final,535,syn_13,synthetic,self,2,False,-1.0203752517700195,,
final,535,syn_13,synthetic,self,3,False,-1.0203752517700195,,
final,535,syn_13,synthetic,self,4,False,-1.0203752517700195,,
final,535,syn_13,synthetic,self,5,False,-1.0203752517700195,,
final,535,syn_13,synthetic,self,6,False,-1.0203752517700195,,
final,535,syn_13,synthetic,self,7,False,-1.0203752517700195,,
final,535,syn_13,synthetic,self,8,False,-1.0203752517700195,,
final,535,syn_13,synthetic,self,9,False,-1.0203752517700195,,
final,535,syn_13,synthetic,self,10,False,-1.0203752517700195,,
final,535,syn_13,synthetic,self,11,False,-1.0203752517700195,,
final,535,syn_13,synthetic,self,12,False,-1.0203752517700195,,
final,535,syn_13,synthetic,self,13,False,-1.0203752517700195,,
final,535,syn_13,synthetic,self,14,False,-1.0203752517700195,,
final,535,syn_13,synthetic,self,15,False,-1.0203752517700195,,
final,535,syn_13,synthetic,self,16,False,-1.0203752517700195,,
final,535,syn_13,synthetic,self,17,False,-1.0203752517700195,,
final,535,syn_13,synthetic,self,18,False,-1.0203752517700195,,
final,535,syn_13,synthetic,self,19,False,-1.0203752517700195,,
final,535,syn_13,synthetic,self,20,False,-1.0203752517700195,,
final,535,syn_13,synthetic,self,21,False,-1.0203752517700195,,
final,535,syn_13,synthetic,self,22,False,-1.0203752517700195,,
final,535,syn_13,synthetic,self,23,False,-1.0203752517700195,,
final,535,syn_13,synthetic,self,24,False,-1.163151741027832,,
final,535,syn_13,synthetic,self,-1,False,,,
final,535,syn_116,synthetic,self,0,False,0.7636003494262695,,
final,535,syn_116,synthetic,self,1,False,0.7636003494262695,,
final,535,syn_116,synthetic,self,2,False,0.7636003494262695,,
final,535,syn_116,synthetic,self,3,False,0.7636003494262695,,
final,535,syn_116,synthetic,self,4,False,0.7636003494262695,,
final,535,syn_116,synthetic,self,5,False,0.7636003494262695,,
final,535,syn_116,synthetic,self,6,False,0.7636003494262695,,
final,535,syn_116,synthetic,self,7,False,0.7636003494262695,,
final,535,syn_116,synthetic,self,8,False,0.7636003494262695,,
final,535,syn_116,synthetic,self,9,False,0.7636003494262695,,
final,535,syn_116,synthetic,self,10,False,0.7636003494262695,,
final,535,syn_116,synthetic,self,11,False,0.7636003494262695,,
final,535,syn_116,synthetic,self,12,False,0.7636003494262695,,
final,535,syn_116,synthetic,self,13,False,0.7636003494262695,,
final,535,syn_116,synthetic,self,14,False,0.7636003494262695,,
final,535,syn_116,synthetic,self,15,False,0.7636003494262695,,
final,535,syn_116,synthetic,self,16,False,0.7636003494262695,,
final,535,syn_116,synthetic,self,17,False,0.7636003494262695,,
final,535,syn_116,synthetic,self,18,False,0.7636003494262695,,
final,535,syn_116,synthetic,self,19,False,0.7636003494262695,,
final,535,syn_116,synthetic,self,20,False,0.7636003494262695,,
final,535,syn_116,synthetic,self,21,False,0.7636003494262695,,
final,535,syn_116,synthetic,self,22,False,0.7636003494262695,,
final,535,syn_116,synthetic,self,23,False,0.7636003494262695,,
final,535,syn_116,synthetic,self,24,False,0.7787637710571289,,
final,535,syn_116,synthetic,self,-1,False,,,0.0
final,535,syn_151,synthetic,self,0,False,-1.2242975234985352,,
final,535,syn_151,synthetic,self,1,False,-1.2242975234985352,,
final,535,syn_151,synthetic,self,2,False,-1.2242975234985352,,
final,535,syn_151,synthetic,self,3,False,-1.2242975234985352,,
final,535,syn_151,synthetic,self,4,False,-1.2242975234985352,,
final,535,syn_151,synthetic,self,5,False,-1.2242975234985352,,
final,535,syn_151,synthetic,self,6,False,-1.2242975234985352,,
final,535,syn_151,synthetic,self,7,False,-1.2242975234985352,,
final,535,syn_151,synthetic,self,8,False,-1.2242975234985352,,
final,535,syn_151,synthetic,self,9,False,-1.2242975234985352,,
final,535,syn_151,synthetic,self,10,False,-1.2242975234985352,,
final,535,syn_151,synthetic,self,11,False,-1.2242975234985352,,
final,535,syn_151,synthetic,self,12,False,-1.2242975234985352,,
final,535,syn_151,synthetic,self,13,False,-1.2242975234985352,,
final,535,syn_151,synthetic,self,14,False,-1.2242975234985352,,
final,535,syn_151,synthetic,self,15,False,-1.2242975234985352,,
final,535,syn_151,synthetic,self,16,False,-1.2242975234985352,,
final,535,syn_151,synthetic,self,17,False,-1.2242975234985352,,
final,535,syn_151,synthetic,self,18,False,-1.2242975234985352,,
final,535,syn_151,synthetic,self,19,False,-1.2242975234985352,,
final,535,syn_151,synthetic,self,20,False,-1.2242975234985352,,
final,535,syn_151,synthetic,self,21,False,-1.2242975234985352,,
final,535,syn_151,synthetic,self,22,False,-1.2242975234985352,,
final,535,syn_151,synthetic,self,23,False,-1.2242975234985352,,
final,535,syn_151,synthetic,self,24,False,-1.3695850372314453,,
final,535,syn_151,synthetic,self,-1,False,,,
final,535,syn_84,synthetic,self,0,False,1.3282012939453125,,
final,535,syn_84,synthetic,self,1,False,1.3282012939453125,,
final,535,syn_84,synthetic,self,2,False,1.3282012939453125,,
final,535,syn_84,synthetic,self,3,False,1.3282012939453125,,
final,535,syn_84,synthetic,self,4,False,1.3282012939453125,,
final,535,syn_84,synthetic,self,5,False,1.3282012939453125,,
final,535,syn_84,synthetic,self,6,False,1.3282012939453125,,
final,535,syn_84,synthetic,self,7,False,1.3282012939453125,,
final,535,syn_84,synthetic,self,8,False,1.3282012939453125,,
final,535,syn_84,synthetic,self,9,False,1.3282012939453125,,
final,535,syn_84,synthetic,self,10,False,1.3282012939453125,,
final,535,syn_84,synthetic,self,11,False,1.3282012939453125,,
final,535,syn_84,synthetic,self,12,False,1.3282012939453125,,
final,535,syn_84,synthetic,self,13,False,1.3282012939453125,,
final,535,syn_84,synthetic,self,14,False,1.3282012939453125,,
final,535,syn_84,synthetic,self,15,False,1.3282012939453125,,
final,535,syn_84,synthetic,self,16,False,1.3282012939453125,,
final,535,syn_84,synthetic,self,17,False,1.3282012939453125,,
final,535,syn_84,synthetic,self,18,False,1.3282012939453125,,
final,535,syn_84,synthetic,self,19,False,1.3282012939453125,,
final,535,syn_84,synthetic,self,20,False,1.3282012939453125,,
final,535,syn_84,synthetic,self,21,False,1.3282012939453125,,
final,535,syn_84,synthetic,self,22,False,1.3282012939453125,,
final,535,syn_84,synthetic,self,23,False,1.3282012939453125,,
final,535,syn_84,synthetic,self,24,False,1.0993547439575195,,
final,535,syn_84,synthetic,self,-1,False,,,0.0
final,535,syn_85,synthetic,self,0,False,1.1848907470703125,,
final,535,syn_85,synthetic,self,1,False,1.1848907470703125,,
final,535,syn_85,synthetic,self,2,False,1.1848907470703125,,
final,535,syn_85,synthetic,self,3,False,1.1848907470703125,,
final,535,syn_85,synthetic,self,4,False,1.1848907470703125,,
final,535,syn_85,synthetic,self,5,False,1.1848907470703125,,
final,535,syn_85,synthetic,self,6,False,1.1848907470703125,,
final,535,syn_85,synthetic,self,7,False,1.1848907470703125,,
final,535,syn_85,synthetic,self,8,False,1.1848907470703125,,
final,535,syn_85,synthetic,self,9,False,1.1848907470703125,,
final,535,syn_85,synthetic,self,10,False,1.1848907470703125,,
final,535,syn_85,synthetic,self,11,False,1.1848907470703125,,
final,535,syn_85,synthetic,self,12,False,1.1848907470703125,,
final,535,syn_85,synthetic,self,13,False,1.1848907470703125,,
final,535,syn_85,synthetic,self,14,False,1.1848907470703125,,
final,535,syn_85,synthetic,self,15,False,1.1848907470703125,,
final,535,syn_85,synthetic,self,16,False,1.1848907470703125,,
final,535,syn_85,synthetic,self,17,False,1.1848907470703125,,
final,535,syn_85,synthetic,self,18,False,1.1848907470703125,,
final,535,syn_85,synthetic,self,19,False,1.1848907470703125,,
final,535,syn_85,synthetic,self,20,False,1.1848907470703125,,
final,535,syn_85,synthetic,self,21,False,1.1848907470703125,,
final,535,syn_85,synthetic,self,22,False,1.1848907470703125,,
final,535,syn_85,synthetic,self,23,False,1.1848907470703125,,
final,535,syn_85,synthetic,self,24,False,1.6063003540039062,,
final,535,syn_85,synthetic,self,-1,False,,,0.0
final,535,syn_154,synthetic,self,0,False,-3.393082618713379,,
final,535,syn_154,synthetic,self,1,False,-3.393082618713379,,
final,535,syn_154,synthetic,self,2,False,-3.393082618713379,,
final,535,syn_154,synthetic,self,3,False,-3.393082618713379,,
final,535,syn_154,synthetic,self,4,False,-3.393082618713379,,
final,535,syn_154,synthetic,self,5,False,-3.393082618713379,,
final,535,syn_154,synthetic,self,6,False,-3.393082618713379,,
final,535,syn_154,synthetic,self,7,False,-3.393082618713379,,
final,535,syn_154,synthetic,self,8,False,-3.393082618713379,,
final,535,syn_154,synthetic,self,9,False,-3.393082618713379,,
final,535,syn_154,synthetic,self,10,False,-3.393082618713379,,
final,535,syn_154,synthetic,self,11,False,-3.393082618713379,,
final,535,syn_154,synthetic,self,12,False,-3.393082618713379,,
final,535,syn_154,synthetic,self,13,False,-3.393082618713379,,
final,535,syn_154,synthetic,self,14,False,-3.393082618713379,,
final,535,syn_154,synthetic,self,15,False,-3.393082618713379,,
final,535,syn_154,synthetic,self,16,False,-3.393082618713379,,
final,535,syn_154,synthetic,self,17,False,-3.393082618713379,,
final,535,syn_154,synthetic,self,18,False,-3.393082618713379,,
final,535,syn_154,synthetic,self,19,False,-3.393082618713379,,
final,535,syn_154,synthetic,self,20,False,-3.393082618713379,,
final,535,syn_154,synthetic,self,21,False,-3.393082618713379,,
final,535,syn_154,synthetic,self,22,False,-3.393082618713379,,
final,535,syn_154,synthetic,self,23,False,-3.393082618713379,,
final,535,syn_154,synthetic,self,24,False,-3.6429715156555176,,
final,535,syn_154,synthetic,self,-1,False,,,
final,535,syn_189,synthetic,self,0,False,-0.8473777770996094,,
final,535,syn_189,synthetic,self,1,False,-0.8473777770996094,,
final,535,syn_189,synthetic,self,2,False,-0.8473777770996094,,
final,535,syn_189,synthetic,self,3,False,-0.8473777770996094,,
final,535,syn_189,synthetic,self,4,False,-0.8473777770996094,,
final,535,syn_189,synthetic,self,5,False,-0.8473777770996094,,
final,535,syn_189,synthetic,self,6,False,-0.8473777770996094,,
final,535,syn_189,synthetic,self,7,False,-0.8473777770996094,,
final,535,syn_189,synthetic,self,8,False,-0.8473777770996094,,
final,535,syn_189,synthetic,self,9,False,-0.8473777770996094,,
final,535,syn_189,synthetic,self,10,False,-0.8473777770996094,,
final,535,syn_189,synthetic,self,11,False,-0.8473777770996094,,
final,535,syn_189,synthetic,self,12,False,-0.8473777770996094,,
final,535,syn_189,synthetic,self,13,False,-0.8473777770996094,,
final,535,syn_189,synthetic,self,14,False,-0.8473777770996094,,
final,535,syn_189,synthetic,self,15,False,-0.8473777770996094,,
final,535,syn_189,synthetic,self,16,False,-0.8473777770996094,,
final,535,syn_189,synthetic,self,17,False,-0.8473777770996094,,
final,535,syn_189,synthetic,self,18,False,-0.8473777770996094,,
final,535,syn_189,synthetic,self,19,False,-0.8473777770996094,,
final,535,syn_189,synthetic,self,20,False,-0.8473777770996094,,
final,535,syn_189,synthetic,self,21,False,-0.8473777770996094,,
final,535,syn_189,synthetic,self,22,False,-0.8473777770996094,,
final,535,syn_189,synthetic,self,23,False,-0.8473777770996094,,
final,535,syn_189,synthetic,self,24,False,-0.6246147155761719,,
final,535,syn_189,synthetic,self,-1,False,,,
final,535,syn_156,synthetic,self,0,False,-0.5773077011108398,,
final,535,syn_156,synthetic,self,1,False,-0.5773077011108398,,
final,535,syn_156,synthetic,self,2,False,-0.5773077011108398,,
final,535,syn_156,synthetic,self,3,False,-0.5773077011108398,,
final,535,syn_156,synthetic,self,4,False,-0.5773077011108398,,
final,535,syn_156,synthetic,self,5,False,-0.5773077011108398,,
final,535,syn_156,synthetic,self,6,False,-0.5773077011108398,,
final,535,syn_156,synthetic,self,7,False,-0.5773077011108398,,
final,535,syn_156,synthetic,self,8,False,-0.5773077011108398,,
final,535,syn_156,synthetic,self,9,False,-0.5773077011108398,,
final,535,syn_156,synthetic,self,10,False,-0.5773077011108398,,
final,535,syn_156,synthetic,self,11,False,-0.5773077011108398,,
final,535,syn_156,synthetic,self,12,False,-0.5773077011108398,,
final,535,syn_156,synthetic,self,13,False,-0.5773077011108398,,
final,535,syn_156,synthetic,self,14,False,-0.5773077011108398,,
final,535,syn_156,synthetic,self,15,False,-0.5773077011108398,,
final,535,syn_156,synthetic,self,16,False,-0.5773077011108398,,
final,535,syn_156,synthetic,self,17,False,-0.5773077011108398,,
final,535,syn_156,synthetic,self,18,False,-0.5773077011108398,,
final,535,syn_156,synthetic,self,19,False,-0.5773077011108398,,
final,535,syn_156,synthetic,self,20,False,-0.5773077011108398,,
final,535,syn_156,synthetic,self,21,False,-0.5773077011108398,,
final,535,syn_156,synthetic,self,22,False,-0.5773077011108398,,
final,535,syn_156,synthetic,self,23,False,-0.5773077011108398,,
final,535,syn_156,synthetic,self,24,False,-0.6545524597167969,,
final,535,syn_156,synthetic,self,-1,False,,,
final,535,syn_55,synthetic,self,0,False,1.4923267364501953,,
final,535,syn_55,synthetic,self,1,False,1.4923267364501953,,
final,535,syn_55,synthetic,self,2,False,1.4923267364501953,,
final,535,syn_55,synthetic,self,3,False,1.4923267364501953,,
final,535,syn_55,synthetic,self,4,False,1.4923267364501953,,
final,535,syn_55,synthetic,self,5,False,1.4923267364501953,,
final,535,syn_55,synthetic,self,6,False,1.4923267364501953,,
final,535,syn_55,synthetic,self,7,False,1.4923267364501953,,
final,535,syn_55,synthetic,self,8,False,1.4923267364501953,,
final,535,syn_55,synthetic,self,9,False,1.4923267364501953,,
final,535,syn_55,synthetic,self,10,False,1.4923267364501953,,
final,535,syn_55,synthetic,self,11,False,1.4923267364501953,,
final,535,syn_55,synthetic,self,12,False,1.4923267364501953,,
final,535,syn_55,synthetic,self,13,False,1.4923267364501953,,
final,535,syn_55,synthetic,self,14,False,1.4923267364501953,,
final,535,syn_55,synthetic,self,15,False,1.4923267364501953,,
final,535,syn_55,synthetic,self,16,False,1.4923267364501953,,
final,535,syn_55,synthetic,self,17,False,1.4923267364501953,,
final,535,syn_55,synthetic,self,18,False,1.4923267364501953,,
final,535,syn_55,synthetic,self,19,False,1.4923267364501953,,
final,535,syn_55,synthetic,self,20,False,1.4923267364501953,,
final,535,syn_55,synthetic,self,21,False,1.4923267364501953,,
final,535,syn_55,synthetic,self,22,False,1.4923267364501953,,
final,535,syn_55,synthetic,self,23,False,1.4923267364501953,,
final,535,syn_55,synthetic,self,24,False,1.7566299438476562,,
final,535,syn_55,synthetic,self,-1,False,,,0.0
final,535,syn_192,synthetic,self,0,False,1.3408632278442383,,
final,535,syn_192,synthetic,self,1,False,1.3408632278442383,,
final,535,syn_192,synthetic,self,2,False,1.3408632278442383,,
final,535,syn_192,synthetic,self,3,False,1.3408632278442383,,
final,535,syn_192,synthetic,self,4,False,1.3408632278442383,,
final,535,syn_192,synthetic,self,5,False,1.3408632278442383,,
final,535,syn_192,synthetic,self,6,False,1.3408632278442383,,
final,535,syn_192,synthetic,self,7,False,1.3408632278442383,,
final,535,syn_192,synthetic,self,8,False,1.3408632278442383,,
final,535,syn_192,synthetic,self,9,False,1.3408632278442383,,
final,535,syn_192,synthetic,self,10,False,1.3408632278442383,,
final,535,syn_192,synthetic,self,11,False,1.3408632278442383,,
final,535,syn_192,synthetic,self,12,False,1.3408632278442383,,
final,535,syn_192,synthetic,self,13,False,1.3408632278442383,,
final,535,syn_192,synthetic,self,14,False,1.3408632278442383,,
final,535,syn_192,synthetic,self,15,False,1.3408632278442383,,
final,535,syn_192,synthetic,self,16,False,1.3408632278442383,,
final,535,syn_192,synthetic,self,17,False,1.3408632278442383,,
final,535,syn_192,synthetic,self,18,False,1.3408632278442383,,
final,535,syn_192,synthetic,self,19,False,1.3408632278442383,,
final,535,syn_192,synthetic,self,20,False,1.3408632278442383,,
final,535,syn_192,synthetic,self,21,False,1.3408632278442383,,
final,535,syn_192,synthetic,self,22,False,1.3408632278442383,,
final,535,syn_192,synthetic,self,23,False,1.3408632278442383,,
final,535,syn_192,synthetic,self,24,False,1.1421518325805664,,
final,535,syn_192,synthetic,self,-1,False,,,0.0
final,535,syn_159,synthetic,self,0,False,-0.3978862762451172,,
final,535,syn_159,synthetic,self,1,False,-0.3978862762451172,,
final,535,syn_159,synthetic,self,2,False,-0.3978862762451172,,
final,535,syn_159,synthetic,self,3,False,-0.3978862762451172,,
final,535,syn_159,synthetic,self,4,False,-0.3978862762451172,,
final,535,syn_159,synthetic,self,5,False,-0.3978862762451172,,
final,535,syn_159,synthetic,self,6,False,-0.3978862762451172,,
final,535,syn_159,synthetic,self,7,False,-0.3978862762451172,,
final,535,syn_159,synthetic,self,8,False,-0.3978862762451172,,
final,535,syn_159,synthetic,self,9,False,-0.3978862762451172,,
final,535,syn_159,synthetic,self,10,False,-0.3978862762451172,,
final,535,syn_159,synthetic,self,11,False,-0.3978862762451172,,
final,535,syn_159,synthetic,self,12,False,-0.3978862762451172,,
final,535,syn_159,synthetic,self,13,False,-0.3978862762451172,,
final,535,syn_159,synthetic,self,14,False,-0.3978862762451172,,
final,535,syn_159,synthetic,self,15,False,-0.3978862762451172,,
final,535,syn_159,synthetic,self,16,False,-0.3978862762451172,,
final,535,syn_159,synthetic,self,17,False,-0.3978862762451172,,
final,535,syn_159,synthetic,self,18,False,-0.3978862762451172,,
final,535,syn_159,synthetic,self,19,False,-0.3978862762451172,,
final,535,syn_159,synthetic,self,20,False,-0.3978862762451172,,
final,535,syn_159,synthetic,self,21,False,-0.3978862762451172,,
final,535,syn_159,synthetic,self,22,False,-0.3978862762451172,,
final,535,syn_159,synthetic,self,23,False,-0.3978862762451172,,
final,535,syn_159,synthetic,self,24,False,-0.9051170349121094,,
final,535,syn_159,synthetic,self,-1,False,,,
final,535,syn_24,synthetic,self,0,False,0.8106851577758789,,
final,535,syn_24,synthetic,self,1,False,0.8106851577758789,,
final,535,syn_24,synthetic,self,2,False,0.8106851577758789,,
final,535,syn_24,synthetic,self,3,False,0.8106851577758789,,
final,535,syn_24,synthetic,self,4,False,0.8106851577758789,,
final,535,syn_24,synthetic,self,5,False,0.8106851577758789,,
final,535,syn_24,synthetic,self,6,False,0.8106851577758789,,
final,535,syn_24,synthetic,self,7,False,0.8106851577758789,,
final,535,syn_24,synthetic,self,8,False,0.8106851577758789,,
final,535,syn_24,synthetic,self,9,False,0.8106851577758789,,
final,535,syn_24,synthetic,self,10,False,0.8106851577758789,,
final,535,syn_24,synthetic,self,11,False,0.8106851577758789,,
final,535,syn_24,synthetic,self,12,False,0.8106851577758789,,
final,535,syn_24,synthetic,self,13,False,0.8106851577758789,,
final,535,syn_24,synthetic,self,14,False,0.8106851577758789,,
final,535,syn_24,synthetic,self,15,False,0.8106851577758789,,
final,535,syn_24,synthetic,self,16,False,0.8106851577758789,,
final,535,syn_24,synthetic,self,17,False,0.8106851577758789,,
final,535,syn_24,synthetic,self,18,False,0.8106851577758789,,
final,535,syn_24,synthetic,self,19,False,0.8106851577758789,,
final,535,syn_24,synthetic,self,20,False,0.8106851577758789,,
final,535,syn_24,synthetic,self,21,False,0.8106851577758789,,
final,535,syn_24,synthetic,self,22,False,0.8106851577758789,,
final,535,syn_24,synthetic,self,23,False,0.8106851577758789,,
final,535,syn_24,synthetic,self,24,False,0.45998191833496094,,
final,535,syn_24,synthetic,self,-1,False,,,0.0
final,535,syn_161,synthetic,self,0,False,3.9470863342285156,,
final,535,syn_161,synthetic,self,1,False,3.9470863342285156,,
final,535,syn_161,synthetic,self,2,False,3.9470863342285156,,
final,535,syn_161,synthetic,self,3,False,3.9470863342285156,,
final,535,syn_161,synthetic,self,4,False,3.9470863342285156,,
final,535,syn_161,synthetic,self,5,False,3.9470863342285156,,
final,535,syn_161,synthetic,self,6,False,3.9470863342285156,,
final,535,syn_161,synthetic,self,7,False,3.9470863342285156,,
final,535,syn_161,synthetic,self,8,False,3.9470863342285156,,
final,535,syn_161,synthetic,self,9,False,3.9470863342285156,,
final,535,syn_161,synthetic,self,10,False,3.9470863342285156,,
final,535,syn_161,synthetic,self,11,False,3.9470863342285156,,
final,535,syn_161,synthetic,self,12,False,3.9470863342285156,,
final,535,syn_161,synthetic,self,13,False,3.9470863342285156,,
final,535,syn_161,synthetic,self,14,False,3.9470863342285156,,
final,535,syn_161,synthetic,self,15,False,3.9470863342285156,,
final,535,syn_161,synthetic,self,16,False,3.9470863342285156,,
final,535,syn_161,synthetic,self,17,False,3.9470863342285156,,
final,535,syn_161,synthetic,self,18,False,3.9470863342285156,,
final,535,syn_161,synthetic,self,19,False,3.9470863342285156,,
final,535,syn_161,synthetic,self,20,False,3.9470863342285156,,
final,535,syn_161,synthetic,self,21,False,3.9470863342285156,,
final,535,syn_161,synthetic,self,22,False,3.9470863342285156,,
final,535,syn_161,synthetic,self,23,False,3.9470863342285156,,
final,535,syn_161,synthetic,self,24,False,3.7746238708496094,,
final,535,syn_161,synthetic,self,-1,False,,,0.0
final,535,syn_94,synthetic,self,0,False,0.8162508010864258,,
final,535,syn_94,synthetic,self,1,False,0.8162508010864258,,
final,535,syn_94,synthetic,self,2,False,0.8162508010864258,,
final,535,syn_94,synthetic,self,3,False,0.8162508010864258,,
final,535,syn_94,synthetic,self,4,False,0.8162508010864258,,
final,535,syn_94,synthetic,self,5,False,0.8162508010864258,,
final,535,syn_94,synthetic,self,6,False,0.8162508010864258,,
final,535,syn_94,synthetic,self,7,False,0.8162508010864258,,
final,535,syn_94,synthetic,self,8,False,0.8162508010864258,,
final,535,syn_94,synthetic,self,9,False,0.8162508010864258,,
final,535,syn_94,synthetic,self,10,False,0.8162508010864258,,
final,535,syn_94,synthetic,self,11,False,0.8162508010864258,,
final,535,syn_94,synthetic,self,12,False,0.8162508010864258,,
final,535,syn_94,synthetic,self,13,False,0.8162508010864258,,
final,535,syn_94,synthetic,self,14,False,0.8162508010864258,,
final,535,syn_94,synthetic,self,15,False,0.8162508010864258,,
final,535,syn_94,synthetic,self,16,False,0.8162508010864258,,
final,535,syn_94,synthetic,self,17,False,0.8162508010864258,,
final,535,syn_94,synthetic,self,18,False,0.8162508010864258,,
final,535,syn_94,synthetic,self,19,False,0.8162508010864258,,
final,535,syn_94,synthetic,self,20,False,0.8162508010864258,,
final,535,syn_94,synthetic,self,21,False,0.8162508010864258,,
final,535,syn_94,synthetic,self,22,False,0.8162508010864258,,
final,535,syn_94,synthetic,self,23,False,0.8162508010864258,,
final,535,syn_94,synthetic,self,24,False,0.8282051086425781,,
final,535,syn_94,synthetic,self,-1,False,,,0.0
final,535,syn_129,synthetic,self,0,False,-0.7291297912597656,,
final,535,syn_129,synthetic,self,1,False,-0.7291297912597656,,
final,535,syn_129,synthetic,self,2,False,-0.7291297912597656,,
final,535,syn_129,synthetic,self,3,False,-0.7291297912597656,,
final,535,syn_129,synthetic,self,4,False,-0.7291297912597656,,
final,535,syn_129,synthetic,self,5,False,-0.7291297912597656,,
final,535,syn_129,synthetic,self,6,False,-0.7291297912597656,,
final,535,syn_129,synthetic,self,7,False,-0.7291297912597656,,
final,535,syn_129,synthetic,self,8,False,-0.7291297912597656,,
final,535,syn_129,synthetic,self,9,False,-0.7291297912597656,,
final,535,syn_129,synthetic,self,10,False,-0.7291297912597656,,
final,535,syn_129,synthetic,self,11,False,-0.7291297912597656,,
final,535,syn_129,synthetic,self,12,False,-0.7291297912597656,,
final,535,syn_129,synthetic,self,13,False,-0.7291297912597656,,
final,535,syn_129,synthetic,self,14,False,-0.7291297912597656,,
final,535,syn_129,synthetic,self,15,False,-0.7291297912597656,,
final,535,syn_129,synthetic,self,16,False,-0.7291297912597656,,
final,535,syn_129,synthetic,self,17,False,-0.7291297912597656,,
final,535,syn_129,synthetic,self,18,False,-0.7291297912597656,,
final,535,syn_129,synthetic,self,19,False,-0.7291297912597656,,
final,535,syn_129,synthetic,self,20,False,-0.7291297912597656,,
final,535,syn_129,synthetic,self,21,False,-0.7291297912597656,,
final,535,syn_129,synthetic,self,22,False,-0.7291297912597656,,
final,535,syn_129,synthetic,self,23,False,-0.7291297912597656,,
final,535,syn_129,synthetic,self,24,False,-0.7438898086547852,,
final,535,syn_129,synthetic,self,-1,False,,,
final,535,syn_114,synthetic,mismatched,0,False,-1.6958723068237305,,
final,535,syn_114,synthetic,mismatched,1,False,-0.6559686660766602,,
final,535,syn_114,synthetic,mismatched,2,False,-1.2022876739501953,,
final,535,syn_114,synthetic,mismatched,3,False,-1.3272027969360352,,
final,535,syn_114,synthetic,mismatched,4,False,-1.5584630966186523,,
final,535,syn_114,synthetic,mismatched,5,False,-1.5950899124145508,,
final,535,syn_114,synthetic,mismatched,6,False,-1.3352155685424805,,
final,535,syn_114,synthetic,mismatched,7,False,-0.9733066558837891,,
final,535,syn_114,synthetic,mismatched,8,False,-0.8661165237426758,,
final,535,syn_114,synthetic,mismatched,9,False,-1.2532119750976562,,
final,535,syn_114,synthetic,mismatched,10,False,-1.0939016342163086,,
final,535,syn_114,synthetic,mismatched,11,False,-1.000321388244629,,
final,535,syn_114,synthetic,mismatched,12,False,-0.8640642166137695,,
final,535,syn_114,synthetic,mismatched,13,False,-1.3330392837524414,,
final,535,syn_114,synthetic,mismatched,14,False,-1.3199644088745117,,
final,535,syn_114,synthetic,mismatched,15,False,-1.4408979415893555,,
final,535,syn_114,synthetic,mismatched,16,False,-1.8450613021850586,,
final,535,syn_114,synthetic,mismatched,17,False,-2.1501693725585938,,
final,535,syn_114,synthetic,mismatched,18,False,-1.9891128540039062,,
final,535,syn_114,synthetic,mismatched,19,False,-0.5069122314453125,,
final,535,syn_114,synthetic,mismatched,20,False,-0.7021732330322266,,
final,535,syn_114,synthetic,mismatched,21,False,-0.13465499877929688,,
final,535,syn_114,synthetic,mismatched,22,False,0.10323047637939453,,
final,535,syn_114,synthetic,mismatched,23,False,0.03329753875732422,,
final,535,syn_114,synthetic,mismatched,24,False,-1.116429328918457,,
final,535,syn_114,synthetic,mismatched,-1,False,,,22.0
final,535,syn_13,synthetic,mismatched,0,False,-1.0203752517700195,,
final,535,syn_13,synthetic,mismatched,1,False,-0.5857954025268555,,
final,535,syn_13,synthetic,mismatched,2,False,-0.10619354248046875,,
final,535,syn_13,synthetic,mismatched,3,False,-0.043849945068359375,,
final,535,syn_13,synthetic,mismatched,4,False,0.009565353393554688,,
final,535,syn_13,synthetic,mismatched,5,False,0.07588005065917969,,
final,535,syn_13,synthetic,mismatched,6,False,0.051964759826660156,,
final,535,syn_13,synthetic,mismatched,7,False,0.18038272857666016,,
final,535,syn_13,synthetic,mismatched,8,False,0.2259206771850586,,
final,535,syn_13,synthetic,mismatched,9,False,0.3801560401916504,,
final,535,syn_13,synthetic,mismatched,10,False,0.4444413185119629,,
final,535,syn_13,synthetic,mismatched,11,False,0.48298168182373047,,
final,535,syn_13,synthetic,mismatched,12,False,0.7634110450744629,,
final,535,syn_13,synthetic,mismatched,13,False,1.1459612846374512,,
final,535,syn_13,synthetic,mismatched,14,False,1.1341114044189453,,
final,535,syn_13,synthetic,mismatched,15,False,0.7010798454284668,,
final,535,syn_13,synthetic,mismatched,16,False,0.8718585968017578,,
final,535,syn_13,synthetic,mismatched,17,False,0.8909330368041992,,
final,535,syn_13,synthetic,mismatched,18,False,0.9707536697387695,,
final,535,syn_13,synthetic,mismatched,19,False,0.7791433334350586,,
final,535,syn_13,synthetic,mismatched,20,False,0.7403225898742676,,
final,535,syn_13,synthetic,mismatched,21,False,0.5135331153869629,,
final,535,syn_13,synthetic,mismatched,22,False,0.5854659080505371,,
final,535,syn_13,synthetic,mismatched,23,False,0.5496244430541992,,
final,535,syn_13,synthetic,mismatched,24,False,-0.013659000396728516,,
final,535,syn_13,synthetic,mismatched,-1,False,,,4.0
final,535,syn_116,synthetic,mismatched,0,False,0.7636003494262695,,
final,535,syn_116,synthetic,mismatched,1,False,-1.5316553115844727,,
final,535,syn_116,synthetic,mismatched,2,False,-1.5273237228393555,,
final,535,syn_116,synthetic,mismatched,3,False,-1.5612983703613281,,
final,535,syn_116,synthetic,mismatched,4,False,-1.660099983215332,,
final,535,syn_116,synthetic,mismatched,5,False,-1.6486482620239258,,
final,535,syn_116,synthetic,mismatched,6,False,-1.4924688339233398,,
final,535,syn_116,synthetic,mismatched,7,False,-1.5048236846923828,,
final,535,syn_116,synthetic,mismatched,8,False,-1.2554645538330078,,
final,535,syn_116,synthetic,mismatched,9,False,-1.4731922149658203,,
final,535,syn_116,synthetic,mismatched,10,False,-1.2164850234985352,,
final,535,syn_116,synthetic,mismatched,11,False,-1.127176284790039,,
final,535,syn_116,synthetic,mismatched,12,False,-1.1542930603027344,,
final,535,syn_116,synthetic,mismatched,13,False,-0.8318667411804199,,
final,535,syn_116,synthetic,mismatched,14,False,-0.6822648048400879,,
final,535,syn_116,synthetic,mismatched,15,False,0.3420829772949219,,
final,535,syn_116,synthetic,mismatched,16,False,0.893559455871582,,
final,535,syn_116,synthetic,mismatched,17,False,1.208282470703125,,
final,535,syn_116,synthetic,mismatched,18,False,1.4856305122375488,,
final,535,syn_116,synthetic,mismatched,19,False,0.38094234466552734,,
final,535,syn_116,synthetic,mismatched,20,False,0.10168647766113281,,
final,535,syn_116,synthetic,mismatched,21,False,1.0068984031677246,,
final,535,syn_116,synthetic,mismatched,22,False,1.7126855850219727,,
final,535,syn_116,synthetic,mismatched,23,False,1.2202086448669434,,
final,535,syn_116,synthetic,mismatched,24,False,1.7155799865722656,,
final,535,syn_116,synthetic,mismatched,-1,False,,,0.0
final,535,syn_151,synthetic,mismatched,0,False,-1.2242975234985352,,
final,535,syn_151,synthetic,mismatched,1,False,-0.0362701416015625,,
final,535,syn_151,synthetic,mismatched,2,False,-0.5641326904296875,,
final,535,syn_151,synthetic,mismatched,3,False,-0.6052703857421875,,
final,535,syn_151,synthetic,mismatched,4,False,-0.5488119125366211,,
final,535,syn_151,synthetic,mismatched,5,False,-0.5880517959594727,,
final,535,syn_151,synthetic,mismatched,6,False,-0.7782039642333984,,
final,535,syn_151,synthetic,mismatched,7,False,-0.7332849502563477,,
final,535,syn_151,synthetic,mismatched,8,False,-1.0076770782470703,,
final,535,syn_151,synthetic,mismatched,9,False,-1.3717689514160156,,
final,535,syn_151,synthetic,mismatched,10,False,-1.3542919158935547,,
final,535,syn_151,synthetic,mismatched,11,False,-0.8292121887207031,,
final,535,syn_151,synthetic,mismatched,12,False,-1.0435237884521484,,
final,535,syn_151,synthetic,mismatched,13,False,-1.2732734680175781,,
final,535,syn_151,synthetic,mismatched,14,False,-1.3512392044067383,,
final,535,syn_151,synthetic,mismatched,15,False,-1.7566661834716797,,
final,535,syn_151,synthetic,mismatched,16,False,-1.6208581924438477,,
final,535,syn_151,synthetic,mismatched,17,False,-0.5355105400085449,,
final,535,syn_151,synthetic,mismatched,18,False,-0.6214303970336914,,
final,535,syn_151,synthetic,mismatched,19,False,-0.7856302261352539,,
final,535,syn_151,synthetic,mismatched,20,False,-0.3940114974975586,,
final,535,syn_151,synthetic,mismatched,21,False,0.4811367988586426,,
final,535,syn_151,synthetic,mismatched,22,False,-0.23956298828125,,
final,535,syn_151,synthetic,mismatched,23,False,-1.1820149421691895,,
final,535,syn_151,synthetic,mismatched,24,False,-2.3509206771850586,,
final,535,syn_151,synthetic,mismatched,-1,False,,,21.0
final,535,syn_84,synthetic,mismatched,0,False,1.3282012939453125,,
final,535,syn_84,synthetic,mismatched,1,False,0.29764366149902344,,
final,535,syn_84,synthetic,mismatched,2,False,0.5100431442260742,,
final,535,syn_84,synthetic,mismatched,3,False,0.6827621459960938,,
final,535,syn_84,synthetic,mismatched,4,False,0.7890625,,
final,535,syn_84,synthetic,mismatched,5,False,0.967127799987793,,
final,535,syn_84,synthetic,mismatched,6,False,0.7087955474853516,,
final,535,syn_84,synthetic,mismatched,7,False,0.6343479156494141,,
final,535,syn_84,synthetic,mismatched,8,False,0.4585256576538086,,
final,535,syn_84,synthetic,mismatched,9,False,0.2445058822631836,,
final,535,syn_84,synthetic,mismatched,10,False,0.06390857696533203,,
final,535,syn_84,synthetic,mismatched,11,False,-0.3920421600341797,,
final,535,syn_84,synthetic,mismatched,12,False,-0.7841262817382812,,
final,535,syn_84,synthetic,mismatched,13,False,-1.576247215270996,,
final,535,syn_84,synthetic,mismatched,14,False,-1.9196176528930664,,
final,535,syn_84,synthetic,mismatched,15,False,-1.897171974182129,,
final,535,syn_84,synthetic,mismatched,16,False,-1.7817468643188477,,
final,535,syn_84,synthetic,mismatched,17,False,-1.838531494140625,,
final,535,syn_84,synthetic,mismatched,18,False,-1.9720439910888672,,
final,535,syn_84,synthetic,mismatched,19,False,-2.1161413192749023,,
final,535,syn_84,synthetic,mismatched,20,False,-2.386244297027588,,
final,535,syn_84,synthetic,mismatched,21,False,-2.6254472732543945,,
final,535,syn_84,synthetic,mismatched,22,False,-3.833110809326172,,
final,535,syn_84,synthetic,mismatched,23,False,-3.6359992027282715,,
final,535,syn_84,synthetic,mismatched,24,False,-3.644547462463379,,
final,535,syn_84,synthetic,mismatched,-1,False,,,0.0
final,535,syn_85,synthetic,mismatched,0,False,1.1848907470703125,,
final,535,syn_85,synthetic,mismatched,1,False,2.683534622192383,,
final,535,syn_85,synthetic,mismatched,2,False,2.6426172256469727,,
final,535,syn_85,synthetic,mismatched,3,False,2.6982035636901855,,
final,535,syn_85,synthetic,mismatched,4,False,2.448725700378418,,
final,535,syn_85,synthetic,mismatched,5,False,2.5208425521850586,,
final,535,syn_85,synthetic,mismatched,6,False,2.7101378440856934,,
final,535,syn_85,synthetic,mismatched,7,False,2.628479480743408,,
final,535,syn_85,synthetic,mismatched,8,False,2.587676525115967,,
final,535,syn_85,synthetic,mismatched,9,False,2.896961212158203,,
final,535,syn_85,synthetic,mismatched,10,False,2.940464973449707,,
final,535,syn_85,synthetic,mismatched,11,False,2.9143457412719727,,
final,535,syn_85,synthetic,mismatched,12,False,3.019303798675537,,
final,535,syn_85,synthetic,mismatched,13,False,3.0616798400878906,,
final,535,syn_85,synthetic,mismatched,14,False,3.3995962142944336,,
final,535,syn_85,synthetic,mismatched,15,False,3.592186450958252,,
final,535,syn_85,synthetic,mismatched,16,False,3.4945740699768066,,
final,535,syn_85,synthetic,mismatched,17,False,3.0737948417663574,,
final,535,syn_85,synthetic,mismatched,18,False,3.071793556213379,,
final,535,syn_85,synthetic,mismatched,19,False,2.311312198638916,,
final,535,syn_85,synthetic,mismatched,20,False,2.5840935707092285,,
final,535,syn_85,synthetic,mismatched,21,False,2.9624314308166504,,
final,535,syn_85,synthetic,mismatched,22,False,2.377727508544922,,
final,535,syn_85,synthetic,mismatched,23,False,1.976783275604248,,
final,535,syn_85,synthetic,mismatched,24,False,2.296177387237549,,
final,535,syn_85,synthetic,mismatched,-1,False,,,0.0
final,535,syn_154,synthetic,mismatched,0,False,-3.393082618713379,,
final,535,syn_154,synthetic,mismatched,1,False,1.3571243286132812,,
final,535,syn_154,synthetic,mismatched,2,False,1.2557363510131836,,
final,535,syn_154,synthetic,mismatched,3,False,1.2304344177246094,,
final,535,syn_154,synthetic,mismatched,4,False,1.4850521087646484,,
final,535,syn_154,synthetic,mismatched,5,False,1.5363636016845703,,
final,535,syn_154,synthetic,mismatched,6,False,1.4942569732666016,,
final,535,syn_154,synthetic,mismatched,7,False,1.5857152938842773,,
final,535,syn_154,synthetic,mismatched,8,False,1.7648391723632812,,
final,535,syn_154,synthetic,mismatched,9,False,2.1106033325195312,,
final,535,syn_154,synthetic,mismatched,10,False,2.3101587295532227,,
final,535,syn_154,synthetic,mismatched,11,False,2.607180595397949,,
final,535,syn_154,synthetic,mismatched,12,False,2.1092615127563477,,
final,535,syn_154,synthetic,mismatched,13,False,1.8726415634155273,,
final,535,syn_154,synthetic,mismatched,14,False,1.8959903717041016,,
final,535,syn_154,synthetic,mismatched,15,False,1.8356537818908691,,
final,535,syn_154,synthetic,mismatched,16,False,2.476667881011963,,
final,535,syn_154,synthetic,mismatched,17,False,2.8804707527160645,,
final,535,syn_154,synthetic,mismatched,18,False,2.7318620681762695,,
final,535,syn_154,synthetic,mismatched,19,False,2.4704952239990234,,
final,535,syn_154,synthetic,mismatched,20,False,3.0045690536499023,,
final,535,syn_154,synthetic,mismatched,21,False,2.9160404205322266,,
final,535,syn_154,synthetic,mismatched,22,False,4.232027053833008,,
final,535,syn_154,synthetic,mismatched,23,False,5.254428863525391,,
final,535,syn_154,synthetic,mismatched,24,False,5.647098541259766,,
final,535,syn_154,synthetic,mismatched,-1,False,,,1.0
final,535,syn_156,synthetic,mismatched,0,False,-0.5773077011108398,,
final,535,syn_156,synthetic,mismatched,1,False,-0.773249626159668,,
final,535,syn_156,synthetic,mismatched,2,False,-1.2580070495605469,,
final,535,syn_156,synthetic,mismatched,3,False,-1.2736072540283203,,
final,535,syn_156,synthetic,mismatched,4,False,-1.3899669647216797,,
final,535,syn_156,synthetic,mismatched,5,False,-1.5736408233642578,,
final,535,syn_156,synthetic,mismatched,6,False,-1.9024863243103027,,
final,535,syn_156,synthetic,mismatched,7,False,-1.8448891639709473,,
final,535,syn_156,synthetic,mismatched,8,False,-1.6365022659301758,,
final,535,syn_156,synthetic,mismatched,9,False,-1.7091732025146484,,
final,535,syn_156,synthetic,mismatched,10,False,-1.660749912261963,,
final,535,syn_156,synthetic,mismatched,11,False,-1.679671287536621,,
final,535,syn_156,synthetic,mismatched,12,False,-1.8757100105285645,,
final,535,syn_156,synthetic,mismatched,13,False,-2.1541175842285156,,
final,535,syn_156,synthetic,mismatched,14,False,-2.2978105545043945,,
final,535,syn_156,synthetic,mismatched,15,False,-2.1310901641845703,,
final,535,syn_156,synthetic,mismatched,16,False,-2.093289375305176,,
final,535,syn_156,synthetic,mismatched,17,False,-2.064075469970703,,
final,535,syn_156,synthetic,mismatched,18,False,-2.6000804901123047,,
final,535,syn_156,synthetic,mismatched,19,False,-2.0048370361328125,,
final,535,syn_156,synthetic,mismatched,20,False,-1.7926692962646484,,
final,535,syn_156,synthetic,mismatched,21,False,-1.6903314590454102,,
final,535,syn_156,synthetic,mismatched,22,False,-1.6556334495544434,,
final,535,syn_156,synthetic,mismatched,23,False,-1.2420334815979004,,
final,535,syn_156,synthetic,mismatched,24,False,-0.9183793067932129,,
final,535,syn_156,synthetic,mismatched,-1,False,,,
final,535,syn_55,synthetic,mismatched,0,False,1.4923267364501953,,
final,535,syn_55,synthetic,mismatched,1,False,1.8853759765625,,
final,535,syn_55,synthetic,mismatched,2,False,1.7728681564331055,,
final,535,syn_55,synthetic,mismatched,3,False,1.7240734100341797,,
final,535,syn_55,synthetic,mismatched,4,False,1.81219482421875,,
final,535,syn_55,synthetic,mismatched,5,False,1.8590679168701172,,
final,535,syn_55,synthetic,mismatched,6,False,1.3382587432861328,,
final,535,syn_55,synthetic,mismatched,7,False,1.0908927917480469,,
final,535,syn_55,synthetic,mismatched,8,False,1.017791748046875,,
final,535,syn_55,synthetic,mismatched,9,False,0.8639450073242188,,
final,535,syn_55,synthetic,mismatched,10,False,0.5354290008544922,,
final,535,syn_55,synthetic,mismatched,11,False,0.5761775970458984,,
final,535,syn_55,synthetic,mismatched,12,False,0.7032876014709473,,
final,535,syn_55,synthetic,mismatched,13,False,0.05238008499145508,,
final,535,syn_55,synthetic,mismatched,14,False,0.25992298126220703,,
final,535,syn_55,synthetic,mismatched,15,False,0.3880138397216797,,
final,535,syn_55,synthetic,mismatched,16,False,0.993079662322998,,
final,535,syn_55,synthetic,mismatched,17,False,1.145071029663086,,
final,535,syn_55,synthetic,mismatched,18,False,1.075791835784912,,
final,535,syn_55,synthetic,mismatched,19,False,1.5724115371704102,,
final,535,syn_55,synthetic,mismatched,20,False,1.4378247261047363,,
final,535,syn_55,synthetic,mismatched,21,False,1.8182082176208496,,
final,535,syn_55,synthetic,mismatched,22,False,2.3456506729125977,,
final,535,syn_55,synthetic,mismatched,23,False,2.7839250564575195,,
final,535,syn_55,synthetic,mismatched,24,False,2.9255313873291016,,
final,535,syn_55,synthetic,mismatched,-1,False,,,0.0
final,535,syn_192,synthetic,mismatched,0,False,1.3408632278442383,,
final,535,syn_192,synthetic,mismatched,1,False,-0.5793190002441406,,
final,535,syn_192,synthetic,mismatched,2,False,-0.637812614440918,,
final,535,syn_192,synthetic,mismatched,3,False,-0.7372446060180664,,
final,535,syn_192,synthetic,mismatched,4,False,-0.5081024169921875,,
final,535,syn_192,synthetic,mismatched,5,False,-0.5719928741455078,,
final,535,syn_192,synthetic,mismatched,6,False,-0.46753597259521484,,
final,535,syn_192,synthetic,mismatched,7,False,-0.5170211791992188,,
final,535,syn_192,synthetic,mismatched,8,False,-0.5531702041625977,,
final,535,syn_192,synthetic,mismatched,9,False,-0.5793585777282715,,
final,535,syn_192,synthetic,mismatched,10,False,-0.5629301071166992,,
final,535,syn_192,synthetic,mismatched,11,False,-0.7306947708129883,,
final,535,syn_192,synthetic,mismatched,12,False,-1.0683097839355469,,
final,535,syn_192,synthetic,mismatched,13,False,-1.3170819282531738,,
final,535,syn_192,synthetic,mismatched,14,False,-1.2083516120910645,,
final,535,syn_192,synthetic,mismatched,15,False,-1.163959264755249,,
final,535,syn_192,synthetic,mismatched,16,False,-0.22836875915527344,,
final,535,syn_192,synthetic,mismatched,17,False,0.0411534309387207,,
final,535,syn_192,synthetic,mismatched,18,False,0.9329314231872559,,
final,535,syn_192,synthetic,mismatched,19,False,0.7729098796844482,,
final,535,syn_192,synthetic,mismatched,20,False,0.5496822595596313,,
final,535,syn_192,synthetic,mismatched,21,False,0.6048623323440552,,
final,535,syn_192,synthetic,mismatched,22,False,0.5356954336166382,,
final,535,syn_192,synthetic,mismatched,23,False,0.40453267097473145,,
final,535,syn_192,synthetic,mismatched,24,False,0.15018534660339355,,
final,535,syn_192,synthetic,mismatched,-1,False,,,0.0
final,535,syn_159,synthetic,mismatched,0,False,-0.3978862762451172,,
final,535,syn_159,synthetic,mismatched,1,False,-4.42308235168457,,
final,535,syn_159,synthetic,mismatched,2,False,-4.35056209564209,,
final,535,syn_159,synthetic,mismatched,3,False,-4.340605735778809,,
final,535,syn_159,synthetic,mismatched,4,False,-4.429479598999023,,
final,535,syn_159,synthetic,mismatched,5,False,-4.3750200271606445,,
final,535,syn_159,synthetic,mismatched,6,False,-4.1119585037231445,,
final,535,syn_159,synthetic,mismatched,7,False,-4.025251388549805,,
final,535,syn_159,synthetic,mismatched,8,False,-4.045166969299316,,
final,535,syn_159,synthetic,mismatched,9,False,-3.8726205825805664,,
final,535,syn_159,synthetic,mismatched,10,False,-4.0389251708984375,,
final,535,syn_159,synthetic,mismatched,11,False,-4.265406608581543,,
final,535,syn_159,synthetic,mismatched,12,False,-4.2738542556762695,,
final,535,syn_159,synthetic,mismatched,13,False,-4.126064777374268,,
final,535,syn_159,synthetic,mismatched,14,False,-4.109587669372559,,
final,535,syn_159,synthetic,mismatched,15,False,-4.048635005950928,,
final,535,syn_159,synthetic,mismatched,16,False,-3.9356861114501953,,
final,535,syn_159,synthetic,mismatched,17,False,-3.5055007934570312,,
final,535,syn_159,synthetic,mismatched,18,False,-3.0888428688049316,,
final,535,syn_159,synthetic,mismatched,19,False,-2.860750675201416,,
final,535,syn_159,synthetic,mismatched,20,False,-1.526522159576416,,
final,535,syn_159,synthetic,mismatched,21,False,-1.585848331451416,,
final,535,syn_159,synthetic,mismatched,22,False,-1.5748376846313477,,
final,535,syn_159,synthetic,mismatched,23,False,-1.951371192932129,,
final,535,syn_159,synthetic,mismatched,24,False,-2.556253433227539,,
final,535,syn_159,synthetic,mismatched,-1,False,,,
final,535,syn_24,synthetic,mismatched,0,False,0.8106851577758789,,
final,535,syn_24,synthetic,mismatched,1,False,-0.7087583541870117,,
final,535,syn_24,synthetic,mismatched,2,False,-1.5293331146240234,,
final,535,syn_24,synthetic,mismatched,3,False,-2.1597347259521484,,
final,535,syn_24,synthetic,mismatched,4,False,-2.8028087615966797,,
final,535,syn_24,synthetic,mismatched,5,False,-3.171572685241699,,
final,535,syn_24,synthetic,mismatched,6,False,-3.9357738494873047,,
final,535,syn_24,synthetic,mismatched,7,False,-3.7937421798706055,,
final,535,syn_24,synthetic,mismatched,8,False,-4.060912609100342,,
final,535,syn_24,synthetic,mismatched,9,False,-4.362682819366455,,
final,535,syn_24,synthetic,mismatched,10,False,-4.600393295288086,,
final,535,syn_24,synthetic,mismatched,11,False,-4.6291303634643555,,
final,535,syn_24,synthetic,mismatched,12,False,-4.631155014038086,,
final,535,syn_24,synthetic,mismatched,13,False,-4.988731384277344,,
final,535,syn_24,synthetic,mismatched,14,False,-5.34420108795166,,
final,535,syn_24,synthetic,mismatched,15,False,-6.18379020690918,,
final,535,syn_24,synthetic,mismatched,16,False,-6.600807189941406,,
final,535,syn_24,synthetic,mismatched,17,False,-6.567468166351318,,
final,535,syn_24,synthetic,mismatched,18,False,-6.025341510772705,,
final,535,syn_24,synthetic,mismatched,19,False,-5.709644794464111,,
final,535,syn_24,synthetic,mismatched,20,False,-5.336272716522217,,
final,535,syn_24,synthetic,mismatched,21,False,-4.3236846923828125,,
final,535,syn_24,synthetic,mismatched,22,False,-2.7935843467712402,,
final,535,syn_24,synthetic,mismatched,23,False,-2.6698062419891357,,
final,535,syn_24,synthetic,mismatched,24,False,-2.9646782875061035,,
final,535,syn_24,synthetic,mismatched,-1,False,,,0.0
final,535,syn_161,synthetic,mismatched,0,False,3.9470863342285156,,
final,535,syn_161,synthetic,mismatched,1,False,2.352764129638672,,
final,535,syn_161,synthetic,mismatched,2,False,2.5761876106262207,,
final,535,syn_161,synthetic,mismatched,3,False,2.607419490814209,,
final,535,syn_161,synthetic,mismatched,4,False,2.7021803855895996,,
final,535,syn_161,synthetic,mismatched,5,False,2.8073086738586426,,
final,535,syn_161,synthetic,mismatched,6,False,2.966644763946533,,
final,535,syn_161,synthetic,mismatched,7,False,3.036515712738037,,
final,535,syn_161,synthetic,mismatched,8,False,2.9219279289245605,,
final,535,syn_161,synthetic,mismatched,9,False,2.9767251014709473,,
final,535,syn_161,synthetic,mismatched,10,False,3.237842082977295,,
final,535,syn_161,synthetic,mismatched,11,False,3.5911965370178223,,
final,535,syn_161,synthetic,mismatched,12,False,4.2541937828063965,,
final,535,syn_161,synthetic,mismatched,13,False,4.615719795227051,,
final,535,syn_161,synthetic,mismatched,14,False,4.740246772766113,,
final,535,syn_161,synthetic,mismatched,15,False,4.704527854919434,,
final,535,syn_161,synthetic,mismatched,16,False,5.527466773986816,,
final,535,syn_161,synthetic,mismatched,17,False,5.094516754150391,,
final,535,syn_161,synthetic,mismatched,18,False,4.936089515686035,,
final,535,syn_161,synthetic,mismatched,19,False,5.0352067947387695,,
final,535,syn_161,synthetic,mismatched,20,False,5.2270917892456055,,
final,535,syn_161,synthetic,mismatched,21,False,5.6783599853515625,,
final,535,syn_161,synthetic,mismatched,22,False,5.101349830627441,,
final,535,syn_161,synthetic,mismatched,23,False,4.520475387573242,,
final,535,syn_161,synthetic,mismatched,24,False,5.032564163208008,,
final,535,syn_161,synthetic,mismatched,-1,False,,,0.0
final,535,syn_94,synthetic,mismatched,0,False,0.8162508010864258,,
final,535,syn_94,synthetic,mismatched,1,False,3.0867385864257812,,
final,535,syn_94,synthetic,mismatched,2,False,2.751983642578125,,
final,535,syn_94,synthetic,mismatched,3,False,2.66400146484375,,
final,535,syn_94,synthetic,mismatched,4,False,2.4813737869262695,,
final,535,syn_94,synthetic,mismatched,5,False,2.1478776931762695,,
final,535,syn_94,synthetic,mismatched,6,False,2.3580007553100586,,
final,535,syn_94,synthetic,mismatched,7,False,2.5725717544555664,,
final,535,syn_94,synthetic,mismatched,8,False,2.4646425247192383,,
final,535,syn_94,synthetic,mismatched,9,False,2.6321420669555664,,
final,535,syn_94,synthetic,mismatched,10,False,2.772836685180664,,
final,535,syn_94,synthetic,mismatched,11,False,2.9900102615356445,,
final,535,syn_94,synthetic,mismatched,12,False,2.8983612060546875,,
final,535,syn_94,synthetic,mismatched,13,False,3.2036900520324707,,
final,535,syn_94,synthetic,mismatched,14,False,2.9824624061584473,,
final,535,syn_94,synthetic,mismatched,15,False,2.7389845848083496,,
final,535,syn_94,synthetic,mismatched,16,False,2.2523746490478516,,
final,535,syn_94,synthetic,mismatched,17,False,1.8944878578186035,,
final,535,syn_94,synthetic,mismatched,18,False,1.7038917541503906,,
final,535,syn_94,synthetic,mismatched,19,False,1.9416790008544922,,
final,535,syn_94,synthetic,mismatched,20,False,1.8572478294372559,,
final,535,syn_94,synthetic,mismatched,21,False,1.9346683025360107,,
final,535,syn_94,synthetic,mismatched,22,False,1.375645637512207,,
final,535,syn_94,synthetic,mismatched,23,False,1.5995678901672363,,
final,535,syn_94,synthetic,mismatched,24,False,1.8465795516967773,,
final,535,syn_94,synthetic,mismatched,-1,False,,,0.0
final,535,syn_129,synthetic,mismatched,0,False,-0.7291297912597656,,
final,535,syn_129,synthetic,mismatched,1,False,0.33557653427124023,,
final,535,syn_129,synthetic,mismatched,2,False,0.40221405029296875,,
final,535,syn_129,synthetic,mismatched,3,False,0.43969106674194336,,
final,535,syn_129,synthetic,mismatched,4,False,0.5264410972595215,,
final,535,syn_129,synthetic,mismatched,5,False,0.5573992729187012,,
final,535,syn_129,synthetic,mismatched,6,False,0.5536327362060547,,
final,535,syn_129,synthetic,mismatched,7,False,0.5816574096679688,,
final,535,syn_129,synthetic,mismatched,8,False,0.5706424713134766,,
final,535,syn_129,synthetic,mismatched,9,False,0.5208535194396973,,
final,535,syn_129,synthetic,mismatched,10,False,0.5219039916992188,,
final,535,syn_129,synthetic,mismatched,11,False,0.395540714263916,,
final,535,syn_129,synthetic,mismatched,12,False,0.5256447792053223,,
final,535,syn_129,synthetic,mismatched,13,False,0.5225410461425781,,
final,535,syn_129,synthetic,mismatched,14,False,0.48029375076293945,,
final,535,syn_129,synthetic,mismatched,15,False,0.38113832473754883,,
final,535,syn_129,synthetic,mismatched,16,False,0.6749944686889648,,
final,535,syn_129,synthetic,mismatched,17,False,1.0841388702392578,,
final,535,syn_129,synthetic,mismatched,18,False,1.3208503723144531,,
final,535,syn_129,synthetic,mismatched,19,False,1.1249778270721436,,
final,535,syn_129,synthetic,mismatched,20,False,0.20682144165039062,,
final,535,syn_129,synthetic,mismatched,21,False,1.0009679794311523,,
final,535,syn_129,synthetic,mismatched,22,False,1.0342917442321777,,
final,535,syn_129,synthetic,mismatched,23,False,1.6327934265136719,,
final,535,syn_129,synthetic,mismatched,24,False,2.1327009201049805,,
final,535,syn_129,synthetic,mismatched,-1,False,,,1.0
final,535,syn_96,synthetic,self,0,False,1.7101621627807617,,
final,535,syn_96,synthetic,self,1,False,1.7101621627807617,,
final,535,syn_96,synthetic,self,2,False,1.7101621627807617,,
final,535,syn_96,synthetic,self,3,False,1.7101621627807617,,
final,535,syn_96,synthetic,self,4,False,1.7101621627807617,,
final,535,syn_96,synthetic,self,5,False,1.7101621627807617,,
final,535,syn_96,synthetic,self,6,False,1.7101621627807617,,
final,535,syn_96,synthetic,self,7,False,1.7101621627807617,,
final,535,syn_96,synthetic,self,8,False,1.7101621627807617,,
final,535,syn_96,synthetic,self,9,False,1.7101621627807617,,
final,535,syn_96,synthetic,self,10,False,1.7101621627807617,,
final,535,syn_96,synthetic,self,11,False,1.7101621627807617,,
final,535,syn_96,synthetic,self,12,False,1.7101621627807617,,
final,535,syn_96,synthetic,self,13,False,1.7101621627807617,,
final,535,syn_96,synthetic,self,14,False,1.7101621627807617,,
final,535,syn_96,synthetic,self,15,False,1.7101621627807617,,
final,535,syn_96,synthetic,self,16,False,1.7101621627807617,,
final,535,syn_96,synthetic,self,17,False,1.7101621627807617,,
final,535,syn_96,synthetic,self,18,False,1.7101621627807617,,
final,535,syn_96,synthetic,self,19,False,1.7101621627807617,,
final,535,syn_96,synthetic,self,20,False,1.7101621627807617,,
final,535,syn_96,synthetic,self,21,False,1.7101621627807617,,
final,535,syn_96,synthetic,self,22,False,1.7101621627807617,,
final,535,syn_96,synthetic,self,23,False,1.7101621627807617,,
final,535,syn_96,synthetic,self,24,False,1.5052595138549805,,
final,535,syn_96,synthetic,self,-1,False,,,0.0
final,535,syn_97,synthetic,self,0,False,-2.9371938705444336,,
final,535,syn_97,synthetic,self,1,False,-2.9371938705444336,,
final,535,syn_97,synthetic,self,2,False,-2.9371938705444336,,
final,535,syn_97,synthetic,self,3,False,-2.9371938705444336,,
final,535,syn_97,synthetic,self,4,False,-2.9371938705444336,,
final,535,syn_97,synthetic,self,5,False,-2.9371938705444336,,
final,535,syn_97,synthetic,self,6,False,-2.9371938705444336,,
final,535,syn_97,synthetic,self,7,False,-2.9371938705444336,,
final,535,syn_97,synthetic,self,8,False,-2.9371938705444336,,
final,535,syn_97,synthetic,self,9,False,-2.9371938705444336,,
final,535,syn_97,synthetic,self,10,False,-2.9371938705444336,,
final,535,syn_97,synthetic,self,11,False,-2.9371938705444336,,
final,535,syn_97,synthetic,self,12,False,-2.9371938705444336,,
final,535,syn_97,synthetic,self,13,False,-2.9371938705444336,,
final,535,syn_97,synthetic,self,14,False,-2.9371938705444336,,
final,535,syn_97,synthetic,self,15,False,-2.9371938705444336,,
final,535,syn_97,synthetic,self,16,False,-2.9371938705444336,,
final,535,syn_97,synthetic,self,17,False,-2.9371938705444336,,
final,535,syn_97,synthetic,self,18,False,-2.9371938705444336,,
final,535,syn_97,synthetic,self,19,False,-2.9371938705444336,,
final,535,syn_97,synthetic,self,20,False,-2.9371938705444336,,
final,535,syn_97,synthetic,self,21,False,-2.9371938705444336,,
final,535,syn_97,synthetic,self,22,False,-2.9371938705444336,,
final,535,syn_97,synthetic,self,23,False,-2.9371938705444336,,
final,535,syn_97,synthetic,self,24,False,-2.7582950592041016,,
final,535,syn_97,synthetic,self,-1,False,,,
final,535,syn_30,synthetic,self,0,False,-2.5631532669067383,,
final,535,syn_30,synthetic,self,1,False,-2.5631532669067383,,
final,535,syn_30,synthetic,self,2,False,-2.5631532669067383,,
final,535,syn_30,synthetic,self,3,False,-2.5631532669067383,,
final,535,syn_30,synthetic,self,4,False,-2.5631532669067383,,
final,535,syn_30,synthetic,self,5,False,-2.5631532669067383,,
final,535,syn_30,synthetic,self,6,False,-2.5631532669067383,,
final,535,syn_30,synthetic,self,7,False,-2.5631532669067383,,
final,535,syn_30,synthetic,self,8,False,-2.5631532669067383,,
final,535,syn_30,synthetic,self,9,False,-2.5631532669067383,,
final,535,syn_30,synthetic,self,10,False,-2.5631532669067383,,
final,535,syn_30,synthetic,self,11,False,-2.5631532669067383,,
final,535,syn_30,synthetic,self,12,False,-2.5631532669067383,,
final,535,syn_30,synthetic,self,13,False,-2.5631532669067383,,
final,535,syn_30,synthetic,self,14,False,-2.5631532669067383,,
final,535,syn_30,synthetic,self,15,False,-2.5631532669067383,,
final,535,syn_30,synthetic,self,16,False,-2.5631532669067383,,
final,535,syn_30,synthetic,self,17,False,-2.5631532669067383,,
final,535,syn_30,synthetic,self,18,False,-2.5631532669067383,,
final,535,syn_30,synthetic,self,19,False,-2.5631532669067383,,
final,535,syn_30,synthetic,self,20,False,-2.5631532669067383,,
final,535,syn_30,synthetic,self,21,False,-2.5631532669067383,,
final,535,syn_30,synthetic,self,22,False,-2.5631532669067383,,
final,535,syn_30,synthetic,self,23,False,-2.5631532669067383,,
final,535,syn_30,synthetic,self,24,False,-2.810185432434082,,
final,535,syn_30,synthetic,self,-1,False,,,
final,535,syn_133,synthetic,self,0,False,0.7248916625976562,,
final,535,syn_133,synthetic,self,1,False,0.7248916625976562,,
final,535,syn_133,synthetic,self,2,False,0.7248916625976562,,
final,535,syn_133,synthetic,self,3,False,0.7248916625976562,,
final,535,syn_133,synthetic,self,4,False,0.7248916625976562,,
final,535,syn_133,synthetic,self,5,False,0.7248916625976562,,
final,535,syn_133,synthetic,self,6,False,0.7248916625976562,,
final,535,syn_133,synthetic,self,7,False,0.7248916625976562,,
final,535,syn_133,synthetic,self,8,False,0.7248916625976562,,
final,535,syn_133,synthetic,self,9,False,0.7248916625976562,,
final,535,syn_133,synthetic,self,10,False,0.7248916625976562,,
final,535,syn_133,synthetic,self,11,False,0.7248916625976562,,
final,535,syn_133,synthetic,self,12,False,0.7248916625976562,,
final,535,syn_133,synthetic,self,13,False,0.7248916625976562,,
final,535,syn_133,synthetic,self,14,False,0.7248916625976562,,
final,535,syn_133,synthetic,self,15,False,0.7248916625976562,,
final,535,syn_133,synthetic,self,16,False,0.7248916625976562,,
final,535,syn_133,synthetic,self,17,False,0.7248916625976562,,
final,535,syn_133,synthetic,self,18,False,0.7248916625976562,,
final,535,syn_133,synthetic,self,19,False,0.7248916625976562,,
final,535,syn_133,synthetic,self,20,False,0.7248916625976562,,
final,535,syn_133,synthetic,self,21,False,0.7248916625976562,,
final,535,syn_133,synthetic,self,22,False,0.7248916625976562,,
final,535,syn_133,synthetic,self,23,False,0.7248916625976562,,
final,535,syn_133,synthetic,self,24,False,0.5586709976196289,,
final,535,syn_133,synthetic,self,-1,False,,,0.0
final,535,syn_134,synthetic,self,0,False,-1.304213523864746,,
final,535,syn_134,synthetic,self,1,False,-1.304213523864746,,
final,535,syn_134,synthetic,self,2,False,-1.304213523864746,,
final,535,syn_134,synthetic,self,3,False,-1.304213523864746,,
final,535,syn_134,synthetic,self,4,False,-1.304213523864746,,
final,535,syn_134,synthetic,self,5,False,-1.304213523864746,,
final,535,syn_134,synthetic,self,6,False,-1.304213523864746,,
final,535,syn_134,synthetic,self,7,False,-1.304213523864746,,
final,535,syn_134,synthetic,self,8,False,-1.304213523864746,,
final,535,syn_134,synthetic,self,9,False,-1.304213523864746,,
final,535,syn_134,synthetic,self,10,False,-1.304213523864746,,
final,535,syn_134,synthetic,self,11,False,-1.304213523864746,,
final,535,syn_134,synthetic,self,12,False,-1.304213523864746,,
final,535,syn_134,synthetic,self,13,False,-1.304213523864746,,
final,535,syn_134,synthetic,self,14,False,-1.304213523864746,,
final,535,syn_134,synthetic,self,15,False,-1.304213523864746,,
final,535,syn_134,synthetic,self,16,False,-1.304213523864746,,
final,535,syn_134,synthetic,self,17,False,-1.304213523864746,,
final,535,syn_134,synthetic,self,18,False,-1.304213523864746,,
final,535,syn_134,synthetic,self,19,False,-1.304213523864746,,
final,535,syn_134,synthetic,self,20,False,-1.304213523864746,,
final,535,syn_134,synthetic,self,21,False,-1.304213523864746,,
final,535,syn_134,synthetic,self,22,False,-1.304213523864746,,
final,535,syn_134,synthetic,self,23,False,-1.304213523864746,,
final,535,syn_134,synthetic,self,24,False,-1.2874031066894531,,
final,535,syn_134,synthetic,self,-1,False,,,
final,535,syn_101,synthetic,self,0,False,1.5680255889892578,,
final,535,syn_101,synthetic,self,1,False,1.5680255889892578,,
final,535,syn_101,synthetic,self,2,False,1.5680255889892578,,
final,535,syn_101,synthetic,self,3,False,1.5680255889892578,,
final,535,syn_101,synthetic,self,4,False,1.5680255889892578,,
final,535,syn_101,synthetic,self,5,False,1.5680255889892578,,
final,535,syn_101,synthetic,self,6,False,1.5680255889892578,,
final,535,syn_101,synthetic,self,7,False,1.5680255889892578,,
final,535,syn_101,synthetic,self,8,False,1.5680255889892578,,
final,535,syn_101,synthetic,self,9,False,1.5680255889892578,,
final,535,syn_101,synthetic,self,10,False,1.5680255889892578,,
final,535,syn_101,synthetic,self,11,False,1.5680255889892578,,
final,535,syn_101,synthetic,self,12,False,1.5680255889892578,,
final,535,syn_101,synthetic,self,13,False,1.5680255889892578,,
final,535,syn_101,synthetic,self,14,False,1.5680255889892578,,
final,535,syn_101,synthetic,self,15,False,1.5680255889892578,,
final,535,syn_101,synthetic,self,16,False,1.5680255889892578,,
final,535,syn_101,synthetic,self,17,False,1.5680255889892578,,
final,535,syn_101,synthetic,self,18,False,1.5680255889892578,,
final,535,syn_101,synthetic,self,19,False,1.5680255889892578,,
final,535,syn_101,synthetic,self,20,False,1.5680255889892578,,
final,535,syn_101,synthetic,self,21,False,1.5680255889892578,,
final,535,syn_101,synthetic,self,22,False,1.5680255889892578,,
final,535,syn_101,synthetic,self,23,False,1.5680255889892578,,
final,535,syn_101,synthetic,self,24,False,1.8260583877563477,,
final,535,syn_101,synthetic,self,-1,False,,,0.0
final,535,syn_136,synthetic,self,0,False,-4.591724395751953,,
final,535,syn_136,synthetic,self,1,False,-4.591724395751953,,
final,535,syn_136,synthetic,self,2,False,-4.591724395751953,,
final,535,syn_136,synthetic,self,3,False,-4.591724395751953,,
final,535,syn_136,synthetic,self,4,False,-4.591724395751953,,
final,535,syn_136,synthetic,self,5,False,-4.591724395751953,,
final,535,syn_136,synthetic,self,6,False,-4.591724395751953,,
final,535,syn_136,synthetic,self,7,False,-4.591724395751953,,
final,535,syn_136,synthetic,self,8,False,-4.591724395751953,,
final,535,syn_136,synthetic,self,9,False,-4.591724395751953,,
final,535,syn_136,synthetic,self,10,False,-4.591724395751953,,
final,535,syn_136,synthetic,self,11,False,-4.591724395751953,,
final,535,syn_136,synthetic,self,12,False,-4.591724395751953,,
final,535,syn_136,synthetic,self,13,False,-4.591724395751953,,
final,535,syn_136,synthetic,self,14,False,-4.591724395751953,,
final,535,syn_136,synthetic,self,15,False,-4.591724395751953,,
final,535,syn_136,synthetic,self,16,False,-4.591724395751953,,
final,535,syn_136,synthetic,self,17,False,-4.591724395751953,,
final,535,syn_136,synthetic,self,18,False,-4.591724395751953,,
final,535,syn_136,synthetic,self,19,False,-4.591724395751953,,
final,535,syn_136,synthetic,self,20,False,-4.591724395751953,,
final,535,syn_136,synthetic,self,21,False,-4.591724395751953,,
final,535,syn_136,synthetic,self,22,False,-4.591724395751953,,
final,535,syn_136,synthetic,self,23,False,-4.591724395751953,,
final,535,syn_136,synthetic,self,24,False,-4.798135757446289,,
final,535,syn_136,synthetic,self,-1,False,,,
final,535,syn_137,synthetic,self,0,False,-3.9923553466796875,,
final,535,syn_137,synthetic,self,1,False,-3.9923553466796875,,
final,535,syn_137,synthetic,self,2,False,-3.9923553466796875,,
final,535,syn_137,synthetic,self,3,False,-3.9923553466796875,,
final,535,syn_137,synthetic,self,4,False,-3.9923553466796875,,
final,535,syn_137,synthetic,self,5,False,-3.9923553466796875,,
final,535,syn_137,synthetic,self,6,False,-3.9923553466796875,,
final,535,syn_137,synthetic,self,7,False,-3.9923553466796875,,
final,535,syn_137,synthetic,self,8,False,-3.9923553466796875,,
final,535,syn_137,synthetic,self,9,False,-3.9923553466796875,,
final,535,syn_137,synthetic,self,10,False,-3.9923553466796875,,
final,535,syn_137,synthetic,self,11,False,-3.9923553466796875,,
final,535,syn_137,synthetic,self,12,False,-3.9923553466796875,,
final,535,syn_137,synthetic,self,13,False,-3.9923553466796875,,
final,535,syn_137,synthetic,self,14,False,-3.9923553466796875,,
final,535,syn_137,synthetic,self,15,False,-3.9923553466796875,,
final,535,syn_137,synthetic,self,16,False,-3.9923553466796875,,
final,535,syn_137,synthetic,self,17,False,-3.9923553466796875,,
final,535,syn_137,synthetic,self,18,False,-3.9923553466796875,,
final,535,syn_137,synthetic,self,19,False,-3.9923553466796875,,
final,535,syn_137,synthetic,self,20,False,-3.9923553466796875,,
final,535,syn_137,synthetic,self,21,False,-3.9923553466796875,,
final,535,syn_137,synthetic,self,22,False,-3.9923553466796875,,
final,535,syn_137,synthetic,self,23,False,-3.9923553466796875,,
final,535,syn_137,synthetic,self,24,False,-4.196920394897461,,
final,535,syn_137,synthetic,self,-1,False,,,
final,535,syn_36,synthetic,self,0,False,0.18512630462646484,,
final,535,syn_36,synthetic,self,1,False,0.18512630462646484,,
final,535,syn_36,synthetic,self,2,False,0.18512630462646484,,
final,535,syn_36,synthetic,self,3,False,0.18512630462646484,,
final,535,syn_36,synthetic,self,4,False,0.18512630462646484,,
final,535,syn_36,synthetic,self,5,False,0.18512630462646484,,
final,535,syn_36,synthetic,self,6,False,0.18512630462646484,,
final,535,syn_36,synthetic,self,7,False,0.18512630462646484,,
final,535,syn_36,synthetic,self,8,False,0.18512630462646484,,
final,535,syn_36,synthetic,self,9,False,0.18512630462646484,,
final,535,syn_36,synthetic,self,10,False,0.18512630462646484,,
final,535,syn_36,synthetic,self,11,False,0.18512630462646484,,
final,535,syn_36,synthetic,self,12,False,0.18512630462646484,,
final,535,syn_36,synthetic,self,13,False,0.18512630462646484,,
final,535,syn_36,synthetic,self,14,False,0.18512630462646484,,
final,535,syn_36,synthetic,self,15,False,0.18512630462646484,,
final,535,syn_36,synthetic,self,16,False,0.18512630462646484,,
final,535,syn_36,synthetic,self,17,False,0.18512630462646484,,
final,535,syn_36,synthetic,self,18,False,0.18512630462646484,,
final,535,syn_36,synthetic,self,19,False,0.18512630462646484,,
final,535,syn_36,synthetic,self,20,False,0.18512630462646484,,
final,535,syn_36,synthetic,self,21,False,0.18512630462646484,,
final,535,syn_36,synthetic,self,22,False,0.18512630462646484,,
final,535,syn_36,synthetic,self,23,False,0.18512630462646484,,
final,535,syn_36,synthetic,self,24,False,0.47324466705322266,,
final,535,syn_36,synthetic,self,-1,False,,,0.0
final,535,syn_139,synthetic,self,0,False,2.0966062545776367,,
final,535,syn_139,synthetic,self,1,False,2.0966062545776367,,
final,535,syn_139,synthetic,self,2,False,2.0966062545776367,,
final,535,syn_139,synthetic,self,3,False,2.0966062545776367,,
final,535,syn_139,synthetic,self,4,False,2.0966062545776367,,
final,535,syn_139,synthetic,self,5,False,2.0966062545776367,,
final,535,syn_139,synthetic,self,6,False,2.0966062545776367,,
final,535,syn_139,synthetic,self,7,False,2.0966062545776367,,
final,535,syn_139,synthetic,self,8,False,2.0966062545776367,,
final,535,syn_139,synthetic,self,9,False,2.0966062545776367,,
final,535,syn_139,synthetic,self,10,False,2.0966062545776367,,
final,535,syn_139,synthetic,self,11,False,2.0966062545776367,,
final,535,syn_139,synthetic,self,12,False,2.0966062545776367,,
final,535,syn_139,synthetic,self,13,False,2.0966062545776367,,
final,535,syn_139,synthetic,self,14,False,2.0966062545776367,,
final,535,syn_139,synthetic,self,15,False,2.0966062545776367,,
final,535,syn_139,synthetic,self,16,False,2.0966062545776367,,
final,535,syn_139,synthetic,self,17,False,2.0966062545776367,,
final,535,syn_139,synthetic,self,18,False,2.0966062545776367,,
final,535,syn_139,synthetic,self,19,False,2.0966062545776367,,
final,535,syn_139,synthetic,self,20,False,2.0966062545776367,,
final,535,syn_139,synthetic,self,21,False,2.0966062545776367,,
final,535,syn_139,synthetic,self,22,False,2.0966062545776367,,
final,535,syn_139,synthetic,self,23,False,2.0966062545776367,,
final,535,syn_139,synthetic,self,24,False,2.3326025009155273,,
final,535,syn_139,synthetic,self,-1,False,,,0.0
final,535,syn_140,synthetic,self,0,False,0.04461193084716797,,
final,535,syn_140,synthetic,self,1,False,0.04461193084716797,,
final,535,syn_140,synthetic,self,2,False,0.04461193084716797,,
final,535,syn_140,synthetic,self,3,False,0.04461193084716797,,
final,535,syn_140,synthetic,self,4,False,0.04461193084716797,,
final,535,syn_140,synthetic,self,5,False,0.04461193084716797,,
final,535,syn_140,synthetic,self,6,False,0.04461193084716797,,
final,535,syn_140,synthetic,self,7,False,0.04461193084716797,,
final,535,syn_140,synthetic,self,8,False,0.04461193084716797,,
final,535,syn_140,synthetic,self,9,False,0.04461193084716797,,
final,535,syn_140,synthetic,self,10,False,0.04461193084716797,,
final,535,syn_140,synthetic,self,11,False,0.04461193084716797,,
final,535,syn_140,synthetic,self,12,False,0.04461193084716797,,
final,535,syn_140,synthetic,self,13,False,0.04461193084716797,,
final,535,syn_140,synthetic,self,14,False,0.04461193084716797,,
final,535,syn_140,synthetic,self,15,False,0.04461193084716797,,
final,535,syn_140,synthetic,self,16,False,0.04461193084716797,,
final,535,syn_140,synthetic,self,17,False,0.04461193084716797,,
final,535,syn_140,synthetic,self,18,False,0.04461193084716797,,
final,535,syn_140,synthetic,self,19,False,0.04461193084716797,,
final,535,syn_140,synthetic,self,20,False,0.04461193084716797,,
final,535,syn_140,synthetic,self,21,False,0.04461193084716797,,
final,535,syn_140,synthetic,self,22,False,0.04461193084716797,,
final,535,syn_140,synthetic,self,23,False,0.04461193084716797,,
final,535,syn_140,synthetic,self,24,False,-0.015196800231933594,,
final,535,syn_140,synthetic,self,-1,False,,,0.0
final,535,syn_39,synthetic,self,0,False,0.2048206329345703,,
final,535,syn_39,synthetic,self,1,False,0.2048206329345703,,
final,535,syn_39,synthetic,self,2,False,0.2048206329345703,,
final,535,syn_39,synthetic,self,3,False,0.2048206329345703,,
final,535,syn_39,synthetic,self,4,False,0.2048206329345703,,
final,535,syn_39,synthetic,self,5,False,0.2048206329345703,,
final,535,syn_39,synthetic,self,6,False,0.2048206329345703,,
final,535,syn_39,synthetic,self,7,False,0.2048206329345703,,
final,535,syn_39,synthetic,self,8,False,0.2048206329345703,,
final,535,syn_39,synthetic,self,9,False,0.2048206329345703,,
final,535,syn_39,synthetic,self,10,False,0.2048206329345703,,
final,535,syn_39,synthetic,self,11,False,0.2048206329345703,,
final,535,syn_39,synthetic,self,12,False,0.2048206329345703,,
final,535,syn_39,synthetic,self,13,False,0.2048206329345703,,
final,535,syn_39,synthetic,self,14,False,0.2048206329345703,,
final,535,syn_39,synthetic,self,15,False,0.2048206329345703,,
final,535,syn_39,synthetic,self,16,False,0.2048206329345703,,
final,535,syn_39,synthetic,self,17,False,0.2048206329345703,,
final,535,syn_39,synthetic,self,18,False,0.2048206329345703,,
final,535,syn_39,synthetic,self,19,False,0.2048206329345703,,
final,535,syn_39,synthetic,self,20,False,0.2048206329345703,,
final,535,syn_39,synthetic,self,21,False,0.2048206329345703,,
final,535,syn_39,synthetic,self,22,False,0.2048206329345703,,
final,535,syn_39,synthetic,self,23,False,0.2048206329345703,,
final,535,syn_39,synthetic,self,24,False,0.1328411102294922,,
final,535,syn_39,synthetic,self,-1,False,,,0.0
final,535,syn_142,synthetic,self,0,False,-0.44991588592529297,,
final,535,syn_142,synthetic,self,1,False,-0.44991588592529297,,
final,535,syn_142,synthetic,self,2,False,-0.44991588592529297,,
final,535,syn_142,synthetic,self,3,False,-0.44991588592529297,,
final,535,syn_142,synthetic,self,4,False,-0.44991588592529297,,
final,535,syn_142,synthetic,self,5,False,-0.44991588592529297,,
final,535,syn_142,synthetic,self,6,False,-0.44991588592529297,,
final,535,syn_142,synthetic,self,7,False,-0.44991588592529297,,
final,535,syn_142,synthetic,self,8,False,-0.44991588592529297,,
final,535,syn_142,synthetic,self,9,False,-0.44991588592529297,,
final,535,syn_142,synthetic,self,10,False,-0.44991588592529297,,
final,535,syn_142,synthetic,self,11,False,-0.44991588592529297,,
final,535,syn_142,synthetic,self,12,False,-0.44991588592529297,,
final,535,syn_142,synthetic,self,13,False,-0.44991588592529297,,
final,535,syn_142,synthetic,self,14,False,-0.44991588592529297,,
final,535,syn_142,synthetic,self,15,False,-0.44991588592529297,,
final,535,syn_142,synthetic,self,16,False,-0.44991588592529297,,
final,535,syn_142,synthetic,self,17,False,-0.44991588592529297,,
final,535,syn_142,synthetic,self,18,False,-0.44991588592529297,,
final,535,syn_142,synthetic,self,19,False,-0.44991588592529297,,
final,535,syn_142,synthetic,self,20,False,-0.44991588592529297,,
final,535,syn_142,synthetic,self,21,False,-0.44991588592529297,,
final,535,syn_142,synthetic,self,22,False,-0.44991588592529297,,
final,535,syn_142,synthetic,self,23,False,-0.44991588592529297,,
final,535,syn_142,synthetic,self,24,False,-0.3802833557128906,,
final,535,syn_142,synthetic,self,-1,False,,,
final,535,syn_143,synthetic,self,0,False,-2.869760513305664,,
final,535,syn_143,synthetic,self,1,False,-2.869760513305664,,
final,535,syn_143,synthetic,self,2,False,-2.869760513305664,,
final,535,syn_143,synthetic,self,3,False,-2.869760513305664,,
final,535,syn_143,synthetic,self,4,False,-2.869760513305664,,
final,535,syn_143,synthetic,self,5,False,-2.869760513305664,,
final,535,syn_143,synthetic,self,6,False,-2.869760513305664,,
final,535,syn_143,synthetic,self,7,False,-2.869760513305664,,
final,535,syn_143,synthetic,self,8,False,-2.869760513305664,,
final,535,syn_143,synthetic,self,9,False,-2.869760513305664,,
final,535,syn_143,synthetic,self,10,False,-2.869760513305664,,
final,535,syn_143,synthetic,self,11,False,-2.869760513305664,,
final,535,syn_143,synthetic,self,12,False,-2.869760513305664,,
final,535,syn_143,synthetic,self,13,False,-2.869760513305664,,
final,535,syn_143,synthetic,self,14,False,-2.869760513305664,,
final,535,syn_143,synthetic,self,15,False,-2.869760513305664,,
final,535,syn_143,synthetic,self,16,False,-2.869760513305664,,
final,535,syn_143,synthetic,self,17,False,-2.869760513305664,,
final,535,syn_143,synthetic,self,18,False,-2.869760513305664,,
final,535,syn_143,synthetic,self,19,False,-2.869760513305664,,
final,535,syn_143,synthetic,self,20,False,-2.869760513305664,,
final,535,syn_143,synthetic,self,21,False,-2.869760513305664,,
final,535,syn_143,synthetic,self,22,False,-2.869760513305664,,
final,535,syn_143,synthetic,self,23,False,-2.869760513305664,,
final,535,syn_143,synthetic,self,24,False,-3.0751190185546875,,
final,535,syn_143,synthetic,self,-1,False,,,
final,535,syn_110,synthetic,self,0,False,-1.8840208053588867,,
final,535,syn_110,synthetic,self,1,False,-1.8840208053588867,,
final,535,syn_110,synthetic,self,2,False,-1.8840208053588867,,
final,535,syn_110,synthetic,self,3,False,-1.8840208053588867,,
final,535,syn_110,synthetic,self,4,False,-1.8840208053588867,,
final,535,syn_110,synthetic,self,5,False,-1.8840208053588867,,
final,535,syn_110,synthetic,self,6,False,-1.8840208053588867,,
final,535,syn_110,synthetic,self,7,False,-1.8840208053588867,,
final,535,syn_110,synthetic,self,8,False,-1.8840208053588867,,
final,535,syn_110,synthetic,self,9,False,-1.8840208053588867,,
final,535,syn_110,synthetic,self,10,False,-1.8840208053588867,,
final,535,syn_110,synthetic,self,11,False,-1.8840208053588867,,
final,535,syn_110,synthetic,self,12,False,-1.8840208053588867,,
final,535,syn_110,synthetic,self,13,False,-1.8840208053588867,,
final,535,syn_110,synthetic,self,14,False,-1.8840208053588867,,
final,535,syn_110,synthetic,self,15,False,-1.8840208053588867,,
final,535,syn_110,synthetic,self,16,False,-1.8840208053588867,,
final,535,syn_110,synthetic,self,17,False,-1.8840208053588867,,
final,535,syn_110,synthetic,self,18,False,-1.8840208053588867,,
final,535,syn_110,synthetic,self,19,False,-1.8840208053588867,,
final,535,syn_110,synthetic,self,20,False,-1.8840208053588867,,
final,535,syn_110,synthetic,self,21,False,-1.8840208053588867,,
final,535,syn_110,synthetic,self,22,False,-1.8840208053588867,,
final,535,syn_110,synthetic,self,23,False,-1.8840208053588867,,
final,535,syn_110,synthetic,self,24,False,-1.9521703720092773,,
final,535,syn_110,synthetic,self,-1,False,,,
final,535,syn_145,synthetic,self,0,False,0.8683528900146484,,
final,535,syn_145,synthetic,self,1,False,0.8683528900146484,,
final,535,syn_145,synthetic,self,2,False,0.8683528900146484,,
final,535,syn_145,synthetic,self,3,False,0.8683528900146484,,
final,535,syn_145,synthetic,self,4,False,0.8683528900146484,,
final,535,syn_145,synthetic,self,5,False,0.8683528900146484,,
final,535,syn_145,synthetic,self,6,False,0.8683528900146484,,
final,535,syn_145,synthetic,self,7,False,0.8683528900146484,,
final,535,syn_145,synthetic,self,8,False,0.8683528900146484,,
final,535,syn_145,synthetic,self,9,False,0.8683528900146484,,
final,535,syn_145,synthetic,self,10,False,0.8683528900146484,,
final,535,syn_145,synthetic,self,11,False,0.8683528900146484,,
final,535,syn_145,synthetic,self,12,False,0.8683528900146484,,
final,535,syn_145,synthetic,self,13,False,0.8683528900146484,,
final,535,syn_145,synthetic,self,14,False,0.8683528900146484,,
final,535,syn_145,synthetic,self,15,False,0.8683528900146484,,
final,535,syn_145,synthetic,self,16,False,0.8683528900146484,,
final,535,syn_145,synthetic,self,17,False,0.8683528900146484,,
final,535,syn_145,synthetic,self,18,False,0.8683528900146484,,
final,535,syn_145,synthetic,self,19,False,0.8683528900146484,,
final,535,syn_145,synthetic,self,20,False,0.8683528900146484,,
final,535,syn_145,synthetic,self,21,False,0.8683528900146484,,
final,535,syn_145,synthetic,self,22,False,0.8683528900146484,,
final,535,syn_145,synthetic,self,23,False,0.8683528900146484,,
final,535,syn_145,synthetic,self,24,False,0.7524595260620117,,
final,535,syn_145,synthetic,self,-1,False,,,0.0
final,535,syn_96,synthetic,mismatched,0,False,1.7101621627807617,,
final,535,syn_96,synthetic,mismatched,1,False,0.3932828903198242,,
final,535,syn_96,synthetic,mismatched,2,False,0.49297523498535156,,
final,535,syn_96,synthetic,mismatched,3,False,0.7147388458251953,,
final,535,syn_96,synthetic,mismatched,4,False,0.6649932861328125,,
final,535,syn_96,synthetic,mismatched,5,False,0.7475376129150391,,
final,535,syn_96,synthetic,mismatched,6,False,0.49445438385009766,,
final,535,syn_96,synthetic,mismatched,7,False,0.32018184661865234,,
final,535,syn_96,synthetic,mismatched,8,False,0.4092569351196289,,
final,535,syn_96,synthetic,mismatched,9,False,0.5254545211791992,,
final,535,syn_96,synthetic,mismatched,10,False,0.7672348022460938,,
final,535,syn_96,synthetic,mismatched,11,False,0.7999868392944336,,
final,535,syn_96,synthetic,mismatched,12,False,0.8056125640869141,,
final,535,syn_96,synthetic,mismatched,13,False,0.9884796142578125,,
final,535,syn_96,synthetic,mismatched,14,False,0.8009510040283203,,
final,535,syn_96,synthetic,mismatched,15,False,0.5459365844726562,,
final,535,syn_96,synthetic,mismatched,16,False,0.5782251358032227,,
final,535,syn_96,synthetic,mismatched,17,False,0.7275419235229492,,
final,535,syn_96,synthetic,mismatched,18,False,0.20020580291748047,,
final,535,syn_96,synthetic,mismatched,19,False,-0.44777870178222656,,
final,535,syn_96,synthetic,mismatched,20,False,-1.3999605178833008,,
final,535,syn_96,synthetic,mismatched,21,False,-1.8340845108032227,,
final,535,syn_96,synthetic,mismatched,22,False,-1.9025239944458008,,
final,535,syn_96,synthetic,mismatched,23,False,-2.2785539627075195,,
final,535,syn_96,synthetic,mismatched,24,False,-2.8463497161865234,,
final,535,syn_96,synthetic,mismatched,-1,False,,,0.0
final,535,syn_97,synthetic,mismatched,0,False,-2.9371938705444336,,
final,535,syn_97,synthetic,mismatched,1,False,-1.030510425567627,,
final,535,syn_97,synthetic,mismatched,2,False,-0.6447181701660156,,
final,535,syn_97,synthetic,mismatched,3,False,-0.5507621765136719,,
final,535,syn_97,synthetic,mismatched,4,False,-0.8362216949462891,,
final,535,syn_97,synthetic,mismatched,5,False,-0.9745326042175293,,
final,535,syn_97,synthetic,mismatched,6,False,-1.2107744216918945,,
final,535,syn_97,synthetic,mismatched,7,False,-1.1377878189086914,,
final,535,syn_97,synthetic,mismatched,8,False,-1.204765796661377,,
final,535,syn_97,synthetic,mismatched,9,False,-1.551809310913086,,
final,535,syn_97,synthetic,mismatched,10,False,-1.4385628700256348,,
final,535,syn_97,synthetic,mismatched,11,False,-1.4126715660095215,,
final,535,syn_97,synthetic,mismatched,12,False,-1.1886892318725586,,
final,535,syn_97,synthetic,mismatched,13,False,-1.4316554069519043,,
final,535,syn_97,synthetic,mismatched,14,False,-1.5148911476135254,,
final,535,syn_97,synthetic,mismatched,15,False,-1.1491189002990723,,
final,535,syn_97,synthetic,mismatched,16,False,-0.7836298942565918,,
final,535,syn_97,synthetic,mismatched,17,False,-1.2513513565063477,,
final,535,syn_97,synthetic,mismatched,18,False,-0.14223575592041016,,
final,535,syn_97,synthetic,mismatched,19,False,-0.49512481689453125,,
final,535,syn_97,synthetic,mismatched,20,False,-1.5384645462036133,,
final,535,syn_97,synthetic,mismatched,21,False,0.6733112335205078,,
final,535,syn_97,synthetic,mismatched,22,False,0.602940559387207,,
final,535,syn_97,synthetic,mismatched,23,False,1.4254722595214844,,
final,535,syn_97,synthetic,mismatched,24,False,2.2981576919555664,,
final,535,syn_97,synthetic,mismatched,-1,False,,,21.0
final,535,syn_30,synthetic,mismatched,0,False,-2.5631532669067383,,
final,535,syn_30,synthetic,mismatched,1,False,-3.4287586212158203,,
final,535,syn_30,synthetic,mismatched,2,False,-3.6947317123413086,,
final,535,syn_30,synthetic,mismatched,3,False,-3.93941593170166,,
final,535,syn_30,synthetic,mismatched,4,False,-4.387629508972168,,
final,535,syn_30,synthetic,mismatched,5,False,-4.6052350997924805,,
final,535,syn_30,synthetic,mismatched,6,False,-4.7383317947387695,,
final,535,syn_30,synthetic,mismatched,7,False,-5.071584701538086,,
final,535,syn_30,synthetic,mismatched,8,False,-5.138982772827148,,
final,535,syn_30,synthetic,mismatched,9,False,-5.28952693939209,,
final,535,syn_30,synthetic,mismatched,10,False,-5.640619277954102,,
final,535,syn_30,synthetic,mismatched,11,False,-6.207555770874023,,
final,535,syn_30,synthetic,mismatched,12,False,-6.957250595092773,,
final,535,syn_30,synthetic,mismatched,13,False,-7.581182479858398,,
final,535,syn_30,synthetic,mismatched,14,False,-7.952398300170898,,
final,535,syn_30,synthetic,mismatched,15,False,-8.733555793762207,,
final,535,syn_30,synthetic,mismatched,16,False,-9.431605339050293,,
final,535,syn_30,synthetic,mismatched,17,False,-9.314748764038086,,
final,535,syn_30,synthetic,mismatched,18,False,-9.25614070892334,,
final,535,syn_30,synthetic,mismatched,19,False,-9.2389497756958,,
final,535,syn_30,synthetic,mismatched,20,False,-9.443995475769043,,
final,535,syn_30,synthetic,mismatched,21,False,-9.811355590820312,,
final,535,syn_30,synthetic,mismatched,22,False,-9.995006561279297,,
final,535,syn_30,synthetic,mismatched,23,False,-10.443309783935547,,
final,535,syn_30,synthetic,mismatched,24,False,-9.40588665008545,,
final,535,syn_30,synthetic,mismatched,-1,False,,,
final,535,syn_134,synthetic,mismatched,0,False,-1.304213523864746,,
final,535,syn_134,synthetic,mismatched,1,False,-1.1232967376708984,,
final,535,syn_134,synthetic,mismatched,2,False,-0.7877721786499023,,
final,535,syn_134,synthetic,mismatched,3,False,-0.9109601974487305,,
final,535,syn_134,synthetic,mismatched,4,False,-1.0382003784179688,,
final,535,syn_134,synthetic,mismatched,5,False,-1.0030603408813477,,
final,535,syn_134,synthetic,mismatched,6,False,-1.6775054931640625,,
final,535,syn_134,synthetic,mismatched,7,False,-1.998581886291504,,
final,535,syn_134,synthetic,mismatched,8,False,-1.8962678909301758,,
final,535,syn_134,synthetic,mismatched,9,False,-2.111013412475586,,
final,535,syn_134,synthetic,mismatched,10,False,-2.151707649230957,,
final,535,syn_134,synthetic,mismatched,11,False,-2.03597354888916,,
final,535,syn_134,synthetic,mismatched,12,False,-1.7180585861206055,,
final,535,syn_134,synthetic,mismatched,13,False,-1.926417350769043,,
final,535,syn_134,synthetic,mismatched,14,False,-2.1304426193237305,,
final,535,syn_134,synthetic,mismatched,15,False,-2.24153470993042,,
final,535,syn_134,synthetic,mismatched,16,False,-2.403125286102295,,
final,535,syn_134,synthetic,mismatched,17,False,-3.0020761489868164,,
final,535,syn_134,synthetic,mismatched,18,False,-3.3207550048828125,,
final,535,syn_134,synthetic,mismatched,19,False,-2.993175983428955,,
final,535,syn_134,synthetic,mismatched,20,False,-3.475322723388672,,
final,535,syn_134,synthetic,mismatched,21,False,-4.216457366943359,,
final,535,syn_134,synthetic,mismatched,22,False,-4.2826032638549805,,
final,535,syn_134,synthetic,mismatched,23,False,-4.256034851074219,,
final,535,syn_134,synthetic,mismatched,24,False,-4.595947265625,,
final,535,syn_134,synthetic,mismatched,-1,False,,,
final,535,syn_101,synthetic,mismatched,0,False,1.5680255889892578,,
final,535,syn_101,synthetic,mismatched,1,False,0.15699481964111328,,
final,535,syn_101,synthetic,mismatched,2,False,0.17962265014648438,,
final,535,syn_101,synthetic,mismatched,3,False,0.354278564453125,,
final,535,syn_101,synthetic,mismatched,4,False,0.563349723815918,,
final,535,syn_101,synthetic,mismatched,5,False,0.5586280822753906,,
final,535,syn_101,synthetic,mismatched,6,False,0.3995399475097656,,
final,535,syn_101,synthetic,mismatched,7,False,0.5171346664428711,,
final,535,syn_101,synthetic,mismatched,8,False,0.48050594329833984,,
final,535,syn_101,synthetic,mismatched,9,False,0.2281169891357422,,
final,535,syn_101,synthetic,mismatched,10,False,0.3539237976074219,,
final,535,syn_101,synthetic,mismatched,11,False,0.3924894332885742,,
final,535,syn_101,synthetic,mismatched,12,False,0.24031925201416016,,
final,535,syn_101,synthetic,mismatched,13,False,0.33359527587890625,,
final,535,syn_101,synthetic,mismatched,14,False,0.1712493896484375,,
final,535,syn_101,synthetic,mismatched,15,False,-0.2510643005371094,,
final,535,syn_101,synthetic,mismatched,16,False,-0.9324827194213867,,
final,535,syn_101,synthetic,mismatched,17,False,-1.500035285949707,,
final,535,syn_101,synthetic,mismatched,18,False,-1.6451473236083984,,
final,535,syn_101,synthetic,mismatched,19,False,-2.075092315673828,,
final,535,syn_101,synthetic,mismatched,20,False,-1.944584846496582,,
final,535,syn_101,synthetic,mismatched,21,False,-1.4550371170043945,,
final,535,syn_101,synthetic,mismatched,22,False,-1.642120361328125,,
final,535,syn_101,synthetic,mismatched,23,False,-2.0680456161499023,,
final,535,syn_101,synthetic,mismatched,24,False,-1.1575050354003906,,
final,535,syn_101,synthetic,mismatched,-1,False,,,0.0
final,535,syn_136,synthetic,mismatched,0,False,-4.591724395751953,,
final,535,syn_136,synthetic,mismatched,1,False,-5.073215961456299,,
final,535,syn_136,synthetic,mismatched,2,False,-5.188260078430176,,
final,535,syn_136,synthetic,mismatched,3,False,-5.194178104400635,,
final,535,syn_136,synthetic,mismatched,4,False,-4.968319416046143,,
final,535,syn_136,synthetic,mismatched,5,False,-4.8821892738342285,,
final,535,syn_136,synthetic,mismatched,6,False,-4.596704483032227,,
final,535,syn_136,synthetic,mismatched,7,False,-4.280216217041016,,
final,535,syn_136,synthetic,mismatched,8,False,-4.077775955200195,,
final,535,syn_136,synthetic,mismatched,9,False,-4.315138816833496,,
final,535,syn_136,synthetic,mismatched,10,False,-4.037164688110352,,
final,535,syn_136,synthetic,mismatched,11,False,-4.106319427490234,,
final,535,syn_136,synthetic,mismatched,12,False,-4.191584587097168,,
final,535,syn_136,synthetic,mismatched,13,False,-4.334716796875,,
final,535,syn_136,synthetic,mismatched,14,False,-4.528717041015625,,
final,535,syn_136,synthetic,mismatched,15,False,-4.090950012207031,,
final,535,syn_136,synthetic,mismatched,16,False,-4.259171485900879,,
final,535,syn_136,synthetic,mismatched,17,False,-3.61745548248291,,
final,535,syn_136,synthetic,mismatched,18,False,-3.2658395767211914,,
final,535,syn_136,synthetic,mismatched,19,False,-2.123904228210449,,
final,535,syn_136,synthetic,mismatched,20,False,-1.862675666809082,,
final,535,syn_136,synthetic,mismatched,21,False,-2.03499698638916,,
final,535,syn_136,synthetic,mismatched,22,False,-2.008223533630371,,
final,535,syn_136,synthetic,mismatched,23,False,-1.6525230407714844,,
final,535,syn_136,synthetic,mismatched,24,False,-1.2674980163574219,,
final,535,syn_136,synthetic,mismatched,-1,False,,,
final,535,syn_137,synthetic,mismatched,0,False,-3.9923553466796875,,
final,535,syn_137,synthetic,mismatched,1,False,0.5563545227050781,,
final,535,syn_137,synthetic,mismatched,2,False,0.34796142578125,,
final,535,syn_137,synthetic,mismatched,3,False,-0.09043025970458984,,
final,535,syn_137,synthetic,mismatched,4,False,0.15262508392333984,,
final,535,syn_137,synthetic,mismatched,5,False,0.16590023040771484,,
final,535,syn_137,synthetic,mismatched,6,False,-0.047069549560546875,,
final,535,syn_137,synthetic,mismatched,7,False,-0.23663616180419922,,
final,535,syn_137,synthetic,mismatched,8,False,0.049072265625,,
final,535,syn_137,synthetic,mismatched,9,False,0.039488792419433594,,
final,535,syn_137,synthetic,mismatched,10,False,0.4161815643310547,,
final,535,syn_137,synthetic,mismatched,11,False,0.6153116226196289,,
final,535,syn_137,synthetic,mismatched,12,False,0.9076557159423828,,
final,535,syn_137,synthetic,mismatched,13,False,0.835784912109375,,
final,535,syn_137,synthetic,mismatched,14,False,0.8204164505004883,,
final,535,syn_137,synthetic,mismatched,15,False,0.8502178192138672,,
final,535,syn_137,synthetic,mismatched,16,False,0.8974447250366211,,
final,535,syn_137,synthetic,mismatched,17,False,0.8181562423706055,,
final,535,syn_137,synthetic,mismatched,18,False,-1.2865266799926758,,
final,535,syn_137,synthetic,mismatched,19,False,-0.997349739074707,,
final,535,syn_137,synthetic,mismatched,20,False,-1.6032218933105469,,
final,535,syn_137,synthetic,mismatched,21,False,-2.4777770042419434,,
final,535,syn_137,synthetic,mismatched,22,False,-2.711397647857666,,
final,535,syn_137,synthetic,mismatched,23,False,-3.0950279235839844,,
final,535,syn_137,synthetic,mismatched,24,False,-2.0201663970947266,,
final,535,syn_137,synthetic,mismatched,-1,False,,,1.0
final,535,syn_36,synthetic,mismatched,0,False,0.18512630462646484,,
final,535,syn_36,synthetic,mismatched,1,False,0.7961931228637695,,
final,535,syn_36,synthetic,mismatched,2,False,1.076493263244629,,
final,535,syn_36,synthetic,mismatched,3,False,0.8272581100463867,,
final,535,syn_36,synthetic,mismatched,4,False,0.9980020523071289,,
final,535,syn_36,synthetic,mismatched,5,False,0.9984951019287109,,
final,535,syn_36,synthetic,mismatched,6,False,1.266061782836914,,
final,535,syn_36,synthetic,mismatched,7,False,1.084207534790039,,
final,535,syn_36,synthetic,mismatched,8,False,1.415628433227539,,
final,535,syn_36,synthetic,mismatched,9,False,1.890237808227539,,
final,535,syn_36,synthetic,mismatched,10,False,2.0976200103759766,,
final,535,syn_36,synthetic,mismatched,11,False,2.4546356201171875,,
final,535,syn_36,synthetic,mismatched,12,False,2.6974401473999023,,
final,535,syn_36,synthetic,mismatched,13,False,2.7045364379882812,,
final,535,syn_36,synthetic,mismatched,14,False,2.9495177268981934,,
final,535,syn_36,synthetic,mismatched,15,False,2.8966493606567383,,
final,535,syn_36,synthetic,mismatched,16,False,2.9094486236572266,,
final,535,syn_36,synthetic,mismatched,17,False,3.153965473175049,,
final,535,syn_36,synthetic,mismatched,18,False,3.4012093544006348,,
final,535,syn_36,synthetic,mismatched,19,False,4.570314884185791,,
final,535,syn_36,synthetic,mismatched,20,False,4.175030708312988,,
final,535,syn_36,synthetic,mismatched,21,False,5.324382305145264,,
final,535,syn_36,synthetic,mismatched,22,False,6.21622896194458,,
final,535,syn_36,synthetic,mismatched,23,False,7.3064985275268555,,
final,535,syn_36,synthetic,mismatched,24,False,7.274281024932861,,
final,535,syn_36,synthetic,mismatched,-1,False,,,0.0
final,535,syn_139,synthetic,mismatched,0,False,2.0966062545776367,,
final,535,syn_139,synthetic,mismatched,1,False,1.0141801834106445,,
final,535,syn_139,synthetic,mismatched,2,False,1.1465682983398438,,
final,535,syn_139,synthetic,mismatched,3,False,1.0842523574829102,,
final,535,syn_139,synthetic,mismatched,4,False,1.1809215545654297,,
final,535,syn_139,synthetic,mismatched,5,False,1.1797819137573242,,
final,535,syn_139,synthetic,mismatched,6,False,1.2423934936523438,,
final,535,syn_139,synthetic,mismatched,7,False,1.3486366271972656,,
final,535,syn_139,synthetic,mismatched,8,False,1.4788894653320312,,
final,535,syn_139,synthetic,mismatched,9,False,0.6494140625,,
final,535,syn_139,synthetic,mismatched,10,False,0.2180194854736328,,
final,535,syn_139,synthetic,mismatched,11,False,-0.3496417999267578,,
final,535,syn_139,synthetic,mismatched,12,False,-0.31682491302490234,,
final,535,syn_139,synthetic,mismatched,13,False,-1.013875961303711,,
final,535,syn_139,synthetic,mismatched,14,False,-1.2371268272399902,,
final,535,syn_139,synthetic,mismatched,15,False,-0.3168950080871582,,
final,535,syn_139,synthetic,mismatched,16,False,0.4109010696411133,,
final,535,syn_139,synthetic,mismatched,17,False,1.2307534217834473,,
final,535,syn_139,synthetic,mismatched,18,False,0.9770879745483398,,
final,535,syn_139,synthetic,mismatched,19,False,0.2440023422241211,,
final,535,syn_139,synthetic,mismatched,20,False,-1.5848264694213867,,
final,535,syn_139,synthetic,mismatched,21,False,-1.1903576850891113,,
final,535,syn_139,synthetic,mismatched,22,False,-2.1002721786499023,,
final,535,syn_139,synthetic,mismatched,23,False,-1.4479589462280273,,
final,535,syn_139,synthetic,mismatched,24,False,-0.5772867202758789,,
final,535,syn_139,synthetic,mismatched,-1,False,,,0.0
final,535,syn_140,synthetic,mismatched,0,False,0.04461193084716797,,
final,535,syn_140,synthetic,mismatched,1,False,-2.9190664291381836,,
final,535,syn_140,synthetic,mismatched,2,False,-3.0441932678222656,,
final,535,syn_140,synthetic,mismatched,3,False,-2.9339370727539062,,
final,535,syn_140,synthetic,mismatched,4,False,-1.989999771118164,,
final,535,syn_140,synthetic,mismatched,5,False,-1.9772577285766602,,
final,535,syn_140,synthetic,mismatched,6,False,-2.1561813354492188,,
final,535,syn_140,synthetic,mismatched,7,False,-1.8589181900024414,,
final,535,syn_140,synthetic,mismatched,8,False,-1.8983125686645508,,
final,535,syn_140,synthetic,mismatched,9,False,-1.510422706604004,,
final,535,syn_140,synthetic,mismatched,10,False,-1.9036645889282227,,
final,535,syn_140,synthetic,mismatched,11,False,-2.454507827758789,,
final,535,syn_140,synthetic,mismatched,12,False,-2.5410213470458984,,
final,535,syn_140,synthetic,mismatched,13,False,-3.9433493614196777,,
final,535,syn_140,synthetic,mismatched,14,False,-3.76046085357666,,
final,535,syn_140,synthetic,mismatched,15,False,-4.584648132324219,,
final,535,syn_140,synthetic,mismatched,16,False,-5.1451945304870605,,
final,535,syn_140,synthetic,mismatched,17,False,-4.887277126312256,,
final,535,syn_140,synthetic,mismatched,18,False,-3.806295394897461,,
final,535,syn_140,synthetic,mismatched,19,False,-3.4499168395996094,,
final,535,syn_140,synthetic,mismatched,20,False,-1.8671374320983887,,
final,535,syn_140,synthetic,mismatched,21,False,-2.3591394424438477,,
final,535,syn_140,synthetic,mismatched,22,False,-1.9371776580810547,,
final,535,syn_140,synthetic,mismatched,23,False,-1.6636052131652832,,
final,535,syn_140,synthetic,mismatched,24,False,-1.992032527923584,,
final,535,syn_140,synthetic,mismatched,-1,False,,,0.0
final,535,syn_39,synthetic,mismatched,0,False,0.2048206329345703,,
final,535,syn_39,synthetic,mismatched,1,False,0.5651721954345703,,
final,535,syn_39,synthetic,mismatched,2,False,0.5244579315185547,,
final,535,syn_39,synthetic,mismatched,3,False,0.5110626220703125,,
final,535,syn_39,synthetic,mismatched,4,False,0.5939712524414062,,
final,535,syn_39,synthetic,mismatched,5,False,0.7178096771240234,,
final,535,syn_39,synthetic,mismatched,6,False,0.6373710632324219,,
final,535,syn_39,synthetic,mismatched,7,False,0.6674032211303711,,
final,535,syn_39,synthetic,mismatched,8,False,0.5758743286132812,,
final,535,syn_39,synthetic,mismatched,9,False,0.44646644592285156,,
final,535,syn_39,synthetic,mismatched,10,False,0.5046091079711914,,
final,535,syn_39,synthetic,mismatched,11,False,0.6737451553344727,,
final,535,syn_39,synthetic,mismatched,12,False,0.9457712173461914,,
final,535,syn_39,synthetic,mismatched,13,False,0.8588438034057617,,
final,535,syn_39,synthetic,mismatched,14,False,0.7973117828369141,,
final,535,syn_39,synthetic,mismatched,15,False,1.096653938293457,,
final,535,syn_39,synthetic,mismatched,16,False,1.207991600036621,,
final,535,syn_39,synthetic,mismatched,17,False,1.0323247909545898,,
final,535,syn_39,synthetic,mismatched,18,False,0.6823673248291016,,
final,535,syn_39,synthetic,mismatched,19,True,0.7744178771972656,,
final,535,syn_39,synthetic,mismatched,20,False,0.6854515075683594,,
final,535,syn_39,synthetic,mismatched,21,False,0.3573570251464844,,
final,535,syn_39,synthetic,mismatched,22,False,0.6430568695068359,,
final,535,syn_39,synthetic,mismatched,23,False,0.6178188323974609,,
final,535,syn_39,synthetic,mismatched,24,False,0.7016162872314453,,
final,535,syn_39,synthetic,mismatched,-1,True,,19.0,0.0
final,535,syn_142,synthetic,mismatched,0,False,-0.44991588592529297,,
final,535,syn_142,synthetic,mismatched,1,False,0.32665443420410156,,
final,535,syn_142,synthetic,mismatched,2,False,0.4602546691894531,,
final,535,syn_142,synthetic,mismatched,3,False,0.05202293395996094,,
final,535,syn_142,synthetic,mismatched,4,False,0.2330007553100586,,
final,535,syn_142,synthetic,mismatched,5,False,0.3670225143432617,,
final,535,syn_142,synthetic,mismatched,6,False,0.4374732971191406,,
final,535,syn_142,synthetic,mismatched,7,False,0.4088783264160156,,
final,535,syn_142,synthetic,mismatched,8,False,0.16320133209228516,,
final,535,syn_142,synthetic,mismatched,9,False,0.2029438018798828,,
final,535,syn_142,synthetic,mismatched,10,False,0.2490863800048828,,
final,535,syn_142,synthetic,mismatched,11,False,0.050980567932128906,,
final,535,syn_142,synthetic,mismatched,12,False,0.0452880859375,,
final,535,syn_142,synthetic,mismatched,13,False,-0.07250785827636719,,
final,535,syn_142,synthetic,mismatched,14,False,-0.08364295959472656,,
final,535,syn_142,synthetic,mismatched,15,False,-0.005620002746582031,,
final,535,syn_142,synthetic,mismatched,16,False,0.2205352783203125,,
final,535,syn_142,synthetic,mismatched,17,False,-0.5877313613891602,,
final,535,syn_142,synthetic,mismatched,18,False,-1.5038232803344727,,
final,535,syn_142,synthetic,mismatched,19,False,-1.4119033813476562,,
final,535,syn_142,synthetic,mismatched,20,False,-0.7202439308166504,,
final,535,syn_142,synthetic,mismatched,21,False,-0.6169319152832031,,
final,535,syn_142,synthetic,mismatched,22,False,-1.056138038635254,,
final,535,syn_142,synthetic,mismatched,23,False,-0.6527013778686523,,
final,535,syn_142,synthetic,mismatched,24,False,-0.09912681579589844,,
final,535,syn_142,synthetic,mismatched,-1,False,,,1.0
final,535,syn_143,synthetic,mismatched,0,False,-2.869760513305664,,
final,535,syn_143,synthetic,mismatched,1,False,-5.651934623718262,,
final,535,syn_143,synthetic,mismatched,2,False,-5.996118068695068,,
final,535,syn_143,synthetic,mismatched,3,False,-6.233731746673584,,
final,535,syn_143,synthetic,mismatched,4,False,-7.0071282386779785,,
final,535,syn_143,synthetic,mismatched,5,False,-7.1424665451049805,,
final,535,syn_143,synthetic,mismatched,6,False,-7.393898010253906,,
final,535,syn_143,synthetic,mismatched,7,False,-7.436790466308594,,
final,535,syn_143,synthetic,mismatched,8,False,-7.664303779602051,,
final,535,syn_143,synthetic,mismatched,9,False,-7.695495128631592,,
final,535,syn_143,synthetic,mismatched,10,False,-7.884298324584961,,
final,535,syn_143,synthetic,mismatched,11,False,-8.19958782196045,,
final,535,syn_143,synthetic,mismatched,12,False,-8.205679893493652,,
final,535,syn_143,synthetic,mismatched,13,False,-8.113481521606445,,
final,535,syn_143,synthetic,mismatched,14,False,-8.040074348449707,,
final,535,syn_143,synthetic,mismatched,15,False,-8.044516563415527,,
final,535,syn_143,synthetic,mismatched,16,False,-8.247936248779297,,
final,535,syn_143,synthetic,mismatched,17,False,-8.374489784240723,,
final,535,syn_143,synthetic,mismatched,18,False,-8.270413398742676,,
final,535,syn_143,synthetic,mismatched,19,False,-7.415394306182861,,
final,535,syn_143,synthetic,mismatched,20,False,-7.161418914794922,,
final,535,syn_143,synthetic,mismatched,21,False,-7.893730163574219,,
final,535,syn_143,synthetic,mismatched,22,False,-9.073945999145508,,
final,535,syn_143,synthetic,mismatched,23,False,-8.9990873336792,,
final,535,syn_143,synthetic,mismatched,24,False,-8.803730964660645,,
final,535,syn_143,synthetic,mismatched,-1,False,,,
final,535,syn_110,synthetic,mismatched,0,False,-1.8840208053588867,,
final,535,syn_110,synthetic,mismatched,1,False,-4.090840816497803,,
final,535,syn_110,synthetic,mismatched,2,False,-4.256256103515625,,
final,535,syn_110,synthetic,mismatched,3,False,-4.497860908508301,,
final,535,syn_110,synthetic,mismatched,4,False,-4.844915390014648,,
final,535,syn_110,synthetic,mismatched,5,False,-4.920878887176514,,
final,535,syn_110,synthetic,mismatched,6,False,-5.019848346710205,,
final,535,syn_110,synthetic,mismatched,7,False,-5.349620819091797,,
final,535,syn_110,synthetic,mismatched,8,False,-5.4626288414001465,,
final,535,syn_110,synthetic,mismatched,9,False,-5.322254657745361,,
final,535,syn_110,synthetic,mismatched,10,False,-5.20744514465332,,
final,535,syn_110,synthetic,mismatched,11,False,-5.291663646697998,,
final,535,syn_110,synthetic,mismatched,12,False,-5.377566814422607,,
final,535,syn_110,synthetic,mismatched,13,False,-5.805620193481445,,
final,535,syn_110,synthetic,mismatched,14,False,-6.207059860229492,,
final,535,syn_110,synthetic,mismatched,15,False,-6.476810455322266,,
final,535,syn_110,synthetic,mismatched,16,False,-6.604660987854004,,
final,535,syn_110,synthetic,mismatched,17,False,-5.691631317138672,,
final,535,syn_110,synthetic,mismatched,18,False,-5.68300724029541,,
final,535,syn_110,synthetic,mismatched,19,False,-5.090300559997559,,
final,535,syn_110,synthetic,mismatched,20,False,-5.181844711303711,,
final,535,syn_110,synthetic,mismatched,21,False,-5.434706687927246,,
final,535,syn_110,synthetic,mismatched,22,False,-4.4134674072265625,,
final,535,syn_110,synthetic,mismatched,23,False,-5.23970890045166,,
final,535,syn_110,synthetic,mismatched,24,False,-5.021299362182617,,
final,535,syn_110,synthetic,mismatched,-1,False,,,
final,535,syn_145,synthetic,mismatched,0,False,0.8683528900146484,,
final,535,syn_145,synthetic,mismatched,1,False,-0.1357412338256836,,
final,535,syn_145,synthetic,mismatched,2,False,-0.05618000030517578,,
final,535,syn_145,synthetic,mismatched,3,False,-0.43393516540527344,,
final,535,syn_145,synthetic,mismatched,4,False,-0.315032958984375,,
final,535,syn_145,synthetic,mismatched,5,False,-0.10994529724121094,,
final,535,syn_145,synthetic,mismatched,6,False,0.0005817413330078125,,
final,535,syn_145,synthetic,mismatched,7,False,-0.008230209350585938,,
final,535,syn_145,synthetic,mismatched,8,False,-0.2485027313232422,,
final,535,syn_145,synthetic,mismatched,9,False,-0.19597625732421875,,
final,535,syn_145,synthetic,mismatched,10,False,-0.26214122772216797,,
final,535,syn_145,synthetic,mismatched,11,False,-0.32749271392822266,,
final,535,syn_145,synthetic,mismatched,12,False,-0.15282249450683594,,
final,535,syn_145,synthetic,mismatched,13,False,-0.2667398452758789,,
final,535,syn_145,synthetic,mismatched,14,False,-0.0961923599243164,,
final,535,syn_145,synthetic,mismatched,15,False,0.09806156158447266,,
final,535,syn_145,synthetic,mismatched,16,False,0.4475574493408203,,
final,535,syn_145,synthetic,mismatched,17,False,0.26626110076904297,,
final,535,syn_145,synthetic,mismatched,18,False,0.8855104446411133,,
final,535,syn_145,synthetic,mismatched,19,False,0.9722366333007812,,
final,535,syn_145,synthetic,mismatched,20,False,1.2208366394042969,,
final,535,syn_145,synthetic,mismatched,21,False,1.5027046203613281,,
final,535,syn_145,synthetic,mismatched,22,False,1.6868104934692383,,
final,535,syn_145,synthetic,mismatched,23,False,1.5041570663452148,,
final,535,syn_145,synthetic,mismatched,24,False,0.7761139869689941,,
final,535,syn_145,synthetic,mismatched,-1,False,,,0.0
final,535,syn_180,synthetic,self,0,False,2.820619583129883,,
final,535,syn_180,synthetic,self,1,False,2.820619583129883,,
final,535,syn_180,synthetic,self,2,False,2.820619583129883,,
final,535,syn_180,synthetic,self,3,False,2.820619583129883,,
final,535,syn_180,synthetic,self,4,False,2.820619583129883,,
final,535,syn_180,synthetic,self,5,False,2.820619583129883,,
final,535,syn_180,synthetic,self,6,False,2.820619583129883,,
final,535,syn_180,synthetic,self,7,False,2.820619583129883,,
final,535,syn_180,synthetic,self,8,False,2.820619583129883,,
final,535,syn_180,synthetic,self,9,False,2.820619583129883,,
final,535,syn_180,synthetic,self,10,False,2.820619583129883,,
final,535,syn_180,synthetic,self,11,False,2.820619583129883,,
final,535,syn_180,synthetic,self,12,False,2.820619583129883,,
final,535,syn_180,synthetic,self,13,False,2.820619583129883,,
final,535,syn_180,synthetic,self,14,False,2.820619583129883,,
final,535,syn_180,synthetic,self,15,False,2.820619583129883,,
final,535,syn_180,synthetic,self,16,False,2.820619583129883,,
final,535,syn_180,synthetic,self,17,False,2.820619583129883,,
final,535,syn_180,synthetic,self,18,False,2.820619583129883,,
final,535,syn_180,synthetic,self,19,False,2.820619583129883,,
final,535,syn_180,synthetic,self,20,False,2.820619583129883,,
final,535,syn_180,synthetic,self,21,False,2.820619583129883,,
final,535,syn_180,synthetic,self,22,False,2.820619583129883,,
final,535,syn_180,synthetic,self,23,False,2.820619583129883,,
final,535,syn_180,synthetic,self,24,False,3.278590202331543,,
final,535,syn_180,synthetic,self,-1,False,,,0.0
final,535,syn_181,synthetic,self,0,False,1.617349624633789,,
final,535,syn_181,synthetic,self,1,False,1.617349624633789,,
final,535,syn_181,synthetic,self,2,False,1.617349624633789,,
final,535,syn_181,synthetic,self,3,False,1.617349624633789,,
final,535,syn_181,synthetic,self,4,False,1.617349624633789,,
final,535,syn_181,synthetic,self,5,False,1.617349624633789,,
final,535,syn_181,synthetic,self,6,False,1.617349624633789,,
final,535,syn_181,synthetic,self,7,False,1.617349624633789,,
final,535,syn_181,synthetic,self,8,False,1.617349624633789,,
final,535,syn_181,synthetic,self,9,False,1.617349624633789,,
final,535,syn_181,synthetic,self,10,False,1.617349624633789,,
final,535,syn_181,synthetic,self,11,False,1.617349624633789,,
final,535,syn_181,synthetic,self,12,False,1.617349624633789,,
final,535,syn_181,synthetic,self,13,False,1.617349624633789,,
final,535,syn_181,synthetic,self,14,False,1.617349624633789,,
final,535,syn_181,synthetic,self,15,False,1.617349624633789,,
final,535,syn_181,synthetic,self,16,False,1.617349624633789,,
final,535,syn_181,synthetic,self,17,False,1.617349624633789,,
final,535,syn_181,synthetic,self,18,False,1.617349624633789,,
final,535,syn_181,synthetic,self,19,False,1.617349624633789,,
final,535,syn_181,synthetic,self,20,False,1.617349624633789,,
final,535,syn_181,synthetic,self,21,False,1.617349624633789,,
final,535,syn_181,synthetic,self,22,False,1.617349624633789,,
final,535,syn_181,synthetic,self,23,False,1.617349624633789,,
final,535,syn_181,synthetic,self,24,False,1.952596664428711,,
final,535,syn_181,synthetic,self,-1,False,,,0.0
final,535,syn_182,synthetic,self,0,False,-1.1122236251831055,,
final,535,syn_182,synthetic,self,1,False,-1.1122236251831055,,
final,535,syn_182,synthetic,self,2,False,-1.1122236251831055,,
final,535,syn_182,synthetic,self,3,False,-1.1122236251831055,,
final,535,syn_182,synthetic,self,4,False,-1.1122236251831055,,
final,535,syn_182,synthetic,self,5,False,-1.1122236251831055,,
final,535,syn_182,synthetic,self,6,False,-1.1122236251831055,,
final,535,syn_182,synthetic,self,7,False,-1.1122236251831055,,
final,535,syn_182,synthetic,self,8,False,-1.1122236251831055,,
final,535,syn_182,synthetic,self,9,False,-1.1122236251831055,,
final,535,syn_182,synthetic,self,10,False,-1.1122236251831055,,
final,535,syn_182,synthetic,self,11,False,-1.1122236251831055,,
final,535,syn_182,synthetic,self,12,False,-1.1122236251831055,,
final,535,syn_182,synthetic,self,13,False,-1.1122236251831055,,
final,535,syn_182,synthetic,self,14,False,-1.1122236251831055,,
final,535,syn_182,synthetic,self,15,False,-1.1122236251831055,,
final,535,syn_182,synthetic,self,16,False,-1.1122236251831055,,
final,535,syn_182,synthetic,self,17,False,-1.1122236251831055,,
final,535,syn_182,synthetic,self,18,False,-1.1122236251831055,,
final,535,syn_182,synthetic,self,19,False,-1.1122236251831055,,
final,535,syn_182,synthetic,self,20,False,-1.1122236251831055,,
final,535,syn_182,synthetic,self,21,False,-1.1122236251831055,,
final,535,syn_182,synthetic,self,22,False,-1.1122236251831055,,
final,535,syn_182,synthetic,self,23,False,-1.1122236251831055,,
final,535,syn_182,synthetic,self,24,False,-1.230330467224121,,
final,535,syn_182,synthetic,self,-1,False,,,
final,535,syn_81,synthetic,self,0,False,0.24196720123291016,,
final,535,syn_81,synthetic,self,1,False,0.24196720123291016,,
final,535,syn_81,synthetic,self,2,False,0.24196720123291016,,
final,535,syn_81,synthetic,self,3,False,0.24196720123291016,,
final,535,syn_81,synthetic,self,4,False,0.24196720123291016,,
final,535,syn_81,synthetic,self,5,False,0.24196720123291016,,
final,535,syn_81,synthetic,self,6,False,0.24196720123291016,,
final,535,syn_81,synthetic,self,7,False,0.24196720123291016,,
final,535,syn_81,synthetic,self,8,False,0.24196720123291016,,
final,535,syn_81,synthetic,self,9,False,0.24196720123291016,,
final,535,syn_81,synthetic,self,10,False,0.24196720123291016,,
final,535,syn_81,synthetic,self,11,False,0.24196720123291016,,
final,535,syn_81,synthetic,self,12,False,0.24196720123291016,,
final,535,syn_81,synthetic,self,13,False,0.24196720123291016,,
final,535,syn_81,synthetic,self,14,False,0.24196720123291016,,
final,535,syn_81,synthetic,self,15,False,0.24196720123291016,,
final,535,syn_81,synthetic,self,16,False,0.24196720123291016,,
final,535,syn_81,synthetic,self,17,False,0.24196720123291016,,
final,535,syn_81,synthetic,self,18,False,0.24196720123291016,,
final,535,syn_81,synthetic,self,19,False,0.24196720123291016,,
final,535,syn_81,synthetic,self,20,False,0.24196720123291016,,
final,535,syn_81,synthetic,self,21,False,0.24196720123291016,,
final,535,syn_81,synthetic,self,22,False,0.24196720123291016,,
final,535,syn_81,synthetic,self,23,False,0.24196720123291016,,
final,535,syn_81,synthetic,self,24,False,0.27972888946533203,,
final,535,syn_81,synthetic,self,-1,False,,,0.0
final,535,syn_82,synthetic,self,0,False,-0.9784994125366211,,
final,535,syn_82,synthetic,self,1,False,-0.9784994125366211,,
final,535,syn_82,synthetic,self,2,False,-0.9784994125366211,,
final,535,syn_82,synthetic,self,3,False,-0.9784994125366211,,
final,535,syn_82,synthetic,self,4,False,-0.9784994125366211,,
final,535,syn_82,synthetic,self,5,False,-0.9784994125366211,,
final,535,syn_82,synthetic,self,6,False,-0.9784994125366211,,
final,535,syn_82,synthetic,self,7,False,-0.9784994125366211,,
final,535,syn_82,synthetic,self,8,False,-0.9784994125366211,,
final,535,syn_82,synthetic,self,9,False,-0.9784994125366211,,
final,535,syn_82,synthetic,self,10,False,-0.9784994125366211,,
final,535,syn_82,synthetic,self,11,False,-0.9784994125366211,,
final,535,syn_82,synthetic,self,12,False,-0.9784994125366211,,
final,535,syn_82,synthetic,self,13,False,-0.9784994125366211,,
final,535,syn_82,synthetic,self,14,False,-0.9784994125366211,,
final,535,syn_82,synthetic,self,15,False,-0.9784994125366211,,
final,535,syn_82,synthetic,self,16,False,-0.9784994125366211,,
final,535,syn_82,synthetic,self,17,False,-0.9784994125366211,,
final,535,syn_82,synthetic,self,18,False,-0.9784994125366211,,
final,535,syn_82,synthetic,self,19,False,-0.9784994125366211,,
final,535,syn_82,synthetic,self,20,False,-0.9784994125366211,,
final,535,syn_82,synthetic,self,21,False,-0.9784994125366211,,
final,535,syn_82,synthetic,self,22,False,-0.9784994125366211,,
final,535,syn_82,synthetic,self,23,False,-0.9784994125366211,,
final,535,syn_82,synthetic,self,24,False,-1.3136825561523438,,
final,535,syn_82,synthetic,self,-1,False,,,
final,535,syn_49,synthetic,self,0,False,0.6496706008911133,,
final,535,syn_49,synthetic,self,1,False,0.6496706008911133,,
final,535,syn_49,synthetic,self,2,False,0.6496706008911133,,
final,535,syn_49,synthetic,self,3,False,0.6496706008911133,,
final,535,syn_49,synthetic,self,4,False,0.6496706008911133,,
final,535,syn_49,synthetic,self,5,False,0.6496706008911133,,
final,535,syn_49,synthetic,self,6,False,0.6496706008911133,,
final,535,syn_49,synthetic,self,7,False,0.6496706008911133,,
final,535,syn_49,synthetic,self,8,False,0.6496706008911133,,
final,535,syn_49,synthetic,self,9,False,0.6496706008911133,,
final,535,syn_49,synthetic,self,10,False,0.6496706008911133,,
final,535,syn_49,synthetic,self,11,False,0.6496706008911133,,
final,535,syn_49,synthetic,self,12,False,0.6496706008911133,,
final,535,syn_49,synthetic,self,13,False,0.6496706008911133,,
final,535,syn_49,synthetic,self,14,False,0.6496706008911133,,
final,535,syn_49,synthetic,self,15,False,0.6496706008911133,,
final,535,syn_49,synthetic,self,16,False,0.6496706008911133,,
final,535,syn_49,synthetic,self,17,False,0.6496706008911133,,
final,535,syn_49,synthetic,self,18,False,0.6496706008911133,,
final,535,syn_49,synthetic,self,19,False,0.6496706008911133,,
final,535,syn_49,synthetic,self,20,False,0.6496706008911133,,
final,535,syn_49,synthetic,self,21,False,0.6496706008911133,,
final,535,syn_49,synthetic,self,22,False,0.6496706008911133,,
final,535,syn_49,synthetic,self,23,False,0.6496706008911133,,
final,535,syn_49,synthetic,self,24,False,0.5683355331420898,,
final,535,syn_49,synthetic,self,-1,False,,,0.0
final,535,syn_50,synthetic,self,0,False,-1.3591070175170898,,
final,535,syn_50,synthetic,self,1,False,-1.3591070175170898,,
final,535,syn_50,synthetic,self,2,False,-1.3591070175170898,,
final,535,syn_50,synthetic,self,3,False,-1.3591070175170898,,
final,535,syn_50,synthetic,self,4,False,-1.3591070175170898,,
final,535,syn_50,synthetic,self,5,False,-1.3591070175170898,,
final,535,syn_50,synthetic,self,6,False,-1.3591070175170898,,
final,535,syn_50,synthetic,self,7,False,-1.3591070175170898,,
final,535,syn_50,synthetic,self,8,False,-1.3591070175170898,,
final,535,syn_50,synthetic,self,9,False,-1.3591070175170898,,
final,535,syn_50,synthetic,self,10,False,-1.3591070175170898,,
final,535,syn_50,synthetic,self,11,False,-1.3591070175170898,,
final,535,syn_50,synthetic,self,12,False,-1.3591070175170898,,
final,535,syn_50,synthetic,self,13,False,-1.3591070175170898,,
final,535,syn_50,synthetic,self,14,False,-1.3591070175170898,,
final,535,syn_50,synthetic,self,15,False,-1.3591070175170898,,
final,535,syn_50,synthetic,self,16,False,-1.3591070175170898,,
final,535,syn_50,synthetic,self,17,False,-1.3591070175170898,,
final,535,syn_50,synthetic,self,18,False,-1.3591070175170898,,
final,535,syn_50,synthetic,self,19,False,-1.3591070175170898,,
final,535,syn_50,synthetic,self,20,False,-1.3591070175170898,,
final,535,syn_50,synthetic,self,21,False,-1.3591070175170898,,
final,535,syn_50,synthetic,self,22,False,-1.3591070175170898,,
final,535,syn_50,synthetic,self,23,False,-1.3591070175170898,,
final,535,syn_50,synthetic,self,24,False,-1.4062280654907227,,
final,535,syn_50,synthetic,self,-1,False,,,
final,535,syn_51,synthetic,self,0,False,0.6199140548706055,,
final,535,syn_51,synthetic,self,1,False,0.6199140548706055,,
final,535,syn_51,synthetic,self,2,False,0.6199140548706055,,
final,535,syn_51,synthetic,self,3,False,0.6199140548706055,,
final,535,syn_51,synthetic,self,4,False,0.6199140548706055,,
final,535,syn_51,synthetic,self,5,False,0.6199140548706055,,
final,535,syn_51,synthetic,self,6,False,0.6199140548706055,,
final,535,syn_51,synthetic,self,7,False,0.6199140548706055,,
final,535,syn_51,synthetic,self,8,False,0.6199140548706055,,
final,535,syn_51,synthetic,self,9,False,0.6199140548706055,,
final,535,syn_51,synthetic,self,10,False,0.6199140548706055,,
final,535,syn_51,synthetic,self,11,False,0.6199140548706055,,
final,535,syn_51,synthetic,self,12,False,0.6199140548706055,,
final,535,syn_51,synthetic,self,13,False,0.6199140548706055,,
final,535,syn_51,synthetic,self,14,False,0.6199140548706055,,
final,535,syn_51,synthetic,self,15,False,0.6199140548706055,,
final,535,syn_51,synthetic,self,16,False,0.6199140548706055,,
final,535,syn_51,synthetic,self,17,False,0.6199140548706055,,
final,535,syn_51,synthetic,self,18,False,0.6199140548706055,,
final,535,syn_51,synthetic,self,19,False,0.6199140548706055,,
final,535,syn_51,synthetic,self,20,False,0.6199140548706055,,
final,535,syn_51,synthetic,self,21,False,0.6199140548706055,,
final,535,syn_51,synthetic,self,22,False,0.6199140548706055,,
final,535,syn_51,synthetic,self,23,False,0.6199140548706055,,
final,535,syn_51,synthetic,self,24,False,0.5101137161254883,,
final,535,syn_51,synthetic,self,-1,False,,,0.0
final,535,syn_52,synthetic,self,0,False,-0.4225473403930664,,
final,535,syn_52,synthetic,self,1,False,-0.4225473403930664,,
final,535,syn_52,synthetic,self,2,False,-0.4225473403930664,,
final,535,syn_52,synthetic,self,3,False,-0.4225473403930664,,
final,535,syn_52,synthetic,self,4,False,-0.4225473403930664,,
final,535,syn_52,synthetic,self,5,False,-0.4225473403930664,,
final,535,syn_52,synthetic,self,6,False,-0.4225473403930664,,
final,535,syn_52,synthetic,self,7,False,-0.4225473403930664,,
final,535,syn_52,synthetic,self,8,False,-0.4225473403930664,,
final,535,syn_52,synthetic,self,9,False,-0.4225473403930664,,
final,535,syn_52,synthetic,self,10,False,-0.4225473403930664,,
final,535,syn_52,synthetic,self,11,False,-0.4225473403930664,,
final,535,syn_52,synthetic,self,12,False,-0.4225473403930664,,
final,535,syn_52,synthetic,self,13,False,-0.4225473403930664,,
final,535,syn_52,synthetic,self,14,False,-0.4225473403930664,,
final,535,syn_52,synthetic,self,15,False,-0.4225473403930664,,
final,535,syn_52,synthetic,self,16,False,-0.4225473403930664,,
final,535,syn_52,synthetic,self,17,False,-0.4225473403930664,,
final,535,syn_52,synthetic,self,18,False,-0.4225473403930664,,
final,535,syn_52,synthetic,self,19,False,-0.4225473403930664,,
final,535,syn_52,synthetic,self,20,False,-0.4225473403930664,,
final,535,syn_52,synthetic,self,21,False,-0.4225473403930664,,
final,535,syn_52,synthetic,self,22,False,-0.4225473403930664,,
final,535,syn_52,synthetic,self,23,False,-0.4225473403930664,,
final,535,syn_52,synthetic,self,24,False,-0.08352279663085938,,
final,535,syn_52,synthetic,self,-1,False,,,
final,535,syn_121,synthetic,self,0,False,1.2705507278442383,,
final,535,syn_121,synthetic,self,1,False,1.2705507278442383,,
final,535,syn_121,synthetic,self,2,False,1.2705507278442383,,
final,535,syn_121,synthetic,self,3,False,1.2705507278442383,,
final,535,syn_121,synthetic,self,4,False,1.2705507278442383,,
final,535,syn_121,synthetic,self,5,False,1.2705507278442383,,
final,535,syn_121,synthetic,self,6,False,1.2705507278442383,,
final,535,syn_121,synthetic,self,7,False,1.2705507278442383,,
final,535,syn_121,synthetic,self,8,False,1.2705507278442383,,
final,535,syn_121,synthetic,self,9,False,1.2705507278442383,,
final,535,syn_121,synthetic,self,10,False,1.2705507278442383,,
final,535,syn_121,synthetic,self,11,False,1.2705507278442383,,
final,535,syn_121,synthetic,self,12,False,1.2705507278442383,,
final,535,syn_121,synthetic,self,13,False,1.2705507278442383,,
final,535,syn_121,synthetic,self,14,False,1.2705507278442383,,
final,535,syn_121,synthetic,self,15,False,1.2705507278442383,,
final,535,syn_121,synthetic,self,16,False,1.2705507278442383,,
final,535,syn_121,synthetic,self,17,False,1.2705507278442383,,
final,535,syn_121,synthetic,self,18,False,1.2705507278442383,,
final,535,syn_121,synthetic,self,19,False,1.2705507278442383,,
final,535,syn_121,synthetic,self,20,False,1.2705507278442383,,
final,535,syn_121,synthetic,self,21,False,1.2705507278442383,,
final,535,syn_121,synthetic,self,22,False,1.2705507278442383,,
final,535,syn_121,synthetic,self,23,False,1.2705507278442383,,
final,535,syn_121,synthetic,self,24,False,0.9625053405761719,,
final,535,syn_121,synthetic,self,-1,False,,,0.0
final,535,syn_88,synthetic,self,0,False,0.06248283386230469,,
final,535,syn_88,synthetic,self,1,False,0.06248283386230469,,
final,535,syn_88,synthetic,self,2,False,0.06248283386230469,,
final,535,syn_88,synthetic,self,3,False,0.06248283386230469,,
final,535,syn_88,synthetic,self,4,False,0.06248283386230469,,
final,535,syn_88,synthetic,self,5,False,0.06248283386230469,,
final,535,syn_88,synthetic,self,6,False,0.06248283386230469,,
final,535,syn_88,synthetic,self,7,False,0.06248283386230469,,
final,535,syn_88,synthetic,self,8,False,0.06248283386230469,,
final,535,syn_88,synthetic,self,9,False,0.06248283386230469,,
final,535,syn_88,synthetic,self,10,False,0.06248283386230469,,
final,535,syn_88,synthetic,self,11,False,0.06248283386230469,,
final,535,syn_88,synthetic,self,12,False,0.06248283386230469,,
final,535,syn_88,synthetic,self,13,False,0.06248283386230469,,
final,535,syn_88,synthetic,self,14,False,0.06248283386230469,,
final,535,syn_88,synthetic,self,15,False,0.06248283386230469,,
final,535,syn_88,synthetic,self,16,False,0.06248283386230469,,
final,535,syn_88,synthetic,self,17,False,0.06248283386230469,,
final,535,syn_88,synthetic,self,18,False,0.06248283386230469,,
final,535,syn_88,synthetic,self,19,False,0.06248283386230469,,
final,535,syn_88,synthetic,self,20,False,0.06248283386230469,,
final,535,syn_88,synthetic,self,21,False,0.06248283386230469,,
final,535,syn_88,synthetic,self,22,False,0.06248283386230469,,
final,535,syn_88,synthetic,self,23,False,0.06248283386230469,,
final,535,syn_88,synthetic,self,24,False,0.05740547180175781,,
final,535,syn_88,synthetic,self,-1,False,,,0.0
final,535,syn_157,synthetic,self,0,False,2.0487422943115234,,
final,535,syn_157,synthetic,self,1,False,2.0487422943115234,,
final,535,syn_157,synthetic,self,2,False,2.0487422943115234,,
final,535,syn_157,synthetic,self,3,False,2.0487422943115234,,
final,535,syn_157,synthetic,self,4,False,2.0487422943115234,,
final,535,syn_157,synthetic,self,5,False,2.0487422943115234,,
final,535,syn_157,synthetic,self,6,False,2.0487422943115234,,
final,535,syn_157,synthetic,self,7,False,2.0487422943115234,,
final,535,syn_157,synthetic,self,8,False,2.0487422943115234,,
final,535,syn_157,synthetic,self,9,False,2.0487422943115234,,
final,535,syn_157,synthetic,self,10,False,2.0487422943115234,,
final,535,syn_157,synthetic,self,11,False,2.0487422943115234,,
final,535,syn_157,synthetic,self,12,False,2.0487422943115234,,
final,535,syn_157,synthetic,self,13,False,2.0487422943115234,,
final,535,syn_157,synthetic,self,14,False,2.0487422943115234,,
final,535,syn_157,synthetic,self,15,False,2.0487422943115234,,
final,535,syn_157,synthetic,self,16,False,2.0487422943115234,,
final,535,syn_157,synthetic,self,17,False,2.0487422943115234,,
final,535,syn_157,synthetic,self,18,False,2.0487422943115234,,
final,535,syn_157,synthetic,self,19,False,2.0487422943115234,,
final,535,syn_157,synthetic,self,20,False,2.0487422943115234,,
final,535,syn_157,synthetic,self,21,False,2.0487422943115234,,
final,535,syn_157,synthetic,self,22,False,2.0487422943115234,,
final,535,syn_157,synthetic,self,23,False,2.0487422943115234,,
final,535,syn_157,synthetic,self,24,False,2.4195337295532227,,
final,535,syn_157,synthetic,self,-1,False,,,0.0
final,535,syn_22,synthetic,self,0,False,0.39444446563720703,,
final,535,syn_22,synthetic,self,1,False,0.39444446563720703,,
final,535,syn_22,synthetic,self,2,False,0.39444446563720703,,
final,535,syn_22,synthetic,self,3,False,0.39444446563720703,,
final,535,syn_22,synthetic,self,4,False,0.39444446563720703,,
final,535,syn_22,synthetic,self,5,False,0.39444446563720703,,
final,535,syn_22,synthetic,self,6,False,0.39444446563720703,,
final,535,syn_22,synthetic,self,7,False,0.39444446563720703,,
final,535,syn_22,synthetic,self,8,False,0.39444446563720703,,
final,535,syn_22,synthetic,self,9,False,0.39444446563720703,,
final,535,syn_22,synthetic,self,10,False,0.39444446563720703,,
final,535,syn_22,synthetic,self,11,False,0.39444446563720703,,
final,535,syn_22,synthetic,self,12,False,0.39444446563720703,,
final,535,syn_22,synthetic,self,13,False,0.39444446563720703,,
final,535,syn_22,synthetic,self,14,False,0.39444446563720703,,
final,535,syn_22,synthetic,self,15,False,0.39444446563720703,,
final,535,syn_22,synthetic,self,16,False,0.39444446563720703,,
final,535,syn_22,synthetic,self,17,False,0.39444446563720703,,
final,535,syn_22,synthetic,self,18,False,0.39444446563720703,,
final,535,syn_22,synthetic,self,19,False,0.39444446563720703,,
final,535,syn_22,synthetic,self,20,False,0.39444446563720703,,
final,535,syn_22,synthetic,self,21,False,0.39444446563720703,,
final,535,syn_22,synthetic,self,22,False,0.39444446563720703,,
final,535,syn_22,synthetic,self,23,False,0.39444446563720703,,
final,535,syn_22,synthetic,self,24,False,0.3078317642211914,,
final,535,syn_22,synthetic,self,-1,False,,,0.0
final,535,syn_125,synthetic,self,0,False,3.0966272354125977,,
final,535,syn_125,synthetic,self,1,False,3.0966272354125977,,
final,535,syn_125,synthetic,self,2,False,3.0966272354125977,,
final,535,syn_125,synthetic,self,3,False,3.0966272354125977,,
final,535,syn_125,synthetic,self,4,False,3.0966272354125977,,
final,535,syn_125,synthetic,self,5,False,3.0966272354125977,,
final,535,syn_125,synthetic,self,6,False,3.0966272354125977,,
final,535,syn_125,synthetic,self,7,False,3.0966272354125977,,
final,535,syn_125,synthetic,self,8,False,3.0966272354125977,,
final,535,syn_125,synthetic,self,9,False,3.0966272354125977,,
final,535,syn_125,synthetic,self,10,False,3.0966272354125977,,
final,535,syn_125,synthetic,self,11,False,3.0966272354125977,,
final,535,syn_125,synthetic,self,12,False,3.0966272354125977,,
final,535,syn_125,synthetic,self,13,False,3.0966272354125977,,
final,535,syn_125,synthetic,self,14,False,3.0966272354125977,,
final,535,syn_125,synthetic,self,15,False,3.0966272354125977,,
final,535,syn_125,synthetic,self,16,False,3.0966272354125977,,
final,535,syn_125,synthetic,self,17,False,3.0966272354125977,,
final,535,syn_125,synthetic,self,18,False,3.0966272354125977,,
final,535,syn_125,synthetic,self,19,False,3.0966272354125977,,
final,535,syn_125,synthetic,self,20,False,3.0966272354125977,,
final,535,syn_125,synthetic,self,21,False,3.0966272354125977,,
final,535,syn_125,synthetic,self,22,False,3.0966272354125977,,
final,535,syn_125,synthetic,self,23,False,3.0966272354125977,,
final,535,syn_125,synthetic,self,24,False,3.492791175842285,,
final,535,syn_125,synthetic,self,-1,False,,,0.0
final,535,syn_58,synthetic,self,0,False,1.2213306427001953,,
final,535,syn_58,synthetic,self,1,False,1.2213306427001953,,
final,535,syn_58,synthetic,self,2,False,1.2213306427001953,,
final,535,syn_58,synthetic,self,3,False,1.2213306427001953,,
final,535,syn_58,synthetic,self,4,False,1.2213306427001953,,
final,535,syn_58,synthetic,self,5,False,1.2213306427001953,,
final,535,syn_58,synthetic,self,6,False,1.2213306427001953,,
final,535,syn_58,synthetic,self,7,False,1.2213306427001953,,
final,535,syn_58,synthetic,self,8,False,1.2213306427001953,,
final,535,syn_58,synthetic,self,9,False,1.2213306427001953,,
final,535,syn_58,synthetic,self,10,False,1.2213306427001953,,
final,535,syn_58,synthetic,self,11,False,1.2213306427001953,,
final,535,syn_58,synthetic,self,12,False,1.2213306427001953,,
final,535,syn_58,synthetic,self,13,False,1.2213306427001953,,
final,535,syn_58,synthetic,self,14,False,1.2213306427001953,,
final,535,syn_58,synthetic,self,15,False,1.2213306427001953,,
final,535,syn_58,synthetic,self,16,False,1.2213306427001953,,
final,535,syn_58,synthetic,self,17,False,1.2213306427001953,,
final,535,syn_58,synthetic,self,18,False,1.2213306427001953,,
final,535,syn_58,synthetic,self,19,False,1.2213306427001953,,
final,535,syn_58,synthetic,self,20,False,1.2213306427001953,,
final,535,syn_58,synthetic,self,21,False,1.2213306427001953,,
final,535,syn_58,synthetic,self,22,False,1.2213306427001953,,
final,535,syn_58,synthetic,self,23,False,1.2213306427001953,,
final,535,syn_58,synthetic,self,24,False,1.0785369873046875,,
final,535,syn_58,synthetic,self,-1,False,,,0.0
final,535,syn_195,synthetic,self,0,False,-1.6199674606323242,,
final,535,syn_195,synthetic,self,1,False,-1.6199674606323242,,
final,535,syn_195,synthetic,self,2,False,-1.6199674606323242,,
final,535,syn_195,synthetic,self,3,False,-1.6199674606323242,,
final,535,syn_195,synthetic,self,4,False,-1.6199674606323242,,
final,535,syn_195,synthetic,self,5,False,-1.6199674606323242,,
final,535,syn_195,synthetic,self,6,False,-1.6199674606323242,,
final,535,syn_195,synthetic,self,7,False,-1.6199674606323242,,
final,535,syn_195,synthetic,self,8,False,-1.6199674606323242,,
final,535,syn_195,synthetic,self,9,False,-1.6199674606323242,,
final,535,syn_195,synthetic,self,10,False,-1.6199674606323242,,
final,535,syn_195,synthetic,self,11,False,-1.6199674606323242,,
final,535,syn_195,synthetic,self,12,False,-1.6199674606323242,,
final,535,syn_195,synthetic,self,13,False,-1.6199674606323242,,
final,535,syn_195,synthetic,self,14,False,-1.6199674606323242,,
final,535,syn_195,synthetic,self,15,False,-1.6199674606323242,,
final,535,syn_195,synthetic,self,16,False,-1.6199674606323242,,
final,535,syn_195,synthetic,self,17,False,-1.6199674606323242,,
final,535,syn_195,synthetic,self,18,False,-1.6199674606323242,,
final,535,syn_195,synthetic,self,19,False,-1.6199674606323242,,
final,535,syn_195,synthetic,self,20,False,-1.6199674606323242,,
final,535,syn_195,synthetic,self,21,False,-1.6199674606323242,,
final,535,syn_195,synthetic,self,22,False,-1.6199674606323242,,
final,535,syn_195,synthetic,self,23,False,-1.6199674606323242,,
final,535,syn_195,synthetic,self,24,False,-1.522984504699707,,
final,535,syn_195,synthetic,self,-1,False,,,
final,535,syn_180,synthetic,mismatched,0,False,2.820619583129883,,
final,535,syn_180,synthetic,mismatched,1,False,1.7125663757324219,,
final,535,syn_180,synthetic,mismatched,2,False,2.1945133209228516,,
final,535,syn_180,synthetic,mismatched,3,False,2.0399322509765625,,
final,535,syn_180,synthetic,mismatched,4,False,1.9775629043579102,,
final,535,syn_180,synthetic,mismatched,5,False,2.002584457397461,,
final,535,syn_180,synthetic,mismatched,6,False,2.027533531188965,,
final,535,syn_180,synthetic,mismatched,7,False,2.145613670349121,,
final,535,syn_180,synthetic,mismatched,8,False,2.1212244033813477,,
final,535,syn_180,synthetic,mismatched,9,False,2.128890037536621,,
final,535,syn_180,synthetic,mismatched,10,False,2.102275848388672,,
final,535,syn_180,synthetic,mismatched,11,False,2.1222124099731445,,
final,535,syn_180,synthetic,mismatched,12,False,2.227621078491211,,
final,535,syn_180,synthetic,mismatched,13,False,2.0307788848876953,,
final,535,syn_180,synthetic,mismatched,14,False,2.309946060180664,,
final,535,syn_180,synthetic,mismatched,15,False,2.3307437896728516,,
final,535,syn_180,synthetic,mismatched,16,False,1.9140262603759766,,
final,535,syn_180,synthetic,mismatched,17,False,1.9426460266113281,,
final,535,syn_180,synthetic,mismatched,18,False,2.9701852798461914,,
final,535,syn_180,synthetic,mismatched,19,False,2.781625747680664,,
final,535,syn_180,synthetic,mismatched,20,False,2.7253780364990234,,
final,535,syn_180,synthetic,mismatched,21,False,2.323208808898926,,
final,535,syn_180,synthetic,mismatched,22,False,2.4032602310180664,,
final,535,syn_180,synthetic,mismatched,23,False,2.5055036544799805,,
final,535,syn_180,synthetic,mismatched,24,False,3.54105281829834,,
final,535,syn_180,synthetic,mismatched,-1,False,,,0.0
final,535,syn_181,synthetic,mismatched,0,False,1.617349624633789,,
final,535,syn_181,synthetic,mismatched,1,False,2.7964468002319336,,
final,535,syn_181,synthetic,mismatched,2,False,2.671065330505371,,
final,535,syn_181,synthetic,mismatched,3,False,2.291264533996582,,
final,535,syn_181,synthetic,mismatched,4,False,1.9577322006225586,,
final,535,syn_181,synthetic,mismatched,5,False,2.0532007217407227,,
final,535,syn_181,synthetic,mismatched,6,False,2.1052675247192383,,
final,535,syn_181,synthetic,mismatched,7,False,2.0298385620117188,,
final,535,syn_181,synthetic,mismatched,8,False,2.2183609008789062,,
final,535,syn_181,synthetic,mismatched,9,False,2.013399124145508,,
final,535,syn_181,synthetic,mismatched,10,False,2.0705976486206055,,
final,535,syn_181,synthetic,mismatched,11,False,1.9823617935180664,,
final,535,syn_181,synthetic,mismatched,12,False,2.072178840637207,,
final,535,syn_181,synthetic,mismatched,13,False,2.1555051803588867,,
final,535,syn_181,synthetic,mismatched,14,False,2.284491539001465,,
final,535,syn_181,synthetic,mismatched,15,False,2.3370065689086914,,
final,535,syn_181,synthetic,mismatched,16,False,1.783616065979004,,
final,535,syn_181,synthetic,mismatched,17,False,1.496997356414795,,
final,535,syn_181,synthetic,mismatched,18,False,2.0295228958129883,,
final,535,syn_181,synthetic,mismatched,19,False,1.8106675148010254,,
final,535,syn_181,synthetic,mismatched,20,False,2.16864013671875,,
final,535,syn_181,synthetic,mismatched,21,False,2.6645545959472656,,
final,535,syn_181,synthetic,mismatched,22,False,2.224669933319092,,
final,535,syn_181,synthetic,mismatched,23,False,1.9150686264038086,,
final,535,syn_181,synthetic,mismatched,24,False,2.1117448806762695,,
final,535,syn_181,synthetic,mismatched,-1,False,,,0.0
final,535,syn_81,synthetic,mismatched,0,False,0.24196720123291016,,
final,535,syn_81,synthetic,mismatched,1,False,1.8929481506347656,,
final,535,syn_81,synthetic,mismatched,2,False,1.7638039588928223,,
final,535,syn_81,synthetic,mismatched,3,False,1.7212824821472168,,
final,535,syn_81,synthetic,mismatched,4,False,1.7345519065856934,,
final,535,syn_81,synthetic,mismatched,5,False,1.7592830657958984,,
final,535,syn_81,synthetic,mismatched,6,False,1.7859063148498535,,
final,535,syn_81,synthetic,mismatched,7,False,1.7066564559936523,,
final,535,syn_81,synthetic,mismatched,8,False,1.660048007965088,,
final,535,syn_81,synthetic,mismatched,9,False,1.566476821899414,,
final,535,syn_81,synthetic,mismatched,10,False,1.6997756958007812,,
final,535,syn_81,synthetic,mismatched,11,False,1.6724052429199219,,
final,535,syn_81,synthetic,mismatched,12,False,1.777144432067871,,
final,535,syn_81,synthetic,mismatched,13,False,1.9198532104492188,,
final,535,syn_81,synthetic,mismatched,14,False,2.260195732116699,,
final,535,syn_81,synthetic,mismatched,15,False,2.760761260986328,,
final,535,syn_81,synthetic,mismatched,16,False,3.4796953201293945,,
final,535,syn_81,synthetic,mismatched,17,False,3.5011401176452637,,
final,535,syn_81,synthetic,mismatched,18,False,2.356350898742676,,
final,535,syn_81,synthetic,mismatched,19,False,3.303215980529785,,
final,535,syn_81,synthetic,mismatched,20,False,3.3441896438598633,,
final,535,syn_81,synthetic,mismatched,21,False,3.8094186782836914,,
final,535,syn_81,synthetic,mismatched,22,False,4.338324069976807,,
final,535,syn_81,synthetic,mismatched,23,False,5.023650646209717,,
final,535,syn_81,synthetic,mismatched,24,False,6.022346496582031,,
final,535,syn_81,synthetic,mismatched,-1,False,,,0.0
final,535,syn_82,synthetic,mismatched,0,False,-0.9784994125366211,,
final,535,syn_82,synthetic,mismatched,1,False,0.15355873107910156,,
final,535,syn_82,synthetic,mismatched,2,False,0.18468856811523438,,
final,535,syn_82,synthetic,mismatched,3,False,0.3446168899536133,,
final,535,syn_82,synthetic,mismatched,4,False,0.3915681838989258,,
final,535,syn_82,synthetic,mismatched,5,False,0.26761436462402344,,
final,535,syn_82,synthetic,mismatched,6,False,0.27869701385498047,,
final,535,syn_82,synthetic,mismatched,7,False,0.4098834991455078,,
final,535,syn_82,synthetic,mismatched,8,False,0.34972667694091797,,
final,535,syn_82,synthetic,mismatched,9,False,0.4246788024902344,,
final,535,syn_82,synthetic,mismatched,10,False,0.5967836380004883,,
final,535,syn_82,synthetic,mismatched,11,False,0.8173284530639648,,
final,535,syn_82,synthetic,mismatched,12,False,0.8215904235839844,,
final,535,syn_82,synthetic,mismatched,13,False,0.7560319900512695,,
final,535,syn_82,synthetic,mismatched,14,False,0.8336257934570312,,
final,535,syn_82,synthetic,mismatched,15,False,0.9485836029052734,,
final,535,syn_82,synthetic,mismatched,16,False,0.7115049362182617,,
final,535,syn_82,synthetic,mismatched,17,False,0.7958860397338867,,
final,535,syn_82,synthetic,mismatched,18,False,0.7427759170532227,,
final,535,syn_82,synthetic,mismatched,19,False,0.7289457321166992,,
final,535,syn_82,synthetic,mismatched,20,False,0.7329788208007812,,
final,535,syn_82,synthetic,mismatched,21,False,0.4292173385620117,,
final,535,syn_82,synthetic,mismatched,22,False,0.12345600128173828,,
final,535,syn_82,synthetic,mismatched,23,False,0.5312252044677734,,
final,535,syn_82,synthetic,mismatched,24,False,0.5387668609619141,,
final,535,syn_82,synthetic,mismatched,-1,False,,,1.0
final,535,syn_49,synthetic,mismatched,0,False,0.6496706008911133,,
final,535,syn_49,synthetic,mismatched,1,False,-0.3366365432739258,,
final,535,syn_49,synthetic,mismatched,2,False,-0.3628416061401367,,
final,535,syn_49,synthetic,mismatched,3,False,-0.2762641906738281,,
final,535,syn_49,synthetic,mismatched,4,False,-0.246337890625,,
final,535,syn_49,synthetic,mismatched,5,False,-0.1862964630126953,,
final,535,syn_49,synthetic,mismatched,6,False,-0.16255950927734375,,
final,535,syn_49,synthetic,mismatched,7,False,-0.0630645751953125,,
final,535,syn_49,synthetic,mismatched,8,False,-0.14217090606689453,,
final,535,syn_49,synthetic,mismatched,9,False,-0.1518707275390625,,
final,535,syn_49,synthetic,mismatched,10,False,-0.1480865478515625,,
final,535,syn_49,synthetic,mismatched,11,False,-0.1858062744140625,,
final,535,syn_49,synthetic,mismatched,12,False,-0.1291637420654297,,
final,535,syn_49,synthetic,mismatched,13,False,-0.015010833740234375,,
final,535,syn_49,synthetic,mismatched,14,False,0.26648712158203125,,
final,535,syn_49,synthetic,mismatched,15,False,0.11496257781982422,,
final,535,syn_49,synthetic,mismatched,16,False,0.2593193054199219,,
final,535,syn_49,synthetic,mismatched,17,False,0.5529165267944336,,
final,535,syn_49,synthetic,mismatched,18,False,-0.04191017150878906,,
final,535,syn_49,synthetic,mismatched,19,False,-0.49246978759765625,,
final,535,syn_49,synthetic,mismatched,20,False,-0.384429931640625,,
final,535,syn_49,synthetic,mismatched,21,False,-0.2991151809692383,,
final,535,syn_49,synthetic,mismatched,22,False,-0.6175918579101562,,
final,535,syn_49,synthetic,mismatched,23,False,-0.6231441497802734,,
final,535,syn_49,synthetic,mismatched,24,False,-0.5870466232299805,,
final,535,syn_49,synthetic,mismatched,-1,False,,,0.0
final,535,syn_52,synthetic,mismatched,0,False,-0.4225473403930664,,
final,535,syn_52,synthetic,mismatched,1,False,3.670778274536133,,
final,535,syn_52,synthetic,mismatched,2,False,4.476692199707031,,
final,535,syn_52,synthetic,mismatched,3,False,4.779965877532959,,
final,535,syn_52,synthetic,mismatched,4,False,5.763575077056885,,
final,535,syn_52,synthetic,mismatched,5,False,6.191887378692627,,
final,535,syn_52,synthetic,mismatched,6,False,6.101786136627197,,
final,535,syn_52,synthetic,mismatched,7,False,6.057645797729492,,
final,535,syn_52,synthetic,mismatched,8,False,6.282037258148193,,
final,535,syn_52,synthetic,mismatched,9,False,6.44633150100708,,
final,535,syn_52,synthetic,mismatched,10,False,6.818769454956055,,
final,535,syn_52,synthetic,mismatched,11,False,6.975480079650879,,
final,535,syn_52,synthetic,mismatched,12,False,7.73628044128418,,
final,535,syn_52,synthetic,mismatched,13,False,7.9173359870910645,,
final,535,syn_52,synthetic,mismatched,14,False,8.368121147155762,,
final,535,syn_52,synthetic,mismatched,15,False,7.942915916442871,,
final,535,syn_52,synthetic,mismatched,16,False,7.179157257080078,,
final,535,syn_52,synthetic,mismatched,17,False,6.3265509605407715,,
final,535,syn_52,synthetic,mismatched,18,False,6.298952102661133,,
final,535,syn_52,synthetic,mismatched,19,False,6.519327640533447,,
final,535,syn_52,synthetic,mismatched,20,False,7.296319961547852,,
final,535,syn_52,synthetic,mismatched,21,False,5.804049968719482,,
final,535,syn_52,synthetic,mismatched,22,False,6.576498985290527,,
final,535,syn_52,synthetic,mismatched,23,False,6.5492377281188965,,
final,535,syn_52,synthetic,mismatched,24,False,6.863526344299316,,
final,535,syn_52,synthetic,mismatched,-1,False,,,1.0
final,535,syn_121,synthetic,mismatched,0,False,1.2705507278442383,,
final,535,syn_121,synthetic,mismatched,1,False,-0.8363809585571289,,
final,535,syn_121,synthetic,mismatched,2,False,-0.6331081390380859,,
final,535,syn_121,synthetic,mismatched,3,False,-0.668370246887207,,
final,535,syn_121,synthetic,mismatched,4,False,-0.8266143798828125,,
final,535,syn_121,synthetic,mismatched,5,False,-0.7395820617675781,,
final,535,syn_121,synthetic,mismatched,6,False,-0.7535877227783203,,
final,535,syn_121,synthetic,mismatched,7,False,-0.6424560546875,,
final,535,syn_121,synthetic,mismatched,8,False,-0.7973880767822266,,
final,535,syn_121,synthetic,mismatched,9,False,-1.2190074920654297,,
final,535,syn_121,synthetic,mismatched,10,False,-1.0846185684204102,,
final,535,syn_121,synthetic,mismatched,11,False,-1.0593366622924805,,
final,535,syn_121,synthetic,mismatched,12,False,-0.8646020889282227,,
final,535,syn_121,synthetic,mismatched,13,False,-0.8355417251586914,,
final,535,syn_121,synthetic,mismatched,14,False,-0.7098093032836914,,
final,535,syn_121,synthetic,mismatched,15,False,-0.9093875885009766,,
final,535,syn_121,synthetic,mismatched,16,False,-1.1070013046264648,,
final,535,syn_121,synthetic,mismatched,17,False,-1.2359466552734375,,
final,535,syn_121,synthetic,mismatched,18,False,-0.7514705657958984,,
final,535,syn_121,synthetic,mismatched,19,False,-1.0987281799316406,,
final,535,syn_121,synthetic,mismatched,20,False,-1.0259084701538086,,
final,535,syn_121,synthetic,mismatched,21,False,-0.8499755859375,,
final,535,syn_121,synthetic,mismatched,22,False,-1.2662057876586914,,
final,535,syn_121,synthetic,mismatched,23,False,-0.8155975341796875,,
final,535,syn_121,synthetic,mismatched,24,False,-0.4433736801147461,,
final,535,syn_121,synthetic,mismatched,-1,False,,,0.0
final,535,syn_88,synthetic,mismatched,0,False,0.06248283386230469,,
final,535,syn_88,synthetic,mismatched,1,False,-0.8117756843566895,,
final,535,syn_88,synthetic,mismatched,2,False,-0.7530736923217773,,
final,535,syn_88,synthetic,mismatched,3,False,-0.3820915222167969,,
final,535,syn_88,synthetic,mismatched,4,False,0.029476165771484375,,
final,535,syn_88,synthetic,mismatched,5,False,-0.09165191650390625,,
final,535,syn_88,synthetic,mismatched,6,False,-0.2488870620727539,,
final,535,syn_88,synthetic,mismatched,7,False,-0.45680713653564453,,
final,535,syn_88,synthetic,mismatched,8,False,-0.6479959487915039,,
final,535,syn_88,synthetic,mismatched,9,False,-0.6697144508361816,,
final,535,syn_88,synthetic,mismatched,10,False,-0.6522626876831055,,
final,535,syn_88,synthetic,mismatched,11,False,-0.9012284278869629,,
final,535,syn_88,synthetic,mismatched,12,False,-1.047440528869629,,
final,535,syn_88,synthetic,mismatched,13,False,-1.6526026725769043,,
final,535,syn_88,synthetic,mismatched,14,False,-1.8366260528564453,,
final,535,syn_88,synthetic,mismatched,15,False,-1.6612157821655273,,
final,535,syn_88,synthetic,mismatched,16,False,-0.9161109924316406,,
final,535,syn_88,synthetic,mismatched,17,False,-2.0807554721832275,,
final,535,syn_88,synthetic,mismatched,18,False,-3.2033910751342773,,
final,535,syn_88,synthetic,mismatched,19,False,-3.293692111968994,,
final,535,syn_88,synthetic,mismatched,20,False,-4.504608154296875,,
final,535,syn_88,synthetic,mismatched,21,False,-4.84873628616333,,
final,535,syn_88,synthetic,mismatched,22,False,-4.4934821128845215,,
final,535,syn_88,synthetic,mismatched,23,False,-5.2936906814575195,,
final,535,syn_88,synthetic,mismatched,24,False,-6.1149797439575195,,
final,535,syn_88,synthetic,mismatched,-1,False,,,0.0
final,535,syn_157,synthetic,mismatched,0,False,2.0487422943115234,,
final,535,syn_157,synthetic,mismatched,1,False,0.5957546234130859,,
final,535,syn_157,synthetic,mismatched,2,False,0.8079986572265625,,
final,535,syn_157,synthetic,mismatched,3,False,0.747828483581543,,
final,535,syn_157,synthetic,mismatched,4,False,0.8820600509643555,,
final,535,syn_157,synthetic,mismatched,5,False,0.8426017761230469,,
final,535,syn_157,synthetic,mismatched,6,False,0.9141063690185547,,
final,535,syn_157,synthetic,mismatched,7,False,0.9144725799560547,,
final,535,syn_157,synthetic,mismatched,8,False,0.8955965042114258,,
final,535,syn_157,synthetic,mismatched,9,False,1.1082067489624023,,
final,535,syn_157,synthetic,mismatched,10,False,1.0581998825073242,,
final,535,syn_157,synthetic,mismatched,11,False,1.0200157165527344,,
final,535,syn_157,synthetic,mismatched,12,False,1.023590087890625,,
final,535,syn_157,synthetic,mismatched,13,False,1.1645078659057617,,
final,535,syn_157,synthetic,mismatched,14,False,1.1364898681640625,,
final,535,syn_157,synthetic,mismatched,15,False,1.4421215057373047,,
final,535,syn_157,synthetic,mismatched,16,False,1.5707807540893555,,
final,535,syn_157,synthetic,mismatched,17,False,1.7841567993164062,,
final,535,syn_157,synthetic,mismatched,18,False,1.5780830383300781,,
final,535,syn_157,synthetic,mismatched,19,False,1.9199390411376953,,
final,535,syn_157,synthetic,mismatched,20,False,1.17230224609375,,
final,535,syn_157,synthetic,mismatched,21,False,1.3675966262817383,,
final,535,syn_157,synthetic,mismatched,22,False,1.089970588684082,,
final,535,syn_157,synthetic,mismatched,23,False,1.6114091873168945,,
final,535,syn_157,synthetic,mismatched,24,False,1.5544404983520508,,
final,535,syn_157,synthetic,mismatched,-1,False,,,0.0
final,535,syn_22,synthetic,mismatched,0,False,0.39444446563720703,,
final,535,syn_22,synthetic,mismatched,1,False,-1.4524993896484375,,
final,535,syn_22,synthetic,mismatched,2,False,-1.0165352821350098,,
final,535,syn_22,synthetic,mismatched,3,False,-0.6733345985412598,,
final,535,syn_22,synthetic,mismatched,4,False,-0.5462002754211426,,
final,535,syn_22,synthetic,mismatched,5,False,-0.4868440628051758,,
final,535,syn_22,synthetic,mismatched,6,False,-0.276578426361084,,
final,535,syn_22,synthetic,mismatched,7,False,-0.06259822845458984,,
final,535,syn_22,synthetic,mismatched,8,False,0.11197853088378906,,
final,535,syn_22,synthetic,mismatched,9,False,0.017338275909423828,,
final,535,syn_22,synthetic,mismatched,10,False,0.07468175888061523,,
final,535,syn_22,synthetic,mismatched,11,False,0.1320180892944336,,
final,535,syn_22,synthetic,mismatched,12,False,0.20468997955322266,,
final,535,syn_22,synthetic,mismatched,13,False,-0.28302717208862305,,
final,535,syn_22,synthetic,mismatched,14,False,-0.46645212173461914,,
final,535,syn_22,synthetic,mismatched,15,False,-0.5353987216949463,,
final,535,syn_22,synthetic,mismatched,16,False,-1.1278140544891357,,
final,535,syn_22,synthetic,mismatched,17,False,-2.083591938018799,,
final,535,syn_22,synthetic,mismatched,18,False,-3.4518134593963623,,
final,535,syn_22,synthetic,mismatched,19,False,-2.9965312480926514,,
final,535,syn_22,synthetic,mismatched,20,False,-3.4622349739074707,,
final,535,syn_22,synthetic,mismatched,21,False,-2.956514835357666,,
final,535,syn_22,synthetic,mismatched,22,False,-2.4962754249572754,,
final,535,syn_22,synthetic,mismatched,23,False,-2.573789119720459,,
final,535,syn_22,synthetic,mismatched,24,False,-0.9722397327423096,,
final,535,syn_22,synthetic,mismatched,-1,False,,,0.0
final,535,syn_125,synthetic,mismatched,0,False,3.0966272354125977,,
final,535,syn_125,synthetic,mismatched,1,False,1.9675102233886719,,
final,535,syn_125,synthetic,mismatched,2,False,1.8116779327392578,,
final,535,syn_125,synthetic,mismatched,3,False,1.7722091674804688,,
final,535,syn_125,synthetic,mismatched,4,False,1.7842817306518555,,
final,535,syn_125,synthetic,mismatched,5,False,1.6934566497802734,,
final,535,syn_125,synthetic,mismatched,6,False,1.6803693771362305,,
final,535,syn_125,synthetic,mismatched,7,False,1.6360912322998047,,
final,535,syn_125,synthetic,mismatched,8,False,1.828618049621582,,
final,535,syn_125,synthetic,mismatched,9,False,1.7219600677490234,,
final,535,syn_125,synthetic,mismatched,10,False,1.5324039459228516,,
final,535,syn_125,synthetic,mismatched,11,False,1.5431241989135742,,
final,535,syn_125,synthetic,mismatched,12,False,1.4865217208862305,,
final,535,syn_125,synthetic,mismatched,13,False,1.5092430114746094,,
final,535,syn_125,synthetic,mismatched,14,False,1.641341209411621,,
final,535,syn_125,synthetic,mismatched,15,False,1.4475393295288086,,
final,535,syn_125,synthetic,mismatched,16,False,1.2750205993652344,,
final,535,syn_125,synthetic,mismatched,17,False,0.8220014572143555,,
final,535,syn_125,synthetic,mismatched,18,False,0.7529144287109375,,
final,535,syn_125,synthetic,mismatched,19,False,0.12860870361328125,,
final,535,syn_125,synthetic,mismatched,20,False,-0.4961118698120117,,
final,535,syn_125,synthetic,mismatched,21,False,-0.5013065338134766,,
final,535,syn_125,synthetic,mismatched,22,False,-1.1043062210083008,,
final,535,syn_125,synthetic,mismatched,23,False,-1.9786357879638672,,
final,535,syn_125,synthetic,mismatched,24,False,-1.35552978515625,,
final,535,syn_125,synthetic,mismatched,-1,False,,,0.0
final,535,syn_58,synthetic,mismatched,0,False,1.2213306427001953,,
final,535,syn_58,synthetic,mismatched,1,False,-0.4756898880004883,,
final,535,syn_58,synthetic,mismatched,2,False,-0.39383888244628906,,
final,535,syn_58,synthetic,mismatched,3,False,-0.3040132522583008,,
final,535,syn_58,synthetic,mismatched,4,False,-0.19380760192871094,,
final,535,syn_58,synthetic,mismatched,5,False,-0.1767406463623047,,
final,535,syn_58,synthetic,mismatched,6,False,-0.18703365325927734,,
final,535,syn_58,synthetic,mismatched,7,False,-0.21860122680664062,,
final,535,syn_58,synthetic,mismatched,8,False,-0.3173246383666992,,
final,535,syn_58,synthetic,mismatched,9,False,-0.3757343292236328,,
final,535,syn_58,synthetic,mismatched,10,False,-0.38885498046875,,
final,535,syn_58,synthetic,mismatched,11,False,-0.3821144104003906,,
final,535,syn_58,synthetic,mismatched,12,False,-0.18222618103027344,,
final,535,syn_58,synthetic,mismatched,13,False,-0.29341983795166016,,
final,535,syn_58,synthetic,mismatched,14,False,-0.16602325439453125,,
final,535,syn_58,synthetic,mismatched,15,False,-0.047043800354003906,,
final,535,syn_58,synthetic,mismatched,16,False,0.18234920501708984,,
final,535,syn_58,synthetic,mismatched,17,False,0.1379375457763672,,
final,535,syn_58,synthetic,mismatched,18,False,0.022879600524902344,,
final,535,syn_58,synthetic,mismatched,19,False,0.5669584274291992,,
final,535,syn_58,synthetic,mismatched,20,False,0.7474226951599121,,
final,535,syn_58,synthetic,mismatched,21,False,0.6689534187316895,,
final,535,syn_58,synthetic,mismatched,22,False,0.8812427520751953,,
final,535,syn_58,synthetic,mismatched,23,False,-0.09833288192749023,,
final,535,syn_58,synthetic,mismatched,24,False,-0.32999706268310547,,
final,535,syn_58,synthetic,mismatched,-1,False,,,0.0
final,535,syn_195,synthetic,mismatched,0,False,-1.6199674606323242,,
final,535,syn_195,synthetic,mismatched,1,False,-1.7363977432250977,,
final,535,syn_195,synthetic,mismatched,2,False,-1.5837769508361816,,
final,535,syn_195,synthetic,mismatched,3,False,-1.5203509330749512,,
final,535,syn_195,synthetic,mismatched,4,False,-1.6923198699951172,,
final,535,syn_195,synthetic,mismatched,5,False,-1.7639899253845215,,
final,535,syn_195,synthetic,mismatched,6,False,-1.8684453964233398,,
final,535,syn_195,synthetic,mismatched,7,False,-1.9945573806762695,,
final,535,syn_195,synthetic,mismatched,8,False,-1.8061537742614746,,
final,535,syn_195,synthetic,mismatched,9,False,-1.707787036895752,,
final,535,syn_195,synthetic,mismatched,10,False,-1.7180218696594238,,
final,535,syn_195,synthetic,mismatched,11,False,-1.6517724990844727,,
final,535,syn_195,synthetic,mismatched,12,False,-1.9098529815673828,,
final,535,syn_195,synthetic,mismatched,13,False,-2.048621654510498,,
final,535,syn_195,synthetic,mismatched,14,False,-1.905829906463623,,
final,535,syn_195,synthetic,mismatched,15,False,-2.0608415603637695,,
final,535,syn_195,synthetic,mismatched,16,False,-2.789315700531006,,
final,535,syn_195,synthetic,mismatched,17,False,-3.146007776260376,,
final,535,syn_195,synthetic,mismatched,18,False,-2.56168794631958,,
final,535,syn_195,synthetic,mismatched,19,False,-2.422668218612671,,
final,535,syn_195,synthetic,mismatched,20,False,-2.3660295009613037,,
final,535,syn_195,synthetic,mismatched,21,False,-2.712946891784668,,
final,535,syn_195,synthetic,mismatched,22,False,-2.342905044555664,,
final,535,syn_195,synthetic,mismatched,23,False,-1.9610576629638672,,
final,535,syn_195,synthetic,mismatched,24,False,-1.516975998878479,,
final,535,syn_195,synthetic,mismatched,-1,False,,,
final,535,syn_162,synthetic,self,0,False,-1.870152473449707,,
final,535,syn_162,synthetic,self,1,False,-1.870152473449707,,
final,535,syn_162,synthetic,self,2,False,-1.870152473449707,,
final,535,syn_162,synthetic,self,3,False,-1.870152473449707,,
final,535,syn_162,synthetic,self,4,False,-1.870152473449707,,
final,535,syn_162,synthetic,self,5,False,-1.870152473449707,,
final,535,syn_162,synthetic,self,6,False,-1.870152473449707,,
final,535,syn_162,synthetic,self,7,False,-1.870152473449707,,
final,535,syn_162,synthetic,self,8,False,-1.870152473449707,,
final,535,syn_162,synthetic,self,9,False,-1.870152473449707,,
final,535,syn_162,synthetic,self,10,False,-1.870152473449707,,
final,535,syn_162,synthetic,self,11,False,-1.870152473449707,,
final,535,syn_162,synthetic,self,12,False,-1.870152473449707,,
final,535,syn_162,synthetic,self,13,False,-1.870152473449707,,
final,535,syn_162,synthetic,self,14,False,-1.870152473449707,,
final,535,syn_162,synthetic,self,15,False,-1.870152473449707,,
final,535,syn_162,synthetic,self,16,False,-1.870152473449707,,
final,535,syn_162,synthetic,self,17,False,-1.870152473449707,,
final,535,syn_162,synthetic,self,18,False,-1.870152473449707,,
final,535,syn_162,synthetic,self,19,False,-1.870152473449707,,
final,535,syn_162,synthetic,self,20,False,-1.870152473449707,,
final,535,syn_162,synthetic,self,21,False,-1.870152473449707,,
final,535,syn_162,synthetic,self,22,False,-1.870152473449707,,
final,535,syn_162,synthetic,self,23,False,-1.870152473449707,,
final,535,syn_162,synthetic,self,24,False,-2.306865692138672,,
final,535,syn_162,synthetic,self,-1,False,,,
final,535,syn_197,synthetic,self,0,False,0.9904985427856445,,
final,535,syn_197,synthetic,self,1,False,0.9904985427856445,,
final,535,syn_197,synthetic,self,2,False,0.9904985427856445,,
final,535,syn_197,synthetic,self,3,False,0.9904985427856445,,
final,535,syn_197,synthetic,self,4,False,0.9904985427856445,,
final,535,syn_197,synthetic,self,5,False,0.9904985427856445,,
final,535,syn_197,synthetic,self,6,False,0.9904985427856445,,
final,535,syn_197,synthetic,self,7,False,0.9904985427856445,,
final,535,syn_197,synthetic,self,8,False,0.9904985427856445,,
final,535,syn_197,synthetic,self,9,False,0.9904985427856445,,
final,535,syn_197,synthetic,self,10,False,0.9904985427856445,,
final,535,syn_197,synthetic,self,11,False,0.9904985427856445,,
final,535,syn_197,synthetic,self,12,False,0.9904985427856445,,
final,535,syn_197,synthetic,self,13,False,0.9904985427856445,,
final,535,syn_197,synthetic,self,14,False,0.9904985427856445,,
final,535,syn_197,synthetic,self,15,False,0.9904985427856445,,
final,535,syn_197,synthetic,self,16,False,0.9904985427856445,,
final,535,syn_197,synthetic,self,17,False,0.9904985427856445,,
final,535,syn_197,synthetic,self,18,False,0.9904985427856445,,
final,535,syn_197,synthetic,self,19,False,0.9904985427856445,,
final,535,syn_197,synthetic,self,20,False,0.9904985427856445,,
final,535,syn_197,synthetic,self,21,False,0.9904985427856445,,
final,535,syn_197,synthetic,self,22,False,0.9904985427856445,,
final,535,syn_197,synthetic,self,23,False,0.9904985427856445,,
final,535,syn_197,synthetic,self,24,False,0.8700399398803711,,
final,535,syn_197,synthetic,self,-1,False,,,0.0
final,535,syn_164,synthetic,self,0,False,-0.8222827911376953,,
final,535,syn_164,synthetic,self,1,False,-0.8222827911376953,,
final,535,syn_164,synthetic,self,2,False,-0.8222827911376953,,
final,535,syn_164,synthetic,self,3,False,-0.8222827911376953,,
final,535,syn_164,synthetic,self,4,False,-0.8222827911376953,,
final,535,syn_164,synthetic,self,5,False,-0.8222827911376953,,
final,535,syn_164,synthetic,self,6,False,-0.8222827911376953,,
final,535,syn_164,synthetic,self,7,False,-0.8222827911376953,,
final,535,syn_164,synthetic,self,8,False,-0.8222827911376953,,
final,535,syn_164,synthetic,self,9,False,-0.8222827911376953,,
final,535,syn_164,synthetic,self,10,False,-0.8222827911376953,,
final,535,syn_164,synthetic,self,11,False,-0.8222827911376953,,
final,535,syn_164,synthetic,self,12,False,-0.8222827911376953,,
final,535,syn_164,synthetic,self,13,False,-0.8222827911376953,,
final,535,syn_164,synthetic,self,14,False,-0.8222827911376953,,
final,535,syn_164,synthetic,self,15,False,-0.8222827911376953,,
final,535,syn_164,synthetic,self,16,False,-0.8222827911376953,,
final,535,syn_164,synthetic,self,17,False,-0.8222827911376953,,
final,535,syn_164,synthetic,self,18,False,-0.8222827911376953,,
final,535,syn_164,synthetic,self,19,False,-0.8222827911376953,,
final,535,syn_164,synthetic,self,20,False,-0.8222827911376953,,
final,535,syn_164,synthetic,self,21,False,-0.8222827911376953,,
final,535,syn_164,synthetic,self,22,False,-0.8222827911376953,,
final,535,syn_164,synthetic,self,23,False,-0.8222827911376953,,
final,535,syn_164,synthetic,self,24,False,-0.754084587097168,,
final,535,syn_164,synthetic,self,-1,False,,,
final,535,syn_165,synthetic,self,0,False,2.0109424591064453,,
final,535,syn_165,synthetic,self,1,False,2.0109424591064453,,
final,535,syn_165,synthetic,self,2,False,2.0109424591064453,,
final,535,syn_165,synthetic,self,3,False,2.0109424591064453,,
final,535,syn_165,synthetic,self,4,False,2.0109424591064453,,
final,535,syn_165,synthetic,self,5,False,2.0109424591064453,,
final,535,syn_165,synthetic,self,6,False,2.0109424591064453,,
final,535,syn_165,synthetic,self,7,False,2.0109424591064453,,
final,535,syn_165,synthetic,self,8,False,2.0109424591064453,,
final,535,syn_165,synthetic,self,9,False,2.0109424591064453,,
final,535,syn_165,synthetic,self,10,False,2.0109424591064453,,
final,535,syn_165,synthetic,self,11,False,2.0109424591064453,,
final,535,syn_165,synthetic,self,12,False,2.0109424591064453,,
final,535,syn_165,synthetic,self,13,False,2.0109424591064453,,
final,535,syn_165,synthetic,self,14,False,2.0109424591064453,,
final,535,syn_165,synthetic,self,15,False,2.0109424591064453,,
final,535,syn_165,synthetic,self,16,False,2.0109424591064453,,
final,535,syn_165,synthetic,self,17,False,2.0109424591064453,,
final,535,syn_165,synthetic,self,18,False,2.0109424591064453,,
final,535,syn_165,synthetic,self,19,False,2.0109424591064453,,
final,535,syn_165,synthetic,self,20,False,2.0109424591064453,,
final,535,syn_165,synthetic,self,21,False,2.0109424591064453,,
final,535,syn_165,synthetic,self,22,False,2.0109424591064453,,
final,535,syn_165,synthetic,self,23,False,2.0109424591064453,,
final,535,syn_165,synthetic,self,24,False,2.058544158935547,,
final,535,syn_165,synthetic,self,-1,False,,,0.0
final,535,syn_166,synthetic,self,0,False,2.153717041015625,,
final,535,syn_166,synthetic,self,1,False,2.153717041015625,,
final,535,syn_166,synthetic,self,2,False,2.153717041015625,,
final,535,syn_166,synthetic,self,3,False,2.153717041015625,,
final,535,syn_166,synthetic,self,4,False,2.153717041015625,,
final,535,syn_166,synthetic,self,5,False,2.153717041015625,,
final,535,syn_166,synthetic,self,6,False,2.153717041015625,,
final,535,syn_166,synthetic,self,7,False,2.153717041015625,,
final,535,syn_166,synthetic,self,8,False,2.153717041015625,,
final,535,syn_166,synthetic,self,9,False,2.153717041015625,,
final,535,syn_166,synthetic,self,10,False,2.153717041015625,,
final,535,syn_166,synthetic,self,11,False,2.153717041015625,,
final,535,syn_166,synthetic,self,12,False,2.153717041015625,,
final,535,syn_166,synthetic,self,13,False,2.153717041015625,,
final,535,syn_166,synthetic,self,14,False,2.153717041015625,,
final,535,syn_166,synthetic,self,15,False,2.153717041015625,,
final,535,syn_166,synthetic,self,16,False,2.153717041015625,,
final,535,syn_166,synthetic,self,17,False,2.153717041015625,,
final,535,syn_166,synthetic,self,18,False,2.153717041015625,,
final,535,syn_166,synthetic,self,19,False,2.153717041015625,,
final,535,syn_166,synthetic,self,20,False,2.153717041015625,,
final,535,syn_166,synthetic,self,21,False,2.153717041015625,,
final,535,syn_166,synthetic,self,22,False,2.153717041015625,,
final,535,syn_166,synthetic,self,23,False,2.153717041015625,,
final,535,syn_166,synthetic,self,24,False,2.2556896209716797,,
final,535,syn_166,synthetic,self,-1,False,,,0.0
final,535,syn_31,synthetic,self,0,False,-0.022253036499023438,,
final,535,syn_31,synthetic,self,1,False,-0.022253036499023438,,
final,535,syn_31,synthetic,self,2,False,-0.022253036499023438,,
final,535,syn_31,synthetic,self,3,False,-0.022253036499023438,,
final,535,syn_31,synthetic,self,4,False,-0.022253036499023438,,
final,535,syn_31,synthetic,self,5,False,-0.022253036499023438,,
final,535,syn_31,synthetic,self,6,False,-0.022253036499023438,,
final,535,syn_31,synthetic,self,7,False,-0.022253036499023438,,
final,535,syn_31,synthetic,self,8,False,-0.022253036499023438,,
final,535,syn_31,synthetic,self,9,False,-0.022253036499023438,,
final,535,syn_31,synthetic,self,10,False,-0.022253036499023438,,
final,535,syn_31,synthetic,self,11,False,-0.022253036499023438,,
final,535,syn_31,synthetic,self,12,False,-0.022253036499023438,,
final,535,syn_31,synthetic,self,13,False,-0.022253036499023438,,
final,535,syn_31,synthetic,self,14,False,-0.022253036499023438,,
final,535,syn_31,synthetic,self,15,False,-0.022253036499023438,,
final,535,syn_31,synthetic,self,16,False,-0.022253036499023438,,
final,535,syn_31,synthetic,self,17,False,-0.022253036499023438,,
final,535,syn_31,synthetic,self,18,False,-0.022253036499023438,,
final,535,syn_31,synthetic,self,19,False,-0.022253036499023438,,
final,535,syn_31,synthetic,self,20,False,-0.022253036499023438,,
final,535,syn_31,synthetic,self,21,False,-0.022253036499023438,,
final,535,syn_31,synthetic,self,22,False,-0.022253036499023438,,
final,535,syn_31,synthetic,self,23,False,-0.022253036499023438,,
final,535,syn_31,synthetic,self,24,False,-0.31827545166015625,,
final,535,syn_31,synthetic,self,-1,False,,,
final,535,syn_32,synthetic,self,0,False,-3.4997634887695312,,
final,535,syn_32,synthetic,self,1,False,-3.4997634887695312,,
final,535,syn_32,synthetic,self,2,False,-3.4997634887695312,,
final,535,syn_32,synthetic,self,3,False,-3.4997634887695312,,
final,535,syn_32,synthetic,self,4,False,-3.4997634887695312,,
final,535,syn_32,synthetic,self,5,False,-3.4997634887695312,,
final,535,syn_32,synthetic,self,6,False,-3.4997634887695312,,
final,535,syn_32,synthetic,self,7,False,-3.4997634887695312,,
final,535,syn_32,synthetic,self,8,False,-3.4997634887695312,,
final,535,syn_32,synthetic,self,9,False,-3.4997634887695312,,
final,535,syn_32,synthetic,self,10,False,-3.4997634887695312,,
final,535,syn_32,synthetic,self,11,False,-3.4997634887695312,,
final,535,syn_32,synthetic,self,12,False,-3.4997634887695312,,
final,535,syn_32,synthetic,self,13,False,-3.4997634887695312,,
final,535,syn_32,synthetic,self,14,False,-3.4997634887695312,,
final,535,syn_32,synthetic,self,15,False,-3.4997634887695312,,
final,535,syn_32,synthetic,self,16,False,-3.4997634887695312,,
final,535,syn_32,synthetic,self,17,False,-3.4997634887695312,,
final,535,syn_32,synthetic,self,18,False,-3.4997634887695312,,
final,535,syn_32,synthetic,self,19,False,-3.4997634887695312,,
final,535,syn_32,synthetic,self,20,False,-3.4997634887695312,,
final,535,syn_32,synthetic,self,21,False,-3.4997634887695312,,
final,535,syn_32,synthetic,self,22,False,-3.4997634887695312,,
final,535,syn_32,synthetic,self,23,False,-3.4997634887695312,,
final,535,syn_32,synthetic,self,24,False,-3.5782318115234375,,
final,535,syn_32,synthetic,self,-1,False,,,
final,535,syn_169,synthetic,self,0,False,-0.7654333114624023,,
final,535,syn_169,synthetic,self,1,False,-0.7654333114624023,,
final,535,syn_169,synthetic,self,2,False,-0.7654333114624023,,
final,535,syn_169,synthetic,self,3,False,-0.7654333114624023,,
final,535,syn_169,synthetic,self,4,False,-0.7654333114624023,,
final,535,syn_169,synthetic,self,5,False,-0.7654333114624023,,
final,535,syn_169,synthetic,self,6,False,-0.7654333114624023,,
final,535,syn_169,synthetic,self,7,False,-0.7654333114624023,,
final,535,syn_169,synthetic,self,8,False,-0.7654333114624023,,
final,535,syn_169,synthetic,self,9,False,-0.7654333114624023,,
final,535,syn_169,synthetic,self,10,False,-0.7654333114624023,,
final,535,syn_169,synthetic,self,11,False,-0.7654333114624023,,
final,535,syn_169,synthetic,self,12,False,-0.7654333114624023,,
final,535,syn_169,synthetic,self,13,False,-0.7654333114624023,,
final,535,syn_169,synthetic,self,14,False,-0.7654333114624023,,
final,535,syn_169,synthetic,self,15,False,-0.7654333114624023,,
final,535,syn_169,synthetic,self,16,False,-0.7654333114624023,,
final,535,syn_169,synthetic,self,17,False,-0.7654333114624023,,
final,535,syn_169,synthetic,self,18,False,-0.7654333114624023,,
final,535,syn_169,synthetic,self,19,False,-0.7654333114624023,,
final,535,syn_169,synthetic,self,20,False,-0.7654333114624023,,
final,535,syn_169,synthetic,self,21,False,-0.7654333114624023,,
final,535,syn_169,synthetic,self,22,False,-0.7654333114624023,,
final,535,syn_169,synthetic,self,23,False,-0.7654333114624023,,
final,535,syn_169,synthetic,self,24,False,-0.6633710861206055,,
final,535,syn_169,synthetic,self,-1,False,,,
final,535,syn_68,synthetic,self,0,False,-0.8535985946655273,,
final,535,syn_68,synthetic,self,1,False,-0.8535985946655273,,
final,535,syn_68,synthetic,self,2,False,-0.8535985946655273,,
final,535,syn_68,synthetic,self,3,False,-0.8535985946655273,,
final,535,syn_68,synthetic,self,4,False,-0.8535985946655273,,
final,535,syn_68,synthetic,self,5,False,-0.8535985946655273,,
final,535,syn_68,synthetic,self,6,False,-0.8535985946655273,,
final,535,syn_68,synthetic,self,7,False,-0.8535985946655273,,
final,535,syn_68,synthetic,self,8,False,-0.8535985946655273,,
final,535,syn_68,synthetic,self,9,False,-0.8535985946655273,,
final,535,syn_68,synthetic,self,10,False,-0.8535985946655273,,
final,535,syn_68,synthetic,self,11,False,-0.8535985946655273,,
final,535,syn_68,synthetic,self,12,False,-0.8535985946655273,,
final,535,syn_68,synthetic,self,13,False,-0.8535985946655273,,
final,535,syn_68,synthetic,self,14,False,-0.8535985946655273,,
final,535,syn_68,synthetic,self,15,False,-0.8535985946655273,,
final,535,syn_68,synthetic,self,16,False,-0.8535985946655273,,
final,535,syn_68,synthetic,self,17,False,-0.8535985946655273,,
final,535,syn_68,synthetic,self,18,False,-0.8535985946655273,,
final,535,syn_68,synthetic,self,19,False,-0.8535985946655273,,
final,535,syn_68,synthetic,self,20,False,-0.8535985946655273,,
final,535,syn_68,synthetic,self,21,False,-0.8535985946655273,,
final,535,syn_68,synthetic,self,22,False,-0.8535985946655273,,
final,535,syn_68,synthetic,self,23,False,-0.8535985946655273,,
final,535,syn_68,synthetic,self,24,False,-0.8653764724731445,,
final,535,syn_68,synthetic,self,-1,False,,,
final,535,syn_35,synthetic,self,0,False,-0.39576053619384766,,
final,535,syn_35,synthetic,self,1,False,-0.39576053619384766,,
final,535,syn_35,synthetic,self,2,False,-0.39576053619384766,,
final,535,syn_35,synthetic,self,3,False,-0.39576053619384766,,
final,535,syn_35,synthetic,self,4,False,-0.39576053619384766,,
final,535,syn_35,synthetic,self,5,False,-0.39576053619384766,,
final,535,syn_35,synthetic,self,6,False,-0.39576053619384766,,
final,535,syn_35,synthetic,self,7,False,-0.39576053619384766,,
final,535,syn_35,synthetic,self,8,False,-0.39576053619384766,,
final,535,syn_35,synthetic,self,9,False,-0.39576053619384766,,
final,535,syn_35,synthetic,self,10,False,-0.39576053619384766,,
final,535,syn_35,synthetic,self,11,False,-0.39576053619384766,,
final,535,syn_35,synthetic,self,12,False,-0.39576053619384766,,
final,535,syn_35,synthetic,self,13,False,-0.39576053619384766,,
final,535,syn_35,synthetic,self,14,False,-0.39576053619384766,,
final,535,syn_35,synthetic,self,15,False,-0.39576053619384766,,
final,535,syn_35,synthetic,self,16,False,-0.39576053619384766,,
final,535,syn_35,synthetic,self,17,False,-0.39576053619384766,,
final,535,syn_35,synthetic,self,18,False,-0.39576053619384766,,
final,535,syn_35,synthetic,self,19,False,-0.39576053619384766,,
final,535,syn_35,synthetic,self,20,False,-0.39576053619384766,,
final,535,syn_35,synthetic,self,21,False,-0.39576053619384766,,
final,535,syn_35,synthetic,self,22,False,-0.39576053619384766,,
final,535,syn_35,synthetic,self,23,False,-0.39576053619384766,,
final,535,syn_35,synthetic,self,24,False,0.07249641418457031,,
final,535,syn_35,synthetic,self,-1,False,,,24.0
final,535,syn_2,synthetic,self,0,False,5.470246315002441,,
final,535,syn_2,synthetic,self,1,False,5.470246315002441,,
final,535,syn_2,synthetic,self,2,False,5.470246315002441,,
final,535,syn_2,synthetic,self,3,False,5.470246315002441,,
final,535,syn_2,synthetic,self,4,False,5.470246315002441,,
final,535,syn_2,synthetic,self,5,False,5.470246315002441,,
final,535,syn_2,synthetic,self,6,False,5.470246315002441,,
final,535,syn_2,synthetic,self,7,False,5.470246315002441,,
final,535,syn_2,synthetic,self,8,False,5.470246315002441,,
final,535,syn_2,synthetic,self,9,False,5.470246315002441,,
final,535,syn_2,synthetic,self,10,False,5.470246315002441,,
final,535,syn_2,synthetic,self,11,False,5.470246315002441,,
final,535,syn_2,synthetic,self,12,False,5.470246315002441,,
final,535,syn_2,synthetic,self,13,False,5.470246315002441,,
final,535,syn_2,synthetic,self,14,False,5.470246315002441,,
final,535,syn_2,synthetic,self,15,False,5.470246315002441,,
final,535,syn_2,synthetic,self,16,False,5.470246315002441,,
final,535,syn_2,synthetic,self,17,False,5.470246315002441,,
final,535,syn_2,synthetic,self,18,False,5.470246315002441,,
final,535,syn_2,synthetic,self,19,False,5.470246315002441,,
final,535,syn_2,synthetic,self,20,False,5.470246315002441,,
final,535,syn_2,synthetic,self,21,False,5.470246315002441,,
final,535,syn_2,synthetic,self,22,False,5.470246315002441,,
final,535,syn_2,synthetic,self,23,False,5.470246315002441,,
final,535,syn_2,synthetic,self,24,False,5.632604598999023,,
final,535,syn_2,synthetic,self,-1,False,,,0.0
final,535,syn_37,synthetic,self,0,False,-1.5999078750610352,,
final,535,syn_37,synthetic,self,1,False,-1.5999078750610352,,
final,535,syn_37,synthetic,self,2,False,-1.5999078750610352,,
final,535,syn_37,synthetic,self,3,False,-1.5999078750610352,,
final,535,syn_37,synthetic,self,4,False,-1.5999078750610352,,
final,535,syn_37,synthetic,self,5,False,-1.5999078750610352,,
final,535,syn_37,synthetic,self,6,False,-1.5999078750610352,,
final,535,syn_37,synthetic,self,7,False,-1.5999078750610352,,
final,535,syn_37,synthetic,self,8,False,-1.5999078750610352,,
final,535,syn_37,synthetic,self,9,False,-1.5999078750610352,,
final,535,syn_37,synthetic,self,10,False,-1.5999078750610352,,
final,535,syn_37,synthetic,self,11,False,-1.5999078750610352,,
final,535,syn_37,synthetic,self,12,False,-1.5999078750610352,,
final,535,syn_37,synthetic,self,13,False,-1.5999078750610352,,
final,535,syn_37,synthetic,self,14,False,-1.5999078750610352,,
final,535,syn_37,synthetic,self,15,False,-1.5999078750610352,,
final,535,syn_37,synthetic,self,16,False,-1.5999078750610352,,
final,535,syn_37,synthetic,self,17,False,-1.5999078750610352,,
final,535,syn_37,synthetic,self,18,False,-1.5999078750610352,,
final,535,syn_37,synthetic,self,19,False,-1.5999078750610352,,
final,535,syn_37,synthetic,self,20,False,-1.5999078750610352,,
final,535,syn_37,synthetic,self,21,False,-1.5999078750610352,,
final,535,syn_37,synthetic,self,22,False,-1.5999078750610352,,
final,535,syn_37,synthetic,self,23,False,-1.5999078750610352,,
final,535,syn_37,synthetic,self,24,False,-1.69635009765625,,
final,535,syn_37,synthetic,self,-1,False,,,
final,535,syn_106,synthetic,self,0,False,-1.0542840957641602,,
final,535,syn_106,synthetic,self,1,False,-1.0542840957641602,,
final,535,syn_106,synthetic,self,2,False,-1.0542840957641602,,
final,535,syn_106,synthetic,self,3,False,-1.0542840957641602,,
final,535,syn_106,synthetic,self,4,False,-1.0542840957641602,,
final,535,syn_106,synthetic,self,5,False,-1.0542840957641602,,
final,535,syn_106,synthetic,self,6,False,-1.0542840957641602,,
final,535,syn_106,synthetic,self,7,False,-1.0542840957641602,,
final,535,syn_106,synthetic,self,8,False,-1.0542840957641602,,
final,535,syn_106,synthetic,self,9,False,-1.0542840957641602,,
final,535,syn_106,synthetic,self,10,False,-1.0542840957641602,,
final,535,syn_106,synthetic,self,11,False,-1.0542840957641602,,
final,535,syn_106,synthetic,self,12,False,-1.0542840957641602,,
final,535,syn_106,synthetic,self,13,False,-1.0542840957641602,,
final,535,syn_106,synthetic,self,14,False,-1.0542840957641602,,
final,535,syn_106,synthetic,self,15,False,-1.0542840957641602,,
final,535,syn_106,synthetic,self,16,False,-1.0542840957641602,,
final,535,syn_106,synthetic,self,17,False,-1.0542840957641602,,
final,535,syn_106,synthetic,self,18,False,-1.0542840957641602,,
final,535,syn_106,synthetic,self,19,False,-1.0542840957641602,,
final,535,syn_106,synthetic,self,20,False,-1.0542840957641602,,
final,535,syn_106,synthetic,self,21,False,-1.0542840957641602,,
final,535,syn_106,synthetic,self,22,False,-1.0542840957641602,,
final,535,syn_106,synthetic,self,23,False,-1.0542840957641602,,
final,535,syn_106,synthetic,self,24,False,-0.9662933349609375,,
final,535,syn_106,synthetic,self,-1,False,,,
final,535,syn_141,synthetic,self,0,False,-0.4210529327392578,,
final,535,syn_141,synthetic,self,1,False,-0.4210529327392578,,
final,535,syn_141,synthetic,self,2,False,-0.4210529327392578,,
final,535,syn_141,synthetic,self,3,False,-0.4210529327392578,,
final,535,syn_141,synthetic,self,4,False,-0.4210529327392578,,
final,535,syn_141,synthetic,self,5,False,-0.4210529327392578,,
final,535,syn_141,synthetic,self,6,False,-0.4210529327392578,,
final,535,syn_141,synthetic,self,7,False,-0.4210529327392578,,
final,535,syn_141,synthetic,self,8,False,-0.4210529327392578,,
final,535,syn_141,synthetic,self,9,False,-0.4210529327392578,,
final,535,syn_141,synthetic,self,10,False,-0.4210529327392578,,
final,535,syn_141,synthetic,self,11,False,-0.4210529327392578,,
final,535,syn_141,synthetic,self,12,False,-0.4210529327392578,,
final,535,syn_141,synthetic,self,13,False,-0.4210529327392578,,
final,535,syn_141,synthetic,self,14,False,-0.4210529327392578,,
final,535,syn_141,synthetic,self,15,False,-0.4210529327392578,,
final,535,syn_141,synthetic,self,16,False,-0.4210529327392578,,
final,535,syn_141,synthetic,self,17,False,-0.4210529327392578,,
final,535,syn_141,synthetic,self,18,False,-0.4210529327392578,,
final,535,syn_141,synthetic,self,19,False,-0.4210529327392578,,
final,535,syn_141,synthetic,self,20,False,-0.4210529327392578,,
final,535,syn_141,synthetic,self,21,False,-0.4210529327392578,,
final,535,syn_141,synthetic,self,22,False,-0.4210529327392578,,
final,535,syn_141,synthetic,self,23,False,-0.4210529327392578,,
final,535,syn_141,synthetic,self,24,False,-0.24371051788330078,,
final,535,syn_141,synthetic,self,-1,False,,,
final,535,syn_6,synthetic,self,0,False,-1.5368423461914062,,
final,535,syn_6,synthetic,self,1,False,-1.5368423461914062,,
final,535,syn_6,synthetic,self,2,False,-1.5368423461914062,,
final,535,syn_6,synthetic,self,3,False,-1.5368423461914062,,
final,535,syn_6,synthetic,self,4,False,-1.5368423461914062,,
final,535,syn_6,synthetic,self,5,False,-1.5368423461914062,,
final,535,syn_6,synthetic,self,6,False,-1.5368423461914062,,
final,535,syn_6,synthetic,self,7,False,-1.5368423461914062,,
final,535,syn_6,synthetic,self,8,False,-1.5368423461914062,,
final,535,syn_6,synthetic,self,9,False,-1.5368423461914062,,
final,535,syn_6,synthetic,self,10,False,-1.5368423461914062,,
final,535,syn_6,synthetic,self,11,False,-1.5368423461914062,,
final,535,syn_6,synthetic,self,12,False,-1.5368423461914062,,
final,535,syn_6,synthetic,self,13,False,-1.5368423461914062,,
final,535,syn_6,synthetic,self,14,False,-1.5368423461914062,,
final,535,syn_6,synthetic,self,15,False,-1.5368423461914062,,
final,535,syn_6,synthetic,self,16,False,-1.5368423461914062,,
final,535,syn_6,synthetic,self,17,False,-1.5368423461914062,,
final,535,syn_6,synthetic,self,18,False,-1.5368423461914062,,
final,535,syn_6,synthetic,self,19,False,-1.5368423461914062,,
final,535,syn_6,synthetic,self,20,False,-1.5368423461914062,,
final,535,syn_6,synthetic,self,21,False,-1.5368423461914062,,
final,535,syn_6,synthetic,self,22,False,-1.5368423461914062,,
final,535,syn_6,synthetic,self,23,False,-1.5368423461914062,,
final,535,syn_6,synthetic,self,24,False,-1.4409866333007812,,
final,535,syn_6,synthetic,self,-1,False,,,
final,535,syn_7,synthetic,self,0,False,-0.8631982803344727,,
final,535,syn_7,synthetic,self,1,False,-0.8631982803344727,,
final,535,syn_7,synthetic,self,2,False,-0.8631982803344727,,
final,535,syn_7,synthetic,self,3,False,-0.8631982803344727,,
final,535,syn_7,synthetic,self,4,False,-0.8631982803344727,,
final,535,syn_7,synthetic,self,5,False,-0.8631982803344727,,
final,535,syn_7,synthetic,self,6,False,-0.8631982803344727,,
final,535,syn_7,synthetic,self,7,False,-0.8631982803344727,,
final,535,syn_7,synthetic,self,8,False,-0.8631982803344727,,
final,535,syn_7,synthetic,self,9,False,-0.8631982803344727,,
final,535,syn_7,synthetic,self,10,False,-0.8631982803344727,,
final,535,syn_7,synthetic,self,11,False,-0.8631982803344727,,
final,535,syn_7,synthetic,self,12,False,-0.8631982803344727,,
final,535,syn_7,synthetic,self,13,False,-0.8631982803344727,,
final,535,syn_7,synthetic,self,14,False,-0.8631982803344727,,
final,535,syn_7,synthetic,self,15,False,-0.8631982803344727,,
final,535,syn_7,synthetic,self,16,False,-0.8631982803344727,,
final,535,syn_7,synthetic,self,17,False,-0.8631982803344727,,
final,535,syn_7,synthetic,self,18,False,-0.8631982803344727,,
final,535,syn_7,synthetic,self,19,False,-0.8631982803344727,,
final,535,syn_7,synthetic,self,20,False,-0.8631982803344727,,
final,535,syn_7,synthetic,self,21,False,-0.8631982803344727,,
final,535,syn_7,synthetic,self,22,False,-0.8631982803344727,,
final,535,syn_7,synthetic,self,23,False,-0.8631982803344727,,
final,535,syn_7,synthetic,self,24,False,-0.9937620162963867,,
final,535,syn_7,synthetic,self,-1,False,,,
final,535,syn_162,synthetic,mismatched,0,False,-1.870152473449707,,
final,535,syn_162,synthetic,mismatched,1,False,1.782212257385254,,
final,535,syn_162,synthetic,mismatched,2,False,1.9261455535888672,,
final,535,syn_162,synthetic,mismatched,3,False,1.8269281387329102,,
final,535,syn_162,synthetic,mismatched,4,False,2.098154067993164,,
final,535,syn_162,synthetic,mismatched,5,False,2.325594902038574,,
final,535,syn_162,synthetic,mismatched,6,False,2.597879409790039,,
final,535,syn_162,synthetic,mismatched,7,False,2.5186681747436523,,
final,535,syn_162,synthetic,mismatched,8,False,2.5320491790771484,,
final,535,syn_162,synthetic,mismatched,9,False,2.873988151550293,,
final,535,syn_162,synthetic,mismatched,10,False,2.849583625793457,,
final,535,syn_162,synthetic,mismatched,11,False,2.7375965118408203,,
final,535,syn_162,synthetic,mismatched,12,False,2.99627685546875,,
final,535,syn_162,synthetic,mismatched,13,False,2.9741954803466797,,
final,535,syn_162,synthetic,mismatched,14,False,3.230008125305176,,
final,535,syn_162,synthetic,mismatched,15,False,3.508512496948242,,
final,535,syn_162,synthetic,mismatched,16,False,4.490710258483887,,
final,535,syn_162,synthetic,mismatched,17,False,4.14695930480957,,
final,535,syn_162,synthetic,mismatched,18,False,3.8214855194091797,,
final,535,syn_162,synthetic,mismatched,19,False,4.55876350402832,,
final,535,syn_162,synthetic,mismatched,20,False,5.90139627456665,,
final,535,syn_162,synthetic,mismatched,21,False,6.360379219055176,,
final,535,syn_162,synthetic,mismatched,22,False,6.806440830230713,,
final,535,syn_162,synthetic,mismatched,23,False,7.218724250793457,,
final,535,syn_162,synthetic,mismatched,24,False,5.995491027832031,,
final,535,syn_162,synthetic,mismatched,-1,False,,,1.0
final,535,syn_197,synthetic,mismatched,0,False,0.9904985427856445,,
final,535,syn_197,synthetic,mismatched,1,False,-2.311581611633301,,
final,535,syn_197,synthetic,mismatched,2,False,-2.142453670501709,,
final,535,syn_197,synthetic,mismatched,3,False,-2.016450881958008,,
final,535,syn_197,synthetic,mismatched,4,False,-1.945587158203125,,
final,535,syn_197,synthetic,mismatched,5,False,-1.8875536918640137,,
final,535,syn_197,synthetic,mismatched,6,False,-1.821023941040039,,
final,535,syn_197,synthetic,mismatched,7,False,-1.94608736038208,,
final,535,syn_197,synthetic,mismatched,8,False,-2.0216312408447266,,
final,535,syn_197,synthetic,mismatched,9,False,-2.2771220207214355,,
final,535,syn_197,synthetic,mismatched,10,False,-2.401674270629883,,
final,535,syn_197,synthetic,mismatched,11,False,-2.7598671913146973,,
final,535,syn_197,synthetic,mismatched,12,False,-2.954773426055908,,
final,535,syn_197,synthetic,mismatched,13,False,-3.142908811569214,,
final,535,syn_197,synthetic,mismatched,14,False,-3.374433994293213,,
final,535,syn_197,synthetic,mismatched,15,False,-3.3394057750701904,,
final,535,syn_197,synthetic,mismatched,16,False,-3.7483181953430176,,
final,535,syn_197,synthetic,mismatched,17,False,-4.377690315246582,,
final,535,syn_197,synthetic,mismatched,18,False,-4.6449503898620605,,
final,535,syn_197,synthetic,mismatched,19,False,-5.0800461769104,,
final,535,syn_197,synthetic,mismatched,20,False,-4.248473167419434,,
final,535,syn_197,synthetic,mismatched,21,False,-4.853357791900635,,
final,535,syn_197,synthetic,mismatched,22,False,-6.364705562591553,,
final,535,syn_197,synthetic,mismatched,23,False,-5.659945487976074,,
final,535,syn_197,synthetic,mismatched,24,False,-5.017548084259033,,
final,535,syn_197,synthetic,mismatched,-1,False,,,0.0
final,535,syn_164,synthetic,mismatched,0,False,-0.8222827911376953,,
final,535,syn_164,synthetic,mismatched,1,False,0.8881759643554688,,
final,535,syn_164,synthetic,mismatched,2,False,0.8706727027893066,,
final,535,syn_164,synthetic,mismatched,3,False,0.8452425003051758,,
final,535,syn_164,synthetic,mismatched,4,False,0.8361363410949707,,
final,535,syn_164,synthetic,mismatched,5,False,0.9283013343811035,,
final,535,syn_164,synthetic,mismatched,6,False,1.0655078887939453,,
final,535,syn_164,synthetic,mismatched,7,False,0.9599905014038086,,
final,535,syn_164,synthetic,mismatched,8,False,0.8563199043273926,,
final,535,syn_164,synthetic,mismatched,9,False,0.7267131805419922,,
final,535,syn_164,synthetic,mismatched,10,False,0.6485233306884766,,
final,535,syn_164,synthetic,mismatched,11,False,0.47692108154296875,,
final,535,syn_164,synthetic,mismatched,12,False,0.42363643646240234,,
final,535,syn_164,synthetic,mismatched,13,False,0.08463573455810547,,
final,535,syn_164,synthetic,mismatched,14,False,-0.0067138671875,,
final,535,syn_164,synthetic,mismatched,15,False,-0.2989463806152344,,
final,535,syn_164,synthetic,mismatched,16,False,-0.07051420211791992,,
final,535,syn_164,synthetic,mismatched,17,False,-0.09121513366699219,,
final,535,syn_164,synthetic,mismatched,18,False,-0.2335195541381836,,
final,535,syn_164,synthetic,mismatched,19,False,-0.4672245979309082,,
final,535,syn_164,synthetic,mismatched,20,False,-0.10350704193115234,,
final,535,syn_164,synthetic,mismatched,21,False,-0.14187335968017578,,
final,535,syn_164,synthetic,mismatched,22,False,-0.7066731452941895,,
final,535,syn_164,synthetic,mismatched,23,False,-0.9936823844909668,,
final,535,syn_164,synthetic,mismatched,24,False,-1.3718318939208984,,
final,535,syn_164,synthetic,mismatched,-1,False,,,1.0
final,535,syn_165,synthetic,mismatched,0,False,2.0109424591064453,,
final,535,syn_165,synthetic,mismatched,1,False,-2.6414804458618164,,
final,535,syn_165,synthetic,mismatched,2,False,-2.4312143325805664,,
final,535,syn_165,synthetic,mismatched,3,False,-2.3030014038085938,,
final,535,syn_165,synthetic,mismatched,4,False,-2.0816802978515625,,
final,535,syn_165,synthetic,mismatched,5,False,-1.872772216796875,,
final,535,syn_165,synthetic,mismatched,6,False,-1.9455900192260742,,
final,535,syn_165,synthetic,mismatched,7,False,-1.839536190032959,,
final,535,syn_165,synthetic,mismatched,8,False,-1.5930876731872559,,
final,535,syn_165,synthetic,mismatched,9,False,-1.3356947898864746,,
final,535,syn_165,synthetic,mismatched,10,False,-1.0071725845336914,,
final,535,syn_165,synthetic,mismatched,11,False,-0.8619389533996582,,
final,535,syn_165,synthetic,mismatched,12,False,-0.10367727279663086,,
final,535,syn_165,synthetic,mismatched,13,False,0.5330290794372559,,
final,535,syn_165,synthetic,mismatched,14,False,0.668449878692627,,
final,535,syn_165,synthetic,mismatched,15,False,1.3288512229919434,,
final,535,syn_165,synthetic,mismatched,16,False,1.4635703563690186,,
final,535,syn_165,synthetic,mismatched,17,False,0.5720858573913574,,
final,535,syn_165,synthetic,mismatched,18,False,0.42829322814941406,,
final,535,syn_165,synthetic,mismatched,19,False,0.6519515514373779,,
final,535,syn_165,synthetic,mismatched,20,False,-1.358180284500122,,
final,535,syn_165,synthetic,mismatched,21,False,-0.9067111015319824,,
final,535,syn_165,synthetic,mismatched,22,False,0.6540666818618774,,
final,535,syn_165,synthetic,mismatched,23,False,1.253133773803711,,
final,535,syn_165,synthetic,mismatched,24,False,2.360304594039917,,
final,535,syn_165,synthetic,mismatched,-1,False,,,0.0
final,535,syn_166,synthetic,mismatched,0,False,2.153717041015625,,
final,535,syn_166,synthetic,mismatched,1,False,-0.4470224380493164,,
final,535,syn_166,synthetic,mismatched,2,False,-0.4846000671386719,,
final,535,syn_166,synthetic,mismatched,3,False,-0.7562570571899414,,
final,535,syn_166,synthetic,mismatched,4,False,-0.8453435897827148,,
final,535,syn_166,synthetic,mismatched,5,False,-0.8541784286499023,,
final,535,syn_166,synthetic,mismatched,6,False,-0.9625825881958008,,
final,535,syn_166,synthetic,mismatched,7,False,-1.3349080085754395,,
final,535,syn_166,synthetic,mismatched,8,False,-1.570244312286377,,
final,535,syn_166,synthetic,mismatched,9,False,-2.227470874786377,,
final,535,syn_166,synthetic,mismatched,10,False,-2.6773486137390137,,
final,535,syn_166,synthetic,mismatched,11,False,-2.5822997093200684,,
final,535,syn_166,synthetic,mismatched,12,False,-2.490260601043701,,
final,535,syn_166,synthetic,mismatched,13,False,-2.954390048980713,,
final,535,syn_166,synthetic,mismatched,14,False,-3.2165274620056152,,
final,535,syn_166,synthetic,mismatched,15,False,-2.8636796474456787,,
final,535,syn_166,synthetic,mismatched,16,False,-3.1973209381103516,,
final,535,syn_166,synthetic,mismatched,17,False,-4.501957893371582,,
final,535,syn_166,synthetic,mismatched,18,False,-4.506119251251221,,
final,535,syn_166,synthetic,mismatched,19,False,-4.72832727432251,,
final,535,syn_166,synthetic,mismatched,20,False,-4.235746383666992,,
final,535,syn_166,synthetic,mismatched,21,False,-3.251782178878784,,
final,535,syn_166,synthetic,mismatched,22,False,-3.402771234512329,,
final,535,syn_166,synthetic,mismatched,23,False,-2.8555171489715576,,
final,535,syn_166,synthetic,mismatched,24,False,-2.3103408813476562,,
final,535,syn_166,synthetic,mismatched,-1,False,,,0.0
final,535,syn_31,synthetic,mismatched,0,False,-0.022253036499023438,,
final,535,syn_31,synthetic,mismatched,1,False,-0.8272886276245117,,
final,535,syn_31,synthetic,mismatched,2,False,-0.7002124786376953,,
final,535,syn_31,synthetic,mismatched,3,False,-0.6808319091796875,,
final,535,syn_31,synthetic,mismatched,4,False,-0.657465934753418,,
final,535,syn_31,synthetic,mismatched,5,False,-0.6256628036499023,,
final,535,syn_31,synthetic,mismatched,6,False,-0.5022068023681641,,
final,535,syn_31,synthetic,mismatched,7,False,-0.3306102752685547,,
final,535,syn_31,synthetic,mismatched,8,False,-0.17092227935791016,,
final,535,syn_31,synthetic,mismatched,9,False,0.05378532409667969,,
final,535,syn_31,synthetic,mismatched,10,False,0.19891738891601562,,
final,535,syn_31,synthetic,mismatched,11,False,0.24111557006835938,,
final,535,syn_31,synthetic,mismatched,12,False,0.30010318756103516,,
final,535,syn_31,synthetic,mismatched,13,False,0.5872678756713867,,
final,535,syn_31,synthetic,mismatched,14,False,0.6940431594848633,,
final,535,syn_31,synthetic,mismatched,15,False,0.6050481796264648,,
final,535,syn_31,synthetic,mismatched,16,False,0.6288242340087891,,
final,535,syn_31,synthetic,mismatched,17,False,0.386199951171875,,
final,535,syn_31,synthetic,mismatched,18,False,-0.07010555267333984,,
final,535,syn_31,synthetic,mismatched,19,False,-0.48059606552124023,,
final,535,syn_31,synthetic,mismatched,20,False,-0.5748825073242188,,
final,535,syn_31,synthetic,mismatched,21,False,-0.5426797866821289,,
final,535,syn_31,synthetic,mismatched,22,False,-0.5692238807678223,,
final,535,syn_31,synthetic,mismatched,23,False,-0.6285943984985352,,
final,535,syn_31,synthetic,mismatched,24,False,-1.7532539367675781,,
final,535,syn_31,synthetic,mismatched,-1,False,,,9.0
final,535,syn_32,synthetic,mismatched,0,False,-3.4997634887695312,,
final,535,syn_32,synthetic,mismatched,1,False,-4.035442352294922,,
final,535,syn_32,synthetic,mismatched,2,False,-4.277932167053223,,
final,535,syn_32,synthetic,mismatched,3,False,-4.288267135620117,,
final,535,syn_32,synthetic,mismatched,4,False,-4.371626853942871,,
final,535,syn_32,synthetic,mismatched,5,False,-4.460700988769531,,
final,535,syn_32,synthetic,mismatched,6,False,-4.499927520751953,,
final,535,syn_32,synthetic,mismatched,7,False,-4.424727439880371,,
final,535,syn_32,synthetic,mismatched,8,False,-4.175156593322754,,
final,535,syn_32,synthetic,mismatched,9,False,-4.222101211547852,,
final,535,syn_32,synthetic,mismatched,10,False,-3.9723434448242188,,
final,535,syn_32,synthetic,mismatched,11,False,-3.6028528213500977,,
final,535,syn_32,synthetic,mismatched,12,False,-3.585865020751953,,
final,535,syn_32,synthetic,mismatched,13,False,-3.730836868286133,,
final,535,syn_32,synthetic,mismatched,14,False,-3.718473434448242,,
final,535,syn_32,synthetic,mismatched,15,False,-4.068326950073242,,
final,535,syn_32,synthetic,mismatched,16,False,-4.323725700378418,,
final,535,syn_32,synthetic,mismatched,17,False,-4.344216823577881,,
final,535,syn_32,synthetic,mismatched,18,False,-3.632326126098633,,
final,535,syn_32,synthetic,mismatched,19,False,-2.9133615493774414,,
final,535,syn_32,synthetic,mismatched,20,False,-3.3903732299804688,,
final,535,syn_32,synthetic,mismatched,21,False,-3.082714557647705,,
final,535,syn_32,synthetic,mismatched,22,False,-3.96696138381958,,
final,535,syn_32,synthetic,mismatched,23,False,-3.9837875366210938,,
final,535,syn_32,synthetic,mismatched,24,False,-3.3123602867126465,,
final,535,syn_32,synthetic,mismatched,-1,False,,,
final,535,syn_169,synthetic,mismatched,0,False,-0.7654333114624023,,
final,535,syn_169,synthetic,mismatched,1,False,-0.7257299423217773,,
final,535,syn_169,synthetic,mismatched,2,False,-1.2836971282958984,,
final,535,syn_169,synthetic,mismatched,3,False,-1.4127378463745117,,
final,535,syn_169,synthetic,mismatched,4,False,-1.203207015991211,,
final,535,syn_169,synthetic,mismatched,5,False,-1.0783615112304688,,
final,535,syn_169,synthetic,mismatched,6,False,-1.3889837265014648,,
final,535,syn_169,synthetic,mismatched,7,False,-1.1761760711669922,,
final,535,syn_169,synthetic,mismatched,8,False,-0.8272819519042969,,
final,535,syn_169,synthetic,mismatched,9,False,-0.7934503555297852,,
final,535,syn_169,synthetic,mismatched,10,False,-0.7436800003051758,,
final,535,syn_169,synthetic,mismatched,11,False,-0.6422309875488281,,
final,535,syn_169,synthetic,mismatched,12,False,-0.9132938385009766,,
final,535,syn_169,synthetic,mismatched,13,False,-1.5582361221313477,,
final,535,syn_169,synthetic,mismatched,14,False,-1.5611095428466797,,
final,535,syn_169,synthetic,mismatched,15,False,-1.8100805282592773,,
final,535,syn_169,synthetic,mismatched,16,False,-2.658571243286133,,
final,535,syn_169,synthetic,mismatched,17,False,-2.7745165824890137,,
final,535,syn_169,synthetic,mismatched,18,False,-2.6691203117370605,,
final,535,syn_169,synthetic,mismatched,19,False,-3.0494980812072754,,
final,535,syn_169,synthetic,mismatched,20,False,-3.604376792907715,,
final,535,syn_169,synthetic,mismatched,21,False,-2.7992515563964844,,
final,535,syn_169,synthetic,mismatched,22,False,-0.9218301773071289,,
final,535,syn_169,synthetic,mismatched,23,False,-0.4050774574279785,,
final,535,syn_169,synthetic,mismatched,24,False,-0.2104177474975586,,
final,535,syn_169,synthetic,mismatched,-1,False,,,
final,535,syn_68,synthetic,mismatched,0,False,-0.8535985946655273,,
final,535,syn_68,synthetic,mismatched,1,False,-5.098118782043457,,
final,535,syn_68,synthetic,mismatched,2,False,-4.749401092529297,,
final,535,syn_68,synthetic,mismatched,3,False,-5.00906229019165,,
final,535,syn_68,synthetic,mismatched,4,False,-4.92168664932251,,
final,535,syn_68,synthetic,mismatched,5,False,-5.002921104431152,,
final,535,syn_68,synthetic,mismatched,6,False,-5.5164289474487305,,
final,535,syn_68,synthetic,mismatched,7,False,-5.596434593200684,,
final,535,syn_68,synthetic,mismatched,8,False,-5.076042175292969,,
final,535,syn_68,synthetic,mismatched,9,False,-5.405340194702148,,
final,535,syn_68,synthetic,mismatched,10,False,-6.2708892822265625,,
final,535,syn_68,synthetic,mismatched,11,False,-6.778078556060791,,
final,535,syn_68,synthetic,mismatched,12,False,-6.856607913970947,,
final,535,syn_68,synthetic,mismatched,13,False,-6.647858619689941,,
final,535,syn_68,synthetic,mismatched,14,False,-6.490559101104736,,
final,535,syn_68,synthetic,mismatched,15,False,-5.707747936248779,,
final,535,syn_68,synthetic,mismatched,16,False,-4.469991683959961,,
final,535,syn_68,synthetic,mismatched,17,False,-4.148696422576904,,
final,535,syn_68,synthetic,mismatched,18,False,-3.0072264671325684,,
final,535,syn_68,synthetic,mismatched,19,False,-5.56299352645874,,
final,535,syn_68,synthetic,mismatched,20,False,-4.8854475021362305,,
final,535,syn_68,synthetic,mismatched,21,False,-5.984231948852539,,
final,535,syn_68,synthetic,mismatched,22,False,-5.2421956062316895,,
final,535,syn_68,synthetic,mismatched,23,False,-5.2991790771484375,,
final,535,syn_68,synthetic,mismatched,24,False,-5.7449445724487305,,
final,535,syn_68,synthetic,mismatched,-1,False,,,
final,535,syn_35,synthetic,mismatched,0,False,-0.39576053619384766,,
final,535,syn_35,synthetic,mismatched,1,False,1.2669458389282227,,
final,535,syn_35,synthetic,mismatched,2,False,1.2561149597167969,,
final,535,syn_35,synthetic,mismatched,3,False,1.2085294723510742,,
final,535,syn_35,synthetic,mismatched,4,False,1.0952672958374023,,
final,535,syn_35,synthetic,mismatched,5,False,1.1418676376342773,,
final,535,syn_35,synthetic,mismatched,6,False,1.2853269577026367,,
final,535,syn_35,synthetic,mismatched,7,False,1.3997831344604492,,
final,535,syn_35,synthetic,mismatched,8,False,1.5604743957519531,,
final,535,syn_35,synthetic,mismatched,9,False,1.7413110733032227,,
final,535,syn_35,synthetic,mismatched,10,False,1.8272371292114258,,
final,535,syn_35,synthetic,mismatched,11,False,1.9649429321289062,,
final,535,syn_35,synthetic,mismatched,12,False,2.0960493087768555,,
final,535,syn_35,synthetic,mismatched,13,False,1.7643699645996094,,
final,535,syn_35,synthetic,mismatched,14,False,1.796584129333496,,
final,535,syn_35,synthetic,mismatched,15,False,1.7740793228149414,,
final,535,syn_35,synthetic,mismatched,16,False,1.7175579071044922,,
final,535,syn_35,synthetic,mismatched,17,False,1.708181381225586,,
final,535,syn_35,synthetic,mismatched,18,False,1.227696418762207,,
final,535,syn_35,synthetic,mismatched,19,False,1.7687387466430664,,
final,535,syn_35,synthetic,mismatched,20,False,1.36676025390625,,
final,535,syn_35,synthetic,mismatched,21,False,1.9968671798706055,,
final,535,syn_35,synthetic,mismatched,22,False,2.0264554023742676,,
final,535,syn_35,synthetic,mismatched,23,False,1.6335458755493164,,
final,535,syn_35,synthetic,mismatched,24,False,1.7054643630981445,,
final,535,syn_35,synthetic,mismatched,-1,False,,,1.0
final,535,syn_2,synthetic,mismatched,0,False,5.470246315002441,,
final,535,syn_2,synthetic,mismatched,1,False,-1.361867904663086,,
final,535,syn_2,synthetic,mismatched,2,False,-1.4269685745239258,,
final,535,syn_2,synthetic,mismatched,3,False,-1.4003515243530273,,
final,535,syn_2,synthetic,mismatched,4,False,-1.2363786697387695,,
final,535,syn_2,synthetic,mismatched,5,False,-1.0140657424926758,,
final,535,syn_2,synthetic,mismatched,6,False,-0.9758625030517578,,
final,535,syn_2,synthetic,mismatched,7,False,-1.3095426559448242,,
final,535,syn_2,synthetic,mismatched,8,False,-1.3120336532592773,,
final,535,syn_2,synthetic,mismatched,9,False,-1.286651611328125,,
final,535,syn_2,synthetic,mismatched,10,False,-1.3900041580200195,,
final,535,syn_2,synthetic,mismatched,11,False,-1.7826614379882812,,
final,535,syn_2,synthetic,mismatched,12,False,-2.0136919021606445,,
final,535,syn_2,synthetic,mismatched,13,False,-1.5605754852294922,,
final,535,syn_2,synthetic,mismatched,14,False,-1.2885017395019531,,
final,535,syn_2,synthetic,mismatched,15,False,-1.5926475524902344,,
final,535,syn_2,synthetic,mismatched,16,False,-1.268437385559082,,
final,535,syn_2,synthetic,mismatched,17,False,-1.1443357467651367,,
final,535,syn_2,synthetic,mismatched,18,False,-1.1831626892089844,,
final,535,syn_2,synthetic,mismatched,19,False,-1.293217658996582,,
final,535,syn_2,synthetic,mismatched,20,False,-1.4745616912841797,,
final,535,syn_2,synthetic,mismatched,21,False,-1.8082094192504883,,
final,535,syn_2,synthetic,mismatched,22,False,-1.3983049392700195,,
final,535,syn_2,synthetic,mismatched,23,False,-1.861861228942871,,
final,535,syn_2,synthetic,mismatched,24,False,-2.5619802474975586,,
final,535,syn_2,synthetic,mismatched,-1,False,,,0.0
final,535,syn_37,synthetic,mismatched,0,False,-1.5999078750610352,,
final,535,syn_37,synthetic,mismatched,1,False,-0.7822332382202148,,
final,535,syn_37,synthetic,mismatched,2,False,-0.7769746780395508,,
final,535,syn_37,synthetic,mismatched,3,False,-0.8751754760742188,,
final,535,syn_37,synthetic,mismatched,4,False,-1.0239267349243164,,
final,535,syn_37,synthetic,mismatched,5,False,-1.0426054000854492,,
final,535,syn_37,synthetic,mismatched,6,False,-0.8862619400024414,,
final,535,syn_37,synthetic,mismatched,7,False,-0.9466409683227539,,
final,535,syn_37,synthetic,mismatched,8,False,-1.0280876159667969,,
final,535,syn_37,synthetic,mismatched,9,False,-0.9386730194091797,,
final,535,syn_37,synthetic,mismatched,10,False,-0.6826553344726562,,
final,535,syn_37,synthetic,mismatched,11,False,-0.7407321929931641,,
final,535,syn_37,synthetic,mismatched,12,False,-0.2406768798828125,,
final,535,syn_37,synthetic,mismatched,13,False,0.3801689147949219,,
final,535,syn_37,synthetic,mismatched,14,False,0.44310474395751953,,
final,535,syn_37,synthetic,mismatched,15,False,0.3666849136352539,,
final,535,syn_37,synthetic,mismatched,16,False,-0.2704181671142578,,
final,535,syn_37,synthetic,mismatched,17,False,-0.8398475646972656,,
final,535,syn_37,synthetic,mismatched,18,False,-1.8412981033325195,,
final,535,syn_37,synthetic,mismatched,19,False,-2.69301700592041,,
final,535,syn_37,synthetic,mismatched,20,False,-2.1671552658081055,,
final,535,syn_37,synthetic,mismatched,21,False,-2.4935150146484375,,
final,535,syn_37,synthetic,mismatched,22,False,-2.813410758972168,,
final,535,syn_37,synthetic,mismatched,23,False,-2.5795669555664062,,
final,535,syn_37,synthetic,mismatched,24,False,-1.454258918762207,,
final,535,syn_37,synthetic,mismatched,-1,False,,,13.0
final,535,syn_6,synthetic,mismatched,0,False,-1.5368423461914062,,
final,535,syn_6,synthetic,mismatched,1,False,-0.2673673629760742,,
final,535,syn_6,synthetic,mismatched,2,False,-0.4920215606689453,,
final,535,syn_6,synthetic,mismatched,3,False,-0.38266849517822266,,
final,535,syn_6,synthetic,mismatched,4,False,-0.3952007293701172,,
final,535,syn_6,synthetic,mismatched,5,False,-0.5194616317749023,,
final,535,syn_6,synthetic,mismatched,6,False,-0.642878532409668,,
final,535,syn_6,synthetic,mismatched,7,False,-0.4571552276611328,,
final,535,syn_6,synthetic,mismatched,8,False,-0.2810497283935547,,
final,535,syn_6,synthetic,mismatched,9,False,-0.35938358306884766,,
final,535,syn_6,synthetic,mismatched,10,False,-0.3931093215942383,,
final,535,syn_6,synthetic,mismatched,11,False,-0.48151493072509766,,
final,535,syn_6,synthetic,mismatched,12,False,-0.6702680587768555,,
final,535,syn_6,synthetic,mismatched,13,False,-1.3253488540649414,,
final,535,syn_6,synthetic,mismatched,14,False,-1.4918022155761719,,
final,535,syn_6,synthetic,mismatched,15,False,-1.5837645530700684,,
final,535,syn_6,synthetic,mismatched,16,False,-1.606893539428711,,
final,535,syn_6,synthetic,mismatched,17,False,-1.83842134475708,,
final,535,syn_6,synthetic,mismatched,18,False,-1.7690324783325195,,
final,535,syn_6,synthetic,mismatched,19,False,-1.7385025024414062,,
final,535,syn_6,synthetic,mismatched,20,False,-1.282665729522705,,
final,535,syn_6,synthetic,mismatched,21,False,-0.9881715774536133,,
final,535,syn_6,synthetic,mismatched,22,False,-0.9185099601745605,,
final,535,syn_6,synthetic,mismatched,23,False,-1.2683863639831543,,
final,535,syn_6,synthetic,mismatched,24,False,-0.44675397872924805,,
final,535,syn_6,synthetic,mismatched,-1,False,,,
final,535,syn_178,synthetic,self,0,False,-2.8008956909179688,,
final,535,syn_178,synthetic,self,1,False,-2.8008956909179688,,
final,535,syn_178,synthetic,self,2,False,-2.8008956909179688,,
final,535,syn_178,synthetic,self,3,False,-2.8008956909179688,,
final,535,syn_178,synthetic,self,4,False,-2.8008956909179688,,
final,535,syn_178,synthetic,self,5,False,-2.8008956909179688,,
final,535,syn_178,synthetic,self,6,False,-2.8008956909179688,,
final,535,syn_178,synthetic,self,7,False,-2.8008956909179688,,
final,535,syn_178,synthetic,self,8,False,-2.8008956909179688,,
final,535,syn_178,synthetic,self,9,False,-2.8008956909179688,,
final,535,syn_178,synthetic,self,10,False,-2.8008956909179688,,
final,535,syn_178,synthetic,self,11,False,-2.8008956909179688,,
final,535,syn_178,synthetic,self,12,False,-2.8008956909179688,,
final,535,syn_178,synthetic,self,13,False,-2.8008956909179688,,
final,535,syn_178,synthetic,self,14,False,-2.8008956909179688,,
final,535,syn_178,synthetic,self,15,False,-2.8008956909179688,,
final,535,syn_178,synthetic,self,16,False,-2.8008956909179688,,
final,535,syn_178,synthetic,self,17,False,-2.8008956909179688,,
final,535,syn_178,synthetic,self,18,False,-2.8008956909179688,,
final,535,syn_178,synthetic,self,19,False,-2.8008956909179688,,
final,535,syn_178,synthetic,self,20,False,-2.8008956909179688,,
final,535,syn_178,synthetic,self,21,False,-2.8008956909179688,,
final,535,syn_178,synthetic,self,22,False,-2.8008956909179688,,
final,535,syn_178,synthetic,self,23,False,-2.8008956909179688,,
final,535,syn_178,synthetic,self,24,False,-3.014832019805908,,
final,535,syn_178,synthetic,self,-1,False,,,
final,535,syn_77,synthetic,self,0,False,-3.935296058654785,,
final,535,syn_77,synthetic,self,1,False,-3.935296058654785,,
final,535,syn_77,synthetic,self,2,False,-3.935296058654785,,
final,535,syn_77,synthetic,self,3,False,-3.935296058654785,,
final,535,syn_77,synthetic,self,4,False,-3.935296058654785,,
final,535,syn_77,synthetic,self,5,False,-3.935296058654785,,
final,535,syn_77,synthetic,self,6,False,-3.935296058654785,,
final,535,syn_77,synthetic,self,7,False,-3.935296058654785,,
final,535,syn_77,synthetic,self,8,False,-3.935296058654785,,
final,535,syn_77,synthetic,self,9,False,-3.935296058654785,,
final,535,syn_77,synthetic,self,10,False,-3.935296058654785,,
final,535,syn_77,synthetic,self,11,False,-3.935296058654785,,
final,535,syn_77,synthetic,self,12,False,-3.935296058654785,,
final,535,syn_77,synthetic,self,13,False,-3.935296058654785,,
final,535,syn_77,synthetic,self,14,False,-3.935296058654785,,
final,535,syn_77,synthetic,self,15,False,-3.935296058654785,,
final,535,syn_77,synthetic,self,16,False,-3.935296058654785,,
final,535,syn_77,synthetic,self,17,False,-3.935296058654785,,
final,535,syn_77,synthetic,self,18,False,-3.935296058654785,,
final,535,syn_77,synthetic,self,19,False,-3.935296058654785,,
final,535,syn_77,synthetic,self,20,False,-3.935296058654785,,
final,535,syn_77,synthetic,self,21,False,-3.935296058654785,,
final,535,syn_77,synthetic,self,22,False,-3.935296058654785,,
final,535,syn_77,synthetic,self,23,False,-3.935296058654785,,
final,535,syn_77,synthetic,self,24,False,-4.528634071350098,,
final,535,syn_77,synthetic,self,-1,False,,,
final,535,syn_78,synthetic,self,0,False,-0.2565937042236328,,
final,535,syn_78,synthetic,self,1,False,-0.2565937042236328,,
final,535,syn_78,synthetic,self,2,False,-0.2565937042236328,,
final,535,syn_78,synthetic,self,3,False,-0.2565937042236328,,
final,535,syn_78,synthetic,self,4,False,-0.2565937042236328,,
final,535,syn_78,synthetic,self,5,False,-0.2565937042236328,,
final,535,syn_78,synthetic,self,6,False,-0.2565937042236328,,
final,535,syn_78,synthetic,self,7,False,-0.2565937042236328,,
final,535,syn_78,synthetic,self,8,False,-0.2565937042236328,,
final,535,syn_78,synthetic,self,9,False,-0.2565937042236328,,
final,535,syn_78,synthetic,self,10,False,-0.2565937042236328,,
final,535,syn_78,synthetic,self,11,False,-0.2565937042236328,,
final,535,syn_78,synthetic,self,12,False,-0.2565937042236328,,
final,535,syn_78,synthetic,self,13,False,-0.2565937042236328,,
final,535,syn_78,synthetic,self,14,False,-0.2565937042236328,,
final,535,syn_78,synthetic,self,15,False,-0.2565937042236328,,
final,535,syn_78,synthetic,self,16,False,-0.2565937042236328,,
final,535,syn_78,synthetic,self,17,False,-0.2565937042236328,,
final,535,syn_78,synthetic,self,18,False,-0.2565937042236328,,
final,535,syn_78,synthetic,self,19,False,-0.2565937042236328,,
final,535,syn_78,synthetic,self,20,False,-0.2565937042236328,,
final,535,syn_78,synthetic,self,21,False,-0.2565937042236328,,
final,535,syn_78,synthetic,self,22,False,-0.2565937042236328,,
final,535,syn_78,synthetic,self,23,False,-0.2565937042236328,,
final,535,syn_78,synthetic,self,24,False,0.015530586242675781,,
final,535,syn_78,synthetic,self,-1,False,,,24.0
final,535,syn_79,synthetic,self,0,False,-1.8146247863769531,,
final,535,syn_79,synthetic,self,1,False,-1.8146247863769531,,
final,535,syn_79,synthetic,self,2,False,-1.8146247863769531,,
final,535,syn_79,synthetic,self,3,False,-1.8146247863769531,,
final,535,syn_79,synthetic,self,4,False,-1.8146247863769531,,
final,535,syn_79,synthetic,self,5,False,-1.8146247863769531,,
final,535,syn_79,synthetic,self,6,False,-1.8146247863769531,,
final,535,syn_79,synthetic,self,7,False,-1.8146247863769531,,
final,535,syn_79,synthetic,self,8,False,-1.8146247863769531,,
final,535,syn_79,synthetic,self,9,False,-1.8146247863769531,,
final,535,syn_79,synthetic,self,10,False,-1.8146247863769531,,
final,535,syn_79,synthetic,self,11,False,-1.8146247863769531,,
final,535,syn_79,synthetic,self,12,False,-1.8146247863769531,,
final,535,syn_79,synthetic,self,13,False,-1.8146247863769531,,
final,535,syn_79,synthetic,self,14,False,-1.8146247863769531,,
final,535,syn_79,synthetic,self,15,False,-1.8146247863769531,,
final,535,syn_79,synthetic,self,16,False,-1.8146247863769531,,
final,535,syn_79,synthetic,self,17,False,-1.8146247863769531,,
final,535,syn_79,synthetic,self,18,False,-1.8146247863769531,,
final,535,syn_79,synthetic,self,19,False,-1.8146247863769531,,
final,535,syn_79,synthetic,self,20,False,-1.8146247863769531,,
final,535,syn_79,synthetic,self,21,False,-1.8146247863769531,,
final,535,syn_79,synthetic,self,22,False,-1.8146247863769531,,
final,535,syn_79,synthetic,self,23,False,-1.8146247863769531,,
final,535,syn_79,synthetic,self,24,False,-1.557927131652832,,
final,535,syn_79,synthetic,self,-1,False,,,
final,535,syn_46,synthetic,self,0,False,-0.5353422164916992,,
final,535,syn_46,synthetic,self,1,False,-0.5353422164916992,,
final,535,syn_46,synthetic,self,2,False,-0.5353422164916992,,
final,535,syn_46,synthetic,self,3,False,-0.5353422164916992,,
final,535,syn_46,synthetic,self,4,False,-0.5353422164916992,,
final,535,syn_46,synthetic,self,5,False,-0.5353422164916992,,
final,535,syn_46,synthetic,self,6,False,-0.5353422164916992,,
final,535,syn_46,synthetic,self,7,False,-0.5353422164916992,,
final,535,syn_46,synthetic,self,8,False,-0.5353422164916992,,
final,535,syn_46,synthetic,self,9,False,-0.5353422164916992,,
final,535,syn_46,synthetic,self,10,False,-0.5353422164916992,,
final,535,syn_46,synthetic,self,11,False,-0.5353422164916992,,
final,535,syn_46,synthetic,self,12,False,-0.5353422164916992,,
final,535,syn_46,synthetic,self,13,False,-0.5353422164916992,,
final,535,syn_46,synthetic,self,14,False,-0.5353422164916992,,
final,535,syn_46,synthetic,self,15,False,-0.5353422164916992,,
final,535,syn_46,synthetic,self,16,False,-0.5353422164916992,,
final,535,syn_46,synthetic,self,17,False,-0.5353422164916992,,
final,535,syn_46,synthetic,self,18,False,-0.5353422164916992,,
final,535,syn_46,synthetic,self,19,False,-0.5353422164916992,,
final,535,syn_46,synthetic,self,20,False,-0.5353422164916992,,
final,535,syn_46,synthetic,self,21,False,-0.5353422164916992,,
final,535,syn_46,synthetic,self,22,False,-0.5353422164916992,,
final,535,syn_46,synthetic,self,23,False,-0.5353422164916992,,
final,535,syn_46,synthetic,self,24,False,-0.8519411087036133,,
final,535,syn_46,synthetic,self,-1,False,,,
final,535,syn_115,synthetic,self,0,False,0.7720117568969727,,
final,535,syn_115,synthetic,self,1,False,0.7720117568969727,,
final,535,syn_115,synthetic,self,2,False,0.7720117568969727,,
final,535,syn_115,synthetic,self,3,False,0.7720117568969727,,
final,535,syn_115,synthetic,self,4,False,0.7720117568969727,,
final,535,syn_115,synthetic,self,5,False,0.7720117568969727,,
final,535,syn_115,synthetic,self,6,False,0.7720117568969727,,
final,535,syn_115,synthetic,self,7,False,0.7720117568969727,,
final,535,syn_115,synthetic,self,8,False,0.7720117568969727,,
final,535,syn_115,synthetic,self,9,False,0.7720117568969727,,
final,535,syn_115,synthetic,self,10,False,0.7720117568969727,,
final,535,syn_115,synthetic,self,11,False,0.7720117568969727,,
final,535,syn_115,synthetic,self,12,False,0.7720117568969727,,
final,535,syn_115,synthetic,self,13,False,0.7720117568969727,,
final,535,syn_115,synthetic,self,14,False,0.7720117568969727,,
final,535,syn_115,synthetic,self,15,False,0.7720117568969727,,
final,535,syn_115,synthetic,self,16,False,0.7720117568969727,,
final,535,syn_115,synthetic,self,17,False,0.7720117568969727,,
final,535,syn_115,synthetic,self,18,False,0.7720117568969727,,
final,535,syn_115,synthetic,self,19,False,0.7720117568969727,,
final,535,syn_115,synthetic,self,20,False,0.7720117568969727,,
final,535,syn_115,synthetic,self,21,False,0.7720117568969727,,
final,535,syn_115,synthetic,self,22,False,0.7720117568969727,,
final,535,syn_115,synthetic,self,23,False,0.7720117568969727,,
final,535,syn_115,synthetic,self,24,False,0.5039024353027344,,
final,535,syn_115,synthetic,self,-1,False,,,0.0
final,535,syn_150,synthetic,self,0,False,0.0022907257080078125,,
final,535,syn_150,synthetic,self,1,False,0.0022907257080078125,,
final,535,syn_150,synthetic,self,2,False,0.0022907257080078125,,
final,535,syn_150,synthetic,self,3,False,0.0022907257080078125,,
final,535,syn_150,synthetic,self,4,False,0.0022907257080078125,,
final,535,syn_150,synthetic,self,5,False,0.0022907257080078125,,
final,535,syn_150,synthetic,self,6,False,0.0022907257080078125,,
final,535,syn_150,synthetic,self,7,False,0.0022907257080078125,,
final,535,syn_150,synthetic,self,8,False,0.0022907257080078125,,
final,535,syn_150,synthetic,self,9,False,0.0022907257080078125,,
final,535,syn_150,synthetic,self,10,False,0.0022907257080078125,,
final,535,syn_150,synthetic,self,11,False,0.0022907257080078125,,
final,535,syn_150,synthetic,self,12,False,0.0022907257080078125,,
final,535,syn_150,synthetic,self,13,False,0.0022907257080078125,,
final,535,syn_150,synthetic,self,14,False,0.0022907257080078125,,
final,535,syn_150,synthetic,self,15,False,0.0022907257080078125,,
final,535,syn_150,synthetic,self,16,False,0.0022907257080078125,,
final,535,syn_150,synthetic,self,17,False,0.0022907257080078125,,
final,535,syn_150,synthetic,self,18,False,0.0022907257080078125,,
final,535,syn_150,synthetic,self,19,False,0.0022907257080078125,,
final,535,syn_150,synthetic,self,20,False,0.0022907257080078125,,
final,535,syn_150,synthetic,self,21,False,0.0022907257080078125,,
final,535,syn_150,synthetic,self,22,False,0.0022907257080078125,,
final,535,syn_150,synthetic,self,23,False,0.0022907257080078125,,
final,535,syn_150,synthetic,self,24,False,0.07791709899902344,,
final,535,syn_150,synthetic,self,-1,False,,,0.0
final,535,syn_117,synthetic,self,0,False,2.548625946044922,,
final,535,syn_117,synthetic,self,1,False,2.548625946044922,,
final,535,syn_117,synthetic,self,2,False,2.548625946044922,,
final,535,syn_117,synthetic,self,3,False,2.548625946044922,,
final,535,syn_117,synthetic,self,4,False,2.548625946044922,,
final,535,syn_117,synthetic,self,5,False,2.548625946044922,,
final,535,syn_117,synthetic,self,6,False,2.548625946044922,,
final,535,syn_117,synthetic,self,7,False,2.548625946044922,,
final,535,syn_117,synthetic,self,8,False,2.548625946044922,,
final,535,syn_117,synthetic,self,9,False,2.548625946044922,,
final,535,syn_117,synthetic,self,10,False,2.548625946044922,,
final,535,syn_117,synthetic,self,11,False,2.548625946044922,,
final,535,syn_117,synthetic,self,12,False,2.548625946044922,,
final,535,syn_117,synthetic,self,13,False,2.548625946044922,,
final,535,syn_117,synthetic,self,14,False,2.548625946044922,,
final,535,syn_117,synthetic,self,15,False,2.548625946044922,,
final,535,syn_117,synthetic,self,16,False,2.548625946044922,,
final,535,syn_117,synthetic,self,17,False,2.548625946044922,,
final,535,syn_117,synthetic,self,18,False,2.548625946044922,,
final,535,syn_117,synthetic,self,19,False,2.548625946044922,,
final,535,syn_117,synthetic,self,20,False,2.548625946044922,,
final,535,syn_117,synthetic,self,21,False,2.548625946044922,,
final,535,syn_117,synthetic,self,22,False,2.548625946044922,,
final,535,syn_117,synthetic,self,23,False,2.548625946044922,,
final,535,syn_117,synthetic,self,24,False,2.778287887573242,,
final,535,syn_117,synthetic,self,-1,False,,,0.0
final,535,syn_186,synthetic,self,0,False,-3.241098403930664,,
final,535,syn_186,synthetic,self,1,False,-3.241098403930664,,
final,535,syn_186,synthetic,self,2,False,-3.241098403930664,,
final,535,syn_186,synthetic,self,3,False,-3.241098403930664,,
final,535,syn_186,synthetic,self,4,False,-3.241098403930664,,
final,535,syn_186,synthetic,self,5,False,-3.241098403930664,,
final,535,syn_186,synthetic,self,6,False,-3.241098403930664,,
final,535,syn_186,synthetic,self,7,False,-3.241098403930664,,
final,535,syn_186,synthetic,self,8,False,-3.241098403930664,,
final,535,syn_186,synthetic,self,9,False,-3.241098403930664,,
final,535,syn_186,synthetic,self,10,False,-3.241098403930664,,
final,535,syn_186,synthetic,self,11,False,-3.241098403930664,,
final,535,syn_186,synthetic,self,12,False,-3.241098403930664,,
final,535,syn_186,synthetic,self,13,False,-3.241098403930664,,
final,535,syn_186,synthetic,self,14,False,-3.241098403930664,,
final,535,syn_186,synthetic,self,15,False,-3.241098403930664,,
final,535,syn_186,synthetic,self,16,False,-3.241098403930664,,
final,535,syn_186,synthetic,self,17,False,-3.241098403930664,,
final,535,syn_186,synthetic,self,18,False,-3.241098403930664,,
final,535,syn_186,synthetic,self,19,False,-3.241098403930664,,
final,535,syn_186,synthetic,self,20,False,-3.241098403930664,,
final,535,syn_186,synthetic,self,21,False,-3.241098403930664,,
final,535,syn_186,synthetic,self,22,False,-3.241098403930664,,
final,535,syn_186,synthetic,self,23,False,-3.241098403930664,,
final,535,syn_186,synthetic,self,24,False,-3.2404279708862305,,
final,535,syn_186,synthetic,self,-1,False,,,
final,535,syn_17,synthetic,self,0,False,-1.1055994033813477,,
final,535,syn_17,synthetic,self,1,False,-1.1055994033813477,,
final,535,syn_17,synthetic,self,2,False,-1.1055994033813477,,
final,535,syn_17,synthetic,self,3,False,-1.1055994033813477,,
final,535,syn_17,synthetic,self,4,False,-1.1055994033813477,,
final,535,syn_17,synthetic,self,5,False,-1.1055994033813477,,
final,535,syn_17,synthetic,self,6,False,-1.1055994033813477,,
final,535,syn_17,synthetic,self,7,False,-1.1055994033813477,,
final,535,syn_17,synthetic,self,8,False,-1.1055994033813477,,
final,535,syn_17,synthetic,self,9,False,-1.1055994033813477,,
final,535,syn_17,synthetic,self,10,False,-1.1055994033813477,,
final,535,syn_17,synthetic,self,11,False,-1.1055994033813477,,
final,535,syn_17,synthetic,self,12,False,-1.1055994033813477,,
final,535,syn_17,synthetic,self,13,False,-1.1055994033813477,,
final,535,syn_17,synthetic,self,14,False,-1.1055994033813477,,
final,535,syn_17,synthetic,self,15,False,-1.1055994033813477,,
final,535,syn_17,synthetic,self,16,False,-1.1055994033813477,,
final,535,syn_17,synthetic,self,17,False,-1.1055994033813477,,
final,535,syn_17,synthetic,self,18,False,-1.1055994033813477,,
final,535,syn_17,synthetic,self,19,False,-1.1055994033813477,,
final,535,syn_17,synthetic,self,20,False,-1.1055994033813477,,
final,535,syn_17,synthetic,self,21,False,-1.1055994033813477,,
final,535,syn_17,synthetic,self,22,False,-1.1055994033813477,,
final,535,syn_17,synthetic,self,23,False,-1.1055994033813477,,
final,535,syn_17,synthetic,self,24,False,-0.947871208190918,,
final,535,syn_17,synthetic,self,-1,False,,,
final,535,syn_120,synthetic,self,0,False,-1.6618528366088867,,
final,535,syn_120,synthetic,self,1,False,-1.6618528366088867,,
final,535,syn_120,synthetic,self,2,False,-1.6618528366088867,,
final,535,syn_120,synthetic,self,3,False,-1.6618528366088867,,
final,535,syn_120,synthetic,self,4,False,-1.6618528366088867,,
final,535,syn_120,synthetic,self,5,False,-1.6618528366088867,,
final,535,syn_120,synthetic,self,6,False,-1.6618528366088867,,
final,535,syn_120,synthetic,self,7,False,-1.6618528366088867,,
final,535,syn_120,synthetic,self,8,False,-1.6618528366088867,,
final,535,syn_120,synthetic,self,9,False,-1.6618528366088867,,
final,535,syn_120,synthetic,self,10,False,-1.6618528366088867,,
final,535,syn_120,synthetic,self,11,False,-1.6618528366088867,,
final,535,syn_120,synthetic,self,12,False,-1.6618528366088867,,
final,535,syn_120,synthetic,self,13,False,-1.6618528366088867,,
final,535,syn_120,synthetic,self,14,False,-1.6618528366088867,,
final,535,syn_120,synthetic,self,15,False,-1.6618528366088867,,
final,535,syn_120,synthetic,self,16,False,-1.6618528366088867,,
final,535,syn_120,synthetic,self,17,False,-1.6618528366088867,,
final,535,syn_120,synthetic,self,18,False,-1.6618528366088867,,
final,535,syn_120,synthetic,self,19,False,-1.6618528366088867,,
final,535,syn_120,synthetic,self,20,False,-1.6618528366088867,,
final,535,syn_120,synthetic,self,21,False,-1.6618528366088867,,
final,535,syn_120,synthetic,self,22,False,-1.6618528366088867,,
final,535,syn_120,synthetic,self,23,False,-1.6618528366088867,,
final,535,syn_120,synthetic,self,24,False,-1.8651113510131836,,
final,535,syn_120,synthetic,self,-1,False,,,
final,535,syn_19,synthetic,self,0,False,-0.36630821228027344,,
final,535,syn_19,synthetic,self,1,False,-0.36630821228027344,,
final,535,syn_19,synthetic,self,2,False,-0.36630821228027344,,
final,535,syn_19,synthetic,self,3,False,-0.36630821228027344,,
final,535,syn_19,synthetic,self,4,False,-0.36630821228027344,,
final,535,syn_19,synthetic,self,5,False,-0.36630821228027344,,
final,535,syn_19,synthetic,self,6,False,-0.36630821228027344,,
final,535,syn_19,synthetic,self,7,False,-0.36630821228027344,,
final,535,syn_19,synthetic,self,8,False,-0.36630821228027344,,
final,535,syn_19,synthetic,self,9,False,-0.36630821228027344,,
final,535,syn_19,synthetic,self,10,False,-0.36630821228027344,,
final,535,syn_19,synthetic,self,11,False,-0.36630821228027344,,
final,535,syn_19,synthetic,self,12,False,-0.36630821228027344,,
final,535,syn_19,synthetic,self,13,False,-0.36630821228027344,,
final,535,syn_19,synthetic,self,14,False,-0.36630821228027344,,
final,535,syn_19,synthetic,self,15,False,-0.36630821228027344,,
final,535,syn_19,synthetic,self,16,False,-0.36630821228027344,,
final,535,syn_19,synthetic,self,17,False,-0.36630821228027344,,
final,535,syn_19,synthetic,self,18,False,-0.36630821228027344,,
final,535,syn_19,synthetic,self,19,False,-0.36630821228027344,,
final,535,syn_19,synthetic,self,20,False,-0.36630821228027344,,
final,535,syn_19,synthetic,self,21,False,-0.36630821228027344,,
final,535,syn_19,synthetic,self,22,False,-0.36630821228027344,,
final,535,syn_19,synthetic,self,23,False,-0.36630821228027344,,
final,535,syn_19,synthetic,self,24,False,-0.07238006591796875,,
final,535,syn_19,synthetic,self,-1,False,,,
final,535,syn_54,synthetic,self,0,False,-1.831954002380371,,
final,535,syn_54,synthetic,self,1,False,-1.831954002380371,,
final,535,syn_54,synthetic,self,2,False,-1.831954002380371,,
final,535,syn_54,synthetic,self,3,False,-1.831954002380371,,
final,535,syn_54,synthetic,self,4,False,-1.831954002380371,,
final,535,syn_54,synthetic,self,5,False,-1.831954002380371,,
final,535,syn_54,synthetic,self,6,False,-1.831954002380371,,
final,535,syn_54,synthetic,self,7,False,-1.831954002380371,,
final,535,syn_54,synthetic,self,8,False,-1.831954002380371,,
final,535,syn_54,synthetic,self,9,False,-1.831954002380371,,
final,535,syn_54,synthetic,self,10,False,-1.831954002380371,,
final,535,syn_54,synthetic,self,11,False,-1.831954002380371,,
final,535,syn_54,synthetic,self,12,False,-1.831954002380371,,
final,535,syn_54,synthetic,self,13,False,-1.831954002380371,,
final,535,syn_54,synthetic,self,14,False,-1.831954002380371,,
final,535,syn_54,synthetic,self,15,False,-1.831954002380371,,
final,535,syn_54,synthetic,self,16,False,-1.831954002380371,,
final,535,syn_54,synthetic,self,17,False,-1.831954002380371,,
final,535,syn_54,synthetic,self,18,False,-1.831954002380371,,
final,535,syn_54,synthetic,self,19,False,-1.831954002380371,,
final,535,syn_54,synthetic,self,20,False,-1.831954002380371,,
final,535,syn_54,synthetic,self,21,False,-1.831954002380371,,
final,535,syn_54,synthetic,self,22,False,-1.831954002380371,,
final,535,syn_54,synthetic,self,23,False,-1.831954002380371,,
final,535,syn_54,synthetic,self,24,False,-1.8120498657226562,,
final,535,syn_54,synthetic,self,-1,False,,,
final,535,syn_191,synthetic,self,0,False,-2.1232433319091797,,
final,535,syn_191,synthetic,self,1,False,-2.1232433319091797,,
final,535,syn_191,synthetic,self,2,False,-2.1232433319091797,,
final,535,syn_191,synthetic,self,3,False,-2.1232433319091797,,
final,535,syn_191,synthetic,self,4,False,-2.1232433319091797,,
final,535,syn_191,synthetic,self,5,False,-2.1232433319091797,,
final,535,syn_191,synthetic,self,6,False,-2.1232433319091797,,
final,535,syn_191,synthetic,self,7,False,-2.1232433319091797,,
final,535,syn_191,synthetic,self,8,False,-2.1232433319091797,,
final,535,syn_191,synthetic,self,9,False,-2.1232433319091797,,
final,535,syn_191,synthetic,self,10,False,-2.1232433319091797,,
final,535,syn_191,synthetic,self,11,False,-2.1232433319091797,,
final,535,syn_191,synthetic,self,12,False,-2.1232433319091797,,
final,535,syn_191,synthetic,self,13,False,-2.1232433319091797,,
final,535,syn_191,synthetic,self,14,False,-2.1232433319091797,,
final,535,syn_191,synthetic,self,15,False,-2.1232433319091797,,
final,535,syn_191,synthetic,self,16,False,-2.1232433319091797,,
final,535,syn_191,synthetic,self,17,False,-2.1232433319091797,,
final,535,syn_191,synthetic,self,18,False,-2.1232433319091797,,
final,535,syn_191,synthetic,self,19,False,-2.1232433319091797,,
final,535,syn_191,synthetic,self,20,False,-2.1232433319091797,,
final,535,syn_191,synthetic,self,21,False,-2.1232433319091797,,
final,535,syn_191,synthetic,self,22,False,-2.1232433319091797,,
final,535,syn_191,synthetic,self,23,False,-2.1232433319091797,,
final,535,syn_191,synthetic,self,24,False,-2.3728179931640625,,
final,535,syn_191,synthetic,self,-1,False,,,
final,535,syn_158,synthetic,self,0,False,2.085433006286621,,
final,535,syn_158,synthetic,self,1,False,2.085433006286621,,
final,535,syn_158,synthetic,self,2,False,2.085433006286621,,
final,535,syn_158,synthetic,self,3,False,2.085433006286621,,
final,535,syn_158,synthetic,self,4,False,2.085433006286621,,
final,535,syn_158,synthetic,self,5,False,2.085433006286621,,
final,535,syn_158,synthetic,self,6,False,2.085433006286621,,
final,535,syn_158,synthetic,self,7,False,2.085433006286621,,
final,535,syn_158,synthetic,self,8,False,2.085433006286621,,
final,535,syn_158,synthetic,self,9,False,2.085433006286621,,
final,535,syn_158,synthetic,self,10,False,2.085433006286621,,
final,535,syn_158,synthetic,self,11,False,2.085433006286621,,
final,535,syn_158,synthetic,self,12,False,2.085433006286621,,
final,535,syn_158,synthetic,self,13,False,2.085433006286621,,
final,535,syn_158,synthetic,self,14,False,2.085433006286621,,
final,535,syn_158,synthetic,self,15,False,2.085433006286621,,
final,535,syn_158,synthetic,self,16,False,2.085433006286621,,
final,535,syn_158,synthetic,self,17,False,2.085433006286621,,
final,535,syn_158,synthetic,self,18,False,2.085433006286621,,
final,535,syn_158,synthetic,self,19,False,2.085433006286621,,
final,535,syn_158,synthetic,self,20,False,2.085433006286621,,
final,535,syn_158,synthetic,self,21,False,2.085433006286621,,
final,535,syn_158,synthetic,self,22,False,2.085433006286621,,
final,535,syn_158,synthetic,self,23,False,2.085433006286621,,
final,535,syn_158,synthetic,self,24,False,2.18057918548584,,
final,535,syn_158,synthetic,self,-1,False,,,0.0
final,535,syn_193,synthetic,self,0,False,3.5689754486083984,,
final,535,syn_193,synthetic,self,1,False,3.5689754486083984,,
final,535,syn_193,synthetic,self,2,False,3.5689754486083984,,
final,535,syn_193,synthetic,self,3,False,3.5689754486083984,,
final,535,syn_193,synthetic,self,4,False,3.5689754486083984,,
final,535,syn_193,synthetic,self,5,False,3.5689754486083984,,
final,535,syn_193,synthetic,self,6,False,3.5689754486083984,,
final,535,syn_193,synthetic,self,7,False,3.5689754486083984,,
final,535,syn_193,synthetic,self,8,False,3.5689754486083984,,
final,535,syn_193,synthetic,self,9,False,3.5689754486083984,,
final,535,syn_193,synthetic,self,10,False,3.5689754486083984,,
final,535,syn_193,synthetic,self,11,False,3.5689754486083984,,
final,535,syn_193,synthetic,self,12,False,3.5689754486083984,,
final,535,syn_193,synthetic,self,13,False,3.5689754486083984,,
final,535,syn_193,synthetic,self,14,False,3.5689754486083984,,
final,535,syn_193,synthetic,self,15,False,3.5689754486083984,,
final,535,syn_193,synthetic,self,16,False,3.5689754486083984,,
final,535,syn_193,synthetic,self,17,False,3.5689754486083984,,
final,535,syn_193,synthetic,self,18,False,3.5689754486083984,,
final,535,syn_193,synthetic,self,19,False,3.5689754486083984,,
final,535,syn_193,synthetic,self,20,False,3.5689754486083984,,
final,535,syn_193,synthetic,self,21,False,3.5689754486083984,,
final,535,syn_193,synthetic,self,22,False,3.5689754486083984,,
final,535,syn_193,synthetic,self,23,False,3.5689754486083984,,
final,535,syn_193,synthetic,self,24,False,3.7352914810180664,,
final,535,syn_193,synthetic,self,-1,False,,,0.0
final,535,syn_178,synthetic,mismatched,0,False,-2.8008956909179688,,
final,535,syn_178,synthetic,mismatched,1,False,-0.7649974822998047,,
final,535,syn_178,synthetic,mismatched,2,False,-1.7941474914550781,,
final,535,syn_178,synthetic,mismatched,3,False,-2.0206985473632812,,
final,535,syn_178,synthetic,mismatched,4,False,-2.2587890625,,
final,535,syn_178,synthetic,mismatched,5,False,-2.1831436157226562,,
final,535,syn_178,synthetic,mismatched,6,False,-1.8635540008544922,,
final,535,syn_178,synthetic,mismatched,7,False,-1.5855646133422852,,
final,535,syn_178,synthetic,mismatched,8,False,-1.6321077346801758,,
final,535,syn_178,synthetic,mismatched,9,False,-1.4163274765014648,,
final,535,syn_178,synthetic,mismatched,10,False,-0.837794303894043,,
final,535,syn_178,synthetic,mismatched,11,False,-0.6183767318725586,,
final,535,syn_178,synthetic,mismatched,12,False,-0.33180904388427734,,
final,535,syn_178,synthetic,mismatched,13,False,-0.4106864929199219,,
final,535,syn_178,synthetic,mismatched,14,False,-0.33963584899902344,,
final,535,syn_178,synthetic,mismatched,15,False,-0.0628519058227539,,
final,535,syn_178,synthetic,mismatched,16,False,-0.6190586090087891,,
final,535,syn_178,synthetic,mismatched,17,False,-0.12863826751708984,,
final,535,syn_178,synthetic,mismatched,18,False,0.12703418731689453,,
final,535,syn_178,synthetic,mismatched,19,False,-0.5095901489257812,,
final,535,syn_178,synthetic,mismatched,20,False,0.2070941925048828,,
final,535,syn_178,synthetic,mismatched,21,False,0.30244922637939453,,
final,535,syn_178,synthetic,mismatched,22,False,-0.2109670639038086,,
final,535,syn_178,synthetic,mismatched,23,False,-0.44687938690185547,,
final,535,syn_178,synthetic,mismatched,24,False,0.25589656829833984,,
final,535,syn_178,synthetic,mismatched,-1,False,,,18.0
final,535,syn_77,synthetic,mismatched,0,False,-3.935296058654785,,
final,535,syn_77,synthetic,mismatched,1,False,-2.8372602462768555,,
final,535,syn_77,synthetic,mismatched,2,False,-2.954167366027832,,
final,535,syn_77,synthetic,mismatched,3,False,-3.161406993865967,,
final,535,syn_77,synthetic,mismatched,4,False,-3.399494171142578,,
final,535,syn_77,synthetic,mismatched,5,False,-3.305199146270752,,
final,535,syn_77,synthetic,mismatched,6,False,-3.244570732116699,,
final,535,syn_77,synthetic,mismatched,7,False,-3.460110664367676,,
final,535,syn_77,synthetic,mismatched,8,False,-3.624300003051758,,
final,535,syn_77,synthetic,mismatched,9,False,-3.661566734313965,,
final,535,syn_77,synthetic,mismatched,10,False,-3.9348182678222656,,
final,535,syn_77,synthetic,mismatched,11,False,-4.0342206954956055,,
final,535,syn_77,synthetic,mismatched,12,False,-4.418108940124512,,
final,535,syn_77,synthetic,mismatched,13,False,-3.9412107467651367,,
final,535,syn_77,synthetic,mismatched,14,False,-4.147799491882324,,
final,535,syn_77,synthetic,mismatched,15,False,-3.8355531692504883,,
final,535,syn_77,synthetic,mismatched,16,False,-4.160514831542969,,
final,535,syn_77,synthetic,mismatched,17,False,-4.054265975952148,,
final,535,syn_77,synthetic,mismatched,18,False,-5.0698370933532715,,
final,535,syn_77,synthetic,mismatched,19,False,-5.604034900665283,,
final,535,syn_77,synthetic,mismatched,20,False,-5.165347099304199,,
final,535,syn_77,synthetic,mismatched,21,False,-4.971269130706787,,
final,535,syn_77,synthetic,mismatched,22,False,-4.7334747314453125,,
final,535,syn_77,synthetic,mismatched,23,False,-4.923679828643799,,
final,535,syn_77,synthetic,mismatched,24,False,-4.6784491539001465,,
final,535,syn_77,synthetic,mismatched,-1,False,,,
final,535,syn_78,synthetic,mismatched,0,False,-0.2565937042236328,,
final,535,syn_78,synthetic,mismatched,1,False,-0.2074594497680664,,
final,535,syn_78,synthetic,mismatched,2,False,0.018756866455078125,,
final,535,syn_78,synthetic,mismatched,3,False,0.11917781829833984,,
final,535,syn_78,synthetic,mismatched,4,False,0.06312847137451172,,
final,535,syn_78,synthetic,mismatched,5,False,-0.05285930633544922,,
final,535,syn_78,synthetic,mismatched,6,False,-0.09092330932617188,,
final,535,syn_78,synthetic,mismatched,7,False,-0.04738044738769531,,
final,535,syn_78,synthetic,mismatched,8,False,-0.1125478744506836,,
final,535,syn_78,synthetic,mismatched,9,False,-0.5039482116699219,,
final,535,syn_78,synthetic,mismatched,10,False,-0.5433750152587891,,
final,535,syn_78,synthetic,mismatched,11,False,-0.7147893905639648,,
final,535,syn_78,synthetic,mismatched,12,False,-0.8882951736450195,,
final,535,syn_78,synthetic,mismatched,13,False,-1.3583269119262695,,
final,535,syn_78,synthetic,mismatched,14,False,-1.4507055282592773,,
final,535,syn_78,synthetic,mismatched,15,False,-1.236917495727539,,
final,535,syn_78,synthetic,mismatched,16,False,-1.2986059188842773,,
final,535,syn_78,synthetic,mismatched,17,False,-1.2514228820800781,,
final,535,syn_78,synthetic,mismatched,18,False,-1.8871030807495117,,
final,535,syn_78,synthetic,mismatched,19,False,-1.3820133209228516,,
final,535,syn_78,synthetic,mismatched,20,False,-2.0393714904785156,,
final,535,syn_78,synthetic,mismatched,21,False,-2.7287511825561523,,
final,535,syn_78,synthetic,mismatched,22,False,-2.7344489097595215,,
final,535,syn_78,synthetic,mismatched,23,False,-2.087003231048584,,
final,535,syn_78,synthetic,mismatched,24,False,-1.2831149101257324,,
final,535,syn_78,synthetic,mismatched,-1,False,,,2.0
final,535,syn_79,synthetic,mismatched,0,False,-1.8146247863769531,,
final,535,syn_79,synthetic,mismatched,1,False,-1.5235424041748047,,
final,535,syn_79,synthetic,mismatched,2,False,-1.5272598266601562,,
final,535,syn_79,synthetic,mismatched,3,False,-1.3790340423583984,,
final,535,syn_79,synthetic,mismatched,4,False,-1.0874910354614258,,
final,535,syn_79,synthetic,mismatched,5,False,-0.9341220855712891,,
final,535,syn_79,synthetic,mismatched,6,False,-1.0149574279785156,,
final,535,syn_79,synthetic,mismatched,7,False,-0.9651546478271484,,
final,535,syn_79,synthetic,mismatched,8,False,-0.9976634979248047,,
final,535,syn_79,synthetic,mismatched,9,False,-0.40877819061279297,,
final,535,syn_79,synthetic,mismatched,10,False,-0.3933982849121094,,
final,535,syn_79,synthetic,mismatched,11,False,-0.6358776092529297,,
final,535,syn_79,synthetic,mismatched,12,False,-0.5516834259033203,,
final,535,syn_79,synthetic,mismatched,13,False,-0.37267208099365234,,
final,535,syn_79,synthetic,mismatched,14,False,-0.4869365692138672,,
final,535,syn_79,synthetic,mismatched,15,False,-0.45613956451416016,,
final,535,syn_79,synthetic,mismatched,16,False,-0.5617313385009766,,
final,535,syn_79,synthetic,mismatched,17,False,-0.35226917266845703,,
final,535,syn_79,synthetic,mismatched,18,False,-0.6225318908691406,,
final,535,syn_79,synthetic,mismatched,19,False,-0.799769401550293,,
final,535,syn_79,synthetic,mismatched,20,False,-0.04203605651855469,,
final,535,syn_79,synthetic,mismatched,21,False,-0.5821609497070312,,
final,535,syn_79,synthetic,mismatched,22,False,-0.6995658874511719,,
final,535,syn_79,synthetic,mismatched,23,False,-0.64080810546875,,
final,535,syn_79,synthetic,mismatched,24,False,-0.7690181732177734,,
final,535,syn_79,synthetic,mismatched,-1,False,,,
final,535,syn_46,synthetic,mismatched,0,False,-0.5353422164916992,,
final,535,syn_46,synthetic,mismatched,1,False,0.0684194564819336,,
final,535,syn_46,synthetic,mismatched,2,False,-0.030759811401367188,,
final,535,syn_46,synthetic,mismatched,3,False,-0.10863876342773438,,
final,535,syn_46,synthetic,mismatched,4,False,-0.1654520034790039,,
final,535,syn_46,synthetic,mismatched,5,False,-0.11828804016113281,,
final,535,syn_46,synthetic,mismatched,6,False,0.05735015869140625,,
final,535,syn_46,synthetic,mismatched,7,False,0.08864402770996094,,
final,535,syn_46,synthetic,mismatched,8,False,0.1121683120727539,,
final,535,syn_46,synthetic,mismatched,9,False,0.5005474090576172,,
final,535,syn_46,synthetic,mismatched,10,False,0.7493133544921875,,
final,535,syn_46,synthetic,mismatched,11,False,1.1777057647705078,,
final,535,syn_46,synthetic,mismatched,12,False,1.3325300216674805,,
final,535,syn_46,synthetic,mismatched,13,False,2.061448097229004,,
final,535,syn_46,synthetic,mismatched,14,False,2.916232109069824,,
final,535,syn_46,synthetic,mismatched,15,False,3.082033157348633,,
final,535,syn_46,synthetic,mismatched,16,False,3.7743301391601562,,
final,535,syn_46,synthetic,mismatched,17,False,3.6992459297180176,,
final,535,syn_46,synthetic,mismatched,18,False,4.06045389175415,,
final,535,syn_46,synthetic,mismatched,19,False,4.570682048797607,,
final,535,syn_46,synthetic,mismatched,20,False,4.758305549621582,,
final,535,syn_46,synthetic,mismatched,21,False,5.053485870361328,,
final,535,syn_46,synthetic,mismatched,22,False,5.297346115112305,,
final,535,syn_46,synthetic,mismatched,23,False,5.9035139083862305,,
final,535,syn_46,synthetic,mismatched,24,False,7.020961761474609,,
final,535,syn_46,synthetic,mismatched,-1,False,,,1.0
final,535,syn_150,synthetic,mismatched,0,False,0.0022907257080078125,,
final,535,syn_150,synthetic,mismatched,1,False,3.0618886947631836,,
final,535,syn_150,synthetic,mismatched,2,False,3.1291275024414062,,
final,535,syn_150,synthetic,mismatched,3,False,3.1812047958374023,,
final,535,syn_150,synthetic,mismatched,4,False,3.2146453857421875,,
final,535,syn_150,synthetic,mismatched,5,False,3.033172607421875,,
final,535,syn_150,synthetic,mismatched,6,False,2.950254440307617,,
final,535,syn_150,synthetic,mismatched,7,False,2.8320493698120117,,
final,535,syn_150,synthetic,mismatched,8,False,2.6874189376831055,,
final,535,syn_150,synthetic,mismatched,9,False,2.3897705078125,,
final,535,syn_150,synthetic,mismatched,10,False,2.013185501098633,,
final,535,syn_150,synthetic,mismatched,11,False,2.0248327255249023,,
final,535,syn_150,synthetic,mismatched,12,False,1.8173494338989258,,
final,535,syn_150,synthetic,mismatched,13,False,1.0931358337402344,,
final,535,syn_150,synthetic,mismatched,14,False,1.0135374069213867,,
final,535,syn_150,synthetic,mismatched,15,False,0.5840282440185547,,
final,535,syn_150,synthetic,mismatched,16,False,0.3102998733520508,,
final,535,syn_150,synthetic,mismatched,17,False,0.18302154541015625,,
final,535,syn_150,synthetic,mismatched,18,False,-0.08607864379882812,,
final,535,syn_150,synthetic,mismatched,19,False,0.4162149429321289,,
final,535,syn_150,synthetic,mismatched,20,False,-0.3159351348876953,,
final,535,syn_150,synthetic,mismatched,21,False,-0.5837812423706055,,
final,535,syn_150,synthetic,mismatched,22,False,-0.995366096496582,,
final,535,syn_150,synthetic,mismatched,23,False,-1.1642522811889648,,
final,535,syn_150,synthetic,mismatched,24,False,-2.113300323486328,,
final,535,syn_150,synthetic,mismatched,-1,False,,,0.0
final,535,syn_117,synthetic,mismatched,0,False,2.548625946044922,,
final,535,syn_117,synthetic,mismatched,1,False,1.4991874694824219,,
final,535,syn_117,synthetic,mismatched,2,False,1.4373502731323242,,
final,535,syn_117,synthetic,mismatched,3,False,1.2906627655029297,,
final,535,syn_117,synthetic,mismatched,4,False,0.8571720123291016,,
final,535,syn_117,synthetic,mismatched,5,False,0.7267751693725586,,
final,535,syn_117,synthetic,mismatched,6,False,0.5627832412719727,,
final,535,syn_117,synthetic,mismatched,7,False,0.4390897750854492,,
final,535,syn_117,synthetic,mismatched,8,False,0.3131752014160156,,
final,535,syn_117,synthetic,mismatched,9,False,0.2294597625732422,,
final,535,syn_117,synthetic,mismatched,10,False,0.1069040298461914,,
final,535,syn_117,synthetic,mismatched,11,False,0.020026206970214844,,
final,535,syn_117,synthetic,mismatched,12,False,-0.13550090789794922,,
final,535,syn_117,synthetic,mismatched,13,False,-0.46224117279052734,,
final,535,syn_117,synthetic,mismatched,14,False,-0.5614900588989258,,
final,535,syn_117,synthetic,mismatched,15,False,-0.4777107238769531,,
final,535,syn_117,synthetic,mismatched,16,False,-0.7122392654418945,,
final,535,syn_117,synthetic,mismatched,17,False,-0.25634098052978516,,
final,535,syn_117,synthetic,mismatched,18,False,-0.4078369140625,,
final,535,syn_117,synthetic,mismatched,19,False,0.07514762878417969,,
final,535,syn_117,synthetic,mismatched,20,False,0.16057109832763672,,
final,535,syn_117,synthetic,mismatched,21,False,-0.2694883346557617,,
final,535,syn_117,synthetic,mismatched,22,False,-0.16869449615478516,,
final,535,syn_117,synthetic,mismatched,23,False,-0.3534517288208008,,
final,535,syn_117,synthetic,mismatched,24,False,-1.4319753646850586,,
final,535,syn_117,synthetic,mismatched,-1,False,,,0.0
final,535,syn_186,synthetic,mismatched,0,False,-3.241098403930664,,
final,535,syn_186,synthetic,mismatched,1,False,0.47144031524658203,,
final,535,syn_186,synthetic,mismatched,2,False,0.769221305847168,,
final,535,syn_186,synthetic,mismatched,3,False,0.7878494262695312,,
final,535,syn_186,synthetic,mismatched,4,False,1.0672225952148438,,
final,535,syn_186,synthetic,mismatched,5,False,1.326873779296875,,
final,535,syn_186,synthetic,mismatched,6,False,1.3094310760498047,,
final,535,syn_186,synthetic,mismatched,7,False,1.0652904510498047,,
final,535,syn_186,synthetic,mismatched,8,False,1.172022819519043,,
final,535,syn_186,synthetic,mismatched,9,False,0.8025283813476562,,
final,535,syn_186,synthetic,mismatched,10,False,0.5260591506958008,,
final,535,syn_186,synthetic,mismatched,11,False,0.5492143630981445,,
final,535,syn_186,synthetic,mismatched,12,False,1.0220088958740234,,
final,535,syn_186,synthetic,mismatched,13,False,1.7323331832885742,,
final,535,syn_186,synthetic,mismatched,14,False,2.133718490600586,,
final,535,syn_186,synthetic,mismatched,15,False,2.328068733215332,,
final,535,syn_186,synthetic,mismatched,16,False,2.5539512634277344,,
final,535,syn_186,synthetic,mismatched,17,False,2.9494543075561523,,
final,535,syn_186,synthetic,mismatched,18,False,2.963494300842285,,
final,535,syn_186,synthetic,mismatched,19,False,3.128241539001465,,
final,535,syn_186,synthetic,mismatched,20,False,2.777188301086426,,
final,535,syn_186,synthetic,mismatched,21,False,3.046031951904297,,
final,535,syn_186,synthetic,mismatched,22,False,3.64825439453125,,
final,535,syn_186,synthetic,mismatched,23,False,3.6314573287963867,,
final,535,syn_186,synthetic,mismatched,24,False,1.9068613052368164,,
final,535,syn_186,synthetic,mismatched,-1,False,,,1.0
final,535,syn_17,synthetic,mismatched,0,False,-1.1055994033813477,,
final,535,syn_17,synthetic,mismatched,1,False,1.2468013763427734,,
final,535,syn_17,synthetic,mismatched,2,False,1.0695648193359375,,
final,535,syn_17,synthetic,mismatched,3,False,0.9084711074829102,,
final,535,syn_17,synthetic,mismatched,4,False,0.8820133209228516,,
final,535,syn_17,synthetic,mismatched,5,False,0.8029031753540039,,
final,535,syn_17,synthetic,mismatched,6,False,0.7170724868774414,,
final,535,syn_17,synthetic,mismatched,7,False,0.7595720291137695,,
final,535,syn_17,synthetic,mismatched,8,False,0.7549028396606445,,
final,535,syn_17,synthetic,mismatched,9,False,0.8947105407714844,,
final,535,syn_17,synthetic,mismatched,10,False,1.4080100059509277,,
final,535,syn_17,synthetic,mismatched,11,False,1.8693175315856934,,
final,535,syn_17,synthetic,mismatched,12,False,2.3633627891540527,,
final,535,syn_17,synthetic,mismatched,13,False,2.095625400543213,,
final,535,syn_17,synthetic,mismatched,14,False,2.488595962524414,,
final,535,syn_17,synthetic,mismatched,15,False,2.9297990798950195,,
final,535,syn_17,synthetic,mismatched,16,False,2.993699073791504,,
final,535,syn_17,synthetic,mismatched,17,False,4.527040481567383,,
final,535,syn_17,synthetic,mismatched,18,False,5.246673583984375,,
final,535,syn_17,synthetic,mismatched,19,False,5.086894989013672,,
final,535,syn_17,synthetic,mismatched,20,False,3.1302695274353027,,
final,535,syn_17,synthetic,mismatched,21,False,1.629870891571045,,
final,535,syn_17,synthetic,mismatched,22,False,1.4668645858764648,,
final,535,syn_17,synthetic,mismatched,23,False,1.5355703830718994,,
final,535,syn_17,synthetic,mismatched,24,False,1.3676352500915527,,
final,535,syn_17,synthetic,mismatched,-1,False,,,1.0
final,535,syn_120,synthetic,mismatched,0,False,-1.6618528366088867,,
final,535,syn_120,synthetic,mismatched,1,False,-0.17481136322021484,,
final,535,syn_120,synthetic,mismatched,2,False,-0.06612873077392578,,
final,535,syn_120,synthetic,mismatched,3,False,0.01045989990234375,,
final,535,syn_120,synthetic,mismatched,4,False,0.2849388122558594,,
final,535,syn_120,synthetic,mismatched,5,False,0.34728431701660156,,
final,535,syn_120,synthetic,mismatched,6,False,0.12709808349609375,,
final,535,syn_120,synthetic,mismatched,7,False,-0.05653667449951172,,
final,535,syn_120,synthetic,mismatched,8,False,-0.0047588348388671875,,
final,535,syn_120,synthetic,mismatched,9,False,-0.2903270721435547,,
final,535,syn_120,synthetic,mismatched,10,False,-0.3043079376220703,,
final,535,syn_120,synthetic,mismatched,11,False,-0.48136329650878906,,
final,535,syn_120,synthetic,mismatched,12,False,-0.6042089462280273,,
final,535,syn_120,synthetic,mismatched,13,False,-1.4627485275268555,,
final,535,syn_120,synthetic,mismatched,14,False,-1.886000633239746,,
final,535,syn_120,synthetic,mismatched,15,False,-1.2980995178222656,,
final,535,syn_120,synthetic,mismatched,16,False,-1.5437746047973633,,
final,535,syn_120,synthetic,mismatched,17,False,-2.7394723892211914,,
final,535,syn_120,synthetic,mismatched,18,False,-1.8202695846557617,,
final,535,syn_120,synthetic,mismatched,19,False,-1.3432912826538086,,
final,535,syn_120,synthetic,mismatched,20,False,-1.6678743362426758,,
final,535,syn_120,synthetic,mismatched,21,False,-1.7079429626464844,,
final,535,syn_120,synthetic,mismatched,22,False,-1.838003158569336,,
final,535,syn_120,synthetic,mismatched,23,False,-2.742274284362793,,
final,535,syn_120,synthetic,mismatched,24,False,-3.2567710876464844,,
final,535,syn_120,synthetic,mismatched,-1,False,,,3.0
final,535,syn_19,synthetic,mismatched,0,False,-0.36630821228027344,,
final,535,syn_19,synthetic,mismatched,1,False,0.235992431640625,,
final,535,syn_19,synthetic,mismatched,2,False,0.097076416015625,,
final,535,syn_19,synthetic,mismatched,3,False,-0.1918964385986328,,
final,535,syn_19,synthetic,mismatched,4,False,-0.38297462463378906,,
final,535,syn_19,synthetic,mismatched,5,False,-0.3523235321044922,,
final,535,syn_19,synthetic,mismatched,6,False,-0.2906618118286133,,
final,535,syn_19,synthetic,mismatched,7,False,-0.38443565368652344,,
final,535,syn_19,synthetic,mismatched,8,False,-0.36800289154052734,,
final,535,syn_19,synthetic,mismatched,9,False,-0.13797473907470703,,
final,535,syn_19,synthetic,mismatched,10,False,0.059581756591796875,,
final,535,syn_19,synthetic,mismatched,11,False,-0.023990631103515625,,
final,535,syn_19,synthetic,mismatched,12,False,-0.5152177810668945,,
final,535,syn_19,synthetic,mismatched,13,False,-0.5613517761230469,,
final,535,syn_19,synthetic,mismatched,14,False,-0.8117218017578125,,
final,535,syn_19,synthetic,mismatched,15,False,-1.190476417541504,,
final,535,syn_19,synthetic,mismatched,16,False,-1.9501514434814453,,
final,535,syn_19,synthetic,mismatched,17,False,-2.137019157409668,,
final,535,syn_19,synthetic,mismatched,18,False,-0.8114700317382812,,
final,535,syn_19,synthetic,mismatched,19,False,-0.22965240478515625,,
final,535,syn_19,synthetic,mismatched,20,False,-0.05443096160888672,,
final,535,syn_19,synthetic,mismatched,21,False,0.3533458709716797,,
final,535,syn_19,synthetic,mismatched,22,False,0.13073253631591797,,
final,535,syn_19,synthetic,mismatched,23,False,0.6561870574951172,,
final,535,syn_19,synthetic,mismatched,24,False,1.0092926025390625,,
final,535,syn_19,synthetic,mismatched,-1,False,,,1.0
final,535,syn_54,synthetic,mismatched,0,False,-1.831954002380371,,
final,535,syn_54,synthetic,mismatched,1,False,-2.563976287841797,,
final,535,syn_54,synthetic,mismatched,2,False,-2.779892921447754,,
final,535,syn_54,synthetic,mismatched,3,False,-2.648500442504883,,
final,535,syn_54,synthetic,mismatched,4,False,-2.8131589889526367,,
final,535,syn_54,synthetic,mismatched,5,False,-2.7752809524536133,,
final,535,syn_54,synthetic,mismatched,6,False,-3.0270891189575195,,
final,535,syn_54,synthetic,mismatched,7,False,-3.1749000549316406,,
final,535,syn_54,synthetic,mismatched,8,False,-3.2079410552978516,,
final,535,syn_54,synthetic,mismatched,9,False,-3.765596389770508,,
final,535,syn_54,synthetic,mismatched,10,False,-3.901505470275879,,
final,535,syn_54,synthetic,mismatched,11,False,-4.013832092285156,,
final,535,syn_54,synthetic,mismatched,12,False,-4.197282791137695,,
final,535,syn_54,synthetic,mismatched,13,False,-3.8548059463500977,,
final,535,syn_54,synthetic,mismatched,14,False,-3.6949892044067383,,
final,535,syn_54,synthetic,mismatched,15,False,-3.687821388244629,,
final,535,syn_54,synthetic,mismatched,16,False,-3.919826030731201,,
final,535,syn_54,synthetic,mismatched,17,False,-3.28377628326416,,
final,535,syn_54,synthetic,mismatched,18,False,-2.8603410720825195,,
final,535,syn_54,synthetic,mismatched,19,False,-2.6359872817993164,,
final,535,syn_54,synthetic,mismatched,20,False,-1.4045066833496094,,
final,535,syn_54,synthetic,mismatched,21,False,-0.6447811126708984,,
final,535,syn_54,synthetic,mismatched,22,False,-0.33548641204833984,,
final,535,syn_54,synthetic,mismatched,23,False,-1.416691780090332,,
final,535,syn_54,synthetic,mismatched,24,False,-1.677851676940918,,
final,535,syn_54,synthetic,mismatched,-1,False,,,
final,535,syn_158,synthetic,mismatched,0,False,2.085433006286621,,
final,535,syn_158,synthetic,mismatched,1,False,-1.0518097877502441,,
final,535,syn_158,synthetic,mismatched,2,False,-0.8621945381164551,,
final,535,syn_158,synthetic,mismatched,3,False,-0.6735305786132812,,
final,535,syn_158,synthetic,mismatched,4,False,-0.3787722587585449,,
final,535,syn_158,synthetic,mismatched,5,False,-0.6400165557861328,,
final,535,syn_158,synthetic,mismatched,6,False,-0.7398843765258789,,
final,535,syn_158,synthetic,mismatched,7,False,-0.7665786743164062,,
final,535,syn_158,synthetic,mismatched,8,False,-0.9056978225708008,,
final,535,syn_158,synthetic,mismatched,9,False,-1.213529109954834,,
final,535,syn_158,synthetic,mismatched,10,False,-1.3436994552612305,,
final,535,syn_158,synthetic,mismatched,11,False,-1.2087769508361816,,
final,535,syn_158,synthetic,mismatched,12,False,-1.1570124626159668,,
final,535,syn_158,synthetic,mismatched,13,False,-1.570847511291504,,
final,535,syn_158,synthetic,mismatched,14,False,-1.1502676010131836,,
final,535,syn_158,synthetic,mismatched,15,False,-0.7616336345672607,,
final,535,syn_158,synthetic,mismatched,16,False,-1.0123337507247925,,
final,535,syn_158,synthetic,mismatched,17,False,-1.1769556999206543,,
final,535,syn_158,synthetic,mismatched,18,False,-0.061799049377441406,,
final,535,syn_158,synthetic,mismatched,19,False,-0.22912538051605225,,
final,535,syn_158,synthetic,mismatched,20,False,0.16333293914794922,,
final,535,syn_158,synthetic,mismatched,21,False,1.1368962526321411,,
final,535,syn_158,synthetic,mismatched,22,False,0.9579470157623291,,
final,535,syn_158,synthetic,mismatched,23,False,1.2533457279205322,,
final,535,syn_158,synthetic,mismatched,24,False,2.02758526802063,,
final,535,syn_158,synthetic,mismatched,-1,False,,,0.0
final,535,syn_193,synthetic,mismatched,0,False,3.5689754486083984,,
final,535,syn_193,synthetic,mismatched,1,False,1.754678726196289,,
final,535,syn_193,synthetic,mismatched,2,False,1.8031654357910156,,
final,535,syn_193,synthetic,mismatched,3,False,1.685516357421875,,
final,535,syn_193,synthetic,mismatched,4,False,1.0564050674438477,,
final,535,syn_193,synthetic,mismatched,5,False,0.9261054992675781,,
final,535,syn_193,synthetic,mismatched,6,False,0.5559720993041992,,
final,535,syn_193,synthetic,mismatched,7,False,0.5055999755859375,,
final,535,syn_193,synthetic,mismatched,8,False,0.5232658386230469,,
final,535,syn_193,synthetic,mismatched,9,False,0.4774188995361328,,
final,535,syn_193,synthetic,mismatched,10,False,0.7515602111816406,,
final,535,syn_193,synthetic,mismatched,11,False,1.0519599914550781,,
final,535,syn_193,synthetic,mismatched,12,False,0.7311286926269531,,
final,535,syn_193,synthetic,mismatched,13,False,0.50762939453125,,
final,535,syn_193,synthetic,mismatched,14,False,0.36714744567871094,,
final,535,syn_193,synthetic,mismatched,15,False,0.3739471435546875,,
final,535,syn_193,synthetic,mismatched,16,False,0.07592964172363281,,
final,535,syn_193,synthetic,mismatched,17,False,-0.08848762512207031,,
final,535,syn_193,synthetic,mismatched,18,False,0.7315044403076172,,
final,535,syn_193,synthetic,mismatched,19,False,0.8417587280273438,,
final,535,syn_193,synthetic,mismatched,20,False,0.5504169464111328,,
final,535,syn_193,synthetic,mismatched,21,False,1.478433609008789,,
final,535,syn_193,synthetic,mismatched,22,False,1.149301528930664,,
final,535,syn_193,synthetic,mismatched,23,False,0.44759559631347656,,
final,535,syn_193,synthetic,mismatched,24,False,2.010831832885742,,
final,535,syn_193,synthetic,mismatched,-1,False,,,0.0
final,535,syn_194,synthetic,self,0,False,-1.6044883728027344,,
final,535,syn_194,synthetic,self,1,False,-1.6044883728027344,,
final,535,syn_194,synthetic,self,2,False,-1.6044883728027344,,
final,535,syn_194,synthetic,self,3,False,-1.6044883728027344,,
final,535,syn_194,synthetic,self,4,False,-1.6044883728027344,,
final,535,syn_194,synthetic,self,5,False,-1.6044883728027344,,
final,535,syn_194,synthetic,self,6,False,-1.6044883728027344,,
final,535,syn_194,synthetic,self,7,False,-1.6044883728027344,,
final,535,syn_194,synthetic,self,8,False,-1.6044883728027344,,
final,535,syn_194,synthetic,self,9,False,-1.6044883728027344,,
final,535,syn_194,synthetic,self,10,False,-1.6044883728027344,,
final,535,syn_194,synthetic,self,11,False,-1.6044883728027344,,
final,535,syn_194,synthetic,self,12,False,-1.6044883728027344,,
final,535,syn_194,synthetic,self,13,False,-1.6044883728027344,,
final,535,syn_194,synthetic,self,14,False,-1.6044883728027344,,
final,535,syn_194,synthetic,self,15,False,-1.6044883728027344,,
final,535,syn_194,synthetic,self,16,False,-1.6044883728027344,,
final,535,syn_194,synthetic,self,17,False,-1.6044883728027344,,
final,535,syn_194,synthetic,self,18,False,-1.6044883728027344,,
final,535,syn_194,synthetic,self,19,False,-1.6044883728027344,,
final,535,syn_194,synthetic,self,20,False,-1.6044883728027344,,
final,535,syn_194,synthetic,self,21,False,-1.6044883728027344,,
final,535,syn_194,synthetic,self,22,False,-1.6044883728027344,,
final,535,syn_194,synthetic,self,23,False,-1.6044883728027344,,
final,535,syn_194,synthetic,self,24,False,-1.8374567031860352,,
final,535,syn_194,synthetic,self,-1,False,,,
final,535,syn_127,synthetic,self,0,False,0.9443855285644531,,
final,535,syn_127,synthetic,self,1,False,0.9443855285644531,,
final,535,syn_127,synthetic,self,2,False,0.9443855285644531,,
final,535,syn_127,synthetic,self,3,False,0.9443855285644531,,
final,535,syn_127,synthetic,self,4,False,0.9443855285644531,,
final,535,syn_127,synthetic,self,5,False,0.9443855285644531,,
final,535,syn_127,synthetic,self,6,False,0.9443855285644531,,
final,535,syn_127,synthetic,self,7,False,0.9443855285644531,,
final,535,syn_127,synthetic,self,8,False,0.9443855285644531,,
final,535,syn_127,synthetic,self,9,False,0.9443855285644531,,
final,535,syn_127,synthetic,self,10,False,0.9443855285644531,,
final,535,syn_127,synthetic,self,11,False,0.9443855285644531,,
final,535,syn_127,synthetic,self,12,False,0.9443855285644531,,
final,535,syn_127,synthetic,self,13,False,0.9443855285644531,,
final,535,syn_127,synthetic,self,14,False,0.9443855285644531,,
final,535,syn_127,synthetic,self,15,False,0.9443855285644531,,
final,535,syn_127,synthetic,self,16,False,0.9443855285644531,,
final,535,syn_127,synthetic,self,17,False,0.9443855285644531,,
final,535,syn_127,synthetic,self,18,False,0.9443855285644531,,
final,535,syn_127,synthetic,self,19,False,0.9443855285644531,,
final,535,syn_127,synthetic,self,20,False,0.9443855285644531,,
final,535,syn_127,synthetic,self,21,False,0.9443855285644531,,
final,535,syn_127,synthetic,self,22,False,0.9443855285644531,,
final,535,syn_127,synthetic,self,23,False,0.9443855285644531,,
final,535,syn_127,synthetic,self,24,False,0.9366636276245117,,
final,535,syn_127,synthetic,self,-1,False,,,0.0
final,535,syn_26,synthetic,self,0,False,3.670201301574707,,
final,535,syn_26,synthetic,self,1,False,3.670201301574707,,
final,535,syn_26,synthetic,self,2,False,3.670201301574707,,
final,535,syn_26,synthetic,self,3,False,3.670201301574707,,
final,535,syn_26,synthetic,self,4,False,3.670201301574707,,
final,535,syn_26,synthetic,self,5,False,3.670201301574707,,
final,535,syn_26,synthetic,self,6,False,3.670201301574707,,
final,535,syn_26,synthetic,self,7,False,3.670201301574707,,
final,535,syn_26,synthetic,self,8,False,3.670201301574707,,
final,535,syn_26,synthetic,self,9,False,3.670201301574707,,
final,535,syn_26,synthetic,self,10,False,3.670201301574707,,
final,535,syn_26,synthetic,self,11,False,3.670201301574707,,
final,535,syn_26,synthetic,self,12,False,3.670201301574707,,
final,535,syn_26,synthetic,self,13,False,3.670201301574707,,
final,535,syn_26,synthetic,self,14,False,3.670201301574707,,
final,535,syn_26,synthetic,self,15,False,3.670201301574707,,
final,535,syn_26,synthetic,self,16,False,3.670201301574707,,
final,535,syn_26,synthetic,self,17,False,3.670201301574707,,
final,535,syn_26,synthetic,self,18,False,3.670201301574707,,
final,535,syn_26,synthetic,self,19,False,3.670201301574707,,
final,535,syn_26,synthetic,self,20,False,3.670201301574707,,
final,535,syn_26,synthetic,self,21,False,3.670201301574707,,
final,535,syn_26,synthetic,self,22,False,3.670201301574707,,
final,535,syn_26,synthetic,self,23,False,3.670201301574707,,
final,535,syn_26,synthetic,self,24,False,3.8577890396118164,,
final,535,syn_26,synthetic,self,-1,False,,,0.0
final,535,syn_95,synthetic,self,0,False,1.681314468383789,,
final,535,syn_95,synthetic,self,1,False,1.681314468383789,,
final,535,syn_95,synthetic,self,2,False,1.681314468383789,,
final,535,syn_95,synthetic,self,3,False,1.681314468383789,,
final,535,syn_95,synthetic,self,4,False,1.681314468383789,,
final,535,syn_95,synthetic,self,5,False,1.681314468383789,,
final,535,syn_95,synthetic,self,6,False,1.681314468383789,,
final,535,syn_95,synthetic,self,7,False,1.681314468383789,,
final,535,syn_95,synthetic,self,8,False,1.681314468383789,,
final,535,syn_95,synthetic,self,9,False,1.681314468383789,,
final,535,syn_95,synthetic,self,10,False,1.681314468383789,,
final,535,syn_95,synthetic,self,11,False,1.681314468383789,,
final,535,syn_95,synthetic,self,12,False,1.681314468383789,,
final,535,syn_95,synthetic,self,13,False,1.681314468383789,,
final,535,syn_95,synthetic,self,14,False,1.681314468383789,,
final,535,syn_95,synthetic,self,15,False,1.681314468383789,,
final,535,syn_95,synthetic,self,16,False,1.681314468383789,,
final,535,syn_95,synthetic,self,17,False,1.681314468383789,,
final,535,syn_95,synthetic,self,18,False,1.681314468383789,,
final,535,syn_95,synthetic,self,19,False,1.681314468383789,,
final,535,syn_95,synthetic,self,20,False,1.681314468383789,,
final,535,syn_95,synthetic,self,21,False,1.681314468383789,,
final,535,syn_95,synthetic,self,22,False,1.681314468383789,,
final,535,syn_95,synthetic,self,23,False,1.681314468383789,,
final,535,syn_95,synthetic,self,24,False,1.9559316635131836,,
final,535,syn_95,synthetic,self,-1,False,,,0.0
final,535,syn_130,synthetic,self,0,False,0.23352527618408203,,
final,535,syn_130,synthetic,self,1,False,0.23352527618408203,,
final,535,syn_130,synthetic,self,2,False,0.23352527618408203,,
final,535,syn_130,synthetic,self,3,False,0.23352527618408203,,
final,535,syn_130,synthetic,self,4,False,0.23352527618408203,,
final,535,syn_130,synthetic,self,5,False,0.23352527618408203,,
final,535,syn_130,synthetic,self,6,False,0.23352527618408203,,
final,535,syn_130,synthetic,self,7,False,0.23352527618408203,,
final,535,syn_130,synthetic,self,8,False,0.23352527618408203,,
final,535,syn_130,synthetic,self,9,False,0.23352527618408203,,
final,535,syn_130,synthetic,self,10,False,0.23352527618408203,,
final,535,syn_130,synthetic,self,11,False,0.23352527618408203,,
final,535,syn_130,synthetic,self,12,False,0.23352527618408203,,
final,535,syn_130,synthetic,self,13,False,0.23352527618408203,,
final,535,syn_130,synthetic,self,14,False,0.23352527618408203,,
final,535,syn_130,synthetic,self,15,False,0.23352527618408203,,
final,535,syn_130,synthetic,self,16,False,0.23352527618408203,,
final,535,syn_130,synthetic,self,17,False,0.23352527618408203,,
final,535,syn_130,synthetic,self,18,False,0.23352527618408203,,
final,535,syn_130,synthetic,self,19,False,0.23352527618408203,,
final,535,syn_130,synthetic,self,20,False,0.23352527618408203,,
final,535,syn_130,synthetic,self,21,False,0.23352527618408203,,
final,535,syn_130,synthetic,self,22,False,0.23352527618408203,,
final,535,syn_130,synthetic,self,23,False,0.23352527618408203,,
final,535,syn_130,synthetic,self,24,False,0.2963104248046875,,
final,535,syn_130,synthetic,self,-1,False,,,0.0
final,535,syn_199,synthetic,self,0,False,0.10571765899658203,,
final,535,syn_199,synthetic,self,1,False,0.10571765899658203,,
final,535,syn_199,synthetic,self,2,False,0.10571765899658203,,
final,535,syn_199,synthetic,self,3,False,0.10571765899658203,,
final,535,syn_199,synthetic,self,4,False,0.10571765899658203,,
final,535,syn_199,synthetic,self,5,False,0.10571765899658203,,
final,535,syn_199,synthetic,self,6,False,0.10571765899658203,,
final,535,syn_199,synthetic,self,7,False,0.10571765899658203,,
final,535,syn_199,synthetic,self,8,False,0.10571765899658203,,
final,535,syn_199,synthetic,self,9,False,0.10571765899658203,,
final,535,syn_199,synthetic,self,10,False,0.10571765899658203,,
final,535,syn_199,synthetic,self,11,False,0.10571765899658203,,
final,535,syn_199,synthetic,self,12,False,0.10571765899658203,,
final,535,syn_199,synthetic,self,13,False,0.10571765899658203,,
final,535,syn_199,synthetic,self,14,False,0.10571765899658203,,
final,535,syn_199,synthetic,self,15,False,0.10571765899658203,,
final,535,syn_199,synthetic,self,16,False,0.10571765899658203,,
final,535,syn_199,synthetic,self,17,False,0.10571765899658203,,
final,535,syn_199,synthetic,self,18,False,0.10571765899658203,,
final,535,syn_199,synthetic,self,19,False,0.10571765899658203,,
final,535,syn_199,synthetic,self,20,False,0.10571765899658203,,
final,535,syn_199,synthetic,self,21,False,0.10571765899658203,,
final,535,syn_199,synthetic,self,22,False,0.10571765899658203,,
final,535,syn_199,synthetic,self,23,False,0.10571765899658203,,
final,535,syn_199,synthetic,self,24,False,-0.0673065185546875,,
final,535,syn_199,synthetic,self,-1,False,,,0.0
final,535,syn_64,synthetic,self,0,False,0.644434928894043,,
final,535,syn_64,synthetic,self,1,False,0.644434928894043,,
final,535,syn_64,synthetic,self,2,False,0.644434928894043,,
final,535,syn_64,synthetic,self,3,False,0.644434928894043,,
final,535,syn_64,synthetic,self,4,False,0.644434928894043,,
final,535,syn_64,synthetic,self,5,False,0.644434928894043,,
final,535,syn_64,synthetic,self,6,False,0.644434928894043,,
final,535,syn_64,synthetic,self,7,False,0.644434928894043,,
final,535,syn_64,synthetic,self,8,False,0.644434928894043,,
final,535,syn_64,synthetic,self,9,False,0.644434928894043,,
final,535,syn_64,synthetic,self,10,False,0.644434928894043,,
final,535,syn_64,synthetic,self,11,False,0.644434928894043,,
final,535,syn_64,synthetic,self,12,False,0.644434928894043,,
final,535,syn_64,synthetic,self,13,False,0.644434928894043,,
final,535,syn_64,synthetic,self,14,False,0.644434928894043,,
final,535,syn_64,synthetic,self,15,False,0.644434928894043,,
final,535,syn_64,synthetic,self,16,False,0.644434928894043,,
final,535,syn_64,synthetic,self,17,False,0.644434928894043,,
final,535,syn_64,synthetic,self,18,False,0.644434928894043,,
final,535,syn_64,synthetic,self,19,False,0.644434928894043,,
final,535,syn_64,synthetic,self,20,False,0.644434928894043,,
final,535,syn_64,synthetic,self,21,False,0.644434928894043,,
final,535,syn_64,synthetic,self,22,False,0.644434928894043,,
final,535,syn_64,synthetic,self,23,False,0.644434928894043,,
final,535,syn_64,synthetic,self,24,False,0.8619174957275391,,
final,535,syn_64,synthetic,self,-1,False,,,0.0
final,535,syn_99,synthetic,self,0,False,0.06809806823730469,,
final,535,syn_99,synthetic,self,1,False,0.06809806823730469,,
final,535,syn_99,synthetic,self,2,False,0.06809806823730469,,
final,535,syn_99,synthetic,self,3,False,0.06809806823730469,,
final,535,syn_99,synthetic,self,4,False,0.06809806823730469,,
final,535,syn_99,synthetic,self,5,False,0.06809806823730469,,
final,535,syn_99,synthetic,self,6,False,0.06809806823730469,,
final,535,syn_99,synthetic,self,7,False,0.06809806823730469,,
final,535,syn_99,synthetic,self,8,False,0.06809806823730469,,
final,535,syn_99,synthetic,self,9,False,0.06809806823730469,,
final,535,syn_99,synthetic,self,10,False,0.06809806823730469,,
final,535,syn_99,synthetic,self,11,False,0.06809806823730469,,
final,535,syn_99,synthetic,self,12,False,0.06809806823730469,,
final,535,syn_99,synthetic,self,13,False,0.06809806823730469,,
final,535,syn_99,synthetic,self,14,False,0.06809806823730469,,
final,535,syn_99,synthetic,self,15,False,0.06809806823730469,,
final,535,syn_99,synthetic,self,16,False,0.06809806823730469,,
final,535,syn_99,synthetic,self,17,False,0.06809806823730469,,
final,535,syn_99,synthetic,self,18,False,0.06809806823730469,,
final,535,syn_99,synthetic,self,19,False,0.06809806823730469,,
final,535,syn_99,synthetic,self,20,False,0.06809806823730469,,
final,535,syn_99,synthetic,self,21,False,0.06809806823730469,,
final,535,syn_99,synthetic,self,22,False,0.06809806823730469,,
final,535,syn_99,synthetic,self,23,False,0.06809806823730469,,
final,535,syn_99,synthetic,self,24,False,-0.038211822509765625,,
final,535,syn_99,synthetic,self,-1,False,,,0.0
final,535,cf_3486,unknown,self,0,False,-5.194303512573242,,
final,535,cf_3486,unknown,self,1,False,-5.194303512573242,,
final,535,cf_3486,unknown,self,2,False,-5.194303512573242,,
final,535,cf_3486,unknown,self,3,False,-5.194303512573242,,
final,535,cf_3486,unknown,self,4,False,-5.194303512573242,,
final,535,cf_3486,unknown,self,5,False,-5.194303512573242,,
final,535,cf_3486,unknown,self,6,False,-5.194303512573242,,
final,535,cf_3486,unknown,self,7,False,-5.194303512573242,,
final,535,cf_3486,unknown,self,8,False,-5.194303512573242,,
final,535,cf_3486,unknown,self,9,False,-5.194303512573242,,
final,535,cf_3486,unknown,self,10,False,-5.194303512573242,,
final,535,cf_3486,unknown,self,11,False,-5.194303512573242,,
final,535,cf_3486,unknown,self,12,False,-5.194303512573242,,
final,535,cf_3486,unknown,self,13,False,-5.194303512573242,,
final,535,cf_3486,unknown,self,14,False,-5.194303512573242,,
final,535,cf_3486,unknown,self,15,False,-5.194303512573242,,
final,535,cf_3486,unknown,self,16,False,-5.194303512573242,,
final,535,cf_3486,unknown,self,17,False,-5.194303512573242,,
final,535,cf_3486,unknown,self,18,False,-5.194303512573242,,
final,535,cf_3486,unknown,self,19,False,-5.194303512573242,,
final,535,cf_3486,unknown,self,20,False,-5.194303512573242,,
final,535,cf_3486,unknown,self,21,False,-5.194303512573242,,
final,535,cf_3486,unknown,self,22,False,-5.194303512573242,,
final,535,cf_3486,unknown,self,23,False,-5.194303512573242,,
final,535,cf_3486,unknown,self,24,False,-5.792675971984863,,
final,535,cf_3486,unknown,self,-1,False,,,
final,535,cf_11571,unknown,self,0,False,-0.7272281646728516,,
final,535,cf_11571,unknown,self,1,False,-0.7272281646728516,,
final,535,cf_11571,unknown,self,2,False,-0.7272281646728516,,
final,535,cf_11571,unknown,self,3,False,-0.7272281646728516,,
final,535,cf_11571,unknown,self,4,False,-0.7272281646728516,,
final,535,cf_11571,unknown,self,5,False,-0.7272281646728516,,
final,535,cf_11571,unknown,self,6,False,-0.7272281646728516,,
final,535,cf_11571,unknown,self,7,False,-0.7272281646728516,,
final,535,cf_11571,unknown,self,8,False,-0.7272281646728516,,
final,535,cf_11571,unknown,self,9,False,-0.7272281646728516,,
final,535,cf_11571,unknown,self,10,False,-0.7272281646728516,,
final,535,cf_11571,unknown,self,11,False,-0.7272281646728516,,
final,535,cf_11571,unknown,self,12,False,-0.7272281646728516,,
final,535,cf_11571,unknown,self,13,False,-0.7272281646728516,,
final,535,cf_11571,unknown,self,14,False,-0.7272281646728516,,
final,535,cf_11571,unknown,self,15,False,-0.7272281646728516,,
final,535,cf_11571,unknown,self,16,False,-0.7272281646728516,,
final,535,cf_11571,unknown,self,17,False,-0.7272281646728516,,
final,535,cf_11571,unknown,self,18,False,-0.7272281646728516,,
final,535,cf_11571,unknown,self,19,False,-0.7272281646728516,,
final,535,cf_11571,unknown,self,20,False,-0.7272281646728516,,
final,535,cf_11571,unknown,self,21,False,-0.7272281646728516,,
final,535,cf_11571,unknown,self,22,False,-0.7272281646728516,,
final,535,cf_11571,unknown,self,23,False,-0.7272281646728516,,
final,535,cf_11571,unknown,self,24,False,-0.9658699035644531,,
final,535,cf_11571,unknown,self,-1,False,,,
final,535,cf_15360,unknown,self,0,False,0.02838420867919922,,
final,535,cf_15360,unknown,self,1,False,0.02838420867919922,,
final,535,cf_15360,unknown,self,2,False,0.02838420867919922,,
final,535,cf_15360,unknown,self,3,False,0.02838420867919922,,
final,535,cf_15360,unknown,self,4,False,0.02838420867919922,,
final,535,cf_15360,unknown,self,5,False,0.02838420867919922,,
final,535,cf_15360,unknown,self,6,False,0.02838420867919922,,
final,535,cf_15360,unknown,self,7,False,0.02838420867919922,,
final,535,cf_15360,unknown,self,8,False,0.02838420867919922,,
final,535,cf_15360,unknown,self,9,False,0.02838420867919922,,
final,535,cf_15360,unknown,self,10,False,0.02838420867919922,,
final,535,cf_15360,unknown,self,11,False,0.02838420867919922,,
final,535,cf_15360,unknown,self,12,False,0.02838420867919922,,
final,535,cf_15360,unknown,self,13,False,0.02838420867919922,,
final,535,cf_15360,unknown,self,14,False,0.02838420867919922,,
final,535,cf_15360,unknown,self,15,False,0.02838420867919922,,
final,535,cf_15360,unknown,self,16,False,0.02838420867919922,,
final,535,cf_15360,unknown,self,17,False,0.02838420867919922,,
final,535,cf_15360,unknown,self,18,False,0.02838420867919922,,
final,535,cf_15360,unknown,self,19,False,0.02838420867919922,,
final,535,cf_15360,unknown,self,20,False,0.02838420867919922,,
final,535,cf_15360,unknown,self,21,False,0.02838420867919922,,
final,535,cf_15360,unknown,self,22,False,0.02838420867919922,,
final,535,cf_15360,unknown,self,23,False,0.02838420867919922,,
final,535,cf_15360,unknown,self,24,False,-0.1447439193725586,,
final,535,cf_15360,unknown,self,-1,False,,,0.0
final,535,cf_13451,unknown,self,0,False,-0.047400474548339844,,
final,535,cf_13451,unknown,self,1,False,-0.047400474548339844,,
final,535,cf_13451,unknown,self,2,False,-0.047400474548339844,,
final,535,cf_13451,unknown,self,3,False,-0.047400474548339844,,
final,535,cf_13451,unknown,self,4,False,-0.047400474548339844,,
final,535,cf_13451,unknown,self,5,False,-0.047400474548339844,,
final,535,cf_13451,unknown,self,6,False,-0.047400474548339844,,
final,535,cf_13451,unknown,self,7,False,-0.047400474548339844,,
final,535,cf_13451,unknown,self,8,False,-0.047400474548339844,,
final,535,cf_13451,unknown,self,9,False,-0.047400474548339844,,
final,535,cf_13451,unknown,self,10,False,-0.047400474548339844,,
final,535,cf_13451,unknown,self,11,False,-0.047400474548339844,,
final,535,cf_13451,unknown,self,12,False,-0.047400474548339844,,
final,535,cf_13451,unknown,self,13,False,-0.047400474548339844,,
final,535,cf_13451,unknown,self,14,False,-0.047400474548339844,,
final,535,cf_13451,unknown,self,15,False,-0.047400474548339844,,
final,535,cf_13451,unknown,self,16,False,-0.047400474548339844,,
final,535,cf_13451,unknown,self,17,False,-0.047400474548339844,,
final,535,cf_13451,unknown,self,18,False,-0.047400474548339844,,
final,535,cf_13451,unknown,self,19,False,-0.047400474548339844,,
final,535,cf_13451,unknown,self,20,False,-0.047400474548339844,,
final,535,cf_13451,unknown,self,21,False,-0.047400474548339844,,
final,535,cf_13451,unknown,self,22,False,-0.047400474548339844,,
final,535,cf_13451,unknown,self,23,False,-0.047400474548339844,,
final,535,cf_13451,unknown,self,24,False,-0.09252452850341797,,
final,535,cf_13451,unknown,self,-1,False,,,
final,535,cf_16633,unknown,self,0,False,-8.194293022155762,,
final,535,cf_16633,unknown,self,1,False,-8.194293022155762,,
final,535,cf_16633,unknown,self,2,False,-8.194293022155762,,
final,535,cf_16633,unknown,self,3,False,-8.194293022155762,,
final,535,cf_16633,unknown,self,4,False,-8.194293022155762,,
final,535,cf_16633,unknown,self,5,False,-8.194293022155762,,
final,535,cf_16633,unknown,self,6,False,-8.194293022155762,,
final,535,cf_16633,unknown,self,7,False,-8.194293022155762,,
final,535,cf_16633,unknown,self,8,False,-8.194293022155762,,
final,535,cf_16633,unknown,self,9,False,-8.194293022155762,,
final,535,cf_16633,unknown,self,10,False,-8.194293022155762,,
final,535,cf_16633,unknown,self,11,False,-8.194293022155762,,
final,535,cf_16633,unknown,self,12,False,-8.194293022155762,,
final,535,cf_16633,unknown,self,13,False,-8.194293022155762,,
final,535,cf_16633,unknown,self,14,False,-8.194293022155762,,
final,535,cf_16633,unknown,self,15,False,-8.194293022155762,,
final,535,cf_16633,unknown,self,16,False,-8.194293022155762,,
final,535,cf_16633,unknown,self,17,False,-8.194293022155762,,
final,535,cf_16633,unknown,self,18,False,-8.194293022155762,,
final,535,cf_16633,unknown,self,19,False,-8.194293022155762,,
final,535,cf_16633,unknown,self,20,False,-8.194293022155762,,
final,535,cf_16633,unknown,self,21,False,-8.194293022155762,,
final,535,cf_16633,unknown,self,22,False,-8.194293022155762,,
final,535,cf_16633,unknown,self,23,False,-8.194293022155762,,
final,535,cf_16633,unknown,self,24,False,-9.15283203125,,
final,535,cf_16633,unknown,self,-1,False,,,
final,535,cf_3865,unknown,self,0,False,-2.1134681701660156,,
final,535,cf_3865,unknown,self,1,False,-2.1134681701660156,,
final,535,cf_3865,unknown,self,2,False,-2.1134681701660156,,
final,535,cf_3865,unknown,self,3,False,-2.1134681701660156,,
final,535,cf_3865,unknown,self,4,False,-2.1134681701660156,,
final,535,cf_3865,unknown,self,5,False,-2.1134681701660156,,
final,535,cf_3865,unknown,self,6,False,-2.1134681701660156,,
final,535,cf_3865,unknown,self,7,False,-2.1134681701660156,,
final,535,cf_3865,unknown,self,8,False,-2.1134681701660156,,
final,535,cf_3865,unknown,self,9,False,-2.1134681701660156,,
final,535,cf_3865,unknown,self,10,False,-2.1134681701660156,,
final,535,cf_3865,unknown,self,11,False,-2.1134681701660156,,
final,535,cf_3865,unknown,self,12,False,-2.1134681701660156,,
final,535,cf_3865,unknown,self,13,False,-2.1134681701660156,,
final,535,cf_3865,unknown,self,14,False,-2.1134681701660156,,
final,535,cf_3865,unknown,self,15,False,-2.1134681701660156,,
final,535,cf_3865,unknown,self,16,False,-2.1134681701660156,,
final,535,cf_3865,unknown,self,17,False,-2.1134681701660156,,
final,535,cf_3865,unknown,self,18,False,-2.1134681701660156,,
final,535,cf_3865,unknown,self,19,False,-2.1134681701660156,,
final,535,cf_3865,unknown,self,20,False,-2.1134681701660156,,
final,535,cf_3865,unknown,self,21,False,-2.1134681701660156,,
final,535,cf_3865,unknown,self,22,False,-2.1134681701660156,,
final,535,cf_3865,unknown,self,23,False,-2.1134681701660156,,
final,535,cf_3865,unknown,self,24,False,-2.3396434783935547,,
final,535,cf_3865,unknown,self,-1,False,,,
final,535,cf_10776,unknown,self,0,False,4.882107734680176,,
final,535,cf_10776,unknown,self,1,False,4.882107734680176,,
final,535,cf_10776,unknown,self,2,False,4.882107734680176,,
final,535,cf_10776,unknown,self,3,False,4.882107734680176,,
final,535,cf_10776,unknown,self,4,False,4.882107734680176,,
final,535,cf_10776,unknown,self,5,False,4.882107734680176,,
final,535,cf_10776,unknown,self,6,False,4.882107734680176,,
final,535,cf_10776,unknown,self,7,False,4.882107734680176,,
final,535,cf_10776,unknown,self,8,False,4.882107734680176,,
final,535,cf_10776,unknown,self,9,False,4.882107734680176,,
final,535,cf_10776,unknown,self,10,False,4.882107734680176,,
final,535,cf_10776,unknown,self,11,False,4.882107734680176,,
final,535,cf_10776,unknown,self,12,False,4.882107734680176,,
final,535,cf_10776,unknown,self,13,False,4.882107734680176,,
final,535,cf_10776,unknown,self,14,False,4.882107734680176,,
final,535,cf_10776,unknown,self,15,False,4.882107734680176,,
final,535,cf_10776,unknown,self,16,False,4.882107734680176,,
final,535,cf_10776,unknown,self,17,False,4.882107734680176,,
final,535,cf_10776,unknown,self,18,False,4.882107734680176,,
final,535,cf_10776,unknown,self,19,False,4.882107734680176,,
final,535,cf_10776,unknown,self,20,False,4.882107734680176,,
final,535,cf_10776,unknown,self,21,False,4.882107734680176,,
final,535,cf_10776,unknown,self,22,False,4.882107734680176,,
final,535,cf_10776,unknown,self,23,False,4.882107734680176,,
final,535,cf_10776,unknown,self,24,False,4.766204833984375,,
final,535,cf_10776,unknown,self,-1,False,,,0.0
final,535,cf_4897,unknown,self,0,False,2.4199447631835938,,
final,535,cf_4897,unknown,self,1,False,2.4199447631835938,,
final,535,cf_4897,unknown,self,2,False,2.4199447631835938,,
final,535,cf_4897,unknown,self,3,False,2.4199447631835938,,
final,535,cf_4897,unknown,self,4,False,2.4199447631835938,,
final,535,cf_4897,unknown,self,5,False,2.4199447631835938,,
final,535,cf_4897,unknown,self,6,False,2.4199447631835938,,
final,535,cf_4897,unknown,self,7,False,2.4199447631835938,,
final,535,cf_4897,unknown,self,8,False,2.4199447631835938,,
final,535,cf_4897,unknown,self,9,False,2.4199447631835938,,
final,535,cf_4897,unknown,self,10,False,2.4199447631835938,,
final,535,cf_4897,unknown,self,11,False,2.4199447631835938,,
final,535,cf_4897,unknown,self,12,False,2.4199447631835938,,
final,535,cf_4897,unknown,self,13,False,2.4199447631835938,,
final,535,cf_4897,unknown,self,14,False,2.4199447631835938,,
final,535,cf_4897,unknown,self,15,False,2.4199447631835938,,
final,535,cf_4897,unknown,self,16,False,2.4199447631835938,,
final,535,cf_4897,unknown,self,17,False,2.4199447631835938,,
final,535,cf_4897,unknown,self,18,False,2.4199447631835938,,
final,535,cf_4897,unknown,self,19,False,2.4199447631835938,,
final,535,cf_4897,unknown,self,20,False,2.4199447631835938,,
final,535,cf_4897,unknown,self,21,False,2.4199447631835938,,
final,535,cf_4897,unknown,self,22,False,2.4199447631835938,,
final,535,cf_4897,unknown,self,23,False,2.4199447631835938,,
final,535,cf_4897,unknown,self,24,False,2.6261091232299805,,
final,535,cf_4897,unknown,self,-1,False,,,0.0
final,535,syn_127,synthetic,mismatched,0,False,0.9443855285644531,,
final,535,syn_127,synthetic,mismatched,1,False,0.8454036712646484,,
final,535,syn_127,synthetic,mismatched,2,False,0.14985418319702148,,
final,535,syn_127,synthetic,mismatched,3,False,-0.2979240417480469,,
final,535,syn_127,synthetic,mismatched,4,False,-0.7690153121948242,,
final,535,syn_127,synthetic,mismatched,5,False,-0.7734708786010742,,
final,535,syn_127,synthetic,mismatched,6,False,-0.7065033912658691,,
final,535,syn_127,synthetic,mismatched,7,False,-0.7769312858581543,,
final,535,syn_127,synthetic,mismatched,8,False,-0.569542407989502,,
final,535,syn_127,synthetic,mismatched,9,False,-1.0942163467407227,,
final,535,syn_127,synthetic,mismatched,10,False,-1.4673614501953125,,
final,535,syn_127,synthetic,mismatched,11,False,-1.6297707557678223,,
final,535,syn_127,synthetic,mismatched,12,False,-1.8086085319519043,,
final,535,syn_127,synthetic,mismatched,13,False,-1.472033977508545,,
final,535,syn_127,synthetic,mismatched,14,False,-1.3471083641052246,,
final,535,syn_127,synthetic,mismatched,15,False,-1.3157987594604492,,
final,535,syn_127,synthetic,mismatched,16,False,-1.4145665168762207,,
final,535,syn_127,synthetic,mismatched,17,False,-1.136155605316162,,
final,535,syn_127,synthetic,mismatched,18,False,-1.8488860130310059,,
final,535,syn_127,synthetic,mismatched,19,False,-2.0983381271362305,,
final,535,syn_127,synthetic,mismatched,20,False,-2.502925395965576,,
final,535,syn_127,synthetic,mismatched,21,False,-2.5341038703918457,,
final,535,syn_127,synthetic,mismatched,22,False,-1.7194061279296875,,
final,535,syn_127,synthetic,mismatched,23,False,-1.6071157455444336,,
final,535,syn_127,synthetic,mismatched,24,False,-0.7259645462036133,,
final,535,syn_127,synthetic,mismatched,-1,False,,,0.0
final,535,syn_26,synthetic,mismatched,0,False,3.670201301574707,,
final,535,syn_26,synthetic,mismatched,1,False,-0.6748991012573242,,
final,535,syn_26,synthetic,mismatched,2,False,-0.7426767349243164,,
final,535,syn_26,synthetic,mismatched,3,False,-0.45429420471191406,,
final,535,syn_26,synthetic,mismatched,4,False,0.08162117004394531,,
final,535,syn_26,synthetic,mismatched,5,False,0.18532657623291016,,
final,535,syn_26,synthetic,mismatched,6,False,0.04355144500732422,,
final,535,syn_26,synthetic,mismatched,7,False,-0.1477670669555664,,
final,535,syn_26,synthetic,mismatched,8,False,-0.4583702087402344,,
final,535,syn_26,synthetic,mismatched,9,False,-0.6698398590087891,,
final,535,syn_26,synthetic,mismatched,10,False,-0.798975944519043,,
final,535,syn_26,synthetic,mismatched,11,False,-0.9563703536987305,,
final,535,syn_26,synthetic,mismatched,12,False,-1.2778587341308594,,
final,535,syn_26,synthetic,mismatched,13,False,-1.3778085708618164,,
final,535,syn_26,synthetic,mismatched,14,False,-1.3000755310058594,,
final,535,syn_26,synthetic,mismatched,15,False,-1.1285114288330078,,
final,535,syn_26,synthetic,mismatched,16,False,-1.3176507949829102,,
final,535,syn_26,synthetic,mismatched,17,False,-1.4898252487182617,,
final,535,syn_26,synthetic,mismatched,18,False,-0.18307209014892578,,
final,535,syn_26,synthetic,mismatched,19,False,-1.2888669967651367,,
final,535,syn_26,synthetic,mismatched,20,False,-1.8189969062805176,,
final,535,syn_26,synthetic,mismatched,21,False,-2.421630859375,,
final,535,syn_26,synthetic,mismatched,22,False,-3.314664363861084,,
final,535,syn_26,synthetic,mismatched,23,False,-2.7526674270629883,,
final,535,syn_26,synthetic,mismatched,24,False,-2.535472869873047,,
final,535,syn_26,synthetic,mismatched,-1,False,,,0.0
final,535,syn_95,synthetic,mismatched,0,False,1.681314468383789,,
final,535,syn_95,synthetic,mismatched,1,False,0.24645328521728516,,
final,535,syn_95,synthetic,mismatched,2,False,0.3421304225921631,,
final,535,syn_95,synthetic,mismatched,3,False,0.4295845031738281,,
final,535,syn_95,synthetic,mismatched,4,False,0.5845775604248047,,
final,535,syn_95,synthetic,mismatched,5,False,0.6021451950073242,,
final,535,syn_95,synthetic,mismatched,6,False,0.7790203094482422,,
final,535,syn_95,synthetic,mismatched,7,False,0.8921682834625244,,
final,535,syn_95,synthetic,mismatched,8,False,1.1623578071594238,,
final,535,syn_95,synthetic,mismatched,9,False,1.3271608352661133,,
final,535,syn_95,synthetic,mismatched,10,False,1.357140064239502,,
final,535,syn_95,synthetic,mismatched,11,False,1.6944336891174316,,
final,535,syn_95,synthetic,mismatched,12,False,1.9216620922088623,,
final,535,syn_95,synthetic,mismatched,13,False,1.7685909271240234,,
final,535,syn_95,synthetic,mismatched,14,False,1.888500452041626,,
final,535,syn_95,synthetic,mismatched,15,False,2.079467296600342,,
final,535,syn_95,synthetic,mismatched,16,False,2.8382647037506104,,
final,535,syn_95,synthetic,mismatched,17,False,2.8707823753356934,,
final,535,syn_95,synthetic,mismatched,18,False,3.0907199382781982,,
final,535,syn_95,synthetic,mismatched,19,False,3.9563868045806885,,
final,535,syn_95,synthetic,mismatched,20,False,4.067235469818115,,
final,535,syn_95,synthetic,mismatched,21,False,3.631873607635498,,
final,535,syn_95,synthetic,mismatched,22,False,3.3686046600341797,,
final,535,syn_95,synthetic,mismatched,23,False,2.8628392219543457,,
final,535,syn_95,synthetic,mismatched,24,False,2.4628400802612305,,
final,535,syn_95,synthetic,mismatched,-1,False,,,0.0
final,535,syn_130,synthetic,mismatched,0,False,0.23352527618408203,,
final,535,syn_130,synthetic,mismatched,1,False,1.41802978515625,,
final,535,syn_130,synthetic,mismatched,2,False,0.9790849685668945,,
final,535,syn_130,synthetic,mismatched,3,False,1.0601005554199219,,
final,535,syn_130,synthetic,mismatched,4,False,1.0658860206604004,,
final,535,syn_130,synthetic,mismatched,5,False,1.1007890701293945,,
final,535,syn_130,synthetic,mismatched,6,False,1.1451225280761719,,
final,535,syn_130,synthetic,mismatched,7,False,1.1868443489074707,,
final,535,syn_130,synthetic,mismatched,8,False,1.164842128753662,,
final,535,syn_130,synthetic,mismatched,9,False,1.0812187194824219,,
final,535,syn_130,synthetic,mismatched,10,False,0.9429736137390137,,
final,535,syn_130,synthetic,mismatched,11,False,0.8112320899963379,,
final,535,syn_130,synthetic,mismatched,12,False,0.6985607147216797,,
final,535,syn_130,synthetic,mismatched,13,False,0.5356464385986328,,
final,535,syn_130,synthetic,mismatched,14,False,0.5375070571899414,,
final,535,syn_130,synthetic,mismatched,15,False,0.7708344459533691,,
final,535,syn_130,synthetic,mismatched,16,False,0.7193348407745361,,
final,535,syn_130,synthetic,mismatched,17,False,0.8213772773742676,,
final,535,syn_130,synthetic,mismatched,18,False,0.9149514436721802,,
final,535,syn_130,synthetic,mismatched,19,False,1.8224338293075562,,
final,535,syn_130,synthetic,mismatched,20,False,2.6933326721191406,,
final,535,syn_130,synthetic,mismatched,21,False,2.9760758876800537,,
final,535,syn_130,synthetic,mismatched,22,False,2.8944170475006104,,
final,535,syn_130,synthetic,mismatched,23,False,3.0468297004699707,,
final,535,syn_130,synthetic,mismatched,24,False,3.165722370147705,,
final,535,syn_130,synthetic,mismatched,-1,False,,,0.0
final,535,syn_199,synthetic,mismatched,0,False,0.10571765899658203,,
final,535,syn_199,synthetic,mismatched,1,False,-2.45797061920166,,
final,535,syn_199,synthetic,mismatched,2,False,-2.5715579986572266,,
final,535,syn_199,synthetic,mismatched,3,False,-2.672069549560547,,
final,535,syn_199,synthetic,mismatched,4,False,-2.5814456939697266,,
final,535,syn_199,synthetic,mismatched,5,False,-2.710897445678711,,
final,535,syn_199,synthetic,mismatched,6,False,-2.999553680419922,,
final,535,syn_199,synthetic,mismatched,7,False,-2.9981117248535156,,
final,535,syn_199,synthetic,mismatched,8,False,-3.188656806945801,,
final,535,syn_199,synthetic,mismatched,9,False,-3.0840206146240234,,
final,535,syn_199,synthetic,mismatched,10,False,-3.224771499633789,,
final,535,syn_199,synthetic,mismatched,11,False,-3.190812110900879,,
final,535,syn_199,synthetic,mismatched,12,False,-3.3927135467529297,,
final,535,syn_199,synthetic,mismatched,13,False,-3.5450382232666016,,
final,535,syn_199,synthetic,mismatched,14,False,-3.2598915100097656,,
final,535,syn_199,synthetic,mismatched,15,False,-3.206815719604492,,
final,535,syn_199,synthetic,mismatched,16,False,-2.7534217834472656,,
final,535,syn_199,synthetic,mismatched,17,False,-3.260249137878418,,
final,535,syn_199,synthetic,mismatched,18,False,-2.6421356201171875,,
final,535,syn_199,synthetic,mismatched,19,False,-3.6866455078125,,
final,535,syn_199,synthetic,mismatched,20,False,-3.358059883117676,,
final,535,syn_199,synthetic,mismatched,21,False,-3.828514575958252,,
final,535,syn_199,synthetic,mismatched,22,False,-4.357521057128906,,
final,535,syn_199,synthetic,mismatched,23,False,-4.924833297729492,,
final,535,syn_199,synthetic,mismatched,24,False,-5.703652858734131,,
final,535,syn_199,synthetic,mismatched,-1,False,,,0.0
final,535,syn_64,synthetic,mismatched,0,False,0.644434928894043,,
final,535,syn_64,synthetic,mismatched,1,False,1.6628961563110352,,
final,535,syn_64,synthetic,mismatched,2,False,1.6434736251831055,,
final,535,syn_64,synthetic,mismatched,3,False,1.4801559448242188,,
final,535,syn_64,synthetic,mismatched,4,False,1.2969369888305664,,
final,535,syn_64,synthetic,mismatched,5,False,1.232309341430664,,
final,535,syn_64,synthetic,mismatched,6,False,1.4090471267700195,,
final,535,syn_64,synthetic,mismatched,7,False,1.4901800155639648,,
final,535,syn_64,synthetic,mismatched,8,False,1.4174184799194336,,
final,535,syn_64,synthetic,mismatched,9,False,1.665328025817871,,
final,535,syn_64,synthetic,mismatched,10,False,1.8152542114257812,,
final,535,syn_64,synthetic,mismatched,11,False,1.8896770477294922,,
final,535,syn_64,synthetic,mismatched,12,False,1.946761131286621,,
final,535,syn_64,synthetic,mismatched,13,False,2.1327896118164062,,
final,535,syn_64,synthetic,mismatched,14,False,2.3221826553344727,,
final,535,syn_64,synthetic,mismatched,15,False,2.2309350967407227,,
final,535,syn_64,synthetic,mismatched,16,False,1.7596282958984375,,
final,535,syn_64,synthetic,mismatched,17,False,1.8791446685791016,,
final,535,syn_64,synthetic,mismatched,18,False,0.8795566558837891,,
final,535,syn_64,synthetic,mismatched,19,False,0.7633686065673828,,
final,535,syn_64,synthetic,mismatched,20,False,0.24255847930908203,,
final,535,syn_64,synthetic,mismatched,21,False,-0.3350696563720703,,
final,535,syn_64,synthetic,mismatched,22,False,-1.1994500160217285,,
final,535,syn_64,synthetic,mismatched,23,False,-0.6033496856689453,,
final,535,syn_64,synthetic,mismatched,24,False,0.13890600204467773,,
final,535,syn_64,synthetic,mismatched,-1,False,,,0.0
final,535,cf_11571,unknown,mismatched,0,False,-0.7272281646728516,,
final,535,cf_11571,unknown,mismatched,1,False,0.09117603302001953,,
final,535,cf_11571,unknown,mismatched,2,False,0.09297847747802734,,
final,535,cf_11571,unknown,mismatched,3,False,0.10507678985595703,,
final,535,cf_11571,unknown,mismatched,4,False,0.2508974075317383,,
final,535,cf_11571,unknown,mismatched,5,False,0.2768573760986328,,
final,535,cf_11571,unknown,mismatched,6,False,0.2658090591430664,,
final,535,cf_11571,unknown,mismatched,7,False,0.1462230682373047,,
final,535,cf_11571,unknown,mismatched,8,False,0.17339229583740234,,
final,535,cf_11571,unknown,mismatched,9,False,-0.07166385650634766,,
final,535,cf_11571,unknown,mismatched,10,False,-0.0958414077758789,,
final,535,cf_11571,unknown,mismatched,11,False,0.11920452117919922,,
final,535,cf_11571,unknown,mismatched,12,False,0.4771146774291992,,
final,535,cf_11571,unknown,mismatched,13,False,0.9292173385620117,,
final,535,cf_11571,unknown,mismatched,14,False,1.3268613815307617,,
final,535,cf_11571,unknown,mismatched,15,False,1.5898723602294922,,
final,535,cf_11571,unknown,mismatched,16,False,2.039858818054199,,
final,535,cf_11571,unknown,mismatched,17,False,2.5870275497436523,,
final,535,cf_11571,unknown,mismatched,18,False,4.316048622131348,,
final,535,cf_11571,unknown,mismatched,19,False,5.3007683753967285,,
final,535,cf_11571,unknown,mismatched,20,False,6.25307035446167,,
final,535,cf_11571,unknown,mismatched,21,False,5.241203308105469,,
final,535,cf_11571,unknown,mismatched,22,False,5.0218400955200195,,
final,535,cf_11571,unknown,mismatched,23,False,4.851933002471924,,
final,535,cf_11571,unknown,mismatched,24,False,4.9349470138549805,,
final,535,cf_11571,unknown,mismatched,-1,False,,,1.0
final,535,cf_13451,unknown,mismatched,0,False,-0.047400474548339844,,
final,535,cf_13451,unknown,mismatched,1,False,1.0421342849731445,,
final,535,cf_13451,unknown,mismatched,2,False,0.8937921524047852,,
final,535,cf_13451,unknown,mismatched,3,False,0.7267599105834961,,
final,535,cf_13451,unknown,mismatched,4,False,0.9613847732543945,,
final,535,cf_13451,unknown,mismatched,5,False,0.9622564315795898,,
final,535,cf_13451,unknown,mismatched,6,False,0.9719486236572266,,
final,535,cf_13451,unknown,mismatched,7,False,1.1324539184570312,,
final,535,cf_13451,unknown,mismatched,8,False,1.2115974426269531,,
final,535,cf_13451,unknown,mismatched,9,False,1.322688102722168,,
final,535,cf_13451,unknown,mismatched,10,False,1.5489130020141602,,
final,535,cf_13451,unknown,mismatched,11,False,1.5482063293457031,,
final,535,cf_13451,unknown,mismatched,12,False,1.7190237045288086,,
final,535,cf_13451,unknown,mismatched,13,False,1.3585071563720703,,
final,535,cf_13451,unknown,mismatched,14,False,0.8941249847412109,,
final,535,cf_13451,unknown,mismatched,15,False,1.2126197814941406,,
final,535,cf_13451,unknown,mismatched,16,False,0.18911075592041016,,
final,535,cf_13451,unknown,mismatched,17,False,0.0275726318359375,,
final,535,cf_13451,unknown,mismatched,18,False,0.7204961776733398,,
final,535,cf_13451,unknown,mismatched,19,False,0.19582462310791016,,
final,535,cf_13451,unknown,mismatched,20,False,0.5224895477294922,,
final,535,cf_13451,unknown,mismatched,21,False,0.38748931884765625,,
final,535,cf_13451,unknown,mismatched,22,False,0.3548860549926758,,
final,535,cf_13451,unknown,mismatched,23,False,0.40616893768310547,,
final,535,cf_13451,unknown,mismatched,24,False,1.433089256286621,,
final,535,cf_13451,unknown,mismatched,-1,False,,,1.0
final,535,cf_16633,unknown,mismatched,0,False,-8.194293022155762,,
final,535,cf_16633,unknown,mismatched,1,False,-9.500115394592285,,
final,535,cf_16633,unknown,mismatched,2,False,-9.736818313598633,,
final,535,cf_16633,unknown,mismatched,3,False,-9.825678825378418,,
final,535,cf_16633,unknown,mismatched,4,False,-9.94271469116211,,
final,535,cf_16633,unknown,mismatched,5,False,-9.898808479309082,,
final,535,cf_16633,unknown,mismatched,6,False,-9.798259735107422,,
final,535,cf_16633,unknown,mismatched,7,False,-9.858824729919434,,
final,535,cf_16633,unknown,mismatched,8,False,-9.853805541992188,,
final,535,cf_16633,unknown,mismatched,9,False,-9.615705490112305,,
final,535,cf_16633,unknown,mismatched,10,False,-9.534714698791504,,
final,535,cf_16633,unknown,mismatched,11,False,-9.41707992553711,,
final,535,cf_16633,unknown,mismatched,12,False,-9.343505859375,,
final,535,cf_16633,unknown,mismatched,13,False,-9.396858215332031,,
final,535,cf_16633,unknown,mismatched,14,False,-9.744734764099121,,
final,535,cf_16633,unknown,mismatched,15,False,-9.302438735961914,,
final,535,cf_16633,unknown,mismatched,16,False,-8.972330093383789,,
final,535,cf_16633,unknown,mismatched,17,False,-9.432888984680176,,
final,535,cf_16633,unknown,mismatched,18,False,-13.039456367492676,,
final,535,cf_16633,unknown,mismatched,19,False,-12.522473335266113,,
final,535,cf_16633,unknown,mismatched,20,False,-11.477433204650879,,
final,535,cf_16633,unknown,mismatched,21,False,-11.658428192138672,,
final,535,cf_16633,unknown,mismatched,22,False,-11.54770278930664,,
final,535,cf_16633,unknown,mismatched,23,False,-10.998907089233398,,
final,535,cf_16633,unknown,mismatched,24,False,-10.124149322509766,,
final,535,cf_16633,unknown,mismatched,-1,False,,,
final,535,cf_3865,unknown,mismatched,0,False,-2.1134681701660156,,
final,535,cf_3865,unknown,mismatched,1,False,-13.516162872314453,,
final,535,cf_3865,unknown,mismatched,2,False,-13.002924919128418,,
final,535,cf_3865,unknown,mismatched,3,False,-12.717799186706543,,
final,535,cf_3865,unknown,mismatched,4,False,-12.358797073364258,,
final,535,cf_3865,unknown,mismatched,5,False,-12.445873260498047,,
final,535,cf_3865,unknown,mismatched,6,False,-12.416308403015137,,
final,535,cf_3865,unknown,mismatched,7,False,-12.37575626373291,,
final,535,cf_3865,unknown,mismatched,8,False,-12.277880668640137,,
final,535,cf_3865,unknown,mismatched,9,False,-12.343677520751953,,
final,535,cf_3865,unknown,mismatched,10,False,-12.436335563659668,,
final,535,cf_3865,unknown,mismatched,11,False,-12.100874900817871,,
final,535,cf_3865,unknown,mismatched,12,False,-11.735005378723145,,
final,535,cf_3865,unknown,mismatched,13,False,-11.048951148986816,,
final,535,cf_3865,unknown,mismatched,14,False,-11.055947303771973,,
final,535,cf_3865,unknown,mismatched,15,False,-10.819501876831055,,
final,535,cf_3865,unknown,mismatched,16,False,-11.3842134475708,,
final,535,cf_3865,unknown,mismatched,17,False,-12.283581733703613,,
final,535,cf_3865,unknown,mismatched,18,False,-12.743605613708496,,
final,535,cf_3865,unknown,mismatched,19,False,-13.031893730163574,,
final,535,cf_3865,unknown,mismatched,20,False,-12.956747055053711,,
final,535,cf_3865,unknown,mismatched,21,False,-12.852958679199219,,
final,535,cf_3865,unknown,mismatched,22,False,-12.560436248779297,,
final,535,cf_3865,unknown,mismatched,23,False,-12.315183639526367,,
final,535,cf_3865,unknown,mismatched,24,False,-13.044312477111816,,
final,535,cf_3865,unknown,mismatched,-1,False,,,
final,535,cf_4897,unknown,mismatched,0,False,2.4199447631835938,,
final,535,cf_4897,unknown,mismatched,1,False,3.1445822715759277,,
final,535,cf_4897,unknown,mismatched,2,False,3.319395065307617,,
final,535,cf_4897,unknown,mismatched,3,False,3.257042407989502,,
final,535,cf_4897,unknown,mismatched,4,False,3.0334296226501465,,
final,535,cf_4897,unknown,mismatched,5,False,2.9275360107421875,,
final,535,cf_4897,unknown,mismatched,6,False,3.066133499145508,,
final,535,cf_4897,unknown,mismatched,7,False,3.131490707397461,,
final,535,cf_4897,unknown,mismatched,8,False,3.090742588043213,,
final,535,cf_4897,unknown,mismatched,9,False,3.3365652561187744,,
final,535,cf_4897,unknown,mismatched,10,False,3.322089910507202,,
final,535,cf_4897,unknown,mismatched,11,False,3.2861714363098145,,
final,535,cf_4897,unknown,mismatched,12,False,2.551243305206299,,
final,535,cf_4897,unknown,mismatched,13,False,1.4285560846328735,,
final,535,cf_4897,unknown,mismatched,14,False,1.2751541137695312,,
final,535,cf_4897,unknown,mismatched,15,False,1.1589131355285645,,
final,535,cf_4897,unknown,mismatched,16,False,0.8112313747406006,,
final,535,cf_4897,unknown,mismatched,17,False,0.4402179718017578,,
final,535,cf_4897,unknown,mismatched,18,False,0.5339400768280029,,
final,535,cf_4897,unknown,mismatched,19,False,-0.21778535842895508,,
final,535,cf_4897,unknown,mismatched,20,False,-0.45756053924560547,,
final,535,cf_4897,unknown,mismatched,21,False,-0.4664194583892822,,
final,535,cf_4897,unknown,mismatched,22,False,-0.8769419193267822,,
final,535,cf_4897,unknown,mismatched,23,False,-0.647547721862793,,
final,535,cf_4897,unknown,mismatched,24,False,-0.13245785236358643,,
final,535,cf_4897,unknown,mismatched,-1,False,,,0.0
final,535,cf_12541,unknown,self,0,False,2.3501338958740234,,
final,535,cf_12541,unknown,self,1,False,2.3501338958740234,,
final,535,cf_12541,unknown,self,2,False,2.3501338958740234,,
final,535,cf_12541,unknown,self,3,False,2.3501338958740234,,
final,535,cf_12541,unknown,self,4,False,2.3501338958740234,,
final,535,cf_12541,unknown,self,5,False,2.3501338958740234,,
final,535,cf_12541,unknown,self,6,False,2.3501338958740234,,
final,535,cf_12541,unknown,self,7,False,2.3501338958740234,,
final,535,cf_12541,unknown,self,8,False,2.3501338958740234,,
final,535,cf_12541,unknown,self,9,False,2.3501338958740234,,
final,535,cf_12541,unknown,self,10,False,2.3501338958740234,,
final,535,cf_12541,unknown,self,11,False,2.3501338958740234,,
final,535,cf_12541,unknown,self,12,False,2.3501338958740234,,
final,535,cf_12541,unknown,self,13,False,2.3501338958740234,,
final,535,cf_12541,unknown,self,14,False,2.3501338958740234,,
final,535,cf_12541,unknown,self,15,False,2.3501338958740234,,
final,535,cf_12541,unknown,self,16,False,2.3501338958740234,,
final,535,cf_12541,unknown,self,17,False,2.3501338958740234,,
final,535,cf_12541,unknown,self,18,False,2.3501338958740234,,
final,535,cf_12541,unknown,self,19,False,2.3501338958740234,,
final,535,cf_12541,unknown,self,20,False,2.3501338958740234,,
final,535,cf_12541,unknown,self,21,False,2.3501338958740234,,
final,535,cf_12541,unknown,self,22,False,2.3501338958740234,,
final,535,cf_12541,unknown,self,23,False,2.3501338958740234,,
final,535,cf_12541,unknown,self,24,False,2.2219114303588867,,
final,535,cf_12541,unknown,self,-1,False,,,0.0
final,535,cf_11416,unknown,self,0,False,0.13512897491455078,,
final,535,cf_11416,unknown,self,1,False,0.13512897491455078,,
final,535,cf_11416,unknown,self,2,False,0.13512897491455078,,
final,535,cf_11416,unknown,self,3,False,0.13512897491455078,,
final,535,cf_11416,unknown,self,4,False,0.13512897491455078,,
final,535,cf_11416,unknown,self,5,False,0.13512897491455078,,
final,535,cf_11416,unknown,self,6,False,0.13512897491455078,,
final,535,cf_11416,unknown,self,7,False,0.13512897491455078,,
final,535,cf_11416,unknown,self,8,False,0.13512897491455078,,
final,535,cf_11416,unknown,self,9,False,0.13512897491455078,,
final,535,cf_11416,unknown,self,10,False,0.13512897491455078,,
final,535,cf_11416,unknown,self,11,False,0.13512897491455078,,
final,535,cf_11416,unknown,self,12,False,0.13512897491455078,,
final,535,cf_11416,unknown,self,13,False,0.13512897491455078,,
final,535,cf_11416,unknown,self,14,False,0.13512897491455078,,
final,535,cf_11416,unknown,self,15,False,0.13512897491455078,,
final,535,cf_11416,unknown,self,16,False,0.13512897491455078,,
final,535,cf_11416,unknown,self,17,False,0.13512897491455078,,
final,535,cf_11416,unknown,self,18,False,0.13512897491455078,,
final,535,cf_11416,unknown,self,19,False,0.13512897491455078,,
final,535,cf_11416,unknown,self,20,False,0.13512897491455078,,
final,535,cf_11416,unknown,self,21,False,0.13512897491455078,,
final,535,cf_11416,unknown,self,22,False,0.13512897491455078,,
final,535,cf_11416,unknown,self,23,False,0.13512897491455078,,
final,535,cf_11416,unknown,self,24,False,-0.015288352966308594,,
final,535,cf_11416,unknown,self,-1,False,,,0.0
final,535,cf_14847,unknown,self,0,False,4.135500907897949,,
final,535,cf_14847,unknown,self,1,False,4.135500907897949,,
final,535,cf_14847,unknown,self,2,False,4.135500907897949,,
final,535,cf_14847,unknown,self,3,False,4.135500907897949,,
final,535,cf_14847,unknown,self,4,False,4.135500907897949,,
final,535,cf_14847,unknown,self,5,False,4.135500907897949,,
final,535,cf_14847,unknown,self,6,False,4.135500907897949,,
final,535,cf_14847,unknown,self,7,False,4.135500907897949,,
final,535,cf_14847,unknown,self,8,False,4.135500907897949,,
final,535,cf_14847,unknown,self,9,False,4.135500907897949,,
final,535,cf_14847,unknown,self,10,False,4.135500907897949,,
final,535,cf_14847,unknown,self,11,False,4.135500907897949,,
final,535,cf_14847,unknown,self,12,False,4.135500907897949,,
final,535,cf_14847,unknown,self,13,False,4.135500907897949,,
final,535,cf_14847,unknown,self,14,False,4.135500907897949,,
final,535,cf_14847,unknown,self,15,False,4.135500907897949,,
final,535,cf_14847,unknown,self,16,False,4.135500907897949,,
final,535,cf_14847,unknown,self,17,False,4.135500907897949,,
final,535,cf_14847,unknown,self,18,False,4.135500907897949,,
final,535,cf_14847,unknown,self,19,False,4.135500907897949,,
final,535,cf_14847,unknown,self,20,False,4.135500907897949,,
final,535,cf_14847,unknown,self,21,False,4.135500907897949,,
final,535,cf_14847,unknown,self,22,False,4.135500907897949,,
final,535,cf_14847,unknown,self,23,False,4.135500907897949,,
final,535,cf_14847,unknown,self,24,False,4.082322120666504,,
final,535,cf_14847,unknown,self,-1,False,,,0.0
final,535,cf_3521,unknown,self,0,False,4.637930870056152,,
final,535,cf_3521,unknown,self,1,False,4.637930870056152,,
final,535,cf_3521,unknown,self,2,False,4.637930870056152,,
final,535,cf_3521,unknown,self,3,False,4.637930870056152,,
final,535,cf_3521,unknown,self,4,False,4.637930870056152,,
final,535,cf_3521,unknown,self,5,False,4.637930870056152,,
final,535,cf_3521,unknown,self,6,False,4.637930870056152,,
final,535,cf_3521,unknown,self,7,False,4.637930870056152,,
final,535,cf_3521,unknown,self,8,False,4.637930870056152,,
final,535,cf_3521,unknown,self,9,False,4.637930870056152,,
final,535,cf_3521,unknown,self,10,False,4.637930870056152,,
final,535,cf_3521,unknown,self,11,False,4.637930870056152,,
final,535,cf_3521,unknown,self,12,False,4.637930870056152,,
final,535,cf_3521,unknown,self,13,False,4.637930870056152,,
final,535,cf_3521,unknown,self,14,False,4.637930870056152,,
final,535,cf_3521,unknown,self,15,False,4.637930870056152,,
final,535,cf_3521,unknown,self,16,False,4.637930870056152,,
final,535,cf_3521,unknown,self,17,False,4.637930870056152,,
final,535,cf_3521,unknown,self,18,False,4.637930870056152,,
final,535,cf_3521,unknown,self,19,False,4.637930870056152,,
final,535,cf_3521,unknown,self,20,False,4.637930870056152,,
final,535,cf_3521,unknown,self,21,False,4.637930870056152,,
final,535,cf_3521,unknown,self,22,False,4.637930870056152,,
final,535,cf_3521,unknown,self,23,False,4.637930870056152,,
final,535,cf_3521,unknown,self,24,False,4.571224212646484,,
final,535,cf_3521,unknown,self,-1,False,,,0.0
final,535,cf_17353,unknown,self,0,False,4.285158157348633,,
final,535,cf_17353,unknown,self,1,False,4.285158157348633,,
final,535,cf_17353,unknown,self,2,False,4.285158157348633,,
final,535,cf_17353,unknown,self,3,False,4.285158157348633,,
final,535,cf_17353,unknown,self,4,False,4.285158157348633,,
final,535,cf_17353,unknown,self,5,False,4.285158157348633,,
final,535,cf_17353,unknown,self,6,False,4.285158157348633,,
final,535,cf_17353,unknown,self,7,False,4.285158157348633,,
final,535,cf_17353,unknown,self,8,False,4.285158157348633,,
final,535,cf_17353,unknown,self,9,False,4.285158157348633,,
final,535,cf_17353,unknown,self,10,False,4.285158157348633,,
final,535,cf_17353,unknown,self,11,False,4.285158157348633,,
final,535,cf_17353,unknown,self,12,False,4.285158157348633,,
final,535,cf_17353,unknown,self,13,False,4.285158157348633,,
final,535,cf_17353,unknown,self,14,False,4.285158157348633,,
final,535,cf_17353,unknown,self,15,False,4.285158157348633,,
final,535,cf_17353,unknown,self,16,False,4.285158157348633,,
final,535,cf_17353,unknown,self,17,False,4.285158157348633,,
final,535,cf_17353,unknown,self,18,False,4.285158157348633,,
final,535,cf_17353,unknown,self,19,False,4.285158157348633,,
final,535,cf_17353,unknown,self,20,False,4.285158157348633,,
final,535,cf_17353,unknown,self,21,False,4.285158157348633,,
final,535,cf_17353,unknown,self,22,False,4.285158157348633,,
final,535,cf_17353,unknown,self,23,False,4.285158157348633,,
final,535,cf_17353,unknown,self,24,False,4.727451324462891,,
final,535,cf_17353,unknown,self,-1,False,,,0.0
final,535,cf_9549,unknown,self,0,False,3.3017330169677734,,
final,535,cf_9549,unknown,self,1,False,3.3017330169677734,,
final,535,cf_9549,unknown,self,2,False,3.3017330169677734,,
final,535,cf_9549,unknown,self,3,False,3.3017330169677734,,
final,535,cf_9549,unknown,self,4,False,3.3017330169677734,,
final,535,cf_9549,unknown,self,5,False,3.3017330169677734,,
final,535,cf_9549,unknown,self,6,False,3.3017330169677734,,
final,535,cf_9549,unknown,self,7,False,3.3017330169677734,,
final,535,cf_9549,unknown,self,8,False,3.3017330169677734,,
final,535,cf_9549,unknown,self,9,False,3.3017330169677734,,
final,535,cf_9549,unknown,self,10,False,3.3017330169677734,,
final,535,cf_9549,unknown,self,11,False,3.3017330169677734,,
final,535,cf_9549,unknown,self,12,False,3.3017330169677734,,
final,535,cf_9549,unknown,self,13,False,3.3017330169677734,,
final,535,cf_9549,unknown,self,14,False,3.3017330169677734,,
final,535,cf_9549,unknown,self,15,False,3.3017330169677734,,
final,535,cf_9549,unknown,self,16,False,3.3017330169677734,,
final,535,cf_9549,unknown,self,17,False,3.3017330169677734,,
final,535,cf_9549,unknown,self,18,False,3.3017330169677734,,
final,535,cf_9549,unknown,self,19,False,3.3017330169677734,,
final,535,cf_9549,unknown,self,20,False,3.3017330169677734,,
final,535,cf_9549,unknown,self,21,False,3.3017330169677734,,
final,535,cf_9549,unknown,self,22,False,3.3017330169677734,,
final,535,cf_9549,unknown,self,23,False,3.3017330169677734,,
final,535,cf_9549,unknown,self,24,False,3.967177391052246,,
final,535,cf_9549,unknown,self,-1,False,,,0.0
final,535,cf_11241,unknown,self,0,False,-0.4735279083251953,,
final,535,cf_11241,unknown,self,1,False,-0.4735279083251953,,
final,535,cf_11241,unknown,self,2,False,-0.4735279083251953,,
final,535,cf_11241,unknown,self,3,False,-0.4735279083251953,,
final,535,cf_11241,unknown,self,4,False,-0.4735279083251953,,
final,535,cf_11241,unknown,self,5,False,-0.4735279083251953,,
final,535,cf_11241,unknown,self,6,False,-0.4735279083251953,,
final,535,cf_11241,unknown,self,7,False,-0.4735279083251953,,
final,535,cf_11241,unknown,self,8,False,-0.4735279083251953,,
final,535,cf_11241,unknown,self,9,False,-0.4735279083251953,,
final,535,cf_11241,unknown,self,10,False,-0.4735279083251953,,
final,535,cf_11241,unknown,self,11,False,-0.4735279083251953,,
final,535,cf_11241,unknown,self,12,False,-0.4735279083251953,,
final,535,cf_11241,unknown,self,13,False,-0.4735279083251953,,
final,535,cf_11241,unknown,self,14,False,-0.4735279083251953,,
final,535,cf_11241,unknown,self,15,False,-0.4735279083251953,,
final,535,cf_11241,unknown,self,16,False,-0.4735279083251953,,
final,535,cf_11241,unknown,self,17,False,-0.4735279083251953,,
final,535,cf_11241,unknown,self,18,False,-0.4735279083251953,,
final,535,cf_11241,unknown,self,19,False,-0.4735279083251953,,
final,535,cf_11241,unknown,self,20,False,-0.4735279083251953,,
final,535,cf_11241,unknown,self,21,False,-0.4735279083251953,,
final,535,cf_11241,unknown,self,22,False,-0.4735279083251953,,
final,535,cf_11241,unknown,self,23,False,-0.4735279083251953,,
final,535,cf_11241,unknown,self,24,False,-0.768000602722168,,
final,535,cf_11241,unknown,self,-1,False,,,
final,535,cf_13420,unknown,self,0,False,4.2206573486328125,,
final,535,cf_13420,unknown,self,1,False,4.2206573486328125,,
final,535,cf_13420,unknown,self,2,False,4.2206573486328125,,
final,535,cf_13420,unknown,self,3,False,4.2206573486328125,,
final,535,cf_13420,unknown,self,4,False,4.2206573486328125,,
final,535,cf_13420,unknown,self,5,False,4.2206573486328125,,
final,535,cf_13420,unknown,self,6,False,4.2206573486328125,,
final,535,cf_13420,unknown,self,7,False,4.2206573486328125,,
final,535,cf_13420,unknown,self,8,False,4.2206573486328125,,
final,535,cf_13420,unknown,self,9,False,4.2206573486328125,,
final,535,cf_13420,unknown,self,10,False,4.2206573486328125,,
final,535,cf_13420,unknown,self,11,False,4.2206573486328125,,
final,535,cf_13420,unknown,self,12,False,4.2206573486328125,,
final,535,cf_13420,unknown,self,13,False,4.2206573486328125,,
final,535,cf_13420,unknown,self,14,False,4.2206573486328125,,
final,535,cf_13420,unknown,self,15,False,4.2206573486328125,,
final,535,cf_13420,unknown,self,16,False,4.2206573486328125,,
final,535,cf_13420,unknown,self,17,False,4.2206573486328125,,
final,535,cf_13420,unknown,self,18,False,4.2206573486328125,,
final,535,cf_13420,unknown,self,19,False,4.2206573486328125,,
final,535,cf_13420,unknown,self,20,False,4.2206573486328125,,
final,535,cf_13420,unknown,self,21,False,4.2206573486328125,,
final,535,cf_13420,unknown,self,22,False,4.2206573486328125,,
final,535,cf_13420,unknown,self,23,False,4.2206573486328125,,
final,535,cf_13420,unknown,self,24,False,4.408407211303711,,
final,535,cf_13420,unknown,self,-1,False,,,0.0
final,535,cf_3982,unknown,self,0,False,-7.449257850646973,,
final,535,cf_3982,unknown,self,1,False,-7.449257850646973,,
final,535,cf_3982,unknown,self,2,False,-7.449257850646973,,
final,535,cf_3982,unknown,self,3,False,-7.449257850646973,,
final,535,cf_3982,unknown,self,4,False,-7.449257850646973,,
final,535,cf_3982,unknown,self,5,False,-7.449257850646973,,
final,535,cf_3982,unknown,self,6,False,-7.449257850646973,,
final,535,cf_3982,unknown,self,7,False,-7.449257850646973,,
final,535,cf_3982,unknown,self,8,False,-7.449257850646973,,
final,535,cf_3982,unknown,self,9,False,-7.449257850646973,,
final,535,cf_3982,unknown,self,10,False,-7.449257850646973,,
final,535,cf_3982,unknown,self,11,False,-7.449257850646973,,
final,535,cf_3982,unknown,self,12,False,-7.449257850646973,,
final,535,cf_3982,unknown,self,13,False,-7.449257850646973,,
final,535,cf_3982,unknown,self,14,False,-7.449257850646973,,
final,535,cf_3982,unknown,self,15,False,-7.449257850646973,,
final,535,cf_3982,unknown,self,16,False,-7.449257850646973,,
final,535,cf_3982,unknown,self,17,False,-7.449257850646973,,
final,535,cf_3982,unknown,self,18,False,-7.449257850646973,,
final,535,cf_3982,unknown,self,19,False,-7.449257850646973,,
final,535,cf_3982,unknown,self,20,False,-7.449257850646973,,
final,535,cf_3982,unknown,self,21,False,-7.449257850646973,,
final,535,cf_3982,unknown,self,22,False,-7.449257850646973,,
final,535,cf_3982,unknown,self,23,False,-7.449257850646973,,
final,535,cf_3982,unknown,self,24,False,-8.015281677246094,,
final,535,cf_3982,unknown,self,-1,False,,,
final,535,cf_14811,unknown,self,0,False,-3.058320999145508,,
final,535,cf_14811,unknown,self,1,False,-3.058320999145508,,
final,535,cf_14811,unknown,self,2,False,-3.058320999145508,,
final,535,cf_14811,unknown,self,3,False,-3.058320999145508,,
final,535,cf_14811,unknown,self,4,False,-3.058320999145508,,
final,535,cf_14811,unknown,self,5,False,-3.058320999145508,,
final,535,cf_14811,unknown,self,6,False,-3.058320999145508,,
final,535,cf_14811,unknown,self,7,False,-3.058320999145508,,
final,535,cf_14811,unknown,self,8,False,-3.058320999145508,,
final,535,cf_14811,unknown,self,9,False,-3.058320999145508,,
final,535,cf_14811,unknown,self,10,False,-3.058320999145508,,
final,535,cf_14811,unknown,self,11,False,-3.058320999145508,,
final,535,cf_14811,unknown,self,12,False,-3.058320999145508,,
final,535,cf_14811,unknown,self,13,False,-3.058320999145508,,
final,535,cf_14811,unknown,self,14,False,-3.058320999145508,,
final,535,cf_14811,unknown,self,15,False,-3.058320999145508,,
final,535,cf_14811,unknown,self,16,False,-3.058320999145508,,
final,535,cf_14811,unknown,self,17,False,-3.058320999145508,,
final,535,cf_14811,unknown,self,18,False,-3.058320999145508,,
final,535,cf_14811,unknown,self,19,False,-3.058320999145508,,
final,535,cf_14811,unknown,self,20,False,-3.058320999145508,,
final,535,cf_14811,unknown,self,21,False,-3.058320999145508,,
final,535,cf_14811,unknown,self,22,False,-3.058320999145508,,
final,535,cf_14811,unknown,self,23,False,-3.058320999145508,,
final,535,cf_14811,unknown,self,24,False,-3.7678451538085938,,
final,535,cf_14811,unknown,self,-1,False,,,
final,535,cf_15540,unknown,self,0,False,-2.2962751388549805,,
final,535,cf_15540,unknown,self,1,False,-2.2962751388549805,,
final,535,cf_15540,unknown,self,2,False,-2.2962751388549805,,
final,535,cf_15540,unknown,self,3,False,-2.2962751388549805,,
final,535,cf_15540,unknown,self,4,False,-2.2962751388549805,,
final,535,cf_15540,unknown,self,5,False,-2.2962751388549805,,
final,535,cf_15540,unknown,self,6,False,-2.2962751388549805,,
final,535,cf_15540,unknown,self,7,False,-2.2962751388549805,,
final,535,cf_15540,unknown,self,8,False,-2.2962751388549805,,
final,535,cf_15540,unknown,self,9,False,-2.2962751388549805,,
final,535,cf_15540,unknown,self,10,False,-2.2962751388549805,,
final,535,cf_15540,unknown,self,11,False,-2.2962751388549805,,
final,535,cf_15540,unknown,self,12,False,-2.2962751388549805,,
final,535,cf_15540,unknown,self,13,False,-2.2962751388549805,,
final,535,cf_15540,unknown,self,14,False,-2.2962751388549805,,
final,535,cf_15540,unknown,self,15,False,-2.2962751388549805,,
final,535,cf_15540,unknown,self,16,False,-2.2962751388549805,,
final,535,cf_15540,unknown,self,17,False,-2.2962751388549805,,
final,535,cf_15540,unknown,self,18,False,-2.2962751388549805,,
final,535,cf_15540,unknown,self,19,False,-2.2962751388549805,,
final,535,cf_15540,unknown,self,20,False,-2.2962751388549805,,
final,535,cf_15540,unknown,self,21,False,-2.2962751388549805,,
final,535,cf_15540,unknown,self,22,False,-2.2962751388549805,,
final,535,cf_15540,unknown,self,23,False,-2.2962751388549805,,
final,535,cf_15540,unknown,self,24,False,-2.383185386657715,,
final,535,cf_15540,unknown,self,-1,False,,,
final,535,cf_14543,unknown,self,0,False,-3.618898391723633,,
final,535,cf_14543,unknown,self,1,False,-3.618898391723633,,
final,535,cf_14543,unknown,self,2,False,-3.618898391723633,,
final,535,cf_14543,unknown,self,3,False,-3.618898391723633,,
final,535,cf_14543,unknown,self,4,False,-3.618898391723633,,
final,535,cf_14543,unknown,self,5,False,-3.618898391723633,,
final,535,cf_14543,unknown,self,6,False,-3.618898391723633,,
final,535,cf_14543,unknown,self,7,False,-3.618898391723633,,
final,535,cf_14543,unknown,self,8,False,-3.618898391723633,,
final,535,cf_14543,unknown,self,9,False,-3.618898391723633,,
final,535,cf_14543,unknown,self,10,False,-3.618898391723633,,
final,535,cf_14543,unknown,self,11,False,-3.618898391723633,,
final,535,cf_14543,unknown,self,12,False,-3.618898391723633,,
final,535,cf_14543,unknown,self,13,False,-3.618898391723633,,
final,535,cf_14543,unknown,self,14,False,-3.618898391723633,,
final,535,cf_14543,unknown,self,15,False,-3.618898391723633,,
final,535,cf_14543,unknown,self,16,False,-3.618898391723633,,
final,535,cf_14543,unknown,self,17,False,-3.618898391723633,,
final,535,cf_14543,unknown,self,18,False,-3.618898391723633,,
final,535,cf_14543,unknown,self,19,False,-3.618898391723633,,
final,535,cf_14543,unknown,self,20,False,-3.618898391723633,,
final,535,cf_14543,unknown,self,21,False,-3.618898391723633,,
final,535,cf_14543,unknown,self,22,False,-3.618898391723633,,
final,535,cf_14543,unknown,self,23,False,-3.618898391723633,,
final,535,cf_14543,unknown,self,24,False,-4.031255722045898,,
final,535,cf_14543,unknown,self,-1,False,,,
final,535,cf_18082,unknown,self,0,False,-6.520140647888184,,
final,535,cf_18082,unknown,self,1,False,-6.520140647888184,,
final,535,cf_18082,unknown,self,2,False,-6.520140647888184,,
final,535,cf_18082,unknown,self,3,False,-6.520140647888184,,
final,535,cf_18082,unknown,self,4,False,-6.520140647888184,,
final,535,cf_18082,unknown,self,5,False,-6.520140647888184,,
final,535,cf_18082,unknown,self,6,False,-6.520140647888184,,
final,535,cf_18082,unknown,self,7,False,-6.520140647888184,,
final,535,cf_18082,unknown,self,8,False,-6.520140647888184,,
final,535,cf_18082,unknown,self,9,False,-6.520140647888184,,
final,535,cf_18082,unknown,self,10,False,-6.520140647888184,,
final,535,cf_18082,unknown,self,11,False,-6.520140647888184,,
final,535,cf_18082,unknown,self,12,False,-6.520140647888184,,
final,535,cf_18082,unknown,self,13,False,-6.520140647888184,,
final,535,cf_18082,unknown,self,14,False,-6.520140647888184,,
final,535,cf_18082,unknown,self,15,False,-6.520140647888184,,
final,535,cf_18082,unknown,self,16,False,-6.520140647888184,,
final,535,cf_18082,unknown,self,17,False,-6.520140647888184,,
final,535,cf_18082,unknown,self,18,False,-6.520140647888184,,
final,535,cf_18082,unknown,self,19,False,-6.520140647888184,,
final,535,cf_18082,unknown,self,20,False,-6.520140647888184,,
final,535,cf_18082,unknown,self,21,False,-6.520140647888184,,
final,535,cf_18082,unknown,self,22,False,-6.520140647888184,,
final,535,cf_18082,unknown,self,23,False,-6.520140647888184,,
final,535,cf_18082,unknown,self,24,False,-7.877938270568848,,
final,535,cf_18082,unknown,self,-1,False,,,
final,535,cf_14532,unknown,self,0,False,1.9047584533691406,,
final,535,cf_14532,unknown,self,1,False,1.9047584533691406,,
final,535,cf_14532,unknown,self,2,False,1.9047584533691406,,
final,535,cf_14532,unknown,self,3,False,1.9047584533691406,,
final,535,cf_14532,unknown,self,4,False,1.9047584533691406,,
final,535,cf_14532,unknown,self,5,False,1.9047584533691406,,
final,535,cf_14532,unknown,self,6,False,1.9047584533691406,,
final,535,cf_14532,unknown,self,7,False,1.9047584533691406,,
final,535,cf_14532,unknown,self,8,False,1.9047584533691406,,
final,535,cf_14532,unknown,self,9,False,1.9047584533691406,,
final,535,cf_14532,unknown,self,10,False,1.9047584533691406,,
final,535,cf_14532,unknown,self,11,False,1.9047584533691406,,
final,535,cf_14532,unknown,self,12,False,1.9047584533691406,,
final,535,cf_14532,unknown,self,13,False,1.9047584533691406,,
final,535,cf_14532,unknown,self,14,False,1.9047584533691406,,
final,535,cf_14532,unknown,self,15,False,1.9047584533691406,,
final,535,cf_14532,unknown,self,16,False,1.9047584533691406,,
final,535,cf_14532,unknown,self,17,False,1.9047584533691406,,
final,535,cf_14532,unknown,self,18,False,1.9047584533691406,,
final,535,cf_14532,unknown,self,19,False,1.9047584533691406,,
final,535,cf_14532,unknown,self,20,False,1.9047584533691406,,
final,535,cf_14532,unknown,self,21,False,1.9047584533691406,,
final,535,cf_14532,unknown,self,22,False,1.9047584533691406,,
final,535,cf_14532,unknown,self,23,False,1.9047584533691406,,
final,535,cf_14532,unknown,self,24,False,2.154031753540039,,
final,535,cf_14532,unknown,self,-1,False,,,0.0
final,535,cf_6780,unknown,self,0,False,5.100974082946777,,
final,535,cf_6780,unknown,self,1,False,5.100974082946777,,
final,535,cf_6780,unknown,self,2,False,5.100974082946777,,
final,535,cf_6780,unknown,self,3,False,5.100974082946777,,
final,535,cf_6780,unknown,self,4,False,5.100974082946777,,
final,535,cf_6780,unknown,self,5,False,5.100974082946777,,
final,535,cf_6780,unknown,self,6,False,5.100974082946777,,
final,535,cf_6780,unknown,self,7,False,5.100974082946777,,
final,535,cf_6780,unknown,self,8,False,5.100974082946777,,
final,535,cf_6780,unknown,self,9,False,5.100974082946777,,
final,535,cf_6780,unknown,self,10,False,5.100974082946777,,
final,535,cf_6780,unknown,self,11,False,5.100974082946777,,
final,535,cf_6780,unknown,self,12,False,5.100974082946777,,
final,535,cf_6780,unknown,self,13,False,5.100974082946777,,
final,535,cf_6780,unknown,self,14,False,5.100974082946777,,
final,535,cf_6780,unknown,self,15,False,5.100974082946777,,
final,535,cf_6780,unknown,self,16,False,5.100974082946777,,
final,535,cf_6780,unknown,self,17,False,5.100974082946777,,
final,535,cf_6780,unknown,self,18,False,5.100974082946777,,
final,535,cf_6780,unknown,self,19,False,5.100974082946777,,
final,535,cf_6780,unknown,self,20,False,5.100974082946777,,
final,535,cf_6780,unknown,self,21,False,5.100974082946777,,
final,535,cf_6780,unknown,self,22,False,5.100974082946777,,
final,535,cf_6780,unknown,self,23,False,5.100974082946777,,
final,535,cf_6780,unknown,self,24,False,5.045254707336426,,
final,535,cf_6780,unknown,self,-1,False,,,0.0
final,535,cf_8040,unknown,self,0,False,-1.56756591796875,,
final,535,cf_8040,unknown,self,1,False,-1.56756591796875,,
final,535,cf_8040,unknown,self,2,False,-1.56756591796875,,
final,535,cf_8040,unknown,self,3,False,-1.56756591796875,,
final,535,cf_8040,unknown,self,4,False,-1.56756591796875,,
final,535,cf_8040,unknown,self,5,False,-1.56756591796875,,
final,535,cf_8040,unknown,self,6,False,-1.56756591796875,,
final,535,cf_8040,unknown,self,7,False,-1.56756591796875,,
final,535,cf_8040,unknown,self,8,False,-1.56756591796875,,
final,535,cf_8040,unknown,self,9,False,-1.56756591796875,,
final,535,cf_8040,unknown,self,10,False,-1.56756591796875,,
final,535,cf_8040,unknown,self,11,False,-1.56756591796875,,
final,535,cf_8040,unknown,self,12,False,-1.56756591796875,,
final,535,cf_8040,unknown,self,13,False,-1.56756591796875,,
final,535,cf_8040,unknown,self,14,False,-1.56756591796875,,
final,535,cf_8040,unknown,self,15,False,-1.56756591796875,,
final,535,cf_8040,unknown,self,16,False,-1.56756591796875,,
final,535,cf_8040,unknown,self,17,False,-1.56756591796875,,
final,535,cf_8040,unknown,self,18,False,-1.56756591796875,,
final,535,cf_8040,unknown,self,19,False,-1.56756591796875,,
final,535,cf_8040,unknown,self,20,False,-1.56756591796875,,
final,535,cf_8040,unknown,self,21,False,-1.56756591796875,,
final,535,cf_8040,unknown,self,22,False,-1.56756591796875,,
final,535,cf_8040,unknown,self,23,False,-1.56756591796875,,
final,535,cf_8040,unknown,self,24,False,-2.378206253051758,,
final,535,cf_8040,unknown,self,-1,False,,,
final,535,cf_12541,unknown,mismatched,0,False,2.3501338958740234,,
final,535,cf_12541,unknown,mismatched,1,False,7.349190711975098,,
final,535,cf_12541,unknown,mismatched,2,False,6.993945121765137,,
final,535,cf_12541,unknown,mismatched,3,False,6.655213356018066,,
final,535,cf_12541,unknown,mismatched,4,False,6.759861946105957,,
final,535,cf_12541,unknown,mismatched,5,False,6.503435134887695,,
final,535,cf_12541,unknown,mismatched,6,False,7.183475494384766,,
final,535,cf_12541,unknown,mismatched,7,False,7.500640869140625,,
final,535,cf_12541,unknown,mismatched,8,False,7.377740859985352,,
final,535,cf_12541,unknown,mismatched,9,False,7.503361701965332,,
final,535,cf_12541,unknown,mismatched,10,False,7.353781223297119,,
final,535,cf_12541,unknown,mismatched,11,False,7.634283542633057,,
final,535,cf_12541,unknown,mismatched,12,False,7.875204563140869,,
final,535,cf_12541,unknown,mismatched,13,False,7.676769256591797,,
final,535,cf_12541,unknown,mismatched,14,False,8.039369583129883,,
final,535,cf_12541,unknown,mismatched,15,False,8.343565940856934,,
final,535,cf_12541,unknown,mismatched,16,False,8.882974624633789,,
final,535,cf_12541,unknown,mismatched,17,False,8.861531257629395,,
final,535,cf_12541,unknown,mismatched,18,False,8.325713157653809,,
final,535,cf_12541,unknown,mismatched,19,False,7.442155838012695,,
final,535,cf_12541,unknown,mismatched,20,False,7.186886310577393,,
final,535,cf_12541,unknown,mismatched,21,False,7.599044322967529,,
final,535,cf_12541,unknown,mismatched,22,False,7.10679817199707,,
final,535,cf_12541,unknown,mismatched,23,False,6.684856414794922,,
final,535,cf_12541,unknown,mismatched,24,False,8.33781909942627,,
final,535,cf_12541,unknown,mismatched,-1,False,,,0.0
final,535,cf_11416,unknown,mismatched,0,False,0.13512897491455078,,
final,535,cf_11416,unknown,mismatched,1,False,-3.0015664100646973,,
final,535,cf_11416,unknown,mismatched,2,False,-3.048158645629883,,
final,535,cf_11416,unknown,mismatched,3,False,-3.21974515914917,,
final,535,cf_11416,unknown,mismatched,4,False,-3.199883460998535,,
final,535,cf_11416,unknown,mismatched,5,False,-3.423369884490967,,
final,535,cf_11416,unknown,mismatched,6,False,-3.3724474906921387,,
final,535,cf_11416,unknown,mismatched,7,False,-3.2812581062316895,,
final,535,cf_11416,unknown,mismatched,8,False,-3.259909152984619,,
final,535,cf_11416,unknown,mismatched,9,False,-3.1117372512817383,,
final,535,cf_11416,unknown,mismatched,10,False,-2.901297092437744,,
final,535,cf_11416,unknown,mismatched,11,False,-2.494845390319824,,
final,535,cf_11416,unknown,mismatched,12,False,-2.4929237365722656,,
final,535,cf_11416,unknown,mismatched,13,False,-2.5358190536499023,,
final,535,cf_11416,unknown,mismatched,14,False,-2.572981834411621,,
final,535,cf_11416,unknown,mismatched,15,False,-2.240023612976074,,
final,535,cf_11416,unknown,mismatched,16,False,-1.9983186721801758,,
final,535,cf_11416,unknown,mismatched,17,False,-1.4539422988891602,,
final,535,cf_11416,unknown,mismatched,18,False,-1.3699207305908203,,
final,535,cf_11416,unknown,mismatched,19,False,-0.6798648834228516,,
final,535,cf_11416,unknown,mismatched,20,False,0.39730072021484375,,
final,535,cf_11416,unknown,mismatched,21,False,0.6843118667602539,,
final,535,cf_11416,unknown,mismatched,22,False,0.8145713806152344,,
final,535,cf_11416,unknown,mismatched,23,False,0.01653289794921875,,
final,535,cf_11416,unknown,mismatched,24,False,-0.638117790222168,,
final,535,cf_11416,unknown,mismatched,-1,False,,,0.0
final,535,cf_14847,unknown,mismatched,0,False,4.135500907897949,,
final,535,cf_14847,unknown,mismatched,1,False,-1.7861461639404297,,
final,535,cf_14847,unknown,mismatched,2,False,-1.9064760208129883,,
final,535,cf_14847,unknown,mismatched,3,False,-2.005917549133301,,
final,535,cf_14847,unknown,mismatched,4,False,-2.3116846084594727,,
final,535,cf_14847,unknown,mismatched,5,False,-2.6107492446899414,,
final,535,cf_14847,unknown,mismatched,6,False,-3.277327537536621,,
final,535,cf_14847,unknown,mismatched,7,False,-3.304478645324707,,
final,535,cf_14847,unknown,mismatched,8,False,-3.2075319290161133,,
final,535,cf_14847,unknown,mismatched,9,False,-2.9271459579467773,,
final,535,cf_14847,unknown,mismatched,10,False,-3.4055166244506836,,
final,535,cf_14847,unknown,mismatched,11,False,-4.032657623291016,,
final,535,cf_14847,unknown,mismatched,12,False,-4.713940620422363,,
final,535,cf_14847,unknown,mismatched,13,False,-5.507216930389404,,
final,535,cf_14847,unknown,mismatched,14,False,-5.947880268096924,,
final,535,cf_14847,unknown,mismatched,15,False,-6.028491020202637,,
final,535,cf_14847,unknown,mismatched,16,False,-6.185051918029785,,
final,535,cf_14847,unknown,mismatched,17,False,-6.229863166809082,,
final,535,cf_14847,unknown,mismatched,18,False,-5.661300182342529,,
final,535,cf_14847,unknown,mismatched,19,False,-6.537964820861816,,
final,535,cf_14847,unknown,mismatched,20,False,-5.144778728485107,,
final,535,cf_14847,unknown,mismatched,21,False,-5.591288089752197,,
final,535,cf_14847,unknown,mismatched,22,False,-5.1763386726379395,,
final,535,cf_14847,unknown,mismatched,23,False,-5.218842506408691,,
final,535,cf_14847,unknown,mismatched,24,False,-4.707258701324463,,
final,535,cf_14847,unknown,mismatched,-1,False,,,0.0
final,535,cf_3521,unknown,mismatched,0,False,4.637930870056152,,
final,535,cf_3521,unknown,mismatched,1,False,-2.946796417236328,,
final,535,cf_3521,unknown,mismatched,2,False,-3.29246187210083,,
final,535,cf_3521,unknown,mismatched,3,False,-4.054933547973633,,
final,535,cf_3521,unknown,mismatched,4,False,-6.837865352630615,,
final,535,cf_3521,unknown,mismatched,5,False,-7.215005874633789,,
final,535,cf_3521,unknown,mismatched,6,False,-7.08187198638916,,
final,535,cf_3521,unknown,mismatched,7,False,-7.250029563903809,,
final,535,cf_3521,unknown,mismatched,8,False,-7.74190092086792,,
final,535,cf_3521,unknown,mismatched,9,False,-8.141227722167969,,
final,535,cf_3521,unknown,mismatched,10,False,-7.85888671875,,
final,535,cf_3521,unknown,mismatched,11,False,-7.456411361694336,,
final,535,cf_3521,unknown,mismatched,12,False,-7.388759613037109,,
final,535,cf_3521,unknown,mismatched,13,False,-7.321093559265137,,
final,535,cf_3521,unknown,mismatched,14,False,-6.794366836547852,,
final,535,cf_3521,unknown,mismatched,15,False,-5.960407257080078,,
final,535,cf_3521,unknown,mismatched,16,False,-6.582602500915527,,
final,535,cf_3521,unknown,mismatched,17,False,-7.100393295288086,,
final,535,cf_3521,unknown,mismatched,18,False,-8.128839492797852,,
final,535,cf_3521,unknown,mismatched,19,False,-8.340187072753906,,
final,535,cf_3521,unknown,mismatched,20,False,-8.110074996948242,,
final,535,cf_3521,unknown,mismatched,21,False,-8.022401809692383,,
final,535,cf_3521,unknown,mismatched,22,False,-8.204262733459473,,
final,535,cf_3521,unknown,mismatched,23,False,-7.8621087074279785,,
final,535,cf_3521,unknown,mismatched,24,False,-7.060983657836914,,
final,535,cf_3521,unknown,mismatched,-1,False,,,0.0
final,535,cf_17353,unknown,mismatched,0,False,4.285158157348633,,
final,535,cf_17353,unknown,mismatched,1,False,5.934858322143555,,
final,535,cf_17353,unknown,mismatched,2,False,5.986562728881836,,
final,535,cf_17353,unknown,mismatched,3,False,6.207542419433594,,
final,535,cf_17353,unknown,mismatched,4,False,6.283909797668457,,
final,535,cf_17353,unknown,mismatched,5,False,6.123801231384277,,
final,535,cf_17353,unknown,mismatched,6,False,6.201498031616211,,
final,535,cf_17353,unknown,mismatched,7,False,6.2127885818481445,,
final,535,cf_17353,unknown,mismatched,8,False,6.195354461669922,,
final,535,cf_17353,unknown,mismatched,9,False,6.3290300369262695,,
final,535,cf_17353,unknown,mismatched,10,False,6.766488075256348,,
final,535,cf_17353,unknown,mismatched,11,False,7.481036186218262,,
final,535,cf_17353,unknown,mismatched,12,False,7.791560173034668,,
final,535,cf_17353,unknown,mismatched,13,False,8.465557098388672,,
final,535,cf_17353,unknown,mismatched,14,False,8.972063064575195,,
final,535,cf_17353,unknown,mismatched,15,False,9.53498649597168,,
final,535,cf_17353,unknown,mismatched,16,False,10.403401374816895,,
final,535,cf_17353,unknown,mismatched,17,False,11.247779846191406,,
final,535,cf_17353,unknown,mismatched,18,False,11.755956649780273,,
final,535,cf_17353,unknown,mismatched,19,False,12.342597961425781,,
final,535,cf_17353,unknown,mismatched,20,False,12.838153839111328,,
final,535,cf_17353,unknown,mismatched,21,False,13.23866081237793,,
final,535,cf_17353,unknown,mismatched,22,False,13.006757736206055,,
final,535,cf_17353,unknown,mismatched,23,False,13.572166442871094,,
final,535,cf_17353,unknown,mismatched,24,False,13.062826156616211,,
final,535,cf_17353,unknown,mismatched,-1,False,,,0.0
final,535,cf_9549,unknown,mismatched,0,False,3.3017330169677734,,
final,535,cf_9549,unknown,mismatched,1,False,2.917243003845215,,
final,535,cf_9549,unknown,mismatched,2,False,3.1735458374023438,,
final,535,cf_9549,unknown,mismatched,3,False,3.3886098861694336,,
final,535,cf_9549,unknown,mismatched,4,False,3.2888259887695312,,
final,535,cf_9549,unknown,mismatched,5,False,2.9642419815063477,,
final,535,cf_9549,unknown,mismatched,6,False,2.6513938903808594,,
final,535,cf_9549,unknown,mismatched,7,False,2.5458240509033203,,
final,535,cf_9549,unknown,mismatched,8,False,2.5816478729248047,,
final,535,cf_9549,unknown,mismatched,9,False,2.8714256286621094,,
final,535,cf_9549,unknown,mismatched,10,False,2.8129310607910156,,
final,535,cf_9549,unknown,mismatched,11,False,2.9016075134277344,,
final,535,cf_9549,unknown,mismatched,12,False,3.1527271270751953,,
final,535,cf_9549,unknown,mismatched,13,False,3.0565547943115234,,
final,535,cf_9549,unknown,mismatched,14,False,3.222492218017578,,
final,535,cf_9549,unknown,mismatched,15,False,3.4982399940490723,,
final,535,cf_9549,unknown,mismatched,16,False,3.6420321464538574,,
final,535,cf_9549,unknown,mismatched,17,False,3.81498384475708,,
final,535,cf_9549,unknown,mismatched,18,False,4.535058975219727,,
final,535,cf_9549,unknown,mismatched,19,False,4.669833660125732,,
final,535,cf_9549,unknown,mismatched,20,False,4.98933219909668,,
final,535,cf_9549,unknown,mismatched,21,False,4.713547229766846,,
final,535,cf_9549,unknown,mismatched,22,False,4.258654594421387,,
final,535,cf_9549,unknown,mismatched,23,False,4.634448528289795,,
final,535,cf_9549,unknown,mismatched,24,False,5.505937576293945,,
final,535,cf_9549,unknown,mismatched,-1,False,,,0.0
final,535,cf_11241,unknown,mismatched,0,False,-0.4735279083251953,,
final,535,cf_11241,unknown,mismatched,1,False,-4.1694746017456055,,
final,535,cf_11241,unknown,mismatched,2,False,-4.300970554351807,,
final,535,cf_11241,unknown,mismatched,3,False,-4.512218952178955,,
final,535,cf_11241,unknown,mismatched,4,False,-4.642213344573975,,
final,535,cf_11241,unknown,mismatched,5,False,-4.760895729064941,,
final,535,cf_11241,unknown,mismatched,6,False,-4.585121154785156,,
final,535,cf_11241,unknown,mismatched,7,False,-4.696216106414795,,
final,535,cf_11241,unknown,mismatched,8,False,-4.959600925445557,,
final,535,cf_11241,unknown,mismatched,9,False,-4.976154327392578,,
final,535,cf_11241,unknown,mismatched,10,False,-5.320874214172363,,
final,535,cf_11241,unknown,mismatched,11,False,-5.573904514312744,,
final,535,cf_11241,unknown,mismatched,12,False,-5.5730366706848145,,
final,535,cf_11241,unknown,mismatched,13,False,-4.850998401641846,,
final,535,cf_11241,unknown,mismatched,14,False,-4.812558174133301,,
final,535,cf_11241,unknown,mismatched,15,False,-4.637191295623779,,
final,535,cf_11241,unknown,mismatched,16,False,-4.539083003997803,,
final,535,cf_11241,unknown,mismatched,17,False,-5.172560691833496,,
final,535,cf_11241,unknown,mismatched,18,False,-5.2120795249938965,,
final,535,cf_11241,unknown,mismatched,19,False,-5.489716529846191,,
final,535,cf_11241,unknown,mismatched,20,False,-4.918539047241211,,
final,535,cf_11241,unknown,mismatched,21,False,-5.820462703704834,,
final,535,cf_11241,unknown,mismatched,22,False,-6.461507320404053,,
final,535,cf_11241,unknown,mismatched,23,False,-6.034763813018799,,
final,535,cf_11241,unknown,mismatched,24,False,-5.923046588897705,,
final,535,cf_11241,unknown,mismatched,-1,False,,,
final,535,cf_13420,unknown,mismatched,0,False,4.2206573486328125,,
final,535,cf_13420,unknown,mismatched,1,False,2.037036895751953,,
final,535,cf_13420,unknown,mismatched,2,False,1.9477481842041016,,
final,535,cf_13420,unknown,mismatched,3,False,1.882072925567627,,
final,535,cf_13420,unknown,mismatched,4,False,1.643599510192871,,
final,535,cf_13420,unknown,mismatched,5,False,1.3275165557861328,,
final,535,cf_13420,unknown,mismatched,6,False,1.4232969284057617,,
final,535,cf_13420,unknown,mismatched,7,False,1.4930267333984375,,
final,535,cf_13420,unknown,mismatched,8,False,1.6653199195861816,,
final,535,cf_13420,unknown,mismatched,9,False,2.005983352661133,,
final,535,cf_13420,unknown,mismatched,10,False,2.139547348022461,,
final,535,cf_13420,unknown,mismatched,11,False,2.488459587097168,,
final,535,cf_13420,unknown,mismatched,12,False,2.8060755729675293,,
final,535,cf_13420,unknown,mismatched,13,False,3.017512321472168,,
final,535,cf_13420,unknown,mismatched,14,False,3.2470650672912598,,
final,535,cf_13420,unknown,mismatched,15,False,3.6227710247039795,,
final,535,cf_13420,unknown,mismatched,16,False,3.156406879425049,,
final,535,cf_13420,unknown,mismatched,17,False,3.2750062942504883,,
final,535,cf_13420,unknown,mismatched,18,False,3.1087090969085693,,
final,535,cf_13420,unknown,mismatched,19,False,4.337502479553223,,
final,535,cf_13420,unknown,mismatched,20,False,4.269050121307373,,
final,535,cf_13420,unknown,mismatched,21,False,4.958339691162109,,
final,535,cf_13420,unknown,mismatched,22,False,5.327236175537109,,
final,535,cf_13420,unknown,mismatched,23,False,4.47725772857666,,
final,535,cf_13420,unknown,mismatched,24,False,4.130159378051758,,
final,535,cf_13420,unknown,mismatched,-1,False,,,0.0
final,535,cf_3982,unknown,mismatched,0,False,-7.449257850646973,,
final,535,cf_3982,unknown,mismatched,1,False,-7.726223945617676,,
final,535,cf_3982,unknown,mismatched,2,False,-7.893158912658691,,
final,535,cf_3982,unknown,mismatched,3,False,-7.978087425231934,,
final,535,cf_3982,unknown,mismatched,4,False,-7.6353912353515625,,
final,535,cf_3982,unknown,mismatched,5,False,-7.6848907470703125,,
final,535,cf_3982,unknown,mismatched,6,False,-8.262540817260742,,
final,535,cf_3982,unknown,mismatched,7,False,-8.43978214263916,,
final,535,cf_3982,unknown,mismatched,8,False,-8.252108573913574,,
final,535,cf_3982,unknown,mismatched,9,False,-9.024612426757812,,
final,535,cf_3982,unknown,mismatched,10,False,-9.56201457977295,,
final,535,cf_3982,unknown,mismatched,11,False,-10.232195854187012,,
final,535,cf_3982,unknown,mismatched,12,False,-10.571343421936035,,
final,535,cf_3982,unknown,mismatched,13,False,-10.574700355529785,,
final,535,cf_3982,unknown,mismatched,14,False,-10.899195671081543,,
final,535,cf_3982,unknown,mismatched,15,False,-11.587750434875488,,
final,535,cf_3982,unknown,mismatched,16,False,-11.902277946472168,,
final,535,cf_3982,unknown,mismatched,17,False,-12.447559356689453,,
final,535,cf_3982,unknown,mismatched,18,False,-12.945802688598633,,
final,535,cf_3982,unknown,mismatched,19,False,-12.1533842086792,,
final,535,cf_3982,unknown,mismatched,20,False,-12.688365936279297,,
final,535,cf_3982,unknown,mismatched,21,False,-12.282705307006836,,
final,535,cf_3982,unknown,mismatched,22,False,-12.605507850646973,,
final,535,cf_3982,unknown,mismatched,23,False,-12.587045669555664,,
final,535,cf_3982,unknown,mismatched,24,False,-12.482585906982422,,
final,535,cf_3982,unknown,mismatched,-1,False,,,
final,535,cf_14811,unknown,mismatched,0,False,-3.058320999145508,,
final,535,cf_14811,unknown,mismatched,1,False,-8.83786678314209,,
final,535,cf_14811,unknown,mismatched,2,False,-9.096921920776367,,
final,535,cf_14811,unknown,mismatched,3,False,-9.03723430633545,,
final,535,cf_14811,unknown,mismatched,4,False,-9.178065299987793,,
final,535,cf_14811,unknown,mismatched,5,False,-9.188441276550293,,
final,535,cf_14811,unknown,mismatched,6,False,-8.798073768615723,,
final,535,cf_14811,unknown,mismatched,7,False,-8.914852142333984,,
final,535,cf_14811,unknown,mismatched,8,False,-8.97986888885498,,
final,535,cf_14811,unknown,mismatched,9,False,-8.908836364746094,,
final,535,cf_14811,unknown,mismatched,10,False,-9.114356994628906,,
final,535,cf_14811,unknown,mismatched,11,False,-9.618666648864746,,
final,535,cf_14811,unknown,mismatched,12,False,-9.917739868164062,,
final,535,cf_14811,unknown,mismatched,13,False,-10.061037063598633,,
final,535,cf_14811,unknown,mismatched,14,False,-10.476597785949707,,
final,535,cf_14811,unknown,mismatched,15,False,-10.717574119567871,,
final,535,cf_14811,unknown,mismatched,16,False,-11.47210693359375,,
final,535,cf_14811,unknown,mismatched,17,False,-11.791570663452148,,
final,535,cf_14811,unknown,mismatched,18,False,-13.531862258911133,,
final,535,cf_14811,unknown,mismatched,19,False,-13.75977897644043,,
final,535,cf_14811,unknown,mismatched,20,False,-14.535715103149414,,
final,535,cf_14811,unknown,mismatched,21,False,-14.826966285705566,,
final,535,cf_14811,unknown,mismatched,22,False,-13.592679977416992,,
final,535,cf_14811,unknown,mismatched,23,False,-12.717568397521973,,
final,535,cf_14811,unknown,mismatched,24,False,-10.434274673461914,,
final,535,cf_14811,unknown,mismatched,-1,False,,,
final,535,cf_15540,unknown,mismatched,0,False,-2.2962751388549805,,
final,535,cf_15540,unknown,mismatched,1,False,1.3867778778076172,,
final,535,cf_15540,unknown,mismatched,2,False,2.321500778198242,,
final,535,cf_15540,unknown,mismatched,3,False,2.6576271057128906,,
final,535,cf_15540,unknown,mismatched,4,False,3.7826132774353027,,
final,535,cf_15540,unknown,mismatched,5,False,4.329792499542236,,
final,535,cf_15540,unknown,mismatched,6,False,4.593236923217773,,
final,535,cf_15540,unknown,mismatched,7,False,4.64874267578125,,
final,535,cf_15540,unknown,mismatched,8,False,4.54345703125,,
final,535,cf_15540,unknown,mismatched,9,False,5.295615196228027,,
final,535,cf_15540,unknown,mismatched,10,False,5.667429447174072,,
final,535,cf_15540,unknown,mismatched,11,False,6.109452247619629,,
final,535,cf_15540,unknown,mismatched,12,False,5.611068248748779,,
final,535,cf_15540,unknown,mismatched,13,False,5.055375099182129,,
final,535,cf_15540,unknown,mismatched,14,False,5.098963737487793,,
final,535,cf_15540,unknown,mismatched,15,False,4.611032009124756,,
final,535,cf_15540,unknown,mismatched,16,False,4.855154037475586,,
final,535,cf_15540,unknown,mismatched,17,False,4.687414169311523,,
final,535,cf_15540,unknown,mismatched,18,False,4.731083393096924,,
final,535,cf_15540,unknown,mismatched,19,False,5.294617652893066,,
final,535,cf_15540,unknown,mismatched,20,False,5.972556114196777,,
final,535,cf_15540,unknown,mismatched,21,False,6.670948028564453,,
final,535,cf_15540,unknown,mismatched,22,False,7.0742645263671875,,
final,535,cf_15540,unknown,mismatched,23,False,6.86356258392334,,
final,535,cf_15540,unknown,mismatched,24,False,6.404691219329834,,
final,535,cf_15540,unknown,mismatched,-1,False,,,1.0
final,535,cf_14543,unknown,mismatched,0,False,-3.618898391723633,,
final,535,cf_14543,unknown,mismatched,1,False,-3.545562744140625,,
final,535,cf_14543,unknown,mismatched,2,False,-3.478534698486328,,
final,535,cf_14543,unknown,mismatched,3,False,-3.293646812438965,,
final,535,cf_14543,unknown,mismatched,4,False,-3.35591983795166,,
final,535,cf_14543,unknown,mismatched,5,False,-3.293890953063965,,
final,535,cf_14543,unknown,mismatched,6,False,-3.3229551315307617,,
final,535,cf_14543,unknown,mismatched,7,False,-3.520277976989746,,
final,535,cf_14543,unknown,mismatched,8,False,-3.494553565979004,,
final,535,cf_14543,unknown,mismatched,9,False,-3.573166847229004,,
final,535,cf_14543,unknown,mismatched,10,False,-3.66683292388916,,
final,535,cf_14543,unknown,mismatched,11,False,-3.8474340438842773,,
final,535,cf_14543,unknown,mismatched,12,False,-4.190784454345703,,
final,535,cf_14543,unknown,mismatched,13,False,-4.4997711181640625,,
final,535,cf_14543,unknown,mismatched,14,False,-4.619225978851318,,
final,535,cf_14543,unknown,mismatched,15,False,-4.78150749206543,,
final,535,cf_14543,unknown,mismatched,16,False,-4.577998161315918,,
final,535,cf_14543,unknown,mismatched,17,False,-4.435938835144043,,
final,535,cf_14543,unknown,mismatched,18,False,-4.5753254890441895,,
final,535,cf_14543,unknown,mismatched,19,False,-4.3796539306640625,,
final,535,cf_14543,unknown,mismatched,20,False,-4.295547008514404,,
final,535,cf_14543,unknown,mismatched,21,False,-4.4807844161987305,,
final,535,cf_14543,unknown,mismatched,22,False,-3.3989176750183105,,
final,535,cf_14543,unknown,mismatched,23,False,-3.536912441253662,,
final,535,cf_14543,unknown,mismatched,24,False,-2.3315014839172363,,
final,535,cf_14543,unknown,mismatched,-1,False,,,
final,535,cf_18082,unknown,mismatched,0,False,-6.520140647888184,,
final,535,cf_18082,unknown,mismatched,1,False,-7.828235626220703,,
final,535,cf_18082,unknown,mismatched,2,False,-7.930783271789551,,
final,535,cf_18082,unknown,mismatched,3,False,-8.053079605102539,,
final,535,cf_18082,unknown,mismatched,4,False,-7.962723731994629,,
final,535,cf_18082,unknown,mismatched,5,False,-7.977652549743652,,
final,535,cf_18082,unknown,mismatched,6,False,-7.996713638305664,,
final,535,cf_18082,unknown,mismatched,7,False,-8.028036117553711,,
final,535,cf_18082,unknown,mismatched,8,False,-8.191544532775879,,
final,535,cf_18082,unknown,mismatched,9,False,-8.353872299194336,,
final,535,cf_18082,unknown,mismatched,10,False,-8.358884811401367,,
final,535,cf_18082,unknown,mismatched,11,False,-8.546545028686523,,
final,535,cf_18082,unknown,mismatched,12,False,-9.018339157104492,,
final,535,cf_18082,unknown,mismatched,13,False,-9.085394859313965,,
final,535,cf_18082,unknown,mismatched,14,False,-9.588720321655273,,
final,535,cf_18082,unknown,mismatched,15,False,-9.387651443481445,,
final,535,cf_18082,unknown,mismatched,16,False,-10.019145011901855,,
final,535,cf_18082,unknown,mismatched,17,False,-10.456355094909668,,
final,535,cf_18082,unknown,mismatched,18,False,-11.056768417358398,,
final,535,cf_18082,unknown,mismatched,19,False,-11.677862167358398,,
final,535,cf_18082,unknown,mismatched,20,False,-11.189864158630371,,
final,535,cf_18082,unknown,mismatched,21,False,-10.237458229064941,,
final,535,cf_18082,unknown,mismatched,22,False,-9.705574989318848,,
final,535,cf_18082,unknown,mismatched,23,False,-9.471741676330566,,
final,535,cf_18082,unknown,mismatched,24,False,-9.44918155670166,,
final,535,cf_18082,unknown,mismatched,-1,False,,,
final,535,cf_6780,unknown,mismatched,0,False,5.100974082946777,,
final,535,cf_6780,unknown,mismatched,1,False,-1.408477783203125,,
final,535,cf_6780,unknown,mismatched,2,False,-1.4835057258605957,,
final,535,cf_6780,unknown,mismatched,3,False,-1.3581438064575195,,
final,535,cf_6780,unknown,mismatched,4,False,-1.1685481071472168,,
final,535,cf_6780,unknown,mismatched,5,False,-1.0160341262817383,,
final,535,cf_6780,unknown,mismatched,6,False,-0.5763869285583496,,
final,535,cf_6780,unknown,mismatched,7,False,-0.29608774185180664,,
final,535,cf_6780,unknown,mismatched,8,False,-0.04955148696899414,,
final,535,cf_6780,unknown,mismatched,9,False,0.007523059844970703,,
final,535,cf_6780,unknown,mismatched,10,False,0.11327385902404785,,
final,535,cf_6780,unknown,mismatched,11,False,0.362490177154541,,
final,535,cf_6780,unknown,mismatched,12,False,0.6265339851379395,,
final,535,cf_6780,unknown,mismatched,13,False,0.36770540475845337,,
final,535,cf_6780,unknown,mismatched,14,False,0.19927984476089478,,
final,535,cf_6780,unknown,mismatched,15,False,0.17403057217597961,,
final,535,cf_6780,unknown,mismatched,16,False,1.4762370586395264,,
final,535,cf_6780,unknown,mismatched,17,False,2.5046019554138184,,
final,535,cf_6780,unknown,mismatched,18,False,2.684551477432251,,
final,535,cf_6780,unknown,mismatched,19,False,3.4441893100738525,,
final,535,cf_6780,unknown,mismatched,20,False,3.775777578353882,,
final,535,cf_6780,unknown,mismatched,21,False,4.322553634643555,,
final,535,cf_6780,unknown,mismatched,22,False,6.275834560394287,,
final,535,cf_6780,unknown,mismatched,23,False,7.016017913818359,,
final,535,cf_6780,unknown,mismatched,24,False,10.081097602844238,,
final,535,cf_6780,unknown,mismatched,-1,False,,,0.0
final,535,cf_7402,unknown,self,0,False,-1.790156364440918,,
final,535,cf_7402,unknown,self,1,False,-1.790156364440918,,
final,535,cf_7402,unknown,self,2,False,-1.790156364440918,,
final,535,cf_7402,unknown,self,3,False,-1.790156364440918,,
final,535,cf_7402,unknown,self,4,False,-1.790156364440918,,
final,535,cf_7402,unknown,self,5,False,-1.790156364440918,,
final,535,cf_7402,unknown,self,6,False,-1.790156364440918,,
final,535,cf_7402,unknown,self,7,False,-1.790156364440918,,
final,535,cf_7402,unknown,self,8,False,-1.790156364440918,,
final,535,cf_7402,unknown,self,9,False,-1.790156364440918,,
final,535,cf_7402,unknown,self,10,False,-1.790156364440918,,
final,535,cf_7402,unknown,self,11,False,-1.790156364440918,,
final,535,cf_7402,unknown,self,12,False,-1.790156364440918,,
final,535,cf_7402,unknown,self,13,False,-1.790156364440918,,
final,535,cf_7402,unknown,self,14,False,-1.790156364440918,,
final,535,cf_7402,unknown,self,15,False,-1.790156364440918,,
final,535,cf_7402,unknown,self,16,False,-1.790156364440918,,
final,535,cf_7402,unknown,self,17,False,-1.790156364440918,,
final,535,cf_7402,unknown,self,18,False,-1.790156364440918,,
final,535,cf_7402,unknown,self,19,False,-1.790156364440918,,
final,535,cf_7402,unknown,self,20,False,-1.790156364440918,,
final,535,cf_7402,unknown,self,21,False,-1.790156364440918,,
final,535,cf_7402,unknown,self,22,False,-1.790156364440918,,
final,535,cf_7402,unknown,self,23,False,-1.790156364440918,,
final,535,cf_7402,unknown,self,24,False,-1.8202590942382812,,
final,535,cf_7402,unknown,self,-1,False,,,
final,535,cf_6152,unknown,self,0,False,1.4753904342651367,,
final,535,cf_6152,unknown,self,1,False,1.4753904342651367,,
final,535,cf_6152,unknown,self,2,False,1.4753904342651367,,
final,535,cf_6152,unknown,self,3,False,1.4753904342651367,,
final,535,cf_6152,unknown,self,4,False,1.4753904342651367,,
final,535,cf_6152,unknown,self,5,False,1.4753904342651367,,
final,535,cf_6152,unknown,self,6,False,1.4753904342651367,,
final,535,cf_6152,unknown,self,7,False,1.4753904342651367,,
final,535,cf_6152,unknown,self,8,False,1.4753904342651367,,
final,535,cf_6152,unknown,self,9,False,1.4753904342651367,,
final,535,cf_6152,unknown,self,10,False,1.4753904342651367,,
final,535,cf_6152,unknown,self,11,False,1.4753904342651367,,
final,535,cf_6152,unknown,self,12,False,1.4753904342651367,,
final,535,cf_6152,unknown,self,13,False,1.4753904342651367,,
final,535,cf_6152,unknown,self,14,False,1.4753904342651367,,
final,535,cf_6152,unknown,self,15,False,1.4753904342651367,,
final,535,cf_6152,unknown,self,16,False,1.4753904342651367,,
final,535,cf_6152,unknown,self,17,False,1.4753904342651367,,
final,535,cf_6152,unknown,self,18,False,1.4753904342651367,,
final,535,cf_6152,unknown,self,19,False,1.4753904342651367,,
final,535,cf_6152,unknown,self,20,False,1.4753904342651367,,
final,535,cf_6152,unknown,self,21,False,1.4753904342651367,,
final,535,cf_6152,unknown,self,22,False,1.4753904342651367,,
final,535,cf_6152,unknown,self,23,False,1.4753904342651367,,
final,535,cf_6152,unknown,self,24,False,1.4834203720092773,,
final,535,cf_6152,unknown,self,-1,False,,,0.0
final,535,cf_6269,unknown,self,0,False,4.056303024291992,,
final,535,cf_6269,unknown,self,1,False,4.056303024291992,,
final,535,cf_6269,unknown,self,2,False,4.056303024291992,,
final,535,cf_6269,unknown,self,3,False,4.056303024291992,,
final,535,cf_6269,unknown,self,4,False,4.056303024291992,,
final,535,cf_6269,unknown,self,5,False,4.056303024291992,,
final,535,cf_6269,unknown,self,6,False,4.056303024291992,,
final,535,cf_6269,unknown,self,7,False,4.056303024291992,,
final,535,cf_6269,unknown,self,8,False,4.056303024291992,,
final,535,cf_6269,unknown,self,9,False,4.056303024291992,,
final,535,cf_6269,unknown,self,10,False,4.056303024291992,,
final,535,cf_6269,unknown,self,11,False,4.056303024291992,,
final,535,cf_6269,unknown,self,12,False,4.056303024291992,,
final,535,cf_6269,unknown,self,13,False,4.056303024291992,,
final,535,cf_6269,unknown,self,14,False,4.056303024291992,,
final,535,cf_6269,unknown,self,15,False,4.056303024291992,,
final,535,cf_6269,unknown,self,16,False,4.056303024291992,,
final,535,cf_6269,unknown,self,17,False,4.056303024291992,,
final,535,cf_6269,unknown,self,18,False,4.056303024291992,,
final,535,cf_6269,unknown,self,19,False,4.056303024291992,,
final,535,cf_6269,unknown,self,20,False,4.056303024291992,,
final,535,cf_6269,unknown,self,21,False,4.056303024291992,,
final,535,cf_6269,unknown,self,22,False,4.056303024291992,,
final,535,cf_6269,unknown,self,23,False,4.056303024291992,,
final,535,cf_6269,unknown,self,24,False,3.9220895767211914,,
final,535,cf_6269,unknown,self,-1,False,,,0.0
final,535,cf_16719,unknown,self,0,False,-2.419496536254883,,
final,535,cf_16719,unknown,self,1,False,-2.419496536254883,,
final,535,cf_16719,unknown,self,2,False,-2.419496536254883,,
final,535,cf_16719,unknown,self,3,False,-2.419496536254883,,
final,535,cf_16719,unknown,self,4,False,-2.419496536254883,,
final,535,cf_16719,unknown,self,5,False,-2.419496536254883,,
final,535,cf_16719,unknown,self,6,False,-2.419496536254883,,
final,535,cf_16719,unknown,self,7,False,-2.419496536254883,,
final,535,cf_16719,unknown,self,8,False,-2.419496536254883,,
final,535,cf_16719,unknown,self,9,False,-2.419496536254883,,
final,535,cf_16719,unknown,self,10,False,-2.419496536254883,,
final,535,cf_16719,unknown,self,11,False,-2.419496536254883,,
final,535,cf_16719,unknown,self,12,False,-2.419496536254883,,
final,535,cf_16719,unknown,self,13,False,-2.419496536254883,,
final,535,cf_16719,unknown,self,14,False,-2.419496536254883,,
final,535,cf_16719,unknown,self,15,False,-2.419496536254883,,
final,535,cf_16719,unknown,self,16,False,-2.419496536254883,,
final,535,cf_16719,unknown,self,17,False,-2.419496536254883,,
final,535,cf_16719,unknown,self,18,False,-2.419496536254883,,
final,535,cf_16719,unknown,self,19,False,-2.419496536254883,,
final,535,cf_16719,unknown,self,20,False,-2.419496536254883,,
final,535,cf_16719,unknown,self,21,False,-2.419496536254883,,
final,535,cf_16719,unknown,self,22,False,-2.419496536254883,,
final,535,cf_16719,unknown,self,23,False,-2.419496536254883,,
final,535,cf_16719,unknown,self,24,False,-2.474545478820801,,
final,535,cf_16719,unknown,self,-1,False,,,
final,535,cf_18229,unknown,self,0,False,-2.404489517211914,,
final,535,cf_18229,unknown,self,1,False,-2.404489517211914,,
final,535,cf_18229,unknown,self,2,False,-2.404489517211914,,
final,535,cf_18229,unknown,self,3,False,-2.404489517211914,,
final,535,cf_18229,unknown,self,4,False,-2.404489517211914,,
final,535,cf_18229,unknown,self,5,False,-2.404489517211914,,
final,535,cf_18229,unknown,self,6,False,-2.404489517211914,,
final,535,cf_18229,unknown,self,7,False,-2.404489517211914,,
final,535,cf_18229,unknown,self,8,False,-2.404489517211914,,
final,535,cf_18229,unknown,self,9,False,-2.404489517211914,,
final,535,cf_18229,unknown,self,10,False,-2.404489517211914,,
final,535,cf_18229,unknown,self,11,False,-2.404489517211914,,
final,535,cf_18229,unknown,self,12,False,-2.404489517211914,,
final,535,cf_18229,unknown,self,13,False,-2.404489517211914,,
final,535,cf_18229,unknown,self,14,False,-2.404489517211914,,
final,535,cf_18229,unknown,self,15,False,-2.404489517211914,,
final,535,cf_18229,unknown,self,16,False,-2.404489517211914,,
final,535,cf_18229,unknown,self,17,False,-2.404489517211914,,
final,535,cf_18229,unknown,self,18,False,-2.404489517211914,,
final,535,cf_18229,unknown,self,19,False,-2.404489517211914,,
final,535,cf_18229,unknown,self,20,False,-2.404489517211914,,
final,535,cf_18229,unknown,self,21,False,-2.404489517211914,,
final,535,cf_18229,unknown,self,22,False,-2.404489517211914,,
final,535,cf_18229,unknown,self,23,False,-2.404489517211914,,
final,535,cf_18229,unknown,self,24,False,-2.1494359970092773,,
final,535,cf_18229,unknown,self,-1,False,,,
final,535,cf_13580,unknown,self,0,False,10.72880744934082,,
final,535,cf_13580,unknown,self,1,False,10.72880744934082,,
final,535,cf_13580,unknown,self,2,False,10.72880744934082,,
final,535,cf_13580,unknown,self,3,False,10.72880744934082,,
final,535,cf_13580,unknown,self,4,False,10.72880744934082,,
final,535,cf_13580,unknown,self,5,False,10.72880744934082,,
final,535,cf_13580,unknown,self,6,False,10.72880744934082,,
final,535,cf_13580,unknown,self,7,False,10.72880744934082,,
final,535,cf_13580,unknown,self,8,False,10.72880744934082,,
final,535,cf_13580,unknown,self,9,False,10.72880744934082,,
final,535,cf_13580,unknown,self,10,False,10.72880744934082,,
final,535,cf_13580,unknown,self,11,False,10.72880744934082,,
final,535,cf_13580,unknown,self,12,False,10.72880744934082,,
final,535,cf_13580,unknown,self,13,False,10.72880744934082,,
final,535,cf_13580,unknown,self,14,False,10.72880744934082,,
final,535,cf_13580,unknown,self,15,False,10.72880744934082,,
final,535,cf_13580,unknown,self,16,False,10.72880744934082,,
final,535,cf_13580,unknown,self,17,False,10.72880744934082,,
final,535,cf_13580,unknown,self,18,False,10.72880744934082,,
final,535,cf_13580,unknown,self,19,False,10.72880744934082,,
final,535,cf_13580,unknown,self,20,False,10.72880744934082,,
final,535,cf_13580,unknown,self,21,False,10.72880744934082,,
final,535,cf_13580,unknown,self,22,False,10.72880744934082,,
final,535,cf_13580,unknown,self,23,False,10.72880744934082,,
final,535,cf_13580,unknown,self,24,False,11.151840209960938,,
final,535,cf_13580,unknown,self,-1,False,,,0.0
final,535,cf_16710,unknown,self,0,False,-2.260312080383301,,
final,535,cf_16710,unknown,self,1,False,-2.260312080383301,,
final,535,cf_16710,unknown,self,2,False,-2.260312080383301,,
final,535,cf_16710,unknown,self,3,False,-2.260312080383301,,
final,535,cf_16710,unknown,self,4,False,-2.260312080383301,,
final,535,cf_16710,unknown,self,5,False,-2.260312080383301,,
final,535,cf_16710,unknown,self,6,False,-2.260312080383301,,
final,535,cf_16710,unknown,self,7,False,-2.260312080383301,,
final,535,cf_16710,unknown,self,8,False,-2.260312080383301,,
final,535,cf_16710,unknown,self,9,False,-2.260312080383301,,
final,535,cf_16710,unknown,self,10,False,-2.260312080383301,,
final,535,cf_16710,unknown,self,11,False,-2.260312080383301,,
final,535,cf_16710,unknown,self,12,False,-2.260312080383301,,
final,535,cf_16710,unknown,self,13,False,-2.260312080383301,,
final,535,cf_16710,unknown,self,14,False,-2.260312080383301,,
final,535,cf_16710,unknown,self,15,False,-2.260312080383301,,
final,535,cf_16710,unknown,self,16,False,-2.260312080383301,,
final,535,cf_16710,unknown,self,17,False,-2.260312080383301,,
final,535,cf_16710,unknown,self,18,False,-2.260312080383301,,
final,535,cf_16710,unknown,self,19,False,-2.260312080383301,,
final,535,cf_16710,unknown,self,20,False,-2.260312080383301,,
final,535,cf_16710,unknown,self,21,False,-2.260312080383301,,
final,535,cf_16710,unknown,self,22,False,-2.260312080383301,,
final,535,cf_16710,unknown,self,23,False,-2.260312080383301,,
final,535,cf_16710,unknown,self,24,False,-2.6276493072509766,,
final,535,cf_16710,unknown,self,-1,False,,,
final,535,cf_1681,unknown,self,0,False,-0.6485385894775391,,
final,535,cf_1681,unknown,self,1,False,-0.6485385894775391,,
final,535,cf_1681,unknown,self,2,False,-0.6485385894775391,,
final,535,cf_1681,unknown,self,3,False,-0.6485385894775391,,
final,535,cf_1681,unknown,self,4,False,-0.6485385894775391,,
final,535,cf_1681,unknown,self,5,False,-0.6485385894775391,,
final,535,cf_1681,unknown,self,6,False,-0.6485385894775391,,
final,535,cf_1681,unknown,self,7,False,-0.6485385894775391,,
final,535,cf_1681,unknown,self,8,False,-0.6485385894775391,,
final,535,cf_1681,unknown,self,9,False,-0.6485385894775391,,
final,535,cf_1681,unknown,self,10,False,-0.6485385894775391,,
final,535,cf_1681,unknown,self,11,False,-0.6485385894775391,,
final,535,cf_1681,unknown,self,12,False,-0.6485385894775391,,
final,535,cf_1681,unknown,self,13,False,-0.6485385894775391,,
final,535,cf_1681,unknown,self,14,False,-0.6485385894775391,,
final,535,cf_1681,unknown,self,15,False,-0.6485385894775391,,
final,535,cf_1681,unknown,self,16,False,-0.6485385894775391,,
final,535,cf_1681,unknown,self,17,False,-0.6485385894775391,,
final,535,cf_1681,unknown,self,18,False,-0.6485385894775391,,
final,535,cf_1681,unknown,self,19,False,-0.6485385894775391,,
final,535,cf_1681,unknown,self,20,False,-0.6485385894775391,,
final,535,cf_1681,unknown,self,21,False,-0.6485385894775391,,
final,535,cf_1681,unknown,self,22,False,-0.6485385894775391,,
final,535,cf_1681,unknown,self,23,False,-0.6485385894775391,,
final,535,cf_1681,unknown,self,24,False,-0.6504697799682617,,
final,535,cf_1681,unknown,self,-1,False,,,
final,535,cf_13412,unknown,self,0,False,-0.8254642486572266,,
final,535,cf_13412,unknown,self,1,False,-0.8254642486572266,,
final,535,cf_13412,unknown,self,2,False,-0.8254642486572266,,
final,535,cf_13412,unknown,self,3,False,-0.8254642486572266,,
final,535,cf_13412,unknown,self,4,False,-0.8254642486572266,,
final,535,cf_13412,unknown,self,5,False,-0.8254642486572266,,
final,535,cf_13412,unknown,self,6,False,-0.8254642486572266,,
final,535,cf_13412,unknown,self,7,False,-0.8254642486572266,,
final,535,cf_13412,unknown,self,8,False,-0.8254642486572266,,
final,535,cf_13412,unknown,self,9,False,-0.8254642486572266,,
final,535,cf_13412,unknown,self,10,False,-0.8254642486572266,,
final,535,cf_13412,unknown,self,11,False,-0.8254642486572266,,
final,535,cf_13412,unknown,self,12,False,-0.8254642486572266,,
final,535,cf_13412,unknown,self,13,False,-0.8254642486572266,,
final,535,cf_13412,unknown,self,14,False,-0.8254642486572266,,
final,535,cf_13412,unknown,self,15,False,-0.8254642486572266,,
final,535,cf_13412,unknown,self,16,False,-0.8254642486572266,,
final,535,cf_13412,unknown,self,17,False,-0.8254642486572266,,
final,535,cf_13412,unknown,self,18,False,-0.8254642486572266,,
final,535,cf_13412,unknown,self,19,False,-0.8254642486572266,,
final,535,cf_13412,unknown,self,20,False,-0.8254642486572266,,
final,535,cf_13412,unknown,self,21,False,-0.8254642486572266,,
final,535,cf_13412,unknown,self,22,False,-0.8254642486572266,,
final,535,cf_13412,unknown,self,23,False,-0.8254642486572266,,
final,535,cf_13412,unknown,self,24,False,-1.055384635925293,,
final,535,cf_13412,unknown,self,-1,False,,,
final,535,cf_8706,unknown,self,0,False,2.1526565551757812,,
final,535,cf_8706,unknown,self,1,False,2.1526565551757812,,
final,535,cf_8706,unknown,self,2,False,2.1526565551757812,,
final,535,cf_8706,unknown,self,3,False,2.1526565551757812,,
final,535,cf_8706,unknown,self,4,False,2.1526565551757812,,
final,535,cf_8706,unknown,self,5,False,2.1526565551757812,,
final,535,cf_8706,unknown,self,6,False,2.1526565551757812,,
final,535,cf_8706,unknown,self,7,False,2.1526565551757812,,
final,535,cf_8706,unknown,self,8,False,2.1526565551757812,,
final,535,cf_8706,unknown,self,9,False,2.1526565551757812,,
final,535,cf_8706,unknown,self,10,False,2.1526565551757812,,
final,535,cf_8706,unknown,self,11,False,2.1526565551757812,,
final,535,cf_8706,unknown,self,12,False,2.1526565551757812,,
final,535,cf_8706,unknown,self,13,False,2.1526565551757812,,
final,535,cf_8706,unknown,self,14,False,2.1526565551757812,,
final,535,cf_8706,unknown,self,15,False,2.1526565551757812,,
final,535,cf_8706,unknown,self,16,False,2.1526565551757812,,
final,535,cf_8706,unknown,self,17,False,2.1526565551757812,,
final,535,cf_8706,unknown,self,18,False,2.1526565551757812,,
final,535,cf_8706,unknown,self,19,False,2.1526565551757812,,
final,535,cf_8706,unknown,self,20,False,2.1526565551757812,,
final,535,cf_8706,unknown,self,21,False,2.1526565551757812,,
final,535,cf_8706,unknown,self,22,False,2.1526565551757812,,
final,535,cf_8706,unknown,self,23,False,2.1526565551757812,,
final,535,cf_8706,unknown,self,24,False,2.134232521057129,,
final,535,cf_8706,unknown,self,-1,False,,,0.0
final,535,cf_1689,unknown,self,0,False,1.1727495193481445,,
final,535,cf_1689,unknown,self,1,False,1.1727495193481445,,
final,535,cf_1689,unknown,self,2,False,1.1727495193481445,,
final,535,cf_1689,unknown,self,3,False,1.1727495193481445,,
final,535,cf_1689,unknown,self,4,False,1.1727495193481445,,
final,535,cf_1689,unknown,self,5,False,1.1727495193481445,,
final,535,cf_1689,unknown,self,6,False,1.1727495193481445,,
final,535,cf_1689,unknown,self,7,False,1.1727495193481445,,
final,535,cf_1689,unknown,self,8,False,1.1727495193481445,,
final,535,cf_1689,unknown,self,9,False,1.1727495193481445,,
final,535,cf_1689,unknown,self,10,False,1.1727495193481445,,
final,535,cf_1689,unknown,self,11,False,1.1727495193481445,,
final,535,cf_1689,unknown,self,12,False,1.1727495193481445,,
final,535,cf_1689,unknown,self,13,False,1.1727495193481445,,
final,535,cf_1689,unknown,self,14,False,1.1727495193481445,,
final,535,cf_1689,unknown,self,15,False,1.1727495193481445,,
final,535,cf_1689,unknown,self,16,False,1.1727495193481445,,
final,535,cf_1689,unknown,self,17,False,1.1727495193481445,,
final,535,cf_1689,unknown,self,18,False,1.1727495193481445,,
final,535,cf_1689,unknown,self,19,False,1.1727495193481445,,
final,535,cf_1689,unknown,self,20,False,1.1727495193481445,,
final,535,cf_1689,unknown,self,21,False,1.1727495193481445,,
final,535,cf_1689,unknown,self,22,False,1.1727495193481445,,
final,535,cf_1689,unknown,self,23,False,1.1727495193481445,,
final,535,cf_1689,unknown,self,24,False,1.1361083984375,,
final,535,cf_1689,unknown,self,-1,False,,,0.0
final,535,cf_18079,unknown,self,0,False,4.044565200805664,,
final,535,cf_18079,unknown,self,1,False,4.044565200805664,,
final,535,cf_18079,unknown,self,2,False,4.044565200805664,,
final,535,cf_18079,unknown,self,3,False,4.044565200805664,,
final,535,cf_18079,unknown,self,4,False,4.044565200805664,,
final,535,cf_18079,unknown,self,5,False,4.044565200805664,,
final,535,cf_18079,unknown,self,6,False,4.044565200805664,,
final,535,cf_18079,unknown,self,7,False,4.044565200805664,,
final,535,cf_18079,unknown,self,8,False,4.044565200805664,,
final,535,cf_18079,unknown,self,9,False,4.044565200805664,,
final,535,cf_18079,unknown,self,10,False,4.044565200805664,,
final,535,cf_18079,unknown,self,11,False,4.044565200805664,,
final,535,cf_18079,unknown,self,12,False,4.044565200805664,,
final,535,cf_18079,unknown,self,13,False,4.044565200805664,,
final,535,cf_18079,unknown,self,14,False,4.044565200805664,,
final,535,cf_18079,unknown,self,15,False,4.044565200805664,,
final,535,cf_18079,unknown,self,16,False,4.044565200805664,,
final,535,cf_18079,unknown,self,17,False,4.044565200805664,,
final,535,cf_18079,unknown,self,18,False,4.044565200805664,,
final,535,cf_18079,unknown,self,19,False,4.044565200805664,,
final,535,cf_18079,unknown,self,20,False,4.044565200805664,,
final,535,cf_18079,unknown,self,21,False,4.044565200805664,,
final,535,cf_18079,unknown,self,22,False,4.044565200805664,,
final,535,cf_18079,unknown,self,23,False,4.044565200805664,,
final,535,cf_18079,unknown,self,24,False,4.222012519836426,,
final,535,cf_18079,unknown,self,-1,False,,,0.0
final,535,cf_18830,unknown,self,0,False,-8.602174758911133,,
final,535,cf_18830,unknown,self,1,False,-8.602174758911133,,
final,535,cf_18830,unknown,self,2,False,-8.602174758911133,,
final,535,cf_18830,unknown,self,3,False,-8.602174758911133,,
final,535,cf_18830,unknown,self,4,False,-8.602174758911133,,
final,535,cf_18830,unknown,self,5,False,-8.602174758911133,,
final,535,cf_18830,unknown,self,6,False,-8.602174758911133,,
final,535,cf_18830,unknown,self,7,False,-8.602174758911133,,
final,535,cf_18830,unknown,self,8,False,-8.602174758911133,,
final,535,cf_18830,unknown,self,9,False,-8.602174758911133,,
final,535,cf_18830,unknown,self,10,False,-8.602174758911133,,
final,535,cf_18830,unknown,self,11,False,-8.602174758911133,,
final,535,cf_18830,unknown,self,12,False,-8.602174758911133,,
final,535,cf_18830,unknown,self,13,False,-8.602174758911133,,
final,535,cf_18830,unknown,self,14,False,-8.602174758911133,,
final,535,cf_18830,unknown,self,15,False,-8.602174758911133,,
final,535,cf_18830,unknown,self,16,False,-8.602174758911133,,
final,535,cf_18830,unknown,self,17,False,-8.602174758911133,,
final,535,cf_18830,unknown,self,18,False,-8.602174758911133,,
final,535,cf_18830,unknown,self,19,False,-8.602174758911133,,
final,535,cf_18830,unknown,self,20,False,-8.602174758911133,,
final,535,cf_18830,unknown,self,21,False,-8.602174758911133,,
final,535,cf_18830,unknown,self,22,False,-8.602174758911133,,
final,535,cf_18830,unknown,self,23,False,-8.602174758911133,,
final,535,cf_18830,unknown,self,24,False,-8.724992752075195,,
final,535,cf_18830,unknown,self,-1,False,,,
final,535,cf_5879,unknown,self,0,False,-0.714756965637207,,
final,535,cf_5879,unknown,self,1,False,-0.714756965637207,,
final,535,cf_5879,unknown,self,2,False,-0.714756965637207,,
final,535,cf_5879,unknown,self,3,False,-0.714756965637207,,
final,535,cf_5879,unknown,self,4,False,-0.714756965637207,,
final,535,cf_5879,unknown,self,5,False,-0.714756965637207,,
final,535,cf_5879,unknown,self,6,False,-0.714756965637207,,
final,535,cf_5879,unknown,self,7,False,-0.714756965637207,,
final,535,cf_5879,unknown,self,8,False,-0.714756965637207,,
final,535,cf_5879,unknown,self,9,False,-0.714756965637207,,
final,535,cf_5879,unknown,self,10,False,-0.714756965637207,,
final,535,cf_5879,unknown,self,11,False,-0.714756965637207,,
final,535,cf_5879,unknown,self,12,False,-0.714756965637207,,
final,535,cf_5879,unknown,self,13,False,-0.714756965637207,,
final,535,cf_5879,unknown,self,14,False,-0.714756965637207,,
final,535,cf_5879,unknown,self,15,False,-0.714756965637207,,
final,535,cf_5879,unknown,self,16,False,-0.714756965637207,,
final,535,cf_5879,unknown,self,17,False,-0.714756965637207,,
final,535,cf_5879,unknown,self,18,False,-0.714756965637207,,
final,535,cf_5879,unknown,self,19,False,-0.714756965637207,,
final,535,cf_5879,unknown,self,20,False,-0.714756965637207,,
final,535,cf_5879,unknown,self,21,False,-0.714756965637207,,
final,535,cf_5879,unknown,self,22,False,-0.714756965637207,,
final,535,cf_5879,unknown,self,23,False,-0.714756965637207,,
final,535,cf_5879,unknown,self,24,False,-0.6715717315673828,,
final,535,cf_5879,unknown,self,-1,False,,,
final,535,cf_18814,unknown,self,0,False,3.563126564025879,,
final,535,cf_18814,unknown,self,1,False,3.563126564025879,,
final,535,cf_18814,unknown,self,2,False,3.563126564025879,,
final,535,cf_18814,unknown,self,3,False,3.563126564025879,,
final,535,cf_18814,unknown,self,4,False,3.563126564025879,,
final,535,cf_18814,unknown,self,5,False,3.563126564025879,,
final,535,cf_18814,unknown,self,6,False,3.563126564025879,,
final,535,cf_18814,unknown,self,7,False,3.563126564025879,,
final,535,cf_18814,unknown,self,8,False,3.563126564025879,,
final,535,cf_18814,unknown,self,9,False,3.563126564025879,,
final,535,cf_18814,unknown,self,10,False,3.563126564025879,,
final,535,cf_18814,unknown,self,11,False,3.563126564025879,,
final,535,cf_18814,unknown,self,12,False,3.563126564025879,,
final,535,cf_18814,unknown,self,13,False,3.563126564025879,,
final,535,cf_18814,unknown,self,14,False,3.563126564025879,,
final,535,cf_18814,unknown,self,15,False,3.563126564025879,,
final,535,cf_18814,unknown,self,16,False,3.563126564025879,,
final,535,cf_18814,unknown,self,17,False,3.563126564025879,,
final,535,cf_18814,unknown,self,18,False,3.563126564025879,,
final,535,cf_18814,unknown,self,19,False,3.563126564025879,,
final,535,cf_18814,unknown,self,20,False,3.563126564025879,,
final,535,cf_18814,unknown,self,21,False,3.563126564025879,,
final,535,cf_18814,unknown,self,22,False,3.563126564025879,,
final,535,cf_18814,unknown,self,23,False,3.563126564025879,,
final,535,cf_18814,unknown,self,24,False,3.846834182739258,,
final,535,cf_18814,unknown,self,-1,False,,,0.0
final,535,cf_10742,unknown,self,0,False,0.8109397888183594,,
final,535,cf_10742,unknown,self,1,False,0.8109397888183594,,
final,535,cf_10742,unknown,self,2,False,0.8109397888183594,,
final,535,cf_10742,unknown,self,3,False,0.8109397888183594,,
final,535,cf_10742,unknown,self,4,False,0.8109397888183594,,
final,535,cf_10742,unknown,self,5,False,0.8109397888183594,,
final,535,cf_10742,unknown,self,6,False,0.8109397888183594,,
final,535,cf_10742,unknown,self,7,False,0.8109397888183594,,
final,535,cf_10742,unknown,self,8,False,0.8109397888183594,,
final,535,cf_10742,unknown,self,9,False,0.8109397888183594,,
final,535,cf_10742,unknown,self,10,False,0.8109397888183594,,
final,535,cf_10742,unknown,self,11,False,0.8109397888183594,,
final,535,cf_10742,unknown,self,12,False,0.8109397888183594,,
final,535,cf_10742,unknown,self,13,False,0.8109397888183594,,
final,535,cf_10742,unknown,self,14,False,0.8109397888183594,,
final,535,cf_10742,unknown,self,15,False,0.8109397888183594,,
final,535,cf_10742,unknown,self,16,False,0.8109397888183594,,
final,535,cf_10742,unknown,self,17,False,0.8109397888183594,,
final,535,cf_10742,unknown,self,18,False,0.8109397888183594,,
final,535,cf_10742,unknown,self,19,False,0.8109397888183594,,
final,535,cf_10742,unknown,self,20,False,0.8109397888183594,,
final,535,cf_10742,unknown,self,21,False,0.8109397888183594,,
final,535,cf_10742,unknown,self,22,False,0.8109397888183594,,
final,535,cf_10742,unknown,self,23,False,0.8109397888183594,,
final,535,cf_10742,unknown,self,24,False,1.0453882217407227,,
final,535,cf_10742,unknown,self,-1,False,,,0.0
final,535,cf_7402,unknown,mismatched,0,False,-1.790156364440918,,
final,535,cf_7402,unknown,mismatched,1,False,3.554471015930176,,
final,535,cf_7402,unknown,mismatched,2,False,3.2578210830688477,,
final,535,cf_7402,unknown,mismatched,3,False,3.027719497680664,,
final,535,cf_7402,unknown,mismatched,4,False,2.8081750869750977,,
final,535,cf_7402,unknown,mismatched,5,False,2.903104782104492,,
final,535,cf_7402,unknown,mismatched,6,False,3.1702356338500977,,
final,535,cf_7402,unknown,mismatched,7,False,3.21151065826416,,
final,535,cf_7402,unknown,mismatched,8,False,3.0376434326171875,,
final,535,cf_7402,unknown,mismatched,9,False,3.181814193725586,,
final,535,cf_7402,unknown,mismatched,10,False,2.8787841796875,,
final,535,cf_7402,unknown,mismatched,11,False,3.056161880493164,,
final,535,cf_7402,unknown,mismatched,12,False,3.020679473876953,,
final,535,cf_7402,unknown,mismatched,13,False,2.9407873153686523,,
final,535,cf_7402,unknown,mismatched,14,False,2.185561180114746,,
final,535,cf_7402,unknown,mismatched,15,False,1.623887062072754,,
final,535,cf_7402,unknown,mismatched,16,False,0.5634193420410156,,
final,535,cf_7402,unknown,mismatched,17,False,0.8929853439331055,,
final,535,cf_7402,unknown,mismatched,18,False,0.41512203216552734,,
final,535,cf_7402,unknown,mismatched,19,False,-0.5494918823242188,,
final,535,cf_7402,unknown,mismatched,20,False,1.1158456802368164,,
final,535,cf_7402,unknown,mismatched,21,False,1.3069496154785156,,
final,535,cf_7402,unknown,mismatched,22,False,1.2654905319213867,,
final,535,cf_7402,unknown,mismatched,23,False,2.544386863708496,,
final,535,cf_7402,unknown,mismatched,24,False,2.5664710998535156,,
final,535,cf_7402,unknown,mismatched,-1,False,,,1.0
final,535,cf_6269,unknown,mismatched,0,False,4.056303024291992,,
final,535,cf_6269,unknown,mismatched,1,False,1.1297807693481445,,
final,535,cf_6269,unknown,mismatched,2,False,1.0316877365112305,,
final,535,cf_6269,unknown,mismatched,3,False,1.185403823852539,,
final,535,cf_6269,unknown,mismatched,4,False,1.1896419525146484,,
final,535,cf_6269,unknown,mismatched,5,False,1.3877191543579102,,
final,535,cf_6269,unknown,mismatched,6,False,1.6184663772583008,,
final,535,cf_6269,unknown,mismatched,7,False,1.719451904296875,,
final,535,cf_6269,unknown,mismatched,8,False,1.4521570205688477,,
final,535,cf_6269,unknown,mismatched,9,False,1.630274772644043,,
final,535,cf_6269,unknown,mismatched,10,False,1.6755743026733398,,
final,535,cf_6269,unknown,mismatched,11,False,1.8320865631103516,,
final,535,cf_6269,unknown,mismatched,12,False,1.995035171508789,,
final,535,cf_6269,unknown,mismatched,13,False,2.0629186630249023,,
final,535,cf_6269,unknown,mismatched,14,False,2.2644176483154297,,
final,535,cf_6269,unknown,mismatched,15,False,2.4305334091186523,,
final,535,cf_6269,unknown,mismatched,16,False,2.3843188285827637,,
final,535,cf_6269,unknown,mismatched,17,False,1.7030487060546875,,
final,535,cf_6269,unknown,mismatched,18,False,1.434518814086914,,
final,535,cf_6269,unknown,mismatched,19,False,0.6287031173706055,,
final,535,cf_6269,unknown,mismatched,20,False,0.7527809143066406,,
final,535,cf_6269,unknown,mismatched,21,False,1.1475191116333008,,
final,535,cf_6269,unknown,mismatched,22,False,0.7247724533081055,,
final,535,cf_6269,unknown,mismatched,23,False,1.22200345993042,,
final,535,cf_6269,unknown,mismatched,24,False,1.0592455863952637,,
final,535,cf_6269,unknown,mismatched,-1,False,,,0.0
final,535,cf_18229,unknown,mismatched,0,False,-2.404489517211914,,
final,535,cf_18229,unknown,mismatched,1,False,-0.47763586044311523,,
final,535,cf_18229,unknown,mismatched,2,False,-0.3487119674682617,,
final,535,cf_18229,unknown,mismatched,3,False,-0.3269052505493164,,
final,535,cf_18229,unknown,mismatched,4,False,-0.22173023223876953,,
final,535,cf_18229,unknown,mismatched,5,False,-0.18346214294433594,,
final,535,cf_18229,unknown,mismatched,6,False,-0.2049727439880371,,
final,535,cf_18229,unknown,mismatched,7,False,-0.2681007385253906,,
final,535,cf_18229,unknown,mismatched,8,False,-0.09948015213012695,,
final,535,cf_18229,unknown,mismatched,9,False,-0.039722442626953125,,
final,535,cf_18229,unknown,mismatched,10,False,-0.08869600296020508,,
final,535,cf_18229,unknown,mismatched,11,False,-0.06892013549804688,,
final,535,cf_18229,unknown,mismatched,12,False,0.0652766227722168,,
final,535,cf_18229,unknown,mismatched,13,False,0.12693071365356445,,
final,535,cf_18229,unknown,mismatched,14,False,0.42201852798461914,,
final,535,cf_18229,unknown,mismatched,15,False,0.4555211067199707,,
final,535,cf_18229,unknown,mismatched,16,False,0.5482194423675537,,
final,535,cf_18229,unknown,mismatched,17,False,0.7196331024169922,,
final,535,cf_18229,unknown,mismatched,18,False,0.9818894863128662,,
final,535,cf_18229,unknown,mismatched,19,False,0.48647618293762207,,
final,535,cf_18229,unknown,mismatched,20,False,1.0793142318725586,,
final,535,cf_18229,unknown,mismatched,21,False,0.8944658041000366,,
final,535,cf_18229,unknown,mismatched,22,False,1.1772551536560059,,
final,535,cf_18229,unknown,mismatched,23,False,0.6001532077789307,,
final,535,cf_18229,unknown,mismatched,24,False,0.8498544692993164,,
final,535,cf_18229,unknown,mismatched,-1,False,,,12.0
final,535,cf_13580,unknown,mismatched,0,False,10.72880744934082,,
final,535,cf_13580,unknown,mismatched,1,False,0.07403278350830078,,
final,535,cf_13580,unknown,mismatched,2,False,0.1485767364501953,,
final,535,cf_13580,unknown,mismatched,3,False,-0.1797046661376953,,
final,535,cf_13580,unknown,mismatched,4,False,0.013593673706054688,,
final,535,cf_13580,unknown,mismatched,5,False,-0.07634162902832031,,
final,535,cf_13580,unknown,mismatched,6,False,0.008970260620117188,,
final,535,cf_13580,unknown,mismatched,7,False,-0.18381500244140625,,
final,535,cf_13580,unknown,mismatched,8,False,-0.12907028198242188,,
final,535,cf_13580,unknown,mismatched,9,False,-0.20932245254516602,,
final,535,cf_13580,unknown,mismatched,10,False,0.09180021286010742,,
final,535,cf_13580,unknown,mismatched,11,False,0.026354312896728516,,
final,535,cf_13580,unknown,mismatched,12,False,0.35553455352783203,,
final,535,cf_13580,unknown,mismatched,13,False,0.2235264778137207,,
final,535,cf_13580,unknown,mismatched,14,False,0.4189424514770508,,
final,535,cf_13580,unknown,mismatched,15,False,0.7155544757843018,,
final,535,cf_13580,unknown,mismatched,16,False,0.9125421047210693,,
final,535,cf_13580,unknown,mismatched,17,False,1.832549810409546,,
final,535,cf_13580,unknown,mismatched,18,False,3.0830178260803223,,
final,535,cf_13580,unknown,mismatched,19,False,4.189373016357422,,
final,535,cf_13580,unknown,mismatched,20,False,5.338698863983154,,
final,535,cf_13580,unknown,mismatched,21,False,5.942627906799316,,
final,535,cf_13580,unknown,mismatched,22,False,5.953324794769287,,
final,535,cf_13580,unknown,mismatched,23,False,6.608647346496582,,
final,535,cf_13580,unknown,mismatched,24,False,8.219924926757812,,
final,535,cf_13580,unknown,mismatched,-1,False,,,0.0
final,535,cf_16710,unknown,mismatched,0,False,-2.260312080383301,,
final,535,cf_16710,unknown,mismatched,1,False,-2.7173051834106445,,
final,535,cf_16710,unknown,mismatched,2,False,-2.6546497344970703,,
final,535,cf_16710,unknown,mismatched,3,False,-2.6179895401000977,,
final,535,cf_16710,unknown,mismatched,4,False,-2.7119226455688477,,
final,535,cf_16710,unknown,mismatched,5,False,-2.759143829345703,,
final,535,cf_16710,unknown,mismatched,6,False,-2.9682044982910156,,
final,535,cf_16710,unknown,mismatched,7,False,-3.019965171813965,,
final,535,cf_16710,unknown,mismatched,8,False,-2.975398063659668,,
final,535,cf_16710,unknown,mismatched,9,False,-2.6083106994628906,,
final,535,cf_16710,unknown,mismatched,10,False,-2.3868846893310547,,
final,535,cf_16710,unknown,mismatched,11,False,-2.397703170776367,,
final,535,cf_16710,unknown,mismatched,12,False,-2.2805938720703125,,
final,535,cf_16710,unknown,mismatched,13,False,-1.9376420974731445,,
final,535,cf_16710,unknown,mismatched,14,False,-1.9463310241699219,,
final,535,cf_16710,unknown,mismatched,15,False,-1.6691570281982422,,
final,535,cf_16710,unknown,mismatched,16,False,-1.6757230758666992,,
final,535,cf_16710,unknown,mismatched,17,False,-1.6351127624511719,,
final,535,cf_16710,unknown,mismatched,18,False,-1.17218017578125,,
final,535,cf_16710,unknown,mismatched,19,False,-0.9260454177856445,,
final,535,cf_16710,unknown,mismatched,20,False,-0.4113178253173828,,
final,535,cf_16710,unknown,mismatched,21,False,-0.724217414855957,,
final,535,cf_16710,unknown,mismatched,22,False,0.5716667175292969,,
final,535,cf_16710,unknown,mismatched,23,False,0.7153968811035156,,
final,535,cf_16710,unknown,mismatched,24,False,0.24305343627929688,,
final,535,cf_16710,unknown,mismatched,-1,False,,,22.0
final,535,cf_13412,unknown,mismatched,0,False,-0.8254642486572266,,
final,535,cf_13412,unknown,mismatched,1,False,0.9065313339233398,,
final,535,cf_13412,unknown,mismatched,2,False,0.9268760681152344,,
final,535,cf_13412,unknown,mismatched,3,False,0.8864860534667969,,
final,535,cf_13412,unknown,mismatched,4,False,0.4537019729614258,,
final,535,cf_13412,unknown,mismatched,5,False,0.7579574584960938,,
final,535,cf_13412,unknown,mismatched,6,False,0.6965255737304688,,
final,535,cf_13412,unknown,mismatched,7,False,0.6961402893066406,,
final,535,cf_13412,unknown,mismatched,8,False,0.9386787414550781,,
final,535,cf_13412,unknown,mismatched,9,False,0.9994831085205078,,
final,535,cf_13412,unknown,mismatched,10,False,1.1018552780151367,,
final,535,cf_13412,unknown,mismatched,11,False,1.0470256805419922,,
final,535,cf_13412,unknown,mismatched,12,False,1.0799226760864258,,
final,535,cf_13412,unknown,mismatched,13,False,1.260981559753418,,
final,535,cf_13412,unknown,mismatched,14,False,1.5141868591308594,,
final,535,cf_13412,unknown,mismatched,15,False,1.807154655456543,,
final,535,cf_13412,unknown,mismatched,16,False,1.74603271484375,,
final,535,cf_13412,unknown,mismatched,17,False,2.123906135559082,,
final,535,cf_13412,unknown,mismatched,18,False,1.6404438018798828,,
final,535,cf_13412,unknown,mismatched,19,False,1.0584583282470703,,
final,535,cf_13412,unknown,mismatched,20,False,1.2994384765625,,
final,535,cf_13412,unknown,mismatched,21,False,1.248617172241211,,
final,535,cf_13412,unknown,mismatched,22,False,1.505061149597168,,
final,535,cf_13412,unknown,mismatched,23,False,1.3695611953735352,,
final,535,cf_13412,unknown,mismatched,24,False,2.4666757583618164,,
final,535,cf_13412,unknown,mismatched,-1,False,,,1.0
final,535,cf_1689,unknown,mismatched,0,False,1.1727495193481445,,
final,535,cf_1689,unknown,mismatched,1,False,-1.9336185455322266,,
final,535,cf_1689,unknown,mismatched,2,False,-1.6637358665466309,,
final,535,cf_1689,unknown,mismatched,3,False,-1.438581943511963,,
final,535,cf_1689,unknown,mismatched,4,False,-1.0262184143066406,,
final,535,cf_1689,unknown,mismatched,5,False,-1.2218756675720215,,
final,535,cf_1689,unknown,mismatched,6,False,-1.4289121627807617,,
final,535,cf_1689,unknown,mismatched,7,False,-1.4082012176513672,,
final,535,cf_1689,unknown,mismatched,8,False,-1.3109822273254395,,
final,535,cf_1689,unknown,mismatched,9,False,-1.1654987335205078,,
final,535,cf_1689,unknown,mismatched,10,False,-1.302164077758789,,
final,535,cf_1689,unknown,mismatched,11,False,-1.6272096633911133,,
final,535,cf_1689,unknown,mismatched,12,False,-2.210707664489746,,
final,535,cf_1689,unknown,mismatched,13,False,-3.3470704555511475,,
final,535,cf_1689,unknown,mismatched,14,False,-4.049822807312012,,
final,535,cf_1689,unknown,mismatched,15,False,-3.858442783355713,,
final,535,cf_1689,unknown,mismatched,16,False,-3.9775681495666504,,
final,535,cf_1689,unknown,mismatched,17,False,-3.675433397293091,,
final,535,cf_1689,unknown,mismatched,18,False,-3.3598127365112305,,
final,535,cf_1689,unknown,mismatched,19,False,-2.607097625732422,,
final,535,cf_1689,unknown,mismatched,20,False,-2.5869598388671875,,
final,535,cf_1689,unknown,mismatched,21,False,-2.626066207885742,,
final,535,cf_1689,unknown,mismatched,22,False,-1.4190250635147095,,
final,535,cf_1689,unknown,mismatched,23,False,-1.0855640172958374,,
final,535,cf_1689,unknown,mismatched,24,False,-0.9509099721908569,,
final,535,cf_1689,unknown,mismatched,-1,False,,,0.0
final,535,cf_18079,unknown,mismatched,0,False,4.044565200805664,,
final,535,cf_18079,unknown,mismatched,1,False,-2.0620222091674805,,
final,535,cf_18079,unknown,mismatched,2,False,-1.8356456756591797,,
final,535,cf_18079,unknown,mismatched,3,False,-2.2249622344970703,,
final,535,cf_18079,unknown,mismatched,4,False,-1.9238967895507812,,
final,535,cf_18079,unknown,mismatched,5,False,-2.3696651458740234,,
final,535,cf_18079,unknown,mismatched,6,False,-3.0297794342041016,,
final,535,cf_18079,unknown,mismatched,7,False,-3.7624473571777344,,
final,535,cf_18079,unknown,mismatched,8,False,-4.097455978393555,,
final,535,cf_18079,unknown,mismatched,9,False,-4.930002212524414,,
final,535,cf_18079,unknown,mismatched,10,False,-5.397985458374023,,
final,535,cf_18079,unknown,mismatched,11,False,-5.9543256759643555,,
final,535,cf_18079,unknown,mismatched,12,False,-6.503628730773926,,
final,535,cf_18079,unknown,mismatched,13,False,-6.935263633728027,,
final,535,cf_18079,unknown,mismatched,14,False,-7.0793962478637695,,
final,535,cf_18079,unknown,mismatched,15,False,-7.200983047485352,,
final,535,cf_18079,unknown,mismatched,16,False,-6.9188337326049805,,
final,535,cf_18079,unknown,mismatched,17,False,-7.757501602172852,,
final,535,cf_18079,unknown,mismatched,18,False,-7.478052139282227,,
final,535,cf_18079,unknown,mismatched,19,False,-7.246387481689453,,
final,535,cf_18079,unknown,mismatched,20,False,-7.516201972961426,,
final,535,cf_18079,unknown,mismatched,21,False,-6.914295196533203,,
final,535,cf_18079,unknown,mismatched,22,False,-6.7017011642456055,,
final,535,cf_18079,unknown,mismatched,23,False,-6.701511383056641,,
final,535,cf_18079,unknown,mismatched,24,False,-6.381166458129883,,
final,535,cf_18079,unknown,mismatched,-1,False,,,0.0
final,535,cf_18830,unknown,mismatched,0,False,-8.602174758911133,,
final,535,cf_18830,unknown,mismatched,1,False,-3.0582275390625,,
final,535,cf_18830,unknown,mismatched,2,False,-3.061065673828125,,
final,535,cf_18830,unknown,mismatched,3,False,-2.892160415649414,,
final,535,cf_18830,unknown,mismatched,4,False,-2.769407272338867,,
final,535,cf_18830,unknown,mismatched,5,False,-2.950263023376465,,
final,535,cf_18830,unknown,mismatched,6,False,-2.967850685119629,,
final,535,cf_18830,unknown,mismatched,7,False,-3.1212501525878906,,
final,535,cf_18830,unknown,mismatched,8,False,-3.367757797241211,,
final,535,cf_18830,unknown,mismatched,9,False,-2.8603744506835938,,
final,535,cf_18830,unknown,mismatched,10,False,-2.6705713272094727,,
final,535,cf_18830,unknown,mismatched,11,False,-2.4731760025024414,,
final,535,cf_18830,unknown,mismatched,12,False,-2.168595314025879,,
final,535,cf_18830,unknown,mismatched,13,False,-1.6021995544433594,,
final,535,cf_18830,unknown,mismatched,14,False,-1.147043228149414,,
final,535,cf_18830,unknown,mismatched,15,False,-0.7757377624511719,,
final,535,cf_18830,unknown,mismatched,16,False,-0.45409584045410156,,
final,535,cf_18830,unknown,mismatched,17,False,-0.31885528564453125,,
final,535,cf_18830,unknown,mismatched,18,False,-0.2357921600341797,,
final,535,cf_18830,unknown,mismatched,19,False,-0.3682899475097656,,
final,535,cf_18830,unknown,mismatched,20,True,0.11078453063964844,,
final,535,cf_18830,unknown,mismatched,21,True,0.5028667449951172,,
final,535,cf_18830,unknown,mismatched,22,True,0.4681816101074219,,
final,535,cf_18830,unknown,mismatched,23,True,0.6520729064941406,,
final,535,cf_18830,unknown,mismatched,24,True,1.1569156646728516,,
final,535,cf_18830,unknown,mismatched,-1,True,,20.0,20.0
final,535,cf_5879,unknown,mismatched,0,False,-0.714756965637207,,
final,535,cf_5879,unknown,mismatched,1,False,1.5552968978881836,,
final,535,cf_5879,unknown,mismatched,2,False,1.6797542572021484,,
final,535,cf_5879,unknown,mismatched,3,False,1.6798210144042969,,
final,535,cf_5879,unknown,mismatched,4,False,1.5854377746582031,,
final,535,cf_5879,unknown,mismatched,5,False,1.5766997337341309,,
final,535,cf_5879,unknown,mismatched,6,False,1.4466514587402344,,
final,535,cf_5879,unknown,mismatched,7,False,1.307446002960205,,
final,535,cf_5879,unknown,mismatched,8,False,1.109518051147461,,
final,535,cf_5879,unknown,mismatched,9,False,0.7673816680908203,,
final,535,cf_5879,unknown,mismatched,10,False,0.35970592498779297,,
final,535,cf_5879,unknown,mismatched,11,False,-0.10993289947509766,,
final,535,cf_5879,unknown,mismatched,12,False,-0.5655431747436523,,
final,535,cf_5879,unknown,mismatched,13,False,-1.283423900604248,,
final,535,cf_5879,unknown,mismatched,14,False,-1.680396556854248,,
final,535,cf_5879,unknown,mismatched,15,False,-2.1737451553344727,,
final,535,cf_5879,unknown,mismatched,16,False,-2.7677650451660156,,
final,535,cf_5879,unknown,mismatched,17,False,-3.2697038650512695,,
final,535,cf_5879,unknown,mismatched,18,False,-3.945911407470703,,
final,535,cf_5879,unknown,mismatched,19,False,-3.918055534362793,,
final,535,cf_5879,unknown,mismatched,20,False,-3.1428821086883545,,
final,535,cf_5879,unknown,mismatched,21,False,-1.8079948425292969,,
final,535,cf_5879,unknown,mismatched,22,False,-1.6254615783691406,,
final,535,cf_5879,unknown,mismatched,23,False,-1.7559685707092285,,
final,535,cf_5879,unknown,mismatched,24,False,-1.6104025840759277,,
final,535,cf_5879,unknown,mismatched,-1,False,,,1.0
final,535,cf_10742,unknown,mismatched,0,False,0.8109397888183594,,
final,535,cf_10742,unknown,mismatched,1,False,-1.6240301132202148,,
final,535,cf_10742,unknown,mismatched,2,False,-1.5025339126586914,,
final,535,cf_10742,unknown,mismatched,3,False,-1.4611330032348633,,
final,535,cf_10742,unknown,mismatched,4,False,-1.4150276184082031,,
final,535,cf_10742,unknown,mismatched,5,False,-1.3979463577270508,,
final,535,cf_10742,unknown,mismatched,6,False,-1.4038934707641602,,
final,535,cf_10742,unknown,mismatched,7,False,-1.4216279983520508,,
final,535,cf_10742,unknown,mismatched,8,False,-1.4614715576171875,,
final,535,cf_10742,unknown,mismatched,9,False,-1.3473701477050781,,
final,535,cf_10742,unknown,mismatched,10,False,-1.4108924865722656,,
final,535,cf_10742,unknown,mismatched,11,False,-1.4101972579956055,,
final,535,cf_10742,unknown,mismatched,12,False,-1.4118337631225586,,
final,535,cf_10742,unknown,mismatched,13,False,-1.28826904296875,,
final,535,cf_10742,unknown,mismatched,14,False,-1.2826347351074219,,
final,535,cf_10742,unknown,mismatched,15,False,-1.2345304489135742,,
final,535,cf_10742,unknown,mismatched,16,False,-0.8053302764892578,,
final,535,cf_10742,unknown,mismatched,17,False,-1.1127052307128906,,
final,535,cf_10742,unknown,mismatched,18,False,-0.6886105537414551,,
final,535,cf_10742,unknown,mismatched,19,False,-0.8127069473266602,,
final,535,cf_10742,unknown,mismatched,20,False,-1.1888689994812012,,
final,535,cf_10742,unknown,mismatched,21,False,-0.543694019317627,,
final,535,cf_10742,unknown,mismatched,22,False,0.0911407470703125,,
final,535,cf_10742,unknown,mismatched,23,False,0.2855672836303711,,
final,535,cf_10742,unknown,mismatched,24,False,-0.3542804718017578,,
final,535,cf_10742,unknown,mismatched,-1,False,,,0.0
final,535,cf_13868,unknown,self,0,False,-3.808492660522461,,
final,535,cf_13868,unknown,self,1,False,-3.808492660522461,,
final,535,cf_13868,unknown,self,2,False,-3.808492660522461,,
final,535,cf_13868,unknown,self,3,False,-3.808492660522461,,
final,535,cf_13868,unknown,self,4,False,-3.808492660522461,,
final,535,cf_13868,unknown,self,5,False,-3.808492660522461,,
final,535,cf_13868,unknown,self,6,False,-3.808492660522461,,
final,535,cf_13868,unknown,self,7,False,-3.808492660522461,,
final,535,cf_13868,unknown,self,8,False,-3.808492660522461,,
final,535,cf_13868,unknown,self,9,False,-3.808492660522461,,
final,535,cf_13868,unknown,self,10,False,-3.808492660522461,,
final,535,cf_13868,unknown,self,11,False,-3.808492660522461,,
final,535,cf_13868,unknown,self,12,False,-3.808492660522461,,
final,535,cf_13868,unknown,self,13,False,-3.808492660522461,,
final,535,cf_13868,unknown,self,14,False,-3.808492660522461,,
final,535,cf_13868,unknown,self,15,False,-3.808492660522461,,
final,535,cf_13868,unknown,self,16,False,-3.808492660522461,,
final,535,cf_13868,unknown,self,17,False,-3.808492660522461,,
final,535,cf_13868,unknown,self,18,False,-3.808492660522461,,
final,535,cf_13868,unknown,self,19,False,-3.808492660522461,,
final,535,cf_13868,unknown,self,20,False,-3.808492660522461,,
final,535,cf_13868,unknown,self,21,False,-3.808492660522461,,
final,535,cf_13868,unknown,self,22,False,-3.808492660522461,,
final,535,cf_13868,unknown,self,23,False,-3.808492660522461,,
final,535,cf_13868,unknown,self,24,False,-4.89124870300293,,
final,535,cf_13868,unknown,self,-1,False,,,
final,535,cf_14823,unknown,self,0,False,2.1020965576171875,,
final,535,cf_14823,unknown,self,1,False,2.1020965576171875,,
final,535,cf_14823,unknown,self,2,False,2.1020965576171875,,
final,535,cf_14823,unknown,self,3,False,2.1020965576171875,,
final,535,cf_14823,unknown,self,4,False,2.1020965576171875,,
final,535,cf_14823,unknown,self,5,False,2.1020965576171875,,
final,535,cf_14823,unknown,self,6,False,2.1020965576171875,,
final,535,cf_14823,unknown,self,7,False,2.1020965576171875,,
final,535,cf_14823,unknown,self,8,False,2.1020965576171875,,
final,535,cf_14823,unknown,self,9,False,2.1020965576171875,,
final,535,cf_14823,unknown,self,10,False,2.1020965576171875,,
final,535,cf_14823,unknown,self,11,False,2.1020965576171875,,
final,535,cf_14823,unknown,self,12,False,2.1020965576171875,,
final,535,cf_14823,unknown,self,13,False,2.1020965576171875,,
final,535,cf_14823,unknown,self,14,False,2.1020965576171875,,
final,535,cf_14823,unknown,self,15,False,2.1020965576171875,,
final,535,cf_14823,unknown,self,16,False,2.1020965576171875,,
final,535,cf_14823,unknown,self,17,False,2.1020965576171875,,
final,535,cf_14823,unknown,self,18,False,2.1020965576171875,,
final,535,cf_14823,unknown,self,19,False,2.1020965576171875,,
final,535,cf_14823,unknown,self,20,False,2.1020965576171875,,
final,535,cf_14823,unknown,self,21,False,2.1020965576171875,,
final,535,cf_14823,unknown,self,22,False,2.1020965576171875,,
final,535,cf_14823,unknown,self,23,False,2.1020965576171875,,
final,535,cf_14823,unknown,self,24,False,2.195697784423828,,
final,535,cf_14823,unknown,self,-1,False,,,0.0
final,535,cf_19536,unknown,self,0,False,-0.5061197280883789,,
final,535,cf_19536,unknown,self,1,False,-0.5061197280883789,,
final,535,cf_19536,unknown,self,2,False,-0.5061197280883789,,
final,535,cf_19536,unknown,self,3,False,-0.5061197280883789,,
final,535,cf_19536,unknown,self,4,False,-0.5061197280883789,,
final,535,cf_19536,unknown,self,5,False,-0.5061197280883789,,
final,535,cf_19536,unknown,self,6,False,-0.5061197280883789,,
final,535,cf_19536,unknown,self,7,False,-0.5061197280883789,,
final,535,cf_19536,unknown,self,8,False,-0.5061197280883789,,
final,535,cf_19536,unknown,self,9,False,-0.5061197280883789,,
final,535,cf_19536,unknown,self,10,False,-0.5061197280883789,,
final,535,cf_19536,unknown,self,11,False,-0.5061197280883789,,
final,535,cf_19536,unknown,self,12,False,-0.5061197280883789,,
final,535,cf_19536,unknown,self,13,False,-0.5061197280883789,,
final,535,cf_19536,unknown,self,14,False,-0.5061197280883789,,
final,535,cf_19536,unknown,self,15,False,-0.5061197280883789,,
final,535,cf_19536,unknown,self,16,False,-0.5061197280883789,,
final,535,cf_19536,unknown,self,17,False,-0.5061197280883789,,
final,535,cf_19536,unknown,self,18,False,-0.5061197280883789,,
final,535,cf_19536,unknown,self,19,False,-0.5061197280883789,,
final,535,cf_19536,unknown,self,20,False,-0.5061197280883789,,
final,535,cf_19536,unknown,self,21,False,-0.5061197280883789,,
final,535,cf_19536,unknown,self,22,False,-0.5061197280883789,,
final,535,cf_19536,unknown,self,23,False,-0.5061197280883789,,
final,535,cf_19536,unknown,self,24,False,-0.25930213928222656,,
final,535,cf_19536,unknown,self,-1,False,,,
final,535,cf_2851,unknown,self,0,False,-0.33597660064697266,,
final,535,cf_2851,unknown,self,1,False,-0.33597660064697266,,
final,535,cf_2851,unknown,self,2,False,-0.33597660064697266,,
final,535,cf_2851,unknown,self,3,False,-0.33597660064697266,,
final,535,cf_2851,unknown,self,4,False,-0.33597660064697266,,
final,535,cf_2851,unknown,self,5,False,-0.33597660064697266,,
final,535,cf_2851,unknown,self,6,False,-0.33597660064697266,,
final,535,cf_2851,unknown,self,7,False,-0.33597660064697266,,
final,535,cf_2851,unknown,self,8,False,-0.33597660064697266,,
final,535,cf_2851,unknown,self,9,False,-0.33597660064697266,,
final,535,cf_2851,unknown,self,10,False,-0.33597660064697266,,
final,535,cf_2851,unknown,self,11,False,-0.33597660064697266,,
final,535,cf_2851,unknown,self,12,False,-0.33597660064697266,,
final,535,cf_2851,unknown,self,13,False,-0.33597660064697266,,
final,535,cf_2851,unknown,self,14,False,-0.33597660064697266,,
final,535,cf_2851,unknown,self,15,False,-0.33597660064697266,,
final,535,cf_2851,unknown,self,16,False,-0.33597660064697266,,
final,535,cf_2851,unknown,self,17,False,-0.33597660064697266,,
final,535,cf_2851,unknown,self,18,False,-0.33597660064697266,,
final,535,cf_2851,unknown,self,19,False,-0.33597660064697266,,
final,535,cf_2851,unknown,self,20,False,-0.33597660064697266,,
final,535,cf_2851,unknown,self,21,False,-0.33597660064697266,,
final,535,cf_2851,unknown,self,22,False,-0.33597660064697266,,
final,535,cf_2851,unknown,self,23,False,-0.33597660064697266,,
final,535,cf_2851,unknown,self,24,False,-0.1820831298828125,,
final,535,cf_2851,unknown,self,-1,False,,,
final,535,cf_17595,unknown,self,0,False,4.476805686950684,,
final,535,cf_17595,unknown,self,1,False,4.476805686950684,,
final,535,cf_17595,unknown,self,2,False,4.476805686950684,,
final,535,cf_17595,unknown,self,3,False,4.476805686950684,,
final,535,cf_17595,unknown,self,4,False,4.476805686950684,,
final,535,cf_17595,unknown,self,5,False,4.476805686950684,,
final,535,cf_17595,unknown,self,6,False,4.476805686950684,,
final,535,cf_17595,unknown,self,7,False,4.476805686950684,,
final,535,cf_17595,unknown,self,8,False,4.476805686950684,,
final,535,cf_17595,unknown,self,9,False,4.476805686950684,,
final,535,cf_17595,unknown,self,10,False,4.476805686950684,,
final,535,cf_17595,unknown,self,11,False,4.476805686950684,,
final,535,cf_17595,unknown,self,12,False,4.476805686950684,,
final,535,cf_17595,unknown,self,13,False,4.476805686950684,,
final,535,cf_17595,unknown,self,14,False,4.476805686950684,,
final,535,cf_17595,unknown,self,15,False,4.476805686950684,,
final,535,cf_17595,unknown,self,16,False,4.476805686950684,,
final,535,cf_17595,unknown,self,17,False,4.476805686950684,,
final,535,cf_17595,unknown,self,18,False,4.476805686950684,,
final,535,cf_17595,unknown,self,19,False,4.476805686950684,,
final,535,cf_17595,unknown,self,20,False,4.476805686950684,,
final,535,cf_17595,unknown,self,21,False,4.476805686950684,,
final,535,cf_17595,unknown,self,22,False,4.476805686950684,,
final,535,cf_17595,unknown,self,23,False,4.476805686950684,,
final,535,cf_17595,unknown,self,24,False,5.083632469177246,,
final,535,cf_17595,unknown,self,-1,False,,,0.0
final,535,cf_3667,unknown,self,0,False,-2.247119903564453,,
final,535,cf_3667,unknown,self,1,False,-2.247119903564453,,
final,535,cf_3667,unknown,self,2,False,-2.247119903564453,,
final,535,cf_3667,unknown,self,3,False,-2.247119903564453,,
final,535,cf_3667,unknown,self,4,False,-2.247119903564453,,
final,535,cf_3667,unknown,self,5,False,-2.247119903564453,,
final,535,cf_3667,unknown,self,6,False,-2.247119903564453,,
final,535,cf_3667,unknown,self,7,False,-2.247119903564453,,
final,535,cf_3667,unknown,self,8,False,-2.247119903564453,,
final,535,cf_3667,unknown,self,9,False,-2.247119903564453,,
final,535,cf_3667,unknown,self,10,False,-2.247119903564453,,
final,535,cf_3667,unknown,self,11,False,-2.247119903564453,,
final,535,cf_3667,unknown,self,12,False,-2.247119903564453,,
final,535,cf_3667,unknown,self,13,False,-2.247119903564453,,
final,535,cf_3667,unknown,self,14,False,-2.247119903564453,,
final,535,cf_3667,unknown,self,15,False,-2.247119903564453,,
final,535,cf_3667,unknown,self,16,False,-2.247119903564453,,
final,535,cf_3667,unknown,self,17,False,-2.247119903564453,,
final,535,cf_3667,unknown,self,18,False,-2.247119903564453,,
final,535,cf_3667,unknown,self,19,False,-2.247119903564453,,
final,535,cf_3667,unknown,self,20,False,-2.247119903564453,,
final,535,cf_3667,unknown,self,21,False,-2.247119903564453,,
final,535,cf_3667,unknown,self,22,False,-2.247119903564453,,
final,535,cf_3667,unknown,self,23,False,-2.247119903564453,,
final,535,cf_3667,unknown,self,24,False,-2.232156753540039,,
final,535,cf_3667,unknown,self,-1,False,,,
final,535,cf_1082,unknown,self,0,False,1.4988298416137695,,
final,535,cf_1082,unknown,self,1,False,1.4988298416137695,,
final,535,cf_1082,unknown,self,2,False,1.4988298416137695,,
final,535,cf_1082,unknown,self,3,False,1.4988298416137695,,
final,535,cf_1082,unknown,self,4,False,1.4988298416137695,,
final,535,cf_1082,unknown,self,5,False,1.4988298416137695,,
final,535,cf_1082,unknown,self,6,False,1.4988298416137695,,
final,535,cf_1082,unknown,self,7,False,1.4988298416137695,,
final,535,cf_1082,unknown,self,8,False,1.4988298416137695,,
final,535,cf_1082,unknown,self,9,False,1.4988298416137695,,
final,535,cf_1082,unknown,self,10,False,1.4988298416137695,,
final,535,cf_1082,unknown,self,11,False,1.4988298416137695,,
final,535,cf_1082,unknown,self,12,False,1.4988298416137695,,
final,535,cf_1082,unknown,self,13,False,1.4988298416137695,,
final,535,cf_1082,unknown,self,14,False,1.4988298416137695,,
final,535,cf_1082,unknown,self,15,False,1.4988298416137695,,
final,535,cf_1082,unknown,self,16,False,1.4988298416137695,,
final,535,cf_1082,unknown,self,17,False,1.4988298416137695,,
final,535,cf_1082,unknown,self,18,False,1.4988298416137695,,
final,535,cf_1082,unknown,self,19,False,1.4988298416137695,,
final,535,cf_1082,unknown,self,20,False,1.4988298416137695,,
final,535,cf_1082,unknown,self,21,False,1.4988298416137695,,
final,535,cf_1082,unknown,self,22,False,1.4988298416137695,,
final,535,cf_1082,unknown,self,23,False,1.4988298416137695,,
final,535,cf_1082,unknown,self,24,False,1.8667144775390625,,
final,535,cf_1082,unknown,self,-1,False,,,0.0
final,535,cf_12766,unknown,self,0,False,1.9392824172973633,,
final,535,cf_12766,unknown,self,1,False,1.9392824172973633,,
final,535,cf_12766,unknown,self,2,False,1.9392824172973633,,
final,535,cf_12766,unknown,self,3,False,1.9392824172973633,,
final,535,cf_12766,unknown,self,4,False,1.9392824172973633,,
final,535,cf_12766,unknown,self,5,False,1.9392824172973633,,
final,535,cf_12766,unknown,self,6,False,1.9392824172973633,,
final,535,cf_12766,unknown,self,7,False,1.9392824172973633,,
final,535,cf_12766,unknown,self,8,False,1.9392824172973633,,
final,535,cf_12766,unknown,self,9,False,1.9392824172973633,,
final,535,cf_12766,unknown,self,10,False,1.9392824172973633,,
final,535,cf_12766,unknown,self,11,False,1.9392824172973633,,
final,535,cf_12766,unknown,self,12,False,1.9392824172973633,,
final,535,cf_12766,unknown,self,13,False,1.9392824172973633,,
final,535,cf_12766,unknown,self,14,False,1.9392824172973633,,
final,535,cf_12766,unknown,self,15,False,1.9392824172973633,,
final,535,cf_12766,unknown,self,16,False,1.9392824172973633,,
final,535,cf_12766,unknown,self,17,False,1.9392824172973633,,
final,535,cf_12766,unknown,self,18,False,1.9392824172973633,,
final,535,cf_12766,unknown,self,19,False,1.9392824172973633,,
final,535,cf_12766,unknown,self,20,False,1.9392824172973633,,
final,535,cf_12766,unknown,self,21,False,1.9392824172973633,,
final,535,cf_12766,unknown,self,22,False,1.9392824172973633,,
final,535,cf_12766,unknown,self,23,False,1.9392824172973633,,
final,535,cf_12766,unknown,self,24,False,2.553691864013672,,
final,535,cf_12766,unknown,self,-1,False,,,0.0
final,535,cf_16855,unknown,self,0,False,0.6400966644287109,,
final,535,cf_16855,unknown,self,1,False,0.6400966644287109,,
final,535,cf_16855,unknown,self,2,False,0.6400966644287109,,
final,535,cf_16855,unknown,self,3,False,0.6400966644287109,,
final,535,cf_16855,unknown,self,4,False,0.6400966644287109,,
final,535,cf_16855,unknown,self,5,False,0.6400966644287109,,
final,535,cf_16855,unknown,self,6,False,0.6400966644287109,,
final,535,cf_16855,unknown,self,7,False,0.6400966644287109,,
final,535,cf_16855,unknown,self,8,False,0.6400966644287109,,
final,535,cf_16855,unknown,self,9,False,0.6400966644287109,,
final,535,cf_16855,unknown,self,10,False,0.6400966644287109,,
final,535,cf_16855,unknown,self,11,False,0.6400966644287109,,
final,535,cf_16855,unknown,self,12,False,0.6400966644287109,,
final,535,cf_16855,unknown,self,13,False,0.6400966644287109,,
final,535,cf_16855,unknown,self,14,False,0.6400966644287109,,
final,535,cf_16855,unknown,self,15,False,0.6400966644287109,,
final,535,cf_16855,unknown,self,16,False,0.6400966644287109,,
final,535,cf_16855,unknown,self,17,False,0.6400966644287109,,
final,535,cf_16855,unknown,self,18,False,0.6400966644287109,,
final,535,cf_16855,unknown,self,19,False,0.6400966644287109,,
final,535,cf_16855,unknown,self,20,False,0.6400966644287109,,
final,535,cf_16855,unknown,self,21,False,0.6400966644287109,,
final,535,cf_16855,unknown,self,22,False,0.6400966644287109,,
final,535,cf_16855,unknown,self,23,False,0.6400966644287109,,
final,535,cf_16855,unknown,self,24,False,0.65557861328125,,
final,535,cf_16855,unknown,self,-1,False,,,0.0
final,535,cf_16037,unknown,self,0,False,4.248237609863281,,
final,535,cf_16037,unknown,self,1,False,4.248237609863281,,
final,535,cf_16037,unknown,self,2,False,4.248237609863281,,
final,535,cf_16037,unknown,self,3,False,4.248237609863281,,
final,535,cf_16037,unknown,self,4,False,4.248237609863281,,
final,535,cf_16037,unknown,self,5,False,4.248237609863281,,
final,535,cf_16037,unknown,self,6,False,4.248237609863281,,
final,535,cf_16037,unknown,self,7,False,4.248237609863281,,
final,535,cf_16037,unknown,self,8,False,4.248237609863281,,
final,535,cf_16037,unknown,self,9,False,4.248237609863281,,
final,535,cf_16037,unknown,self,10,False,4.248237609863281,,
final,535,cf_16037,unknown,self,11,False,4.248237609863281,,
final,535,cf_16037,unknown,self,12,False,4.248237609863281,,
final,535,cf_16037,unknown,self,13,False,4.248237609863281,,
final,535,cf_16037,unknown,self,14,False,4.248237609863281,,
final,535,cf_16037,unknown,self,15,False,4.248237609863281,,
final,535,cf_16037,unknown,self,16,False,4.248237609863281,,
final,535,cf_16037,unknown,self,17,False,4.248237609863281,,
final,535,cf_16037,unknown,self,18,False,4.248237609863281,,
final,535,cf_16037,unknown,self,19,False,4.248237609863281,,
final,535,cf_16037,unknown,self,20,False,4.248237609863281,,
final,535,cf_16037,unknown,self,21,False,4.248237609863281,,
final,535,cf_16037,unknown,self,22,False,4.248237609863281,,
final,535,cf_16037,unknown,self,23,False,4.248237609863281,,
final,535,cf_16037,unknown,self,24,False,4.498177528381348,,
final,535,cf_16037,unknown,self,-1,False,,,0.0
final,535,cf_8905,unknown,self,0,False,2.772547721862793,,
final,535,cf_8905,unknown,self,1,False,2.772547721862793,,
final,535,cf_8905,unknown,self,2,False,2.772547721862793,,
final,535,cf_8905,unknown,self,3,False,2.772547721862793,,
final,535,cf_8905,unknown,self,4,False,2.772547721862793,,
final,535,cf_8905,unknown,self,5,False,2.772547721862793,,
final,535,cf_8905,unknown,self,6,False,2.772547721862793,,
final,535,cf_8905,unknown,self,7,False,2.772547721862793,,
final,535,cf_8905,unknown,self,8,False,2.772547721862793,,
final,535,cf_8905,unknown,self,9,False,2.772547721862793,,
final,535,cf_8905,unknown,self,10,False,2.772547721862793,,
final,535,cf_8905,unknown,self,11,False,2.772547721862793,,
final,535,cf_8905,unknown,self,12,False,2.772547721862793,,
final,535,cf_8905,unknown,self,13,False,2.772547721862793,,
final,535,cf_8905,unknown,self,14,False,2.772547721862793,,
final,535,cf_8905,unknown,self,15,False,2.772547721862793,,
final,535,cf_8905,unknown,self,16,False,2.772547721862793,,
final,535,cf_8905,unknown,self,17,False,2.772547721862793,,
final,535,cf_8905,unknown,self,18,False,2.772547721862793,,
final,535,cf_8905,unknown,self,19,False,2.772547721862793,,
final,535,cf_8905,unknown,self,20,False,2.772547721862793,,
final,535,cf_8905,unknown,self,21,False,2.772547721862793,,
final,535,cf_8905,unknown,self,22,False,2.772547721862793,,
final,535,cf_8905,unknown,self,23,False,2.772547721862793,,
final,535,cf_8905,unknown,self,24,False,2.8149991035461426,,
final,535,cf_8905,unknown,self,-1,False,,,0.0
final,535,cf_1065,unknown,self,0,False,1.7108278274536133,,
final,535,cf_1065,unknown,self,1,False,1.7108278274536133,,
final,535,cf_1065,unknown,self,2,False,1.7108278274536133,,
final,535,cf_1065,unknown,self,3,False,1.7108278274536133,,
final,535,cf_1065,unknown,self,4,False,1.7108278274536133,,
final,535,cf_1065,unknown,self,5,False,1.7108278274536133,,
final,535,cf_1065,unknown,self,6,False,1.7108278274536133,,
final,535,cf_1065,unknown,self,7,False,1.7108278274536133,,
final,535,cf_1065,unknown,self,8,False,1.7108278274536133,,
final,535,cf_1065,unknown,self,9,False,1.7108278274536133,,
final,535,cf_1065,unknown,self,10,False,1.7108278274536133,,
final,535,cf_1065,unknown,self,11,False,1.7108278274536133,,
final,535,cf_1065,unknown,self,12,False,1.7108278274536133,,
final,535,cf_1065,unknown,self,13,False,1.7108278274536133,,
final,535,cf_1065,unknown,self,14,False,1.7108278274536133,,
final,535,cf_1065,unknown,self,15,False,1.7108278274536133,,
final,535,cf_1065,unknown,self,16,False,1.7108278274536133,,
final,535,cf_1065,unknown,self,17,False,1.7108278274536133,,
final,535,cf_1065,unknown,self,18,False,1.7108278274536133,,
final,535,cf_1065,unknown,self,19,False,1.7108278274536133,,
final,535,cf_1065,unknown,self,20,False,1.7108278274536133,,
final,535,cf_1065,unknown,self,21,False,1.7108278274536133,,
final,535,cf_1065,unknown,self,22,False,1.7108278274536133,,
final,535,cf_1065,unknown,self,23,False,1.7108278274536133,,
final,535,cf_1065,unknown,self,24,False,1.9585161209106445,,
final,535,cf_1065,unknown,self,-1,False,,,0.0
final,535,cf_18142,unknown,self,0,False,-9.75883960723877,,
final,535,cf_18142,unknown,self,1,False,-9.75883960723877,,
final,535,cf_18142,unknown,self,2,False,-9.75883960723877,,
final,535,cf_18142,unknown,self,3,False,-9.75883960723877,,
final,535,cf_18142,unknown,self,4,False,-9.75883960723877,,
final,535,cf_18142,unknown,self,5,False,-9.75883960723877,,
final,535,cf_18142,unknown,self,6,False,-9.75883960723877,,
final,535,cf_18142,unknown,self,7,False,-9.75883960723877,,
final,535,cf_18142,unknown,self,8,False,-9.75883960723877,,
final,535,cf_18142,unknown,self,9,False,-9.75883960723877,,
final,535,cf_18142,unknown,self,10,False,-9.75883960723877,,
final,535,cf_18142,unknown,self,11,False,-9.75883960723877,,
final,535,cf_18142,unknown,self,12,False,-9.75883960723877,,
final,535,cf_18142,unknown,self,13,False,-9.75883960723877,,
final,535,cf_18142,unknown,self,14,False,-9.75883960723877,,
final,535,cf_18142,unknown,self,15,False,-9.75883960723877,,
final,535,cf_18142,unknown,self,16,False,-9.75883960723877,,
final,535,cf_18142,unknown,self,17,False,-9.75883960723877,,
final,535,cf_18142,unknown,self,18,False,-9.75883960723877,,
final,535,cf_18142,unknown,self,19,False,-9.75883960723877,,
final,535,cf_18142,unknown,self,20,False,-9.75883960723877,,
final,535,cf_18142,unknown,self,21,False,-9.75883960723877,,
final,535,cf_18142,unknown,self,22,False,-9.75883960723877,,
final,535,cf_18142,unknown,self,23,False,-9.75883960723877,,
final,535,cf_18142,unknown,self,24,False,-10.794133186340332,,
final,535,cf_18142,unknown,self,-1,False,,,
final,535,cf_2174,unknown,self,0,False,0.43951988220214844,,
final,535,cf_2174,unknown,self,1,False,0.43951988220214844,,
final,535,cf_2174,unknown,self,2,False,0.43951988220214844,,
final,535,cf_2174,unknown,self,3,False,0.43951988220214844,,
final,535,cf_2174,unknown,self,4,False,0.43951988220214844,,
final,535,cf_2174,unknown,self,5,False,0.43951988220214844,,
final,535,cf_2174,unknown,self,6,False,0.43951988220214844,,
final,535,cf_2174,unknown,self,7,False,0.43951988220214844,,
final,535,cf_2174,unknown,self,8,False,0.43951988220214844,,
final,535,cf_2174,unknown,self,9,False,0.43951988220214844,,
final,535,cf_2174,unknown,self,10,False,0.43951988220214844,,
final,535,cf_2174,unknown,self,11,False,0.43951988220214844,,
final,535,cf_2174,unknown,self,12,False,0.43951988220214844,,
final,535,cf_2174,unknown,self,13,False,0.43951988220214844,,
final,535,cf_2174,unknown,self,14,False,0.43951988220214844,,
final,535,cf_2174,unknown,self,15,False,0.43951988220214844,,
final,535,cf_2174,unknown,self,16,False,0.43951988220214844,,
final,535,cf_2174,unknown,self,17,False,0.43951988220214844,,
final,535,cf_2174,unknown,self,18,False,0.43951988220214844,,
final,535,cf_2174,unknown,self,19,False,0.43951988220214844,,
final,535,cf_2174,unknown,self,20,False,0.43951988220214844,,
final,535,cf_2174,unknown,self,21,False,0.43951988220214844,,
final,535,cf_2174,unknown,self,22,False,0.43951988220214844,,
final,535,cf_2174,unknown,self,23,False,0.43951988220214844,,
final,535,cf_2174,unknown,self,24,False,0.27269935607910156,,
final,535,cf_2174,unknown,self,-1,False,,,0.0
final,535,cf_10184,unknown,self,0,False,0.8984489440917969,,
final,535,cf_10184,unknown,self,1,False,0.8984489440917969,,
final,535,cf_10184,unknown,self,2,False,0.8984489440917969,,
final,535,cf_10184,unknown,self,3,False,0.8984489440917969,,
final,535,cf_10184,unknown,self,4,False,0.8984489440917969,,
final,535,cf_10184,unknown,self,5,False,0.8984489440917969,,
final,535,cf_10184,unknown,self,6,False,0.8984489440917969,,
final,535,cf_10184,unknown,self,7,False,0.8984489440917969,,
final,535,cf_10184,unknown,self,8,False,0.8984489440917969,,
final,535,cf_10184,unknown,self,9,False,0.8984489440917969,,
final,535,cf_10184,unknown,self,10,False,0.8984489440917969,,
final,535,cf_10184,unknown,self,11,False,0.8984489440917969,,
final,535,cf_10184,unknown,self,12,False,0.8984489440917969,,
final,535,cf_10184,unknown,self,13,False,0.8984489440917969,,
final,535,cf_10184,unknown,self,14,False,0.8984489440917969,,
final,535,cf_10184,unknown,self,15,False,0.8984489440917969,,
final,535,cf_10184,unknown,self,16,False,0.8984489440917969,,
final,535,cf_10184,unknown,self,17,False,0.8984489440917969,,
final,535,cf_10184,unknown,self,18,False,0.8984489440917969,,
final,535,cf_10184,unknown,self,19,False,0.8984489440917969,,
final,535,cf_10184,unknown,self,20,False,0.8984489440917969,,
final,535,cf_10184,unknown,self,21,False,0.8984489440917969,,
final,535,cf_10184,unknown,self,22,False,0.8984489440917969,,
final,535,cf_10184,unknown,self,23,False,0.8984489440917969,,
final,535,cf_10184,unknown,self,24,False,0.47843170166015625,,
final,535,cf_10184,unknown,self,-1,False,,,0.0
final,535,cf_15314,unknown,self,0,False,-3.792011260986328,,
final,535,cf_15314,unknown,self,1,False,-3.792011260986328,,
final,535,cf_15314,unknown,self,2,False,-3.792011260986328,,
final,535,cf_15314,unknown,self,3,False,-3.792011260986328,,
final,535,cf_15314,unknown,self,4,False,-3.792011260986328,,
final,535,cf_15314,unknown,self,5,False,-3.792011260986328,,
final,535,cf_15314,unknown,self,6,False,-3.792011260986328,,
final,535,cf_15314,unknown,self,7,False,-3.792011260986328,,
final,535,cf_15314,unknown,self,8,False,-3.792011260986328,,
final,535,cf_15314,unknown,self,9,False,-3.792011260986328,,
final,535,cf_15314,unknown,self,10,False,-3.792011260986328,,
final,535,cf_15314,unknown,self,11,False,-3.792011260986328,,
final,535,cf_15314,unknown,self,12,False,-3.792011260986328,,
final,535,cf_15314,unknown,self,13,False,-3.792011260986328,,
final,535,cf_15314,unknown,self,14,False,-3.792011260986328,,
final,535,cf_15314,unknown,self,15,False,-3.792011260986328,,
final,535,cf_15314,unknown,self,16,False,-3.792011260986328,,
final,535,cf_15314,unknown,self,17,False,-3.792011260986328,,
final,535,cf_15314,unknown,self,18,False,-3.792011260986328,,
final,535,cf_15314,unknown,self,19,False,-3.792011260986328,,
final,535,cf_15314,unknown,self,20,False,-3.792011260986328,,
final,535,cf_15314,unknown,self,21,False,-3.792011260986328,,
final,535,cf_15314,unknown,self,22,False,-3.792011260986328,,
final,535,cf_15314,unknown,self,23,False,-3.792011260986328,,
final,535,cf_15314,unknown,self,24,False,-4.451175689697266,,
final,535,cf_15314,unknown,self,-1,False,,,
final,535,cf_13868,unknown,mismatched,0,False,-3.808492660522461,,
final,535,cf_13868,unknown,mismatched,1,False,-5.02214241027832,,
final,535,cf_13868,unknown,mismatched,2,False,-5.306497573852539,,
final,535,cf_13868,unknown,mismatched,3,False,-4.769939422607422,,
final,535,cf_13868,unknown,mismatched,4,False,-4.142189979553223,,
final,535,cf_13868,unknown,mismatched,5,False,-3.9079389572143555,,
final,535,cf_13868,unknown,mismatched,6,False,-3.691183090209961,,
final,535,cf_13868,unknown,mismatched,7,False,-3.6703290939331055,,
final,535,cf_13868,unknown,mismatched,8,False,-3.851428985595703,,
final,535,cf_13868,unknown,mismatched,9,False,-4.981064796447754,,
final,535,cf_13868,unknown,mismatched,10,False,-5.510254859924316,,
final,535,cf_13868,unknown,mismatched,11,False,-6.053418159484863,,
final,535,cf_13868,unknown,mismatched,12,False,-6.872132301330566,,
final,535,cf_13868,unknown,mismatched,13,False,-7.177465438842773,,
final,535,cf_13868,unknown,mismatched,14,False,-7.6506500244140625,,
final,535,cf_13868,unknown,mismatched,15,False,-7.951820373535156,,
final,535,cf_13868,unknown,mismatched,16,False,-8.555662155151367,,
final,535,cf_13868,unknown,mismatched,17,False,-10.221868515014648,,
final,535,cf_13868,unknown,mismatched,18,False,-10.135920524597168,,
final,535,cf_13868,unknown,mismatched,19,False,-10.676648139953613,,
final,535,cf_13868,unknown,mismatched,20,False,-11.939689636230469,,
final,535,cf_13868,unknown,mismatched,21,False,-12.471202850341797,,
final,535,cf_13868,unknown,mismatched,22,False,-13.349909782409668,,
final,535,cf_13868,unknown,mismatched,23,False,-12.920891761779785,,
final,535,cf_13868,unknown,mismatched,24,False,-12.303937911987305,,
final,535,cf_13868,unknown,mismatched,-1,False,,,
final,535,cf_19536,unknown,mismatched,0,False,-0.5061197280883789,,
final,535,cf_19536,unknown,mismatched,1,False,-0.03679609298706055,,
final,535,cf_19536,unknown,mismatched,2,False,0.27346134185791016,,
final,535,cf_19536,unknown,mismatched,3,False,0.39028453826904297,,
final,535,cf_19536,unknown,mismatched,4,False,1.1045246124267578,,
final,535,cf_19536,unknown,mismatched,5,False,0.9754428863525391,,
final,535,cf_19536,unknown,mismatched,6,False,0.6388373374938965,,
final,535,cf_19536,unknown,mismatched,7,False,0.6885604858398438,,
final,535,cf_19536,unknown,mismatched,8,False,0.23499631881713867,,
final,535,cf_19536,unknown,mismatched,9,False,-0.01564168930053711,,
final,535,cf_19536,unknown,mismatched,10,False,-0.4506397247314453,,
final,535,cf_19536,unknown,mismatched,11,False,-0.6140260696411133,,
final,535,cf_19536,unknown,mismatched,12,False,-0.5680980682373047,,
final,535,cf_19536,unknown,mismatched,13,False,-0.6969218254089355,,
final,535,cf_19536,unknown,mismatched,14,False,-0.9003105163574219,,
final,535,cf_19536,unknown,mismatched,15,False,-0.8531098365783691,,
final,535,cf_19536,unknown,mismatched,16,False,-1.6031931638717651,,
final,535,cf_19536,unknown,mismatched,17,False,-2.475097417831421,,
final,535,cf_19536,unknown,mismatched,18,False,-1.9089329242706299,,
final,535,cf_19536,unknown,mismatched,19,False,-1.383690357208252,,
final,535,cf_19536,unknown,mismatched,20,False,-0.24111497402191162,,
final,535,cf_19536,unknown,mismatched,21,False,-0.6040505170822144,,
final,535,cf_19536,unknown,mismatched,22,False,0.5580576658248901,,
final,535,cf_19536,unknown,mismatched,23,False,1.7959444522857666,,
final,535,cf_19536,unknown,mismatched,24,False,1.9661195278167725,,
final,535,cf_19536,unknown,mismatched,-1,False,,,2.0
final,535,cf_2851,unknown,mismatched,0,False,-0.33597660064697266,,
final,535,cf_2851,unknown,mismatched,1,False,1.009033203125,,
final,535,cf_2851,unknown,mismatched,2,False,0.8904552459716797,,
final,535,cf_2851,unknown,mismatched,3,False,0.8682842254638672,,
final,535,cf_2851,unknown,mismatched,4,False,0.8922295570373535,,
final,535,cf_2851,unknown,mismatched,5,False,0.9175333976745605,,
final,535,cf_2851,unknown,mismatched,6,False,0.9301657676696777,,
final,535,cf_2851,unknown,mismatched,7,False,1.0234451293945312,,
final,535,cf_2851,unknown,mismatched,8,False,0.9711556434631348,,
final,535,cf_2851,unknown,mismatched,9,False,0.8601717948913574,,
final,535,cf_2851,unknown,mismatched,10,False,0.6907253265380859,,
final,535,cf_2851,unknown,mismatched,11,False,0.10032129287719727,,
final,535,cf_2851,unknown,mismatched,12,False,-0.495222806930542,,
final,535,cf_2851,unknown,mismatched,13,False,-0.7383813858032227,,
final,535,cf_2851,unknown,mismatched,14,False,-0.6953963041305542,,
final,535,cf_2851,unknown,mismatched,15,False,-0.8352679014205933,,
final,535,cf_2851,unknown,mismatched,16,False,-1.1722179651260376,,
final,535,cf_2851,unknown,mismatched,17,False,-2.1584556102752686,,
final,535,cf_2851,unknown,mismatched,18,False,-2.2754948139190674,,
final,535,cf_2851,unknown,mismatched,19,False,-2.9603593349456787,,
final,535,cf_2851,unknown,mismatched,20,False,-2.3300869464874268,,
final,535,cf_2851,unknown,mismatched,21,False,-3.080310344696045,,
final,535,cf_2851,unknown,mismatched,22,False,-2.9046499729156494,,
final,535,cf_2851,unknown,mismatched,23,False,-2.9027724266052246,,
final,535,cf_2851,unknown,mismatched,24,False,-1.5971291065216064,,
final,535,cf_2851,unknown,mismatched,-1,False,,,1.0
final,535,cf_17595,unknown,mismatched,0,False,4.476805686950684,,
final,535,cf_17595,unknown,mismatched,1,False,0.8587713241577148,,
final,535,cf_17595,unknown,mismatched,2,False,0.8115777969360352,,
final,535,cf_17595,unknown,mismatched,3,False,1.259770393371582,,
final,535,cf_17595,unknown,mismatched,4,False,1.5105133056640625,,
final,535,cf_17595,unknown,mismatched,5,False,1.3921699523925781,,
final,535,cf_17595,unknown,mismatched,6,False,1.2746562957763672,,
final,535,cf_17595,unknown,mismatched,7,False,1.3661518096923828,,
final,535,cf_17595,unknown,mismatched,8,False,1.398146629333496,,
final,535,cf_17595,unknown,mismatched,9,False,1.2103166580200195,,
final,535,cf_17595,unknown,mismatched,10,False,1.0349149703979492,,
final,535,cf_17595,unknown,mismatched,11,False,1.0661201477050781,,
final,535,cf_17595,unknown,mismatched,12,False,0.8731870651245117,,
final,535,cf_17595,unknown,mismatched,13,False,1.3027324676513672,,
final,535,cf_17595,unknown,mismatched,14,False,1.1424980163574219,,
final,535,cf_17595,unknown,mismatched,15,False,1.5881614685058594,,
final,535,cf_17595,unknown,mismatched,16,False,1.656733512878418,,
final,535,cf_17595,unknown,mismatched,17,False,1.3661623001098633,,
final,535,cf_17595,unknown,mismatched,18,False,1.4431133270263672,,
final,535,cf_17595,unknown,mismatched,19,False,0.9976158142089844,,
final,535,cf_17595,unknown,mismatched,20,False,0.9736251831054688,,
final,535,cf_17595,unknown,mismatched,21,False,1.1921329498291016,,
final,535,cf_17595,unknown,mismatched,22,False,1.1395139694213867,,
final,535,cf_17595,unknown,mismatched,23,False,1.1125578880310059,,
final,535,cf_17595,unknown,mismatched,24,False,2.5167665481567383,,
final,535,cf_17595,unknown,mismatched,-1,False,,,0.0
final,535,cf_3667,unknown,mismatched,0,False,-2.247119903564453,,
final,535,cf_3667,unknown,mismatched,1,False,0.15436458587646484,,
final,535,cf_3667,unknown,mismatched,2,False,0.14943408966064453,,
final,535,cf_3667,unknown,mismatched,3,False,0.0917806625366211,,
final,535,cf_3667,unknown,mismatched,4,False,0.16629981994628906,,
final,535,cf_3667,unknown,mismatched,5,False,0.11329364776611328,,
final,535,cf_3667,unknown,mismatched,6,False,0.11774444580078125,,
final,535,cf_3667,unknown,mismatched,7,False,-0.07484054565429688,,
final,535,cf_3667,unknown,mismatched,8,False,-0.7872428894042969,,
final,535,cf_3667,unknown,mismatched,9,False,-0.8953332901000977,,
final,535,cf_3667,unknown,mismatched,10,False,-0.9909915924072266,,
final,535,cf_3667,unknown,mismatched,11,False,-0.9061422348022461,,
final,535,cf_3667,unknown,mismatched,12,False,-0.8324146270751953,,
final,535,cf_3667,unknown,mismatched,13,False,-1.437300682067871,,
final,535,cf_3667,unknown,mismatched,14,False,-1.4572257995605469,,
final,535,cf_3667,unknown,mismatched,15,False,-1.2410573959350586,,
final,535,cf_3667,unknown,mismatched,16,False,-1.7464847564697266,,
final,535,cf_3667,unknown,mismatched,17,False,-0.7053136825561523,,
final,535,cf_3667,unknown,mismatched,18,False,0.00267791748046875,,
final,535,cf_3667,unknown,mismatched,19,False,0.8497591018676758,,
final,535,cf_3667,unknown,mismatched,20,False,1.2781343460083008,,
final,535,cf_3667,unknown,mismatched,21,False,1.8360786437988281,,
final,535,cf_3667,unknown,mismatched,22,False,0.5985507965087891,,
final,535,cf_3667,unknown,mismatched,23,False,0.3506784439086914,,
final,535,cf_3667,unknown,mismatched,24,False,-0.5125837326049805,,
final,535,cf_3667,unknown,mismatched,-1,False,,,1.0
final,535,cf_1082,unknown,mismatched,0,False,1.4988298416137695,,
final,535,cf_1082,unknown,mismatched,1,False,2.393953323364258,,
final,535,cf_1082,unknown,mismatched,2,False,2.4610347747802734,,
final,535,cf_1082,unknown,mismatched,3,False,2.697999954223633,,
final,535,cf_1082,unknown,mismatched,4,False,2.6069068908691406,,
final,535,cf_1082,unknown,mismatched,5,False,2.5910768508911133,,
final,535,cf_1082,unknown,mismatched,6,False,2.5219430923461914,,
final,535,cf_1082,unknown,mismatched,7,False,2.520029067993164,,
final,535,cf_1082,unknown,mismatched,8,False,2.2157487869262695,,
final,535,cf_1082,unknown,mismatched,9,False,1.8579816818237305,,
final,535,cf_1082,unknown,mismatched,10,False,1.6997785568237305,,
final,535,cf_1082,unknown,mismatched,11,False,1.4533824920654297,,
final,535,cf_1082,unknown,mismatched,12,False,1.8284006118774414,,
final,535,cf_1082,unknown,mismatched,13,False,1.1947345733642578,,
final,535,cf_1082,unknown,mismatched,14,False,1.3107938766479492,,
final,535,cf_1082,unknown,mismatched,15,False,1.5872688293457031,,
final,535,cf_1082,unknown,mismatched,16,False,2.0584306716918945,,
final,535,cf_1082,unknown,mismatched,17,False,2.577164649963379,,
final,535,cf_1082,unknown,mismatched,18,False,3.796144485473633,,
final,535,cf_1082,unknown,mismatched,19,False,4.2680768966674805,,
final,535,cf_1082,unknown,mismatched,20,False,4.990780830383301,,
final,535,cf_1082,unknown,mismatched,21,False,5.144864082336426,,
final,535,cf_1082,unknown,mismatched,22,False,5.926681041717529,,
final,535,cf_1082,unknown,mismatched,23,False,6.67699670791626,,
final,535,cf_1082,unknown,mismatched,24,False,7.76036262512207,,
final,535,cf_1082,unknown,mismatched,-1,False,,,0.0
final,535,cf_12766,unknown,mismatched,0,False,1.9392824172973633,,
final,535,cf_12766,unknown,mismatched,1,False,-1.8286552429199219,,
final,535,cf_12766,unknown,mismatched,2,False,-2.005213737487793,,
final,535,cf_12766,unknown,mismatched,3,False,-1.9656095504760742,,
final,535,cf_12766,unknown,mismatched,4,False,-1.5595970153808594,,
final,535,cf_12766,unknown,mismatched,5,False,-1.5008325576782227,,
final,535,cf_12766,unknown,mismatched,6,False,-1.3062334060668945,,
final,535,cf_12766,unknown,mismatched,7,False,-1.481004238128662,,
final,535,cf_12766,unknown,mismatched,8,False,-1.384462833404541,,
final,535,cf_12766,unknown,mismatched,9,False,-1.355043888092041,,
final,535,cf_12766,unknown,mismatched,10,False,-0.9484198093414307,,
final,535,cf_12766,unknown,mismatched,11,False,-0.6835758686065674,,
final,535,cf_12766,unknown,mismatched,12,False,-0.5849597454071045,,
final,535,cf_12766,unknown,mismatched,13,False,-0.9743936061859131,,
final,535,cf_12766,unknown,mismatched,14,False,-0.8041231632232666,,
final,535,cf_12766,unknown,mismatched,15,False,-0.945101261138916,,
final,535,cf_12766,unknown,mismatched,16,False,-1.0630443096160889,,
final,535,cf_12766,unknown,mismatched,17,False,-0.5227904319763184,,
final,535,cf_12766,unknown,mismatched,18,False,-0.30718231201171875,,
final,535,cf_12766,unknown,mismatched,19,False,0.4222536087036133,,
final,535,cf_12766,unknown,mismatched,20,False,0.6156949996948242,,
final,535,cf_12766,unknown,mismatched,21,False,0.5253887176513672,,
final,535,cf_12766,unknown,mismatched,22,False,0.1908092498779297,,
final,535,cf_12766,unknown,mismatched,23,False,0.39675045013427734,,
final,535,cf_12766,unknown,mismatched,24,False,0.030312061309814453,,
final,535,cf_12766,unknown,mismatched,-1,False,,,0.0
final,535,cf_16855,unknown,mismatched,0,False,0.6400966644287109,,
final,535,cf_16855,unknown,mismatched,1,False,0.6495323181152344,,
final,535,cf_16855,unknown,mismatched,2,False,0.7940530776977539,,
final,535,cf_16855,unknown,mismatched,3,False,0.8563556671142578,,
final,535,cf_16855,unknown,mismatched,4,False,0.6917314529418945,,
final,535,cf_16855,unknown,mismatched,5,False,0.7061758041381836,,
final,535,cf_16855,unknown,mismatched,6,False,0.745849609375,,
final,535,cf_16855,unknown,mismatched,7,False,0.6262044906616211,,
final,535,cf_16855,unknown,mismatched,8,False,0.6232271194458008,,
final,535,cf_16855,unknown,mismatched,9,False,0.5202064514160156,,
final,535,cf_16855,unknown,mismatched,10,False,0.7277946472167969,,
final,535,cf_16855,unknown,mismatched,11,False,0.7857522964477539,,
final,535,cf_16855,unknown,mismatched,12,False,0.9168071746826172,,
final,535,cf_16855,unknown,mismatched,13,False,0.9862823486328125,,
final,535,cf_16855,unknown,mismatched,14,False,1.1569175720214844,,
final,535,cf_16855,unknown,mismatched,15,False,1.0475482940673828,,
final,535,cf_16855,unknown,mismatched,16,False,1.1217679977416992,,
final,535,cf_16855,unknown,mismatched,17,False,1.289616584777832,,
final,535,cf_16855,unknown,mismatched,18,False,0.6590032577514648,,
final,535,cf_16855,unknown,mismatched,19,False,1.496474266052246,,
final,535,cf_16855,unknown,mismatched,20,False,1.4483346939086914,,
final,535,cf_16855,unknown,mismatched,21,False,1.0851268768310547,,
final,535,cf_16855,unknown,mismatched,22,False,0.737152099609375,,
final,535,cf_16855,unknown,mismatched,23,False,1.2703533172607422,,
final,535,cf_16855,unknown,mismatched,24,False,0.15698909759521484,,
final,535,cf_16855,unknown,mismatched,-1,False,,,0.0
final,535,cf_16037,unknown,mismatched,0,False,4.248237609863281,,
final,535,cf_16037,unknown,mismatched,1,False,3.1352920532226562,,
final,535,cf_16037,unknown,mismatched,2,False,3.382664680480957,,
final,535,cf_16037,unknown,mismatched,3,False,3.2974491119384766,,
final,535,cf_16037,unknown,mismatched,4,False,2.6095829010009766,,
final,535,cf_16037,unknown,mismatched,5,False,2.3213539123535156,,
final,535,cf_16037,unknown,mismatched,6,False,2.526780128479004,,
final,535,cf_16037,unknown,mismatched,7,False,2.191019058227539,,
final,535,cf_16037,unknown,mismatched,8,False,2.606668472290039,,
final,535,cf_16037,unknown,mismatched,9,False,2.826809883117676,,
final,535,cf_16037,unknown,mismatched,10,False,3.1462974548339844,,
final,535,cf_16037,unknown,mismatched,11,False,3.9760422706604004,,
final,535,cf_16037,unknown,mismatched,12,False,4.941259860992432,,
final,535,cf_16037,unknown,mismatched,13,False,5.116133689880371,,
final,535,cf_16037,unknown,mismatched,14,False,5.648935317993164,,
final,535,cf_16037,unknown,mismatched,15,False,6.1157684326171875,,
final,535,cf_16037,unknown,mismatched,16,False,5.996575355529785,,
final,535,cf_16037,unknown,mismatched,17,False,5.635900974273682,,
final,535,cf_16037,unknown,mismatched,18,False,5.587055683135986,,
final,535,cf_16037,unknown,mismatched,19,False,4.9415788650512695,,
final,535,cf_16037,unknown,mismatched,20,False,5.9531450271606445,,
final,535,cf_16037,unknown,mismatched,21,False,7.323742389678955,,
final,535,cf_16037,unknown,mismatched,22,False,6.965424537658691,,
final,535,cf_16037,unknown,mismatched,23,False,6.76041841506958,,
final,535,cf_16037,unknown,mismatched,24,False,4.964703559875488,,
final,535,cf_16037,unknown,mismatched,-1,False,,,0.0
final,535,cf_18142,unknown,mismatched,0,False,-9.75883960723877,,
final,535,cf_18142,unknown,mismatched,1,False,-9.097770690917969,,
final,535,cf_18142,unknown,mismatched,2,False,-9.397481918334961,,
final,535,cf_18142,unknown,mismatched,3,False,-9.532596588134766,,
final,535,cf_18142,unknown,mismatched,4,False,-9.849595069885254,,
final,535,cf_18142,unknown,mismatched,5,False,-10.008360862731934,,
final,535,cf_18142,unknown,mismatched,6,False,-10.357220649719238,,
final,535,cf_18142,unknown,mismatched,7,False,-10.474776268005371,,
final,535,cf_18142,unknown,mismatched,8,False,-10.554704666137695,,
final,535,cf_18142,unknown,mismatched,9,False,-10.722755432128906,,
final,535,cf_18142,unknown,mismatched,10,False,-10.819695472717285,,
final,535,cf_18142,unknown,mismatched,11,False,-10.937426567077637,,
final,535,cf_18142,unknown,mismatched,12,False,-11.121438026428223,,
final,535,cf_18142,unknown,mismatched,13,False,-12.414597511291504,,
final,535,cf_18142,unknown,mismatched,14,False,-13.07073974609375,,
final,535,cf_18142,unknown,mismatched,15,False,-13.365595817565918,,
final,535,cf_18142,unknown,mismatched,16,False,-13.311205863952637,,
final,535,cf_18142,unknown,mismatched,17,False,-13.418342590332031,,
final,535,cf_18142,unknown,mismatched,18,False,-12.321573257446289,,
final,535,cf_18142,unknown,mismatched,19,False,-12.380439758300781,,
final,535,cf_18142,unknown,mismatched,20,False,-11.54149341583252,,
final,535,cf_18142,unknown,mismatched,21,False,-11.549667358398438,,
final,535,cf_18142,unknown,mismatched,22,False,-10.744295120239258,,
final,535,cf_18142,unknown,mismatched,23,False,-9.32344913482666,,
final,535,cf_18142,unknown,mismatched,24,False,-8.366710662841797,,
final,535,cf_18142,unknown,mismatched,-1,False,,,
final,535,cf_2174,unknown,mismatched,0,False,0.43951988220214844,,
final,535,cf_2174,unknown,mismatched,1,False,3.4405813217163086,,
final,535,cf_2174,unknown,mismatched,2,False,3.54196834564209,,
final,535,cf_2174,unknown,mismatched,3,False,3.4543352127075195,,
final,535,cf_2174,unknown,mismatched,4,False,3.7667980194091797,,
final,535,cf_2174,unknown,mismatched,5,False,3.721141815185547,,
final,535,cf_2174,unknown,mismatched,6,False,3.873196601867676,,
final,535,cf_2174,unknown,mismatched,7,False,4.179025650024414,,
final,535,cf_2174,unknown,mismatched,8,False,4.294062614440918,,
final,535,cf_2174,unknown,mismatched,9,False,4.41435432434082,,
final,535,cf_2174,unknown,mismatched,10,False,4.106062889099121,,
final,535,cf_2174,unknown,mismatched,11,False,4.061274528503418,,
final,535,cf_2174,unknown,mismatched,12,False,4.161158561706543,,
final,535,cf_2174,unknown,mismatched,13,False,4.147491455078125,,
final,535,cf_2174,unknown,mismatched,14,False,4.05558967590332,,
final,535,cf_2174,unknown,mismatched,15,False,4.041853427886963,,
final,535,cf_2174,unknown,mismatched,16,False,3.2610177993774414,,
final,535,cf_2174,unknown,mismatched,17,False,3.0308914184570312,,
final,535,cf_2174,unknown,mismatched,18,False,3.8943705558776855,,
final,535,cf_2174,unknown,mismatched,19,False,4.222322940826416,,
final,535,cf_2174,unknown,mismatched,20,False,5.086577415466309,,
final,535,cf_2174,unknown,mismatched,21,False,5.162432670593262,,
final,535,cf_2174,unknown,mismatched,22,False,3.167642116546631,,
final,535,cf_2174,unknown,mismatched,23,False,3.302389144897461,,
final,535,cf_2174,unknown,mismatched,24,False,2.9877309799194336,,
final,535,cf_2174,unknown,mismatched,-1,False,,,0.0
final,535,cf_15314,unknown,mismatched,0,False,-3.792011260986328,,
final,535,cf_15314,unknown,mismatched,1,False,-4.9507341384887695,,
final,535,cf_15314,unknown,mismatched,2,False,-4.582034111022949,,
final,535,cf_15314,unknown,mismatched,3,False,-4.525372505187988,,
final,535,cf_15314,unknown,mismatched,4,False,-4.434708595275879,,
final,535,cf_15314,unknown,mismatched,5,False,-4.090605735778809,,
final,535,cf_15314,unknown,mismatched,6,False,-4.217779159545898,,
final,535,cf_15314,unknown,mismatched,7,False,-4.124757766723633,,
final,535,cf_15314,unknown,mismatched,8,False,-3.847085952758789,,
final,535,cf_15314,unknown,mismatched,9,False,-3.751382827758789,,
final,535,cf_15314,unknown,mismatched,10,False,-3.986583709716797,,
final,535,cf_15314,unknown,mismatched,11,False,-4.08503532409668,,
final,535,cf_15314,unknown,mismatched,12,False,-4.920404434204102,,
final,535,cf_15314,unknown,mismatched,13,False,-6.272515296936035,,
final,535,cf_15314,unknown,mismatched,14,False,-6.772665023803711,,
final,535,cf_15314,unknown,mismatched,15,False,-7.215096473693848,,
final,535,cf_15314,unknown,mismatched,16,False,-7.149637222290039,,
final,535,cf_15314,unknown,mismatched,17,False,-7.595404624938965,,
final,535,cf_15314,unknown,mismatched,18,False,-8.067399978637695,,
final,535,cf_15314,unknown,mismatched,19,False,-8.23825740814209,,
final,535,cf_15314,unknown,mismatched,20,False,-7.897228240966797,,
final,535,cf_15314,unknown,mismatched,21,False,-8.478607177734375,,
final,535,cf_15314,unknown,mismatched,22,False,-8.136083602905273,,
final,535,cf_15314,unknown,mismatched,23,False,-7.529542922973633,,
final,535,cf_15314,unknown,mismatched,24,False,-6.2610063552856445,,
final,535,cf_15314,unknown,mismatched,-1,False,,,
final,535,cf_2770,unknown,self,0,False,4.817966461181641,,
final,535,cf_2770,unknown,self,1,False,4.817966461181641,,
final,535,cf_2770,unknown,self,2,False,4.817966461181641,,
final,535,cf_2770,unknown,self,3,False,4.817966461181641,,
final,535,cf_2770,unknown,self,4,False,4.817966461181641,,
final,535,cf_2770,unknown,self,5,False,4.817966461181641,,
final,535,cf_2770,unknown,self,6,False,4.817966461181641,,
final,535,cf_2770,unknown,self,7,False,4.817966461181641,,
final,535,cf_2770,unknown,self,8,False,4.817966461181641,,
final,535,cf_2770,unknown,self,9,False,4.817966461181641,,
final,535,cf_2770,unknown,self,10,False,4.817966461181641,,
final,535,cf_2770,unknown,self,11,False,4.817966461181641,,
final,535,cf_2770,unknown,self,12,False,4.817966461181641,,
final,535,cf_2770,unknown,self,13,False,4.817966461181641,,
final,535,cf_2770,unknown,self,14,False,4.817966461181641,,
final,535,cf_2770,unknown,self,15,False,4.817966461181641,,
final,535,cf_2770,unknown,self,16,False,4.817966461181641,,
final,535,cf_2770,unknown,self,17,False,4.817966461181641,,
final,535,cf_2770,unknown,self,18,False,4.817966461181641,,
final,535,cf_2770,unknown,self,19,False,4.817966461181641,,
final,535,cf_2770,unknown,self,20,False,4.817966461181641,,
final,535,cf_2770,unknown,self,21,False,4.817966461181641,,
final,535,cf_2770,unknown,self,22,False,4.817966461181641,,
final,535,cf_2770,unknown,self,23,False,4.817966461181641,,
final,535,cf_2770,unknown,self,24,False,4.810013771057129,,
final,535,cf_2770,unknown,self,-1,False,,,0.0
final,535,cf_11864,unknown,self,0,False,1.1053428649902344,,
final,535,cf_11864,unknown,self,1,False,1.1053428649902344,,
final,535,cf_11864,unknown,self,2,False,1.1053428649902344,,
final,535,cf_11864,unknown,self,3,False,1.1053428649902344,,
final,535,cf_11864,unknown,self,4,False,1.1053428649902344,,
final,535,cf_11864,unknown,self,5,False,1.1053428649902344,,
final,535,cf_11864,unknown,self,6,False,1.1053428649902344,,
final,535,cf_11864,unknown,self,7,False,1.1053428649902344,,
final,535,cf_11864,unknown,self,8,False,1.1053428649902344,,
final,535,cf_11864,unknown,self,9,False,1.1053428649902344,,
final,535,cf_11864,unknown,self,10,False,1.1053428649902344,,
final,535,cf_11864,unknown,self,11,False,1.1053428649902344,,
final,535,cf_11864,unknown,self,12,False,1.1053428649902344,,
final,535,cf_11864,unknown,self,13,False,1.1053428649902344,,
final,535,cf_11864,unknown,self,14,False,1.1053428649902344,,
final,535,cf_11864,unknown,self,15,False,1.1053428649902344,,
final,535,cf_11864,unknown,self,16,False,1.1053428649902344,,
final,535,cf_11864,unknown,self,17,False,1.1053428649902344,,
final,535,cf_11864,unknown,self,18,False,1.1053428649902344,,
final,535,cf_11864,unknown,self,19,False,1.1053428649902344,,
final,535,cf_11864,unknown,self,20,False,1.1053428649902344,,
final,535,cf_11864,unknown,self,21,False,1.1053428649902344,,
final,535,cf_11864,unknown,self,22,False,1.1053428649902344,,
final,535,cf_11864,unknown,self,23,False,1.1053428649902344,,
final,535,cf_11864,unknown,self,24,False,0.9097099304199219,,
final,535,cf_11864,unknown,self,-1,False,,,0.0
final,535,cf_18808,unknown,self,0,False,2.4085655212402344,,
final,535,cf_18808,unknown,self,1,False,2.4085655212402344,,
final,535,cf_18808,unknown,self,2,False,2.4085655212402344,,
final,535,cf_18808,unknown,self,3,False,2.4085655212402344,,
final,535,cf_18808,unknown,self,4,False,2.4085655212402344,,
final,535,cf_18808,unknown,self,5,False,2.4085655212402344,,
final,535,cf_18808,unknown,self,6,False,2.4085655212402344,,
final,535,cf_18808,unknown,self,7,False,2.4085655212402344,,
final,535,cf_18808,unknown,self,8,False,2.4085655212402344,,
final,535,cf_18808,unknown,self,9,False,2.4085655212402344,,
final,535,cf_18808,unknown,self,10,False,2.4085655212402344,,
final,535,cf_18808,unknown,self,11,False,2.4085655212402344,,
final,535,cf_18808,unknown,self,12,False,2.4085655212402344,,
final,535,cf_18808,unknown,self,13,False,2.4085655212402344,,
final,535,cf_18808,unknown,self,14,False,2.4085655212402344,,
final,535,cf_18808,unknown,self,15,False,2.4085655212402344,,
final,535,cf_18808,unknown,self,16,False,2.4085655212402344,,
final,535,cf_18808,unknown,self,17,False,2.4085655212402344,,
final,535,cf_18808,unknown,self,18,False,2.4085655212402344,,
final,535,cf_18808,unknown,self,19,False,2.4085655212402344,,
final,535,cf_18808,unknown,self,20,False,2.4085655212402344,,
final,535,cf_18808,unknown,self,21,False,2.4085655212402344,,
final,535,cf_18808,unknown,self,22,False,2.4085655212402344,,
final,535,cf_18808,unknown,self,23,False,2.4085655212402344,,
final,535,cf_18808,unknown,self,24,False,1.9226903915405273,,
final,535,cf_18808,unknown,self,-1,False,,,0.0
final,535,cf_19659,unknown,self,0,False,2.4115190505981445,,
final,535,cf_19659,unknown,self,1,False,2.4115190505981445,,
final,535,cf_19659,unknown,self,2,False,2.4115190505981445,,
final,535,cf_19659,unknown,self,3,False,2.4115190505981445,,
final,535,cf_19659,unknown,self,4,False,2.4115190505981445,,
final,535,cf_19659,unknown,self,5,False,2.4115190505981445,,
final,535,cf_19659,unknown,self,6,False,2.4115190505981445,,
final,535,cf_19659,unknown,self,7,False,2.4115190505981445,,
final,535,cf_19659,unknown,self,8,False,2.4115190505981445,,
final,535,cf_19659,unknown,self,9,False,2.4115190505981445,,
final,535,cf_19659,unknown,self,10,False,2.4115190505981445,,
final,535,cf_19659,unknown,self,11,False,2.4115190505981445,,
final,535,cf_19659,unknown,self,12,False,2.4115190505981445,,
final,535,cf_19659,unknown,self,13,False,2.4115190505981445,,
final,535,cf_19659,unknown,self,14,False,2.4115190505981445,,
final,535,cf_19659,unknown,self,15,False,2.4115190505981445,,
final,535,cf_19659,unknown,self,16,False,2.4115190505981445,,
final,535,cf_19659,unknown,self,17,False,2.4115190505981445,,
final,535,cf_19659,unknown,self,18,False,2.4115190505981445,,
final,535,cf_19659,unknown,self,19,False,2.4115190505981445,,
final,535,cf_19659,unknown,self,20,False,2.4115190505981445,,
final,535,cf_19659,unknown,self,21,False,2.4115190505981445,,
final,535,cf_19659,unknown,self,22,False,2.4115190505981445,,
final,535,cf_19659,unknown,self,23,False,2.4115190505981445,,
final,535,cf_19659,unknown,self,24,False,2.301276206970215,,
final,535,cf_19659,unknown,self,-1,False,,,0.0
final,535,cf_17347,unknown,self,0,False,-2.8529224395751953,,
final,535,cf_17347,unknown,self,1,False,-2.8529224395751953,,
final,535,cf_17347,unknown,self,2,False,-2.8529224395751953,,
final,535,cf_17347,unknown,self,3,False,-2.8529224395751953,,
final,535,cf_17347,unknown,self,4,False,-2.8529224395751953,,
final,535,cf_17347,unknown,self,5,False,-2.8529224395751953,,
final,535,cf_17347,unknown,self,6,False,-2.8529224395751953,,
final,535,cf_17347,unknown,self,7,False,-2.8529224395751953,,
final,535,cf_17347,unknown,self,8,False,-2.8529224395751953,,
final,535,cf_17347,unknown,self,9,False,-2.8529224395751953,,
final,535,cf_17347,unknown,self,10,False,-2.8529224395751953,,
final,535,cf_17347,unknown,self,11,False,-2.8529224395751953,,
final,535,cf_17347,unknown,self,12,False,-2.8529224395751953,,
final,535,cf_17347,unknown,self,13,False,-2.8529224395751953,,
final,535,cf_17347,unknown,self,14,False,-2.8529224395751953,,
final,535,cf_17347,unknown,self,15,False,-2.8529224395751953,,
final,535,cf_17347,unknown,self,16,False,-2.8529224395751953,,
final,535,cf_17347,unknown,self,17,False,-2.8529224395751953,,
final,535,cf_17347,unknown,self,18,False,-2.8529224395751953,,
final,535,cf_17347,unknown,self,19,False,-2.8529224395751953,,
final,535,cf_17347,unknown,self,20,False,-2.8529224395751953,,
final,535,cf_17347,unknown,self,21,False,-2.8529224395751953,,
final,535,cf_17347,unknown,self,22,False,-2.8529224395751953,,
final,535,cf_17347,unknown,self,23,False,-2.8529224395751953,,
final,535,cf_17347,unknown,self,24,False,-3.529449462890625,,
final,535,cf_17347,unknown,self,-1,False,,,
final,535,cf_17588,unknown,self,0,False,2.407137870788574,,
final,535,cf_17588,unknown,self,1,False,2.407137870788574,,
final,535,cf_17588,unknown,self,2,False,2.407137870788574,,
final,535,cf_17588,unknown,self,3,False,2.407137870788574,,
final,535,cf_17588,unknown,self,4,False,2.407137870788574,,
final,535,cf_17588,unknown,self,5,False,2.407137870788574,,
final,535,cf_17588,unknown,self,6,False,2.407137870788574,,
final,535,cf_17588,unknown,self,7,False,2.407137870788574,,
final,535,cf_17588,unknown,self,8,False,2.407137870788574,,
final,535,cf_17588,unknown,self,9,False,2.407137870788574,,
final,535,cf_17588,unknown,self,10,False,2.407137870788574,,
final,535,cf_17588,unknown,self,11,False,2.407137870788574,,
final,535,cf_17588,unknown,self,12,False,2.407137870788574,,
final,535,cf_17588,unknown,self,13,False,2.407137870788574,,
final,535,cf_17588,unknown,self,14,False,2.407137870788574,,
final,535,cf_17588,unknown,self,15,False,2.407137870788574,,
final,535,cf_17588,unknown,self,16,False,2.407137870788574,,
final,535,cf_17588,unknown,self,17,False,2.407137870788574,,
final,535,cf_17588,unknown,self,18,False,2.407137870788574,,
final,535,cf_17588,unknown,self,19,False,2.407137870788574,,
final,535,cf_17588,unknown,self,20,False,2.407137870788574,,
final,535,cf_17588,unknown,self,21,False,2.407137870788574,,
final,535,cf_17588,unknown,self,22,False,2.407137870788574,,
final,535,cf_17588,unknown,self,23,False,2.407137870788574,,
final,535,cf_17588,unknown,self,24,False,2.439459800720215,,
final,535,cf_17588,unknown,self,-1,False,,,0.0
final,535,cf_14703,unknown,self,0,False,1.2836723327636719,,
final,535,cf_14703,unknown,self,1,False,1.2836723327636719,,
final,535,cf_14703,unknown,self,2,False,1.2836723327636719,,
final,535,cf_14703,unknown,self,3,False,1.2836723327636719,,
final,535,cf_14703,unknown,self,4,False,1.2836723327636719,,
final,535,cf_14703,unknown,self,5,False,1.2836723327636719,,
final,535,cf_14703,unknown,self,6,False,1.2836723327636719,,
final,535,cf_14703,unknown,self,7,False,1.2836723327636719,,
final,535,cf_14703,unknown,self,8,False,1.2836723327636719,,
final,535,cf_14703,unknown,self,9,False,1.2836723327636719,,
final,535,cf_14703,unknown,self,10,False,1.2836723327636719,,
final,535,cf_14703,unknown,self,11,False,1.2836723327636719,,
final,535,cf_14703,unknown,self,12,False,1.2836723327636719,,
final,535,cf_14703,unknown,self,13,False,1.2836723327636719,,
final,535,cf_14703,unknown,self,14,False,1.2836723327636719,,
final,535,cf_14703,unknown,self,15,False,1.2836723327636719,,
final,535,cf_14703,unknown,self,16,False,1.2836723327636719,,
final,535,cf_14703,unknown,self,17,False,1.2836723327636719,,
final,535,cf_14703,unknown,self,18,False,1.2836723327636719,,
final,535,cf_14703,unknown,self,19,False,1.2836723327636719,,
final,535,cf_14703,unknown,self,20,False,1.2836723327636719,,
final,535,cf_14703,unknown,self,21,False,1.2836723327636719,,
final,535,cf_14703,unknown,self,22,False,1.2836723327636719,,
final,535,cf_14703,unknown,self,23,False,1.2836723327636719,,
final,535,cf_14703,unknown,self,24,False,1.3841371536254883,,
final,535,cf_14703,unknown,self,-1,False,,,0.0
final,535,cf_16655,unknown,self,0,False,9.343269348144531,,
final,535,cf_16655,unknown,self,1,False,9.343269348144531,,
final,535,cf_16655,unknown,self,2,False,9.343269348144531,,
final,535,cf_16655,unknown,self,3,False,9.343269348144531,,
final,535,cf_16655,unknown,self,4,False,9.343269348144531,,
final,535,cf_16655,unknown,self,5,False,9.343269348144531,,
final,535,cf_16655,unknown,self,6,False,9.343269348144531,,
final,535,cf_16655,unknown,self,7,False,9.343269348144531,,
final,535,cf_16655,unknown,self,8,False,9.343269348144531,,
final,535,cf_16655,unknown,self,9,False,9.343269348144531,,
final,535,cf_16655,unknown,self,10,False,9.343269348144531,,
final,535,cf_16655,unknown,self,11,False,9.343269348144531,,
final,535,cf_16655,unknown,self,12,False,9.343269348144531,,
final,535,cf_16655,unknown,self,13,False,9.343269348144531,,
final,535,cf_16655,unknown,self,14,False,9.343269348144531,,
final,535,cf_16655,unknown,self,15,False,9.343269348144531,,
final,535,cf_16655,unknown,self,16,False,9.343269348144531,,
final,535,cf_16655,unknown,self,17,False,9.343269348144531,,
final,535,cf_16655,unknown,self,18,False,9.343269348144531,,
final,535,cf_16655,unknown,self,19,False,9.343269348144531,,
final,535,cf_16655,unknown,self,20,False,9.343269348144531,,
final,535,cf_16655,unknown,self,21,False,9.343269348144531,,
final,535,cf_16655,unknown,self,22,False,9.343269348144531,,
final,535,cf_16655,unknown,self,23,False,9.343269348144531,,
final,535,cf_16655,unknown,self,24,False,9.714645385742188,,
final,535,cf_16655,unknown,self,-1,False,,,0.0
final,535,cf_6182,unknown,self,0,False,0.44143104553222656,,
final,535,cf_6182,unknown,self,1,False,0.44143104553222656,,
final,535,cf_6182,unknown,self,2,False,0.44143104553222656,,
final,535,cf_6182,unknown,self,3,False,0.44143104553222656,,
final,535,cf_6182,unknown,self,4,False,0.44143104553222656,,
final,535,cf_6182,unknown,self,5,False,0.44143104553222656,,
final,535,cf_6182,unknown,self,6,False,0.44143104553222656,,
final,535,cf_6182,unknown,self,7,False,0.44143104553222656,,
final,535,cf_6182,unknown,self,8,False,0.44143104553222656,,
final,535,cf_6182,unknown,self,9,False,0.44143104553222656,,
final,535,cf_6182,unknown,self,10,False,0.44143104553222656,,
final,535,cf_6182,unknown,self,11,False,0.44143104553222656,,
final,535,cf_6182,unknown,self,12,False,0.44143104553222656,,
final,535,cf_6182,unknown,self,13,False,0.44143104553222656,,
final,535,cf_6182,unknown,self,14,False,0.44143104553222656,,
final,535,cf_6182,unknown,self,15,False,0.44143104553222656,,
final,535,cf_6182,unknown,self,16,False,0.44143104553222656,,
final,535,cf_6182,unknown,self,17,False,0.44143104553222656,,
final,535,cf_6182,unknown,self,18,False,0.44143104553222656,,
final,535,cf_6182,unknown,self,19,False,0.44143104553222656,,
final,535,cf_6182,unknown,self,20,False,0.44143104553222656,,
final,535,cf_6182,unknown,self,21,False,0.44143104553222656,,
final,535,cf_6182,unknown,self,22,False,0.44143104553222656,,
final,535,cf_6182,unknown,self,23,False,0.44143104553222656,,
final,535,cf_6182,unknown,self,24,False,0.44249534606933594,,
final,535,cf_6182,unknown,self,-1,False,,,0.0
final,535,cf_12894,unknown,self,0,False,-1.0422430038452148,,
final,535,cf_12894,unknown,self,1,False,-1.0422430038452148,,
final,535,cf_12894,unknown,self,2,False,-1.0422430038452148,,
final,535,cf_12894,unknown,self,3,False,-1.0422430038452148,,
final,535,cf_12894,unknown,self,4,False,-1.0422430038452148,,
final,535,cf_12894,unknown,self,5,False,-1.0422430038452148,,
final,535,cf_12894,unknown,self,6,False,-1.0422430038452148,,
final,535,cf_12894,unknown,self,7,False,-1.0422430038452148,,
final,535,cf_12894,unknown,self,8,False,-1.0422430038452148,,
final,535,cf_12894,unknown,self,9,False,-1.0422430038452148,,
final,535,cf_12894,unknown,self,10,False,-1.0422430038452148,,
final,535,cf_12894,unknown,self,11,False,-1.0422430038452148,,
final,535,cf_12894,unknown,self,12,False,-1.0422430038452148,,
final,535,cf_12894,unknown,self,13,False,-1.0422430038452148,,
final,535,cf_12894,unknown,self,14,False,-1.0422430038452148,,
final,535,cf_12894,unknown,self,15,False,-1.0422430038452148,,
final,535,cf_12894,unknown,self,16,False,-1.0422430038452148,,
final,535,cf_12894,unknown,self,17,False,-1.0422430038452148,,
final,535,cf_12894,unknown,self,18,False,-1.0422430038452148,,
final,535,cf_12894,unknown,self,19,False,-1.0422430038452148,,
final,535,cf_12894,unknown,self,20,False,-1.0422430038452148,,
final,535,cf_12894,unknown,self,21,False,-1.0422430038452148,,
final,535,cf_12894,unknown,self,22,False,-1.0422430038452148,,
final,535,cf_12894,unknown,self,23,False,-1.0422430038452148,,
final,535,cf_12894,unknown,self,24,False,-1.0766639709472656,,
final,535,cf_12894,unknown,self,-1,False,,,
final,535,cf_17958,unknown,self,0,False,-0.6661128997802734,,
final,535,cf_17958,unknown,self,1,False,-0.6661128997802734,,
final,535,cf_17958,unknown,self,2,False,-0.6661128997802734,,
final,535,cf_17958,unknown,self,3,False,-0.6661128997802734,,
final,535,cf_17958,unknown,self,4,False,-0.6661128997802734,,
final,535,cf_17958,unknown,self,5,False,-0.6661128997802734,,
final,535,cf_17958,unknown,self,6,False,-0.6661128997802734,,
final,535,cf_17958,unknown,self,7,False,-0.6661128997802734,,
final,535,cf_17958,unknown,self,8,False,-0.6661128997802734,,
final,535,cf_17958,unknown,self,9,False,-0.6661128997802734,,
final,535,cf_17958,unknown,self,10,False,-0.6661128997802734,,
final,535,cf_17958,unknown,self,11,False,-0.6661128997802734,,
final,535,cf_17958,unknown,self,12,False,-0.6661128997802734,,
final,535,cf_17958,unknown,self,13,False,-0.6661128997802734,,
final,535,cf_17958,unknown,self,14,False,-0.6661128997802734,,
final,535,cf_17958,unknown,self,15,False,-0.6661128997802734,,
final,535,cf_17958,unknown,self,16,False,-0.6661128997802734,,
final,535,cf_17958,unknown,self,17,False,-0.6661128997802734,,
final,535,cf_17958,unknown,self,18,False,-0.6661128997802734,,
final,535,cf_17958,unknown,self,19,False,-0.6661128997802734,,
final,535,cf_17958,unknown,self,20,False,-0.6661128997802734,,
final,535,cf_17958,unknown,self,21,False,-0.6661128997802734,,
final,535,cf_17958,unknown,self,22,False,-0.6661128997802734,,
final,535,cf_17958,unknown,self,23,False,-0.6661128997802734,,
final,535,cf_17958,unknown,self,24,False,-0.8847455978393555,,
final,535,cf_17958,unknown,self,-1,False,,,
final,535,cf_9750,unknown,self,0,False,-1.3165702819824219,,
final,535,cf_9750,unknown,self,1,False,-1.3165702819824219,,
final,535,cf_9750,unknown,self,2,False,-1.3165702819824219,,
final,535,cf_9750,unknown,self,3,False,-1.3165702819824219,,
final,535,cf_9750,unknown,self,4,False,-1.3165702819824219,,
final,535,cf_9750,unknown,self,5,False,-1.3165702819824219,,
final,535,cf_9750,unknown,self,6,False,-1.3165702819824219,,
final,535,cf_9750,unknown,self,7,False,-1.3165702819824219,,
final,535,cf_9750,unknown,self,8,False,-1.3165702819824219,,
final,535,cf_9750,unknown,self,9,False,-1.3165702819824219,,
final,535,cf_9750,unknown,self,10,False,-1.3165702819824219,,
final,535,cf_9750,unknown,self,11,False,-1.3165702819824219,,
final,535,cf_9750,unknown,self,12,False,-1.3165702819824219,,
final,535,cf_9750,unknown,self,13,False,-1.3165702819824219,,
final,535,cf_9750,unknown,self,14,False,-1.3165702819824219,,
final,535,cf_9750,unknown,self,15,False,-1.3165702819824219,,
final,535,cf_9750,unknown,self,16,False,-1.3165702819824219,,
final,535,cf_9750,unknown,self,17,False,-1.3165702819824219,,
final,535,cf_9750,unknown,self,18,False,-1.3165702819824219,,
final,535,cf_9750,unknown,self,19,False,-1.3165702819824219,,
final,535,cf_9750,unknown,self,20,False,-1.3165702819824219,,
final,535,cf_9750,unknown,self,21,False,-1.3165702819824219,,
final,535,cf_9750,unknown,self,22,False,-1.3165702819824219,,
final,535,cf_9750,unknown,self,23,False,-1.3165702819824219,,
final,535,cf_9750,unknown,self,24,False,-1.4283018112182617,,
final,535,cf_9750,unknown,self,-1,False,,,
final,535,cf_14819,unknown,self,0,False,-2.645730972290039,,
final,535,cf_14819,unknown,self,1,False,-2.645730972290039,,
final,535,cf_14819,unknown,self,2,False,-2.645730972290039,,
final,535,cf_14819,unknown,self,3,False,-2.645730972290039,,
final,535,cf_14819,unknown,self,4,False,-2.645730972290039,,
final,535,cf_14819,unknown,self,5,False,-2.645730972290039,,
final,535,cf_14819,unknown,self,6,False,-2.645730972290039,,
final,535,cf_14819,unknown,self,7,False,-2.645730972290039,,
final,535,cf_14819,unknown,self,8,False,-2.645730972290039,,
final,535,cf_14819,unknown,self,9,False,-2.645730972290039,,
final,535,cf_14819,unknown,self,10,False,-2.645730972290039,,
final,535,cf_14819,unknown,self,11,False,-2.645730972290039,,
final,535,cf_14819,unknown,self,12,False,-2.645730972290039,,
final,535,cf_14819,unknown,self,13,False,-2.645730972290039,,
final,535,cf_14819,unknown,self,14,False,-2.645730972290039,,
final,535,cf_14819,unknown,self,15,False,-2.645730972290039,,
final,535,cf_14819,unknown,self,16,False,-2.645730972290039,,
final,535,cf_14819,unknown,self,17,False,-2.645730972290039,,
final,535,cf_14819,unknown,self,18,False,-2.645730972290039,,
final,535,cf_14819,unknown,self,19,False,-2.645730972290039,,
final,535,cf_14819,unknown,self,20,False,-2.645730972290039,,
final,535,cf_14819,unknown,self,21,False,-2.645730972290039,,
final,535,cf_14819,unknown,self,22,False,-2.645730972290039,,
final,535,cf_14819,unknown,self,23,False,-2.645730972290039,,
final,535,cf_14819,unknown,self,24,False,-2.8709611892700195,,
final,535,cf_14819,unknown,self,-1,False,,,
final,535,cf_586,unknown,self,0,False,2.2399444580078125,,
final,535,cf_586,unknown,self,1,False,2.2399444580078125,,
final,535,cf_586,unknown,self,2,False,2.2399444580078125,,
final,535,cf_586,unknown,self,3,False,2.2399444580078125,,
final,535,cf_586,unknown,self,4,False,2.2399444580078125,,
final,535,cf_586,unknown,self,5,False,2.2399444580078125,,
final,535,cf_586,unknown,self,6,False,2.2399444580078125,,
final,535,cf_586,unknown,self,7,False,2.2399444580078125,,
final,535,cf_586,unknown,self,8,False,2.2399444580078125,,
final,535,cf_586,unknown,self,9,False,2.2399444580078125,,
final,535,cf_586,unknown,self,10,False,2.2399444580078125,,
final,535,cf_586,unknown,self,11,False,2.2399444580078125,,
final,535,cf_586,unknown,self,12,False,2.2399444580078125,,
final,535,cf_586,unknown,self,13,False,2.2399444580078125,,
final,535,cf_586,unknown,self,14,False,2.2399444580078125,,
final,535,cf_586,unknown,self,15,False,2.2399444580078125,,
final,535,cf_586,unknown,self,16,False,2.2399444580078125,,
final,535,cf_586,unknown,self,17,False,2.2399444580078125,,
final,535,cf_586,unknown,self,18,False,2.2399444580078125,,
final,535,cf_586,unknown,self,19,False,2.2399444580078125,,
final,535,cf_586,unknown,self,20,False,2.2399444580078125,,
final,535,cf_586,unknown,self,21,False,2.2399444580078125,,
final,535,cf_586,unknown,self,22,False,2.2399444580078125,,
final,535,cf_586,unknown,self,23,False,2.2399444580078125,,
final,535,cf_586,unknown,self,24,False,2.167102813720703,,
final,535,cf_586,unknown,self,-1,False,,,0.0
final,535,cf_4628,unknown,self,0,False,-8.084432601928711,,
final,535,cf_4628,unknown,self,1,False,-8.084432601928711,,
final,535,cf_4628,unknown,self,2,False,-8.084432601928711,,
final,535,cf_4628,unknown,self,3,False,-8.084432601928711,,
final,535,cf_4628,unknown,self,4,False,-8.084432601928711,,
final,535,cf_4628,unknown,self,5,False,-8.084432601928711,,
final,535,cf_4628,unknown,self,6,False,-8.084432601928711,,
final,535,cf_4628,unknown,self,7,False,-8.084432601928711,,
final,535,cf_4628,unknown,self,8,False,-8.084432601928711,,
final,535,cf_4628,unknown,self,9,False,-8.084432601928711,,
final,535,cf_4628,unknown,self,10,False,-8.084432601928711,,
final,535,cf_4628,unknown,self,11,False,-8.084432601928711,,
final,535,cf_4628,unknown,self,12,False,-8.084432601928711,,
final,535,cf_4628,unknown,self,13,False,-8.084432601928711,,
final,535,cf_4628,unknown,self,14,False,-8.084432601928711,,
final,535,cf_4628,unknown,self,15,False,-8.084432601928711,,
final,535,cf_4628,unknown,self,16,False,-8.084432601928711,,
final,535,cf_4628,unknown,self,17,False,-8.084432601928711,,
final,535,cf_4628,unknown,self,18,False,-8.084432601928711,,
final,535,cf_4628,unknown,self,19,False,-8.084432601928711,,
final,535,cf_4628,unknown,self,20,False,-8.084432601928711,,
final,535,cf_4628,unknown,self,21,False,-8.084432601928711,,
final,535,cf_4628,unknown,self,22,False,-8.084432601928711,,
final,535,cf_4628,unknown,self,23,False,-8.084432601928711,,
final,535,cf_4628,unknown,self,24,False,-8.186256408691406,,
final,535,cf_4628,unknown,self,-1,False,,,
final,535,cf_7811,unknown,self,0,False,3.2042179107666016,,
final,535,cf_7811,unknown,self,1,False,3.2042179107666016,,
final,535,cf_7811,unknown,self,2,False,3.2042179107666016,,
final,535,cf_7811,unknown,self,3,False,3.2042179107666016,,
final,535,cf_7811,unknown,self,4,False,3.2042179107666016,,
final,535,cf_7811,unknown,self,5,False,3.2042179107666016,,
final,535,cf_7811,unknown,self,6,False,3.2042179107666016,,
final,535,cf_7811,unknown,self,7,False,3.2042179107666016,,
final,535,cf_7811,unknown,self,8,False,3.2042179107666016,,
final,535,cf_7811,unknown,self,9,False,3.2042179107666016,,
final,535,cf_7811,unknown,self,10,False,3.2042179107666016,,
final,535,cf_7811,unknown,self,11,False,3.2042179107666016,,
final,535,cf_7811,unknown,self,12,False,3.2042179107666016,,
final,535,cf_7811,unknown,self,13,False,3.2042179107666016,,
final,535,cf_7811,unknown,self,14,False,3.2042179107666016,,
final,535,cf_7811,unknown,self,15,False,3.2042179107666016,,
final,535,cf_7811,unknown,self,16,False,3.2042179107666016,,
final,535,cf_7811,unknown,self,17,False,3.2042179107666016,,
final,535,cf_7811,unknown,self,18,False,3.2042179107666016,,
final,535,cf_7811,unknown,self,19,False,3.2042179107666016,,
final,535,cf_7811,unknown,self,20,False,3.2042179107666016,,
final,535,cf_7811,unknown,self,21,False,3.2042179107666016,,
final,535,cf_7811,unknown,self,22,False,3.2042179107666016,,
final,535,cf_7811,unknown,self,23,False,3.2042179107666016,,
final,535,cf_7811,unknown,self,24,False,2.9727048873901367,,
final,535,cf_7811,unknown,self,-1,False,,,0.0
final,535,cf_2770,unknown,mismatched,0,False,4.817966461181641,,
final,535,cf_2770,unknown,mismatched,1,False,0.32958364486694336,,
final,535,cf_2770,unknown,mismatched,2,False,0.3290572166442871,,
final,535,cf_2770,unknown,mismatched,3,False,-1.529581069946289,,
final,535,cf_2770,unknown,mismatched,4,False,-0.8636469841003418,,
final,535,cf_2770,unknown,mismatched,5,False,-0.774498462677002,,
final,535,cf_2770,unknown,mismatched,6,False,-0.9647932052612305,,
final,535,cf_2770,unknown,mismatched,7,False,-0.8475117683410645,,
final,535,cf_2770,unknown,mismatched,8,False,-0.7264032363891602,,
final,535,cf_2770,unknown,mismatched,9,False,-0.5005278587341309,,
final,535,cf_2770,unknown,mismatched,10,False,-0.3997535705566406,,
final,535,cf_2770,unknown,mismatched,11,False,-0.23852205276489258,,
final,535,cf_2770,unknown,mismatched,12,False,0.24605464935302734,,
final,535,cf_2770,unknown,mismatched,13,False,-0.00794839859008789,,
final,535,cf_2770,unknown,mismatched,14,False,0.0186007022857666,,
final,535,cf_2770,unknown,mismatched,15,False,-0.030829906463623047,,
final,535,cf_2770,unknown,mismatched,16,False,0.2733001708984375,,
final,535,cf_2770,unknown,mismatched,17,False,0.6448877453804016,,
final,535,cf_2770,unknown,mismatched,18,False,0.48081737756729126,,
final,535,cf_2770,unknown,mismatched,19,False,0.9275813102722168,,
final,535,cf_2770,unknown,mismatched,20,False,0.7981849908828735,,
final,535,cf_2770,unknown,mismatched,21,False,1.9020509719848633,,
final,535,cf_2770,unknown,mismatched,22,False,1.7791070938110352,,
final,535,cf_2770,unknown,mismatched,23,False,2.243926763534546,,
final,535,cf_2770,unknown,mismatched,24,False,1.3849468231201172,,
final,535,cf_2770,unknown,mismatched,-1,False,,,0.0
final,535,cf_11864,unknown,mismatched,0,False,1.1053428649902344,,
final,535,cf_11864,unknown,mismatched,1,False,-1.8479366302490234,,
final,535,cf_11864,unknown,mismatched,2,False,-2.0876903533935547,,
final,535,cf_11864,unknown,mismatched,3,False,-2.222409248352051,,
final,535,cf_11864,unknown,mismatched,4,False,-1.9584789276123047,,
final,535,cf_11864,unknown,mismatched,5,False,-1.8567333221435547,,
final,535,cf_11864,unknown,mismatched,6,False,-1.8524284362792969,,
final,535,cf_11864,unknown,mismatched,7,False,-1.9153480529785156,,
final,535,cf_11864,unknown,mismatched,8,False,-1.906813621520996,,
final,535,cf_11864,unknown,mismatched,9,False,-2.185978889465332,,
final,535,cf_11864,unknown,mismatched,10,False,-2.570101737976074,,
final,535,cf_11864,unknown,mismatched,11,False,-3.1136598587036133,,
final,535,cf_11864,unknown,mismatched,12,False,-3.4415407180786133,,
final,535,cf_11864,unknown,mismatched,13,False,-3.36273193359375,,
final,535,cf_11864,unknown,mismatched,14,False,-3.574129104614258,,
final,535,cf_11864,unknown,mismatched,15,False,-3.56156063079834,,
final,535,cf_11864,unknown,mismatched,16,False,-4.144249439239502,,
final,535,cf_11864,unknown,mismatched,17,False,-4.006847381591797,,
final,535,cf_11864,unknown,mismatched,18,False,-3.933417797088623,,
final,535,cf_11864,unknown,mismatched,19,False,-3.7855138778686523,,
final,535,cf_11864,unknown,mismatched,20,False,-4.519844055175781,,
final,535,cf_11864,unknown,mismatched,21,False,-4.668302059173584,,
final,535,cf_11864,unknown,mismatched,22,False,-4.399625301361084,,
final,535,cf_11864,unknown,mismatched,23,False,-4.020717144012451,,
final,535,cf_11864,unknown,mismatched,24,False,-4.317429065704346,,
final,535,cf_11864,unknown,mismatched,-1,False,,,0.0
final,535,cf_18808,unknown,mismatched,0,False,2.4085655212402344,,
final,535,cf_18808,unknown,mismatched,1,False,-4.660661697387695,,
final,535,cf_18808,unknown,mismatched,2,False,-4.26805305480957,,
final,535,cf_18808,unknown,mismatched,3,False,-4.344927787780762,,
final,535,cf_18808,unknown,mismatched,4,False,-4.248045921325684,,
final,535,cf_18808,unknown,mismatched,5,False,-4.160164833068848,,
final,535,cf_18808,unknown,mismatched,6,False,-4.688041687011719,,
final,535,cf_18808,unknown,mismatched,7,False,-4.726688861846924,,
final,535,cf_18808,unknown,mismatched,8,False,-4.621272087097168,,
final,535,cf_18808,unknown,mismatched,9,False,-4.756274223327637,,
final,535,cf_18808,unknown,mismatched,10,False,-4.687960624694824,,
final,535,cf_18808,unknown,mismatched,11,False,-4.585286617279053,,
final,535,cf_18808,unknown,mismatched,12,False,-4.7145819664001465,,
final,535,cf_18808,unknown,mismatched,13,False,-4.726052284240723,,
final,535,cf_18808,unknown,mismatched,14,False,-4.423100471496582,,
final,535,cf_18808,unknown,mismatched,15,False,-4.48983097076416,,
final,535,cf_18808,unknown,mismatched,16,False,-4.131409168243408,,
final,535,cf_18808,unknown,mismatched,17,False,-2.339200735092163,,
final,535,cf_18808,unknown,mismatched,18,False,-0.5578083992004395,,
final,535,cf_18808,unknown,mismatched,19,False,0.5078949928283691,,
final,535,cf_18808,unknown,mismatched,20,False,0.7916462421417236,,
final,535,cf_18808,unknown,mismatched,21,False,0.47382140159606934,,
final,535,cf_18808,unknown,mismatched,22,False,0.32395172119140625,,
final,535,cf_18808,unknown,mismatched,23,False,0.07895231246948242,,
final,535,cf_18808,unknown,mismatched,24,False,-1.2729361057281494,,
final,535,cf_18808,unknown,mismatched,-1,False,,,0.0
final,535,cf_19659,unknown,mismatched,0,False,2.4115190505981445,,
final,535,cf_19659,unknown,mismatched,1,False,1.8766441345214844,,
final,535,cf_19659,unknown,mismatched,2,False,1.8999433517456055,,
final,535,cf_19659,unknown,mismatched,3,False,1.8770074844360352,,
final,535,cf_19659,unknown,mismatched,4,False,2.290268898010254,,
final,535,cf_19659,unknown,mismatched,5,False,2.7137393951416016,,
final,535,cf_19659,unknown,mismatched,6,False,3.1064395904541016,,
final,535,cf_19659,unknown,mismatched,7,False,3.279097557067871,,
final,535,cf_19659,unknown,mismatched,8,False,3.209324836730957,,
final,535,cf_19659,unknown,mismatched,9,False,3.0404443740844727,,
final,535,cf_19659,unknown,mismatched,10,False,3.0244035720825195,,
final,535,cf_19659,unknown,mismatched,11,False,2.7860708236694336,,
final,535,cf_19659,unknown,mismatched,12,False,2.669039726257324,,
final,535,cf_19659,unknown,mismatched,13,False,2.918026924133301,,
final,535,cf_19659,unknown,mismatched,14,False,3.041165351867676,,
final,535,cf_19659,unknown,mismatched,15,False,2.769108772277832,,
final,535,cf_19659,unknown,mismatched,16,False,2.929593086242676,,
final,535,cf_19659,unknown,mismatched,17,False,2.540250778198242,,
final,535,cf_19659,unknown,mismatched,18,False,2.740182876586914,,
final,535,cf_19659,unknown,mismatched,19,False,1.9204740524291992,,
final,535,cf_19659,unknown,mismatched,20,False,2.2797470092773438,,
final,535,cf_19659,unknown,mismatched,21,False,1.9159517288208008,,
final,535,cf_19659,unknown,mismatched,22,False,2.4327821731567383,,
final,535,cf_19659,unknown,mismatched,23,False,2.2002134323120117,,
final,535,cf_19659,unknown,mismatched,24,False,2.817337989807129,,
final,535,cf_19659,unknown,mismatched,-1,False,,,0.0
final,535,cf_17347,unknown,mismatched,0,False,-2.8529224395751953,,
final,535,cf_17347,unknown,mismatched,1,False,-5.015702247619629,,
final,535,cf_17347,unknown,mismatched,2,False,-5.120668411254883,,
final,535,cf_17347,unknown,mismatched,3,False,-5.032367706298828,,
final,535,cf_17347,unknown,mismatched,4,False,-5.094385147094727,,
final,535,cf_17347,unknown,mismatched,5,False,-5.190996170043945,,
final,535,cf_17347,unknown,mismatched,6,False,-5.889902114868164,,
final,535,cf_17347,unknown,mismatched,7,False,-6.185028076171875,,
final,535,cf_17347,unknown,mismatched,8,False,-6.395474433898926,,
final,535,cf_17347,unknown,mismatched,9,False,-7.012429237365723,,
final,535,cf_17347,unknown,mismatched,10,False,-7.343904495239258,,
final,535,cf_17347,unknown,mismatched,11,False,-7.789966583251953,,
final,535,cf_17347,unknown,mismatched,12,False,-8.144899368286133,,
final,535,cf_17347,unknown,mismatched,13,False,-8.942625999450684,,
final,535,cf_17347,unknown,mismatched,14,False,-9.52023983001709,,
final,535,cf_17347,unknown,mismatched,15,False,-10.08901596069336,,
final,535,cf_17347,unknown,mismatched,16,False,-10.662542343139648,,
final,535,cf_17347,unknown,mismatched,17,False,-10.965956687927246,,
final,535,cf_17347,unknown,mismatched,18,False,-11.792298316955566,,
final,535,cf_17347,unknown,mismatched,19,False,-11.550779342651367,,
final,535,cf_17347,unknown,mismatched,20,False,-11.880694389343262,,
final,535,cf_17347,unknown,mismatched,21,False,-11.175192832946777,,
final,535,cf_17347,unknown,mismatched,22,False,-11.268835067749023,,
final,535,cf_17347,unknown,mismatched,23,False,-11.288880348205566,,
final,535,cf_17347,unknown,mismatched,24,False,-10.718629837036133,,
final,535,cf_17347,unknown,mismatched,-1,False,,,
final,535,cf_17588,unknown,mismatched,0,False,2.407137870788574,,
final,535,cf_17588,unknown,mismatched,1,False,0.34291839599609375,,
final,535,cf_17588,unknown,mismatched,2,False,0.10619592666625977,,
final,535,cf_17588,unknown,mismatched,3,False,-0.016336917877197266,,
final,535,cf_17588,unknown,mismatched,4,False,-0.17784452438354492,,
final,535,cf_17588,unknown,mismatched,5,False,-0.46784067153930664,,
final,535,cf_17588,unknown,mismatched,6,False,-0.4808616638183594,,
final,535,cf_17588,unknown,mismatched,7,False,-0.3364090919494629,,
final,535,cf_17588,unknown,mismatched,8,False,-0.37155675888061523,,
final,535,cf_17588,unknown,mismatched,9,False,-0.42107343673706055,,
final,535,cf_17588,unknown,mismatched,10,False,-0.5810146331787109,,
final,535,cf_17588,unknown,mismatched,11,False,-0.5100388526916504,,
final,535,cf_17588,unknown,mismatched,12,False,-0.4793391227722168,,
final,535,cf_17588,unknown,mismatched,13,False,-1.2437796592712402,,
final,535,cf_17588,unknown,mismatched,14,False,-1.1822843551635742,,
final,535,cf_17588,unknown,mismatched,15,False,-1.118652582168579,,
final,535,cf_17588,unknown,mismatched,16,False,-1.1509850025177002,,
final,535,cf_17588,unknown,mismatched,17,False,-1.2914997339248657,,
final,535,cf_17588,unknown,mismatched,18,False,-0.5306638479232788,,
final,535,cf_17588,unknown,mismatched,19,False,-0.7324130535125732,,
final,535,cf_17588,unknown,mismatched,20,False,-1.1614747047424316,,
final,535,cf_17588,unknown,mismatched,21,False,-1.5468666553497314,,
final,535,cf_17588,unknown,mismatched,22,False,-1.674145221710205,,
final,535,cf_17588,unknown,mismatched,23,False,-1.7857997417449951,,
final,535,cf_17588,unknown,mismatched,24,False,-1.3256754875183105,,
final,535,cf_17588,unknown,mismatched,-1,False,,,0.0
final,535,cf_14703,unknown,mismatched,0,False,1.2836723327636719,,
final,535,cf_14703,unknown,mismatched,1,False,1.2652664184570312,,
final,535,cf_14703,unknown,mismatched,2,False,1.1541719436645508,,
final,535,cf_14703,unknown,mismatched,3,False,0.9223003387451172,,
final,535,cf_14703,unknown,mismatched,4,False,0.6711406707763672,,
final,535,cf_14703,unknown,mismatched,5,False,0.7474880218505859,,
final,535,cf_14703,unknown,mismatched,6,False,0.8762102127075195,,
final,535,cf_14703,unknown,mismatched,7,False,0.7572116851806641,,
final,535,cf_14703,unknown,mismatched,8,False,0.7622337341308594,,
final,535,cf_14703,unknown,mismatched,9,False,0.9367222785949707,,
final,535,cf_14703,unknown,mismatched,10,False,1.309675693511963,,
final,535,cf_14703,unknown,mismatched,11,False,1.861259937286377,,
final,535,cf_14703,unknown,mismatched,12,False,2.57241153717041,,
final,535,cf_14703,unknown,mismatched,13,False,3.3045525550842285,,
final,535,cf_14703,unknown,mismatched,14,False,3.4963784217834473,,
final,535,cf_14703,unknown,mismatched,15,False,2.7123823165893555,,
final,535,cf_14703,unknown,mismatched,16,False,2.671569585800171,,
final,535,cf_14703,unknown,mismatched,17,False,2.7248306274414062,,
final,535,cf_14703,unknown,mismatched,18,False,2.325240135192871,,
final,535,cf_14703,unknown,mismatched,19,False,3.5206356048583984,,
final,535,cf_14703,unknown,mismatched,20,False,3.5145182609558105,,
final,535,cf_14703,unknown,mismatched,21,False,3.043971538543701,,
final,535,cf_14703,unknown,mismatched,22,False,3.3362293243408203,,
final,535,cf_14703,unknown,mismatched,23,False,3.032313346862793,,
final,535,cf_14703,unknown,mismatched,24,False,2.7775115966796875,,
final,535,cf_14703,unknown,mismatched,-1,False,,,0.0
final,535,cf_16655,unknown,mismatched,0,False,9.343269348144531,,
final,535,cf_16655,unknown,mismatched,1,False,3.1909942626953125,,
final,535,cf_16655,unknown,mismatched,2,False,3.2993359565734863,,
final,535,cf_16655,unknown,mismatched,3,False,3.235358238220215,,
final,535,cf_16655,unknown,mismatched,4,False,3.33111572265625,,
final,535,cf_16655,unknown,mismatched,5,False,3.3174829483032227,,
final,535,cf_16655,unknown,mismatched,6,False,3.4815611839294434,,
final,535,cf_16655,unknown,mismatched,7,False,3.4811229705810547,,
final,535,cf_16655,unknown,mismatched,8,False,3.506472110748291,,
final,535,cf_16655,unknown,mismatched,9,False,3.133045196533203,,
final,535,cf_16655,unknown,mismatched,10,False,3.264936923980713,,
final,535,cf_16655,unknown,mismatched,11,False,3.337653636932373,,
final,535,cf_16655,unknown,mismatched,12,False,3.3211774826049805,,
final,535,cf_16655,unknown,mismatched,13,False,4.054417610168457,,
final,535,cf_16655,unknown,mismatched,14,False,4.244032859802246,,
final,535,cf_16655,unknown,mismatched,15,False,4.294157028198242,,
final,535,cf_16655,unknown,mismatched,16,False,4.791825771331787,,
final,535,cf_16655,unknown,mismatched,17,False,4.661169052124023,,
final,535,cf_16655,unknown,mismatched,18,False,5.066403388977051,,
final,535,cf_16655,unknown,mismatched,19,False,5.974106788635254,,
final,535,cf_16655,unknown,mismatched,20,False,5.677887439727783,,
final,535,cf_16655,unknown,mismatched,21,False,6.916110038757324,,
final,535,cf_16655,unknown,mismatched,22,False,7.00117301940918,,
final,535,cf_16655,unknown,mismatched,23,False,7.610134124755859,,
final,535,cf_16655,unknown,mismatched,24,False,8.969855308532715,,
final,535,cf_16655,unknown,mismatched,-1,False,,,0.0
final,535,cf_6182,unknown,mismatched,0,False,0.44143104553222656,,
final,535,cf_6182,unknown,mismatched,1,False,-0.6305675506591797,,
final,535,cf_6182,unknown,mismatched,2,False,-0.7026796340942383,,
final,535,cf_6182,unknown,mismatched,3,False,-0.7370586395263672,,
final,535,cf_6182,unknown,mismatched,4,False,-0.7912807464599609,,
final,535,cf_6182,unknown,mismatched,5,False,-0.7399559020996094,,
final,535,cf_6182,unknown,mismatched,6,False,-0.802546501159668,,
final,535,cf_6182,unknown,mismatched,7,False,-0.7489709854125977,,
final,535,cf_6182,unknown,mismatched,8,False,-0.7971277236938477,,
final,535,cf_6182,unknown,mismatched,9,False,-0.6824493408203125,,
final,535,cf_6182,unknown,mismatched,10,False,-0.5997848510742188,,
final,535,cf_6182,unknown,mismatched,11,False,-0.6570472717285156,,
final,535,cf_6182,unknown,mismatched,12,False,-0.6610145568847656,,
final,535,cf_6182,unknown,mismatched,13,False,-0.7674837112426758,,
final,535,cf_6182,unknown,mismatched,14,False,-0.7452030181884766,,
final,535,cf_6182,unknown,mismatched,15,False,-1.151620864868164,,
final,535,cf_6182,unknown,mismatched,16,False,-1.2061214447021484,,
final,535,cf_6182,unknown,mismatched,17,False,-1.142873764038086,,
final,535,cf_6182,unknown,mismatched,18,False,-1.0209283828735352,,
final,535,cf_6182,unknown,mismatched,19,False,-1.343942642211914,,
final,535,cf_6182,unknown,mismatched,20,False,-1.553715705871582,,
final,535,cf_6182,unknown,mismatched,21,False,-1.4963111877441406,,
final,535,cf_6182,unknown,mismatched,22,False,-0.22509002685546875,,
final,535,cf_6182,unknown,mismatched,23,False,-0.4581584930419922,,
final,535,cf_6182,unknown,mismatched,24,False,-0.6211013793945312,,
final,535,cf_6182,unknown,mismatched,-1,False,,,0.0
final,535,cf_12894,unknown,mismatched,0,False,-1.0422430038452148,,
final,535,cf_12894,unknown,mismatched,1,False,-1.5053644180297852,,
final,535,cf_12894,unknown,mismatched,2,False,-1.3587894439697266,,
final,535,cf_12894,unknown,mismatched,3,False,-1.4216089248657227,,
final,535,cf_12894,unknown,mismatched,4,False,-1.476313591003418,,
final,535,cf_12894,unknown,mismatched,5,False,-1.7584848403930664,,
final,535,cf_12894,unknown,mismatched,6,False,-2.059673309326172,,
final,535,cf_12894,unknown,mismatched,7,False,-2.2247257232666016,,
final,535,cf_12894,unknown,mismatched,8,False,-3.1192469596862793,,
final,535,cf_12894,unknown,mismatched,9,False,-4.586087703704834,,
final,535,cf_12894,unknown,mismatched,10,False,-5.171288967132568,,
final,535,cf_12894,unknown,mismatched,11,False,-5.634402275085449,,
final,535,cf_12894,unknown,mismatched,12,False,-5.355189323425293,,
final,535,cf_12894,unknown,mismatched,13,False,-6.033453464508057,,
final,535,cf_12894,unknown,mismatched,14,False,-6.091679573059082,,
final,535,cf_12894,unknown,mismatched,15,False,-6.085701942443848,,
final,535,cf_12894,unknown,mismatched,16,False,-6.336253643035889,,
final,535,cf_12894,unknown,mismatched,17,False,-6.24018669128418,,
final,535,cf_12894,unknown,mismatched,18,False,-6.085627555847168,,
final,535,cf_12894,unknown,mismatched,19,False,-6.36403751373291,,
final,535,cf_12894,unknown,mismatched,20,False,-6.230051517486572,,
final,535,cf_12894,unknown,mismatched,21,False,-7.430039882659912,,
final,535,cf_12894,unknown,mismatched,22,False,-7.4853715896606445,,
final,535,cf_12894,unknown,mismatched,23,False,-6.721075057983398,,
final,535,cf_12894,unknown,mismatched,24,False,-6.986091136932373,,
final,535,cf_12894,unknown,mismatched,-1,False,,,
final,535,cf_9750,unknown,mismatched,0,False,-1.3165702819824219,,
final,535,cf_9750,unknown,mismatched,1,False,1.4383759498596191,,
final,535,cf_9750,unknown,mismatched,2,False,1.2977690696716309,,
final,535,cf_9750,unknown,mismatched,3,False,1.256387710571289,,
final,535,cf_9750,unknown,mismatched,4,False,1.028778076171875,,
final,535,cf_9750,unknown,mismatched,5,False,0.800633430480957,,
final,535,cf_9750,unknown,mismatched,6,False,0.3934450149536133,,
final,535,cf_9750,unknown,mismatched,7,False,0.1875905990600586,,
final,535,cf_9750,unknown,mismatched,8,False,0.070709228515625,,
final,535,cf_9750,unknown,mismatched,9,False,-0.15870952606201172,,
final,535,cf_9750,unknown,mismatched,10,False,-0.17424297332763672,,
final,535,cf_9750,unknown,mismatched,11,False,-0.3193488121032715,,
final,535,cf_9750,unknown,mismatched,12,False,-0.48378992080688477,,
final,535,cf_9750,unknown,mismatched,13,False,-0.885770320892334,,
final,535,cf_9750,unknown,mismatched,14,False,-1.1069164276123047,,
final,535,cf_9750,unknown,mismatched,15,False,-1.1555962562561035,,
final,535,cf_9750,unknown,mismatched,16,False,-1.4113900661468506,,
final,535,cf_9750,unknown,mismatched,17,False,-1.4385037422180176,,
final,535,cf_9750,unknown,mismatched,18,False,-0.259171724319458,,
final,535,cf_9750,unknown,mismatched,19,False,-0.09074759483337402,,
final,535,cf_9750,unknown,mismatched,20,False,-0.3810536861419678,,
final,535,cf_9750,unknown,mismatched,21,False,-0.5478317737579346,,
final,535,cf_9750,unknown,mismatched,22,False,-1.3110039234161377,,
final,535,cf_9750,unknown,mismatched,23,False,-1.6690330505371094,,
final,535,cf_9750,unknown,mismatched,24,False,-2.0612168312072754,,
final,535,cf_9750,unknown,mismatched,-1,False,,,1.0
final,535,cf_14819,unknown,mismatched,0,False,-2.645730972290039,,
final,535,cf_14819,unknown,mismatched,1,False,-0.20438909530639648,,
final,535,cf_14819,unknown,mismatched,2,False,0.024572134017944336,,
final,535,cf_14819,unknown,mismatched,3,False,-0.020018339157104492,,
final,535,cf_14819,unknown,mismatched,4,False,-0.08180451393127441,,
final,535,cf_14819,unknown,mismatched,5,False,-0.13755226135253906,,
final,535,cf_14819,unknown,mismatched,6,False,-0.12134790420532227,,
final,535,cf_14819,unknown,mismatched,7,False,-0.09285807609558105,,
final,535,cf_14819,unknown,mismatched,8,False,-0.14252161979675293,,
final,535,cf_14819,unknown,mismatched,9,False,0.051123619079589844,,
final,535,cf_14819,unknown,mismatched,10,False,0.04182314872741699,,
final,535,cf_14819,unknown,mismatched,11,False,0.25577378273010254,,
final,535,cf_14819,unknown,mismatched,12,False,0.011129379272460938,,
final,535,cf_14819,unknown,mismatched,13,False,-0.15336906909942627,,
final,535,cf_14819,unknown,mismatched,14,False,-0.20524418354034424,,
final,535,cf_14819,unknown,mismatched,15,False,-0.26628392934799194,,
final,535,cf_14819,unknown,mismatched,16,False,-0.580635130405426,,
final,535,cf_14819,unknown,mismatched,17,False,-0.27890831232070923,,
final,535,cf_14819,unknown,mismatched,18,False,-0.36995387077331543,,
final,535,cf_14819,unknown,mismatched,19,False,-0.4064091742038727,,
final,535,cf_14819,unknown,mismatched,20,False,-1.0626405477523804,,
final,535,cf_14819,unknown,mismatched,21,False,-0.9740777015686035,,
final,535,cf_14819,unknown,mismatched,22,False,-0.5266174077987671,,
final,535,cf_14819,unknown,mismatched,23,False,0.3240503668785095,,
final,535,cf_14819,unknown,mismatched,24,False,1.1589324474334717,,
final,535,cf_14819,unknown,mismatched,-1,False,,,2.0
final,535,cf_586,unknown,mismatched,0,False,2.2399444580078125,,
final,535,cf_586,unknown,mismatched,1,False,1.5882883071899414,,
final,535,cf_586,unknown,mismatched,2,False,1.5406064987182617,,
final,535,cf_586,unknown,mismatched,3,False,2.2749319076538086,,
final,535,cf_586,unknown,mismatched,4,False,2.5006723403930664,,
final,535,cf_586,unknown,mismatched,5,False,2.4477663040161133,,
final,535,cf_586,unknown,mismatched,6,False,2.3633689880371094,,
final,535,cf_586,unknown,mismatched,7,False,2.30419921875,,
final,535,cf_586,unknown,mismatched,8,False,2.2354841232299805,,
final,535,cf_586,unknown,mismatched,9,False,2.538003921508789,,
final,535,cf_586,unknown,mismatched,10,False,2.8249778747558594,,
final,535,cf_586,unknown,mismatched,11,False,3.153721809387207,,
final,535,cf_586,unknown,mismatched,12,False,3.614259719848633,,
final,535,cf_586,unknown,mismatched,13,False,3.5798215866088867,,
final,535,cf_586,unknown,mismatched,14,False,4.020087242126465,,
final,535,cf_586,unknown,mismatched,15,False,4.144936561584473,,
final,535,cf_586,unknown,mismatched,16,False,4.730312347412109,,
final,535,cf_586,unknown,mismatched,17,False,4.936433792114258,,
final,535,cf_586,unknown,mismatched,18,False,4.214851379394531,,
final,535,cf_586,unknown,mismatched,19,False,4.515193939208984,,
final,535,cf_586,unknown,mismatched,20,False,4.635772705078125,,
final,535,cf_586,unknown,mismatched,21,False,4.017670631408691,,
final,535,cf_586,unknown,mismatched,22,False,3.6725969314575195,,
final,535,cf_586,unknown,mismatched,23,False,3.2725954055786133,,
final,535,cf_586,unknown,mismatched,24,False,2.79964542388916,,
final,535,cf_586,unknown,mismatched,-1,False,,,0.0
final,535,cf_4628,unknown,mismatched,0,False,-8.084432601928711,,
final,535,cf_4628,unknown,mismatched,1,False,-12.610406875610352,,
final,535,cf_4628,unknown,mismatched,2,False,-12.871777534484863,,
final,535,cf_4628,unknown,mismatched,3,False,-12.334356307983398,,
final,535,cf_4628,unknown,mismatched,4,False,-11.629658699035645,,
final,535,cf_4628,unknown,mismatched,5,False,-11.643500328063965,,
final,535,cf_4628,unknown,mismatched,6,False,-12.431151390075684,,
final,535,cf_4628,unknown,mismatched,7,False,-12.689675331115723,,
final,535,cf_4628,unknown,mismatched,8,False,-13.14202880859375,,
final,535,cf_4628,unknown,mismatched,9,False,-13.955209732055664,,
final,535,cf_4628,unknown,mismatched,10,False,-14.557241439819336,,
final,535,cf_4628,unknown,mismatched,11,False,-15.156344413757324,,
final,535,cf_4628,unknown,mismatched,12,False,-16.063980102539062,,
final,535,cf_4628,unknown,mismatched,13,False,-17.356657028198242,,
final,535,cf_4628,unknown,mismatched,14,False,-18.29839515686035,,
final,535,cf_4628,unknown,mismatched,15,False,-19.617626190185547,,
final,535,cf_4628,unknown,mismatched,16,False,-20.210451126098633,,
final,535,cf_4628,unknown,mismatched,17,False,-21.409839630126953,,
final,535,cf_4628,unknown,mismatched,18,False,-21.846782684326172,,
final,535,cf_4628,unknown,mismatched,19,False,-21.877172470092773,,
final,535,cf_4628,unknown,mismatched,20,False,-21.92046356201172,,
final,535,cf_4628,unknown,mismatched,21,False,-21.760175704956055,,
final,535,cf_4628,unknown,mismatched,22,False,-22.673606872558594,,
final,535,cf_4628,unknown,mismatched,23,False,-23.22509002685547,,
final,535,cf_4628,unknown,mismatched,24,False,-21.847156524658203,,
final,535,cf_4628,unknown,mismatched,-1,False,,,
final,535,cf_7811,unknown,mismatched,0,False,3.2042179107666016,,
final,535,cf_7811,unknown,mismatched,1,False,0.7203736305236816,,
final,535,cf_7811,unknown,mismatched,2,False,0.6427898406982422,,
final,535,cf_7811,unknown,mismatched,3,False,0.3375263214111328,,
final,535,cf_7811,unknown,mismatched,4,False,0.21625900268554688,,
final,535,cf_7811,unknown,mismatched,5,False,0.14888906478881836,,
final,535,cf_7811,unknown,mismatched,6,False,-0.06330204010009766,,
final,535,cf_7811,unknown,mismatched,7,False,0.0009927749633789062,,
final,535,cf_7811,unknown,mismatched,8,False,-0.1526784896850586,,
final,535,cf_7811,unknown,mismatched,9,False,-0.16871070861816406,,
final,535,cf_7811,unknown,mismatched,10,False,-0.20401430130004883,,
final,535,cf_7811,unknown,mismatched,11,False,-0.1836247444152832,,
final,535,cf_7811,unknown,mismatched,12,False,-0.20618820190429688,,
final,535,cf_7811,unknown,mismatched,13,False,-0.2017989158630371,,
final,535,cf_7811,unknown,mismatched,14,False,-0.057993412017822266,,
final,535,cf_7811,unknown,mismatched,15,False,-0.07983541488647461,,
final,535,cf_7811,unknown,mismatched,16,False,0.38109564781188965,,
final,535,cf_7811,unknown,mismatched,17,False,1.3065271377563477,,
final,535,cf_7811,unknown,mismatched,18,False,1.5921906232833862,,
final,535,cf_7811,unknown,mismatched,19,False,1.7152276039123535,,
final,535,cf_7811,unknown,mismatched,20,False,2.1008925437927246,,
final,535,cf_7811,unknown,mismatched,21,False,1.6387239694595337,,
final,535,cf_7811,unknown,mismatched,22,False,1.1261136531829834,,
final,535,cf_7811,unknown,mismatched,23,False,0.792343258857727,,
final,535,cf_7811,unknown,mismatched,24,False,0.3629770278930664,,
final,535,cf_7811,unknown,mismatched,-1,False,,,0.0
final,535,cf_10250,unknown,self,0,False,-1.7559518814086914,,
final,535,cf_10250,unknown,self,1,False,-1.7559518814086914,,
final,535,cf_10250,unknown,self,2,False,-1.7559518814086914,,
final,535,cf_10250,unknown,self,3,False,-1.7559518814086914,,
final,535,cf_10250,unknown,self,4,False,-1.7559518814086914,,
final,535,cf_10250,unknown,self,5,False,-1.7559518814086914,,
final,535,cf_10250,unknown,self,6,False,-1.7559518814086914,,
final,535,cf_10250,unknown,self,7,False,-1.7559518814086914,,
final,535,cf_10250,unknown,self,8,False,-1.7559518814086914,,
final,535,cf_10250,unknown,self,9,False,-1.7559518814086914,,
final,535,cf_10250,unknown,self,10,False,-1.7559518814086914,,
final,535,cf_10250,unknown,self,11,False,-1.7559518814086914,,
final,535,cf_10250,unknown,self,12,False,-1.7559518814086914,,
final,535,cf_10250,unknown,self,13,False,-1.7559518814086914,,
final,535,cf_10250,unknown,self,14,False,-1.7559518814086914,,
final,535,cf_10250,unknown,self,15,False,-1.7559518814086914,,
final,535,cf_10250,unknown,self,16,False,-1.7559518814086914,,
final,535,cf_10250,unknown,self,17,False,-1.7559518814086914,,
final,535,cf_10250,unknown,self,18,False,-1.7559518814086914,,
final,535,cf_10250,unknown,self,19,False,-1.7559518814086914,,
final,535,cf_10250,unknown,self,20,False,-1.7559518814086914,,
final,535,cf_10250,unknown,self,21,False,-1.7559518814086914,,
final,535,cf_10250,unknown,self,22,False,-1.7559518814086914,,
final,535,cf_10250,unknown,self,23,False,-1.7559518814086914,,
final,535,cf_10250,unknown,self,24,False,-1.8753223419189453,,
final,535,cf_10250,unknown,self,-1,False,,,
final,535,cf_14324,unknown,self,0,False,1.0380973815917969,,
final,535,cf_14324,unknown,self,1,False,1.0380973815917969,,
final,535,cf_14324,unknown,self,2,False,1.0380973815917969,,
final,535,cf_14324,unknown,self,3,False,1.0380973815917969,,
final,535,cf_14324,unknown,self,4,False,1.0380973815917969,,
final,535,cf_14324,unknown,self,5,False,1.0380973815917969,,
final,535,cf_14324,unknown,self,6,False,1.0380973815917969,,
final,535,cf_14324,unknown,self,7,False,1.0380973815917969,,
final,535,cf_14324,unknown,self,8,False,1.0380973815917969,,
final,535,cf_14324,unknown,self,9,False,1.0380973815917969,,
final,535,cf_14324,unknown,self,10,False,1.0380973815917969,,
final,535,cf_14324,unknown,self,11,False,1.0380973815917969,,
final,535,cf_14324,unknown,self,12,False,1.0380973815917969,,
final,535,cf_14324,unknown,self,13,False,1.0380973815917969,,
final,535,cf_14324,unknown,self,14,False,1.0380973815917969,,
final,535,cf_14324,unknown,self,15,False,1.0380973815917969,,
final,535,cf_14324,unknown,self,16,False,1.0380973815917969,,
final,535,cf_14324,unknown,self,17,False,1.0380973815917969,,
final,535,cf_14324,unknown,self,18,False,1.0380973815917969,,
final,535,cf_14324,unknown,self,19,False,1.0380973815917969,,
final,535,cf_14324,unknown,self,20,False,1.0380973815917969,,
final,535,cf_14324,unknown,self,21,False,1.0380973815917969,,
final,535,cf_14324,unknown,self,22,False,1.0380973815917969,,
final,535,cf_14324,unknown,self,23,False,1.0380973815917969,,
final,535,cf_14324,unknown,self,24,False,1.2158594131469727,,
final,535,cf_14324,unknown,self,-1,False,,,0.0
final,535,cf_11178,unknown,self,0,False,7.625311851501465,,
final,535,cf_11178,unknown,self,1,False,7.625311851501465,,
final,535,cf_11178,unknown,self,2,False,7.625311851501465,,
final,535,cf_11178,unknown,self,3,False,7.625311851501465,,
final,535,cf_11178,unknown,self,4,False,7.625311851501465,,
final,535,cf_11178,unknown,self,5,False,7.625311851501465,,
final,535,cf_11178,unknown,self,6,False,7.625311851501465,,
final,535,cf_11178,unknown,self,7,False,7.625311851501465,,
final,535,cf_11178,unknown,self,8,False,7.625311851501465,,
final,535,cf_11178,unknown,self,9,False,7.625311851501465,,
final,535,cf_11178,unknown,self,10,False,7.625311851501465,,
final,535,cf_11178,unknown,self,11,False,7.625311851501465,,
final,535,cf_11178,unknown,self,12,False,7.625311851501465,,
final,535,cf_11178,unknown,self,13,False,7.625311851501465,,
final,535,cf_11178,unknown,self,14,False,7.625311851501465,,
final,535,cf_11178,unknown,self,15,False,7.625311851501465,,
final,535,cf_11178,unknown,self,16,False,7.625311851501465,,
final,535,cf_11178,unknown,self,17,False,7.625311851501465,,
final,535,cf_11178,unknown,self,18,False,7.625311851501465,,
final,535,cf_11178,unknown,self,19,False,7.625311851501465,,
final,535,cf_11178,unknown,self,20,False,7.625311851501465,,
final,535,cf_11178,unknown,self,21,False,7.625311851501465,,
final,535,cf_11178,unknown,self,22,False,7.625311851501465,,
final,535,cf_11178,unknown,self,23,False,7.625311851501465,,
final,535,cf_11178,unknown,self,24,False,7.393468856811523,,
final,535,cf_11178,unknown,self,-1,False,,,0.0
final,535,cf_5939,unknown,self,0,False,-6.000720024108887,,
final,535,cf_5939,unknown,self,1,False,-6.000720024108887,,
final,535,cf_5939,unknown,self,2,False,-6.000720024108887,,
final,535,cf_5939,unknown,self,3,False,-6.000720024108887,,
final,535,cf_5939,unknown,self,4,False,-6.000720024108887,,
final,535,cf_5939,unknown,self,5,False,-6.000720024108887,,
final,535,cf_5939,unknown,self,6,False,-6.000720024108887,,
final,535,cf_5939,unknown,self,7,False,-6.000720024108887,,
final,535,cf_5939,unknown,self,8,False,-6.000720024108887,,
final,535,cf_5939,unknown,self,9,False,-6.000720024108887,,
final,535,cf_5939,unknown,self,10,False,-6.000720024108887,,
final,535,cf_5939,unknown,self,11,False,-6.000720024108887,,
final,535,cf_5939,unknown,self,12,False,-6.000720024108887,,
final,535,cf_5939,unknown,self,13,False,-6.000720024108887,,
final,535,cf_5939,unknown,self,14,False,-6.000720024108887,,
final,535,cf_5939,unknown,self,15,False,-6.000720024108887,,
final,535,cf_5939,unknown,self,16,False,-6.000720024108887,,
final,535,cf_5939,unknown,self,17,False,-6.000720024108887,,
final,535,cf_5939,unknown,self,18,False,-6.000720024108887,,
final,535,cf_5939,unknown,self,19,False,-6.000720024108887,,
final,535,cf_5939,unknown,self,20,False,-6.000720024108887,,
final,535,cf_5939,unknown,self,21,False,-6.000720024108887,,
final,535,cf_5939,unknown,self,22,False,-6.000720024108887,,
final,535,cf_5939,unknown,self,23,False,-6.000720024108887,,
final,535,cf_5939,unknown,self,24,False,-6.974393844604492,,
final,535,cf_5939,unknown,self,-1,False,,,
final,535,cf_3822,unknown,self,0,False,3.8659725189208984,,
final,535,cf_3822,unknown,self,1,False,3.8659725189208984,,
final,535,cf_3822,unknown,self,2,False,3.8659725189208984,,
final,535,cf_3822,unknown,self,3,False,3.8659725189208984,,
final,535,cf_3822,unknown,self,4,False,3.8659725189208984,,
final,535,cf_3822,unknown,self,5,False,3.8659725189208984,,
final,535,cf_3822,unknown,self,6,False,3.8659725189208984,,
final,535,cf_3822,unknown,self,7,False,3.8659725189208984,,
final,535,cf_3822,unknown,self,8,False,3.8659725189208984,,
final,535,cf_3822,unknown,self,9,False,3.8659725189208984,,
final,535,cf_3822,unknown,self,10,False,3.8659725189208984,,
final,535,cf_3822,unknown,self,11,False,3.8659725189208984,,
final,535,cf_3822,unknown,self,12,False,3.8659725189208984,,
final,535,cf_3822,unknown,self,13,False,3.8659725189208984,,
final,535,cf_3822,unknown,self,14,False,3.8659725189208984,,
final,535,cf_3822,unknown,self,15,False,3.8659725189208984,,
final,535,cf_3822,unknown,self,16,False,3.8659725189208984,,
final,535,cf_3822,unknown,self,17,False,3.8659725189208984,,
final,535,cf_3822,unknown,self,18,False,3.8659725189208984,,
final,535,cf_3822,unknown,self,19,False,3.8659725189208984,,
final,535,cf_3822,unknown,self,20,False,3.8659725189208984,,
final,535,cf_3822,unknown,self,21,False,3.8659725189208984,,
final,535,cf_3822,unknown,self,22,False,3.8659725189208984,,
final,535,cf_3822,unknown,self,23,False,3.8659725189208984,,
final,535,cf_3822,unknown,self,24,False,3.6156177520751953,,
final,535,cf_3822,unknown,self,-1,False,,,0.0
final,535,cf_18494,unknown,self,0,False,-6.461761474609375,,
final,535,cf_18494,unknown,self,1,False,-6.461761474609375,,
final,535,cf_18494,unknown,self,2,False,-6.461761474609375,,
final,535,cf_18494,unknown,self,3,False,-6.461761474609375,,
final,535,cf_18494,unknown,self,4,False,-6.461761474609375,,
final,535,cf_18494,unknown,self,5,False,-6.461761474609375,,
final,535,cf_18494,unknown,self,6,False,-6.461761474609375,,
final,535,cf_18494,unknown,self,7,False,-6.461761474609375,,
final,535,cf_18494,unknown,self,8,False,-6.461761474609375,,
final,535,cf_18494,unknown,self,9,False,-6.461761474609375,,
final,535,cf_18494,unknown,self,10,False,-6.461761474609375,,
final,535,cf_18494,unknown,self,11,False,-6.461761474609375,,
final,535,cf_18494,unknown,self,12,False,-6.461761474609375,,
final,535,cf_18494,unknown,self,13,False,-6.461761474609375,,
final,535,cf_18494,unknown,self,14,False,-6.461761474609375,,
final,535,cf_18494,unknown,self,15,False,-6.461761474609375,,
final,535,cf_18494,unknown,self,16,False,-6.461761474609375,,
final,535,cf_18494,unknown,self,17,False,-6.461761474609375,,
final,535,cf_18494,unknown,self,18,False,-6.461761474609375,,
final,535,cf_18494,unknown,self,19,False,-6.461761474609375,,
final,535,cf_18494,unknown,self,20,False,-6.461761474609375,,
final,535,cf_18494,unknown,self,21,False,-6.461761474609375,,
final,535,cf_18494,unknown,self,22,False,-6.461761474609375,,
final,535,cf_18494,unknown,self,23,False,-6.461761474609375,,
final,535,cf_18494,unknown,self,24,False,-7.594114303588867,,
final,535,cf_18494,unknown,self,-1,False,,,
final,535,cf_3796,unknown,self,0,False,3.382659912109375,,
final,535,cf_3796,unknown,self,1,False,3.382659912109375,,
final,535,cf_3796,unknown,self,2,False,3.382659912109375,,
final,535,cf_3796,unknown,self,3,False,3.382659912109375,,
final,535,cf_3796,unknown,self,4,False,3.382659912109375,,
final,535,cf_3796,unknown,self,5,False,3.382659912109375,,
final,535,cf_3796,unknown,self,6,False,3.382659912109375,,
final,535,cf_3796,unknown,self,7,False,3.382659912109375,,
final,535,cf_3796,unknown,self,8,False,3.382659912109375,,
final,535,cf_3796,unknown,self,9,False,3.382659912109375,,
final,535,cf_3796,unknown,self,10,False,3.382659912109375,,
final,535,cf_3796,unknown,self,11,False,3.382659912109375,,
final,535,cf_3796,unknown,self,12,False,3.382659912109375,,
final,535,cf_3796,unknown,self,13,False,3.382659912109375,,
final,535,cf_3796,unknown,self,14,False,3.382659912109375,,
final,535,cf_3796,unknown,self,15,False,3.382659912109375,,
final,535,cf_3796,unknown,self,16,False,3.382659912109375,,
final,535,cf_3796,unknown,self,17,False,3.382659912109375,,
final,535,cf_3796,unknown,self,18,False,3.382659912109375,,
final,535,cf_3796,unknown,self,19,False,3.382659912109375,,
final,535,cf_3796,unknown,self,20,False,3.382659912109375,,
final,535,cf_3796,unknown,self,21,False,3.382659912109375,,
final,535,cf_3796,unknown,self,22,False,3.382659912109375,,
final,535,cf_3796,unknown,self,23,False,3.382659912109375,,
final,535,cf_3796,unknown,self,24,False,3.511441230773926,,
final,535,cf_3796,unknown,self,-1,False,,,0.0
final,535,cf_8902,unknown,self,0,False,0.3210325241088867,,
final,535,cf_8902,unknown,self,1,False,0.3210325241088867,,
final,535,cf_8902,unknown,self,2,False,0.3210325241088867,,
final,535,cf_8902,unknown,self,3,False,0.3210325241088867,,
final,535,cf_8902,unknown,self,4,False,0.3210325241088867,,
final,535,cf_8902,unknown,self,5,False,0.3210325241088867,,
final,535,cf_8902,unknown,self,6,False,0.3210325241088867,,
final,535,cf_8902,unknown,self,7,False,0.3210325241088867,,
final,535,cf_8902,unknown,self,8,False,0.3210325241088867,,
final,535,cf_8902,unknown,self,9,False,0.3210325241088867,,
final,535,cf_8902,unknown,self,10,False,0.3210325241088867,,
final,535,cf_8902,unknown,self,11,False,0.3210325241088867,,
final,535,cf_8902,unknown,self,12,False,0.3210325241088867,,
final,535,cf_8902,unknown,self,13,False,0.3210325241088867,,
final,535,cf_8902,unknown,self,14,False,0.3210325241088867,,
final,535,cf_8902,unknown,self,15,False,0.3210325241088867,,
final,535,cf_8902,unknown,self,16,False,0.3210325241088867,,
final,535,cf_8902,unknown,self,17,False,0.3210325241088867,,
final,535,cf_8902,unknown,self,18,False,0.3210325241088867,,
final,535,cf_8902,unknown,self,19,False,0.3210325241088867,,
final,535,cf_8902,unknown,self,20,False,0.3210325241088867,,
final,535,cf_8902,unknown,self,21,False,0.3210325241088867,,
final,535,cf_8902,unknown,self,22,False,0.3210325241088867,,
final,535,cf_8902,unknown,self,23,False,0.3210325241088867,,
final,535,cf_8902,unknown,self,24,False,0.3677549362182617,,
final,535,cf_8902,unknown,self,-1,False,,,0.0
final,535,cf_14320,unknown,self,0,False,-6.3424072265625,,
final,535,cf_14320,unknown,self,1,False,-6.3424072265625,,
final,535,cf_14320,unknown,self,2,False,-6.3424072265625,,
final,535,cf_14320,unknown,self,3,False,-6.3424072265625,,
final,535,cf_14320,unknown,self,4,False,-6.3424072265625,,
final,535,cf_14320,unknown,self,5,False,-6.3424072265625,,
final,535,cf_14320,unknown,self,6,False,-6.3424072265625,,
final,535,cf_14320,unknown,self,7,False,-6.3424072265625,,
final,535,cf_14320,unknown,self,8,False,-6.3424072265625,,
final,535,cf_14320,unknown,self,9,False,-6.3424072265625,,
final,535,cf_14320,unknown,self,10,False,-6.3424072265625,,
final,535,cf_14320,unknown,self,11,False,-6.3424072265625,,
final,535,cf_14320,unknown,self,12,False,-6.3424072265625,,
final,535,cf_14320,unknown,self,13,False,-6.3424072265625,,
final,535,cf_14320,unknown,self,14,False,-6.3424072265625,,
final,535,cf_14320,unknown,self,15,False,-6.3424072265625,,
final,535,cf_14320,unknown,self,16,False,-6.3424072265625,,
final,535,cf_14320,unknown,self,17,False,-6.3424072265625,,
final,535,cf_14320,unknown,self,18,False,-6.3424072265625,,
final,535,cf_14320,unknown,self,19,False,-6.3424072265625,,
final,535,cf_14320,unknown,self,20,False,-6.3424072265625,,
final,535,cf_14320,unknown,self,21,False,-6.3424072265625,,
final,535,cf_14320,unknown,self,22,False,-6.3424072265625,,
final,535,cf_14320,unknown,self,23,False,-6.3424072265625,,
final,535,cf_14320,unknown,self,24,False,-7.569158554077148,,
final,535,cf_14320,unknown,self,-1,False,,,
final,535,cf_8498,unknown,self,0,False,1.359786033630371,,
final,535,cf_8498,unknown,self,1,False,1.359786033630371,,
final,535,cf_8498,unknown,self,2,False,1.359786033630371,,
final,535,cf_8498,unknown,self,3,False,1.359786033630371,,
final,535,cf_8498,unknown,self,4,False,1.359786033630371,,
final,535,cf_8498,unknown,self,5,False,1.359786033630371,,
final,535,cf_8498,unknown,self,6,False,1.359786033630371,,
final,535,cf_8498,unknown,self,7,False,1.359786033630371,,
final,535,cf_8498,unknown,self,8,False,1.359786033630371,,
final,535,cf_8498,unknown,self,9,False,1.359786033630371,,
final,535,cf_8498,unknown,self,10,False,1.359786033630371,,
final,535,cf_8498,unknown,self,11,False,1.359786033630371,,
final,535,cf_8498,unknown,self,12,False,1.359786033630371,,
final,535,cf_8498,unknown,self,13,False,1.359786033630371,,
final,535,cf_8498,unknown,self,14,False,1.359786033630371,,
final,535,cf_8498,unknown,self,15,False,1.359786033630371,,
final,535,cf_8498,unknown,self,16,False,1.359786033630371,,
final,535,cf_8498,unknown,self,17,False,1.359786033630371,,
final,535,cf_8498,unknown,self,18,False,1.359786033630371,,
final,535,cf_8498,unknown,self,19,False,1.359786033630371,,
final,535,cf_8498,unknown,self,20,False,1.359786033630371,,
final,535,cf_8498,unknown,self,21,False,1.359786033630371,,
final,535,cf_8498,unknown,self,22,False,1.359786033630371,,
final,535,cf_8498,unknown,self,23,False,1.359786033630371,,
final,535,cf_8498,unknown,self,24,False,1.5298442840576172,,
final,535,cf_8498,unknown,self,-1,False,,,0.0
final,535,cf_778,unknown,self,0,False,0.49330902099609375,,
final,535,cf_778,unknown,self,1,False,0.49330902099609375,,
final,535,cf_778,unknown,self,2,False,0.49330902099609375,,
final,535,cf_778,unknown,self,3,False,0.49330902099609375,,
final,535,cf_778,unknown,self,4,False,0.49330902099609375,,
final,535,cf_778,unknown,self,5,False,0.49330902099609375,,
final,535,cf_778,unknown,self,6,False,0.49330902099609375,,
final,535,cf_778,unknown,self,7,False,0.49330902099609375,,
final,535,cf_778,unknown,self,8,False,0.49330902099609375,,
final,535,cf_778,unknown,self,9,False,0.49330902099609375,,
final,535,cf_778,unknown,self,10,False,0.49330902099609375,,
final,535,cf_778,unknown,self,11,False,0.49330902099609375,,
final,535,cf_778,unknown,self,12,False,0.49330902099609375,,
final,535,cf_778,unknown,self,13,False,0.49330902099609375,,
final,535,cf_778,unknown,self,14,False,0.49330902099609375,,
final,535,cf_778,unknown,self,15,False,0.49330902099609375,,
final,535,cf_778,unknown,self,16,False,0.49330902099609375,,
final,535,cf_778,unknown,self,17,False,0.49330902099609375,,
final,535,cf_778,unknown,self,18,False,0.49330902099609375,,
final,535,cf_778,unknown,self,19,False,0.49330902099609375,,
final,535,cf_778,unknown,self,20,False,0.49330902099609375,,
final,535,cf_778,unknown,self,21,False,0.49330902099609375,,
final,535,cf_778,unknown,self,22,False,0.49330902099609375,,
final,535,cf_778,unknown,self,23,False,0.49330902099609375,,
final,535,cf_778,unknown,self,24,False,0.27646446228027344,,
final,535,cf_778,unknown,self,-1,False,,,0.0
final,535,cf_1296,unknown,self,0,False,-1.4788885116577148,,
final,535,cf_1296,unknown,self,1,False,-1.4788885116577148,,
final,535,cf_1296,unknown,self,2,False,-1.4788885116577148,,
final,535,cf_1296,unknown,self,3,False,-1.4788885116577148,,
final,535,cf_1296,unknown,self,4,False,-1.4788885116577148,,
final,535,cf_1296,unknown,self,5,False,-1.4788885116577148,,
final,535,cf_1296,unknown,self,6,False,-1.4788885116577148,,
final,535,cf_1296,unknown,self,7,False,-1.4788885116577148,,
final,535,cf_1296,unknown,self,8,False,-1.4788885116577148,,
final,535,cf_1296,unknown,self,9,False,-1.4788885116577148,,
final,535,cf_1296,unknown,self,10,False,-1.4788885116577148,,
final,535,cf_1296,unknown,self,11,False,-1.4788885116577148,,
final,535,cf_1296,unknown,self,12,False,-1.4788885116577148,,
final,535,cf_1296,unknown,self,13,False,-1.4788885116577148,,
final,535,cf_1296,unknown,self,14,False,-1.4788885116577148,,
final,535,cf_1296,unknown,self,15,False,-1.4788885116577148,,
final,535,cf_1296,unknown,self,16,False,-1.4788885116577148,,
final,535,cf_1296,unknown,self,17,False,-1.4788885116577148,,
final,535,cf_1296,unknown,self,18,False,-1.4788885116577148,,
final,535,cf_1296,unknown,self,19,False,-1.4788885116577148,,
final,535,cf_1296,unknown,self,20,False,-1.4788885116577148,,
final,535,cf_1296,unknown,self,21,False,-1.4788885116577148,,
final,535,cf_1296,unknown,self,22,False,-1.4788885116577148,,
final,535,cf_1296,unknown,self,23,False,-1.4788885116577148,,
final,535,cf_1296,unknown,self,24,False,-1.1417465209960938,,
final,535,cf_1296,unknown,self,-1,False,,,
final,535,cf_2281,unknown,self,0,False,3.12941837310791,,
final,535,cf_2281,unknown,self,1,False,3.12941837310791,,
final,535,cf_2281,unknown,self,2,False,3.12941837310791,,
final,535,cf_2281,unknown,self,3,False,3.12941837310791,,
final,535,cf_2281,unknown,self,4,False,3.12941837310791,,
final,535,cf_2281,unknown,self,5,False,3.12941837310791,,
final,535,cf_2281,unknown,self,6,False,3.12941837310791,,
final,535,cf_2281,unknown,self,7,False,3.12941837310791,,
final,535,cf_2281,unknown,self,8,False,3.12941837310791,,
final,535,cf_2281,unknown,self,9,False,3.12941837310791,,
final,535,cf_2281,unknown,self,10,False,3.12941837310791,,
final,535,cf_2281,unknown,self,11,False,3.12941837310791,,
final,535,cf_2281,unknown,self,12,False,3.12941837310791,,
final,535,cf_2281,unknown,self,13,False,3.12941837310791,,
final,535,cf_2281,unknown,self,14,False,3.12941837310791,,
final,535,cf_2281,unknown,self,15,False,3.12941837310791,,
final,535,cf_2281,unknown,self,16,False,3.12941837310791,,
final,535,cf_2281,unknown,self,17,False,3.12941837310791,,
final,535,cf_2281,unknown,self,18,False,3.12941837310791,,
final,535,cf_2281,unknown,self,19,False,3.12941837310791,,
final,535,cf_2281,unknown,self,20,False,3.12941837310791,,
final,535,cf_2281,unknown,self,21,False,3.12941837310791,,
final,535,cf_2281,unknown,self,22,False,3.12941837310791,,
final,535,cf_2281,unknown,self,23,False,3.12941837310791,,
final,535,cf_2281,unknown,self,24,False,2.74971866607666,,
final,535,cf_2281,unknown,self,-1,False,,,0.0
final,535,cf_10334,unknown,self,0,False,4.128247261047363,,
final,535,cf_10334,unknown,self,1,False,4.128247261047363,,
final,535,cf_10334,unknown,self,2,False,4.128247261047363,,
final,535,cf_10334,unknown,self,3,False,4.128247261047363,,
final,535,cf_10334,unknown,self,4,False,4.128247261047363,,
final,535,cf_10334,unknown,self,5,False,4.128247261047363,,
final,535,cf_10334,unknown,self,6,False,4.128247261047363,,
final,535,cf_10334,unknown,self,7,False,4.128247261047363,,
final,535,cf_10334,unknown,self,8,False,4.128247261047363,,
final,535,cf_10334,unknown,self,9,False,4.128247261047363,,
final,535,cf_10334,unknown,self,10,False,4.128247261047363,,
final,535,cf_10334,unknown,self,11,False,4.128247261047363,,
final,535,cf_10334,unknown,self,12,False,4.128247261047363,,
final,535,cf_10334,unknown,self,13,False,4.128247261047363,,
final,535,cf_10334,unknown,self,14,False,4.128247261047363,,
final,535,cf_10334,unknown,self,15,False,4.128247261047363,,
final,535,cf_10334,unknown,self,16,False,4.128247261047363,,
final,535,cf_10334,unknown,self,17,False,4.128247261047363,,
final,535,cf_10334,unknown,self,18,False,4.128247261047363,,
final,535,cf_10334,unknown,self,19,False,4.128247261047363,,
final,535,cf_10334,unknown,self,20,False,4.128247261047363,,
final,535,cf_10334,unknown,self,21,False,4.128247261047363,,
final,535,cf_10334,unknown,self,22,False,4.128247261047363,,
final,535,cf_10334,unknown,self,23,False,4.128247261047363,,
final,535,cf_10334,unknown,self,24,False,4.187496185302734,,
final,535,cf_10334,unknown,self,-1,False,,,0.0
final,535,cf_16171,unknown,self,0,False,-12.111846923828125,,
final,535,cf_16171,unknown,self,1,False,-12.111846923828125,,
final,535,cf_16171,unknown,self,2,False,-12.111846923828125,,
final,535,cf_16171,unknown,self,3,False,-12.111846923828125,,
final,535,cf_16171,unknown,self,4,False,-12.111846923828125,,
final,535,cf_16171,unknown,self,5,False,-12.111846923828125,,
final,535,cf_16171,unknown,self,6,False,-12.111846923828125,,
final,535,cf_16171,unknown,self,7,False,-12.111846923828125,,
final,535,cf_16171,unknown,self,8,False,-12.111846923828125,,
final,535,cf_16171,unknown,self,9,False,-12.111846923828125,,
final,535,cf_16171,unknown,self,10,False,-12.111846923828125,,
final,535,cf_16171,unknown,self,11,False,-12.111846923828125,,
final,535,cf_16171,unknown,self,12,False,-12.111846923828125,,
final,535,cf_16171,unknown,self,13,False,-12.111846923828125,,
final,535,cf_16171,unknown,self,14,False,-12.111846923828125,,
final,535,cf_16171,unknown,self,15,False,-12.111846923828125,,
final,535,cf_16171,unknown,self,16,False,-12.111846923828125,,
final,535,cf_16171,unknown,self,17,False,-12.111846923828125,,
final,535,cf_16171,unknown,self,18,False,-12.111846923828125,,
final,535,cf_16171,unknown,self,19,False,-12.111846923828125,,
final,535,cf_16171,unknown,self,20,False,-12.111846923828125,,
final,535,cf_16171,unknown,self,21,False,-12.111846923828125,,
final,535,cf_16171,unknown,self,22,False,-12.111846923828125,,
final,535,cf_16171,unknown,self,23,False,-12.111846923828125,,
final,535,cf_16171,unknown,self,24,False,-13.098918914794922,,
final,535,cf_16171,unknown,self,-1,False,,,
final,535,cf_10131,unknown,self,0,False,3.577268600463867,,
final,535,cf_10131,unknown,self,1,False,3.577268600463867,,
final,535,cf_10131,unknown,self,2,False,3.577268600463867,,
final,535,cf_10131,unknown,self,3,False,3.577268600463867,,
final,535,cf_10131,unknown,self,4,False,3.577268600463867,,
final,535,cf_10131,unknown,self,5,False,3.577268600463867,,
final,535,cf_10131,unknown,self,6,False,3.577268600463867,,
final,535,cf_10131,unknown,self,7,False,3.577268600463867,,
final,535,cf_10131,unknown,self,8,False,3.577268600463867,,
final,535,cf_10131,unknown,self,9,False,3.577268600463867,,
final,535,cf_10131,unknown,self,10,False,3.577268600463867,,
final,535,cf_10131,unknown,self,11,False,3.577268600463867,,
final,535,cf_10131,unknown,self,12,False,3.577268600463867,,
final,535,cf_10131,unknown,self,13,False,3.577268600463867,,
final,535,cf_10131,unknown,self,14,False,3.577268600463867,,
final,535,cf_10131,unknown,self,15,False,3.577268600463867,,
final,535,cf_10131,unknown,self,16,False,3.577268600463867,,
final,535,cf_10131,unknown,self,17,False,3.577268600463867,,
final,535,cf_10131,unknown,self,18,False,3.577268600463867,,
final,535,cf_10131,unknown,self,19,False,3.577268600463867,,
final,535,cf_10131,unknown,self,20,False,3.577268600463867,,
final,535,cf_10131,unknown,self,21,False,3.577268600463867,,
final,535,cf_10131,unknown,self,22,False,3.577268600463867,,
final,535,cf_10131,unknown,self,23,False,3.577268600463867,,
final,535,cf_10131,unknown,self,24,False,3.696409225463867,,
final,535,cf_10131,unknown,self,-1,False,,,0.0
final,535,cf_14324,unknown,mismatched,0,False,1.0380973815917969,,
final,535,cf_14324,unknown,mismatched,1,False,0.23252010345458984,,
final,535,cf_14324,unknown,mismatched,2,False,0.14612865447998047,,
final,535,cf_14324,unknown,mismatched,3,False,0.16861343383789062,,
final,535,cf_14324,unknown,mismatched,4,False,0.6295375823974609,,
final,535,cf_14324,unknown,mismatched,5,False,0.7245407104492188,,
final,535,cf_14324,unknown,mismatched,6,False,0.6197071075439453,,
final,535,cf_14324,unknown,mismatched,7,False,0.6889152526855469,,
final,535,cf_14324,unknown,mismatched,8,False,0.6399307250976562,,
final,535,cf_14324,unknown,mismatched,9,False,0.4300718307495117,,
final,535,cf_14324,unknown,mismatched,10,False,0.3406829833984375,,
final,535,cf_14324,unknown,mismatched,11,False,0.5716657638549805,,
final,535,cf_14324,unknown,mismatched,12,False,0.8869686126708984,,
final,535,cf_14324,unknown,mismatched,13,False,0.8677845001220703,,
final,535,cf_14324,unknown,mismatched,14,False,1.0617084503173828,,
final,535,cf_14324,unknown,mismatched,15,False,1.1539535522460938,,
final,535,cf_14324,unknown,mismatched,16,False,1.18524169921875,,
final,535,cf_14324,unknown,mismatched,17,True,0.7894649505615234,,
final,535,cf_14324,unknown,mismatched,18,True,1.201559066772461,,
final,535,cf_14324,unknown,mismatched,19,True,1.152273178100586,,
final,535,cf_14324,unknown,mismatched,20,True,1.3119449615478516,,
final,535,cf_14324,unknown,mismatched,21,True,1.2735023498535156,,
final,535,cf_14324,unknown,mismatched,22,True,1.5130500793457031,,
final,535,cf_14324,unknown,mismatched,23,False,1.7269287109375,,
final,535,cf_14324,unknown,mismatched,24,False,0.7408618927001953,,
final,535,cf_14324,unknown,mismatched,-1,True,,17.0,0.0
final,535,cf_11178,unknown,mismatched,0,False,7.625311851501465,,
final,535,cf_11178,unknown,mismatched,1,False,-0.5247564315795898,,
final,535,cf_11178,unknown,mismatched,2,False,-1.105992317199707,,
final,535,cf_11178,unknown,mismatched,3,False,-1.3658485412597656,,
final,535,cf_11178,unknown,mismatched,4,False,-1.7395753860473633,,
final,535,cf_11178,unknown,mismatched,5,False,-2.0633583068847656,,
final,535,cf_11178,unknown,mismatched,6,False,-1.9642858505249023,,
final,535,cf_11178,unknown,mismatched,7,False,-2.171407699584961,,
final,535,cf_11178,unknown,mismatched,8,False,-2.0714712142944336,,
final,535,cf_11178,unknown,mismatched,9,False,-1.8867297172546387,,
final,535,cf_11178,unknown,mismatched,10,False,-2.2766366004943848,,
final,535,cf_11178,unknown,mismatched,11,False,-2.956139087677002,,
final,535,cf_11178,unknown,mismatched,12,False,-3.177055835723877,,
final,535,cf_11178,unknown,mismatched,13,False,-3.4414474964141846,,
final,535,cf_11178,unknown,mismatched,14,False,-3.6401455402374268,,
final,535,cf_11178,unknown,mismatched,15,False,-3.6341516971588135,,
final,535,cf_11178,unknown,mismatched,16,False,-3.9672560691833496,,
final,535,cf_11178,unknown,mismatched,17,False,-3.8080344200134277,,
final,535,cf_11178,unknown,mismatched,18,False,-3.673576831817627,,
final,535,cf_11178,unknown,mismatched,19,False,-3.6917128562927246,,
final,535,cf_11178,unknown,mismatched,20,False,-4.819362163543701,,
final,535,cf_11178,unknown,mismatched,21,False,-5.20876932144165,,
final,535,cf_11178,unknown,mismatched,22,False,-5.057984352111816,,
final,535,cf_11178,unknown,mismatched,23,False,-4.867624759674072,,
final,535,cf_11178,unknown,mismatched,24,False,-3.45882511138916,,
final,535,cf_11178,unknown,mismatched,-1,False,,,0.0
final,535,cf_5939,unknown,mismatched,0,False,-6.000720024108887,,
final,535,cf_5939,unknown,mismatched,1,False,-10.946375846862793,,
final,535,cf_5939,unknown,mismatched,2,False,-11.087488174438477,,
final,535,cf_5939,unknown,mismatched,3,False,-10.795075416564941,,
final,535,cf_5939,unknown,mismatched,4,False,-11.240169525146484,,
final,535,cf_5939,unknown,mismatched,5,False,-11.381148338317871,,
final,535,cf_5939,unknown,mismatched,6,False,-11.455764770507812,,
final,535,cf_5939,unknown,mismatched,7,False,-11.659424781799316,,
final,535,cf_5939,unknown,mismatched,8,False,-11.645248413085938,,
final,535,cf_5939,unknown,mismatched,9,False,-12.523860931396484,,
final,535,cf_5939,unknown,mismatched,10,False,-12.429610252380371,,
final,535,cf_5939,unknown,mismatched,11,False,-13.144927024841309,,
final,535,cf_5939,unknown,mismatched,12,False,-14.016975402832031,,
final,535,cf_5939,unknown,mismatched,13,False,-14.870731353759766,,
final,535,cf_5939,unknown,mismatched,14,False,-14.915699005126953,,
final,535,cf_5939,unknown,mismatched,15,False,-14.869996070861816,,
final,535,cf_5939,unknown,mismatched,16,False,-15.533668518066406,,
final,535,cf_5939,unknown,mismatched,17,False,-15.010896682739258,,
final,535,cf_5939,unknown,mismatched,18,False,-14.883770942687988,,
final,535,cf_5939,unknown,mismatched,19,False,-14.695113182067871,,
final,535,cf_5939,unknown,mismatched,20,False,-15.119447708129883,,
final,535,cf_5939,unknown,mismatched,21,False,-15.134908676147461,,
final,535,cf_5939,unknown,mismatched,22,False,-15.160353660583496,,
final,535,cf_5939,unknown,mismatched,23,False,-15.297152519226074,,
final,535,cf_5939,unknown,mismatched,24,False,-14.034700393676758,,
final,535,cf_5939,unknown,mismatched,-1,False,,,
final,535,cf_18494,unknown,mismatched,0,False,-6.461761474609375,,
final,535,cf_18494,unknown,mismatched,1,False,-12.266708374023438,,
final,535,cf_18494,unknown,mismatched,2,False,-12.586971282958984,,
final,535,cf_18494,unknown,mismatched,3,False,-12.651266098022461,,
final,535,cf_18494,unknown,mismatched,4,False,-12.63509750366211,,
final,535,cf_18494,unknown,mismatched,5,False,-12.631669998168945,,
final,535,cf_18494,unknown,mismatched,6,False,-12.799216270446777,,
final,535,cf_18494,unknown,mismatched,7,False,-12.710227012634277,,
final,535,cf_18494,unknown,mismatched,8,False,-12.673349380493164,,
final,535,cf_18494,unknown,mismatched,9,False,-13.071561813354492,,
final,535,cf_18494,unknown,mismatched,10,False,-14.14807415008545,,
final,535,cf_18494,unknown,mismatched,11,False,-15.599148750305176,,
final,535,cf_18494,unknown,mismatched,12,False,-16.233989715576172,,
final,535,cf_18494,unknown,mismatched,13,False,-16.596784591674805,,
final,535,cf_18494,unknown,mismatched,14,False,-16.993125915527344,,
final,535,cf_18494,unknown,mismatched,15,False,-16.708393096923828,,
final,535,cf_18494,unknown,mismatched,16,False,-16.76280975341797,,
final,535,cf_18494,unknown,mismatched,17,False,-16.586336135864258,,
final,535,cf_18494,unknown,mismatched,18,False,-16.220735549926758,,
final,535,cf_18494,unknown,mismatched,19,False,-15.183976173400879,,
final,535,cf_18494,unknown,mismatched,20,False,-15.471708297729492,,
final,535,cf_18494,unknown,mismatched,21,False,-15.067122459411621,,
final,535,cf_18494,unknown,mismatched,22,False,-16.72418785095215,,
final,535,cf_18494,unknown,mismatched,23,False,-16.644868850708008,,
final,535,cf_18494,unknown,mismatched,24,False,-15.97579288482666,,
final,535,cf_18494,unknown,mismatched,-1,False,,,
final,535,cf_3796,unknown,mismatched,0,False,3.382659912109375,,
final,535,cf_3796,unknown,mismatched,1,False,-1.429281234741211,,
final,535,cf_3796,unknown,mismatched,2,False,-1.054612159729004,,
final,535,cf_3796,unknown,mismatched,3,False,-0.8454923629760742,,
final,535,cf_3796,unknown,mismatched,4,False,-0.6331319808959961,,
final,535,cf_3796,unknown,mismatched,5,False,-0.6274328231811523,,
final,535,cf_3796,unknown,mismatched,6,False,-0.32989501953125,,
final,535,cf_3796,unknown,mismatched,7,False,-0.43769168853759766,,
final,535,cf_3796,unknown,mismatched,8,False,-0.7287979125976562,,
final,535,cf_3796,unknown,mismatched,9,False,-0.690150260925293,,
final,535,cf_3796,unknown,mismatched,10,False,-0.7524189949035645,,
final,535,cf_3796,unknown,mismatched,11,False,-0.5446505546569824,,
final,535,cf_3796,unknown,mismatched,12,False,-0.2740287780761719,,
final,535,cf_3796,unknown,mismatched,13,False,-0.0022225379943847656,,
final,535,cf_3796,unknown,mismatched,14,False,0.4559788703918457,,
final,535,cf_3796,unknown,mismatched,15,False,1.0918207168579102,,
final,535,cf_3796,unknown,mismatched,16,False,1.4619925022125244,,
final,535,cf_3796,unknown,mismatched,17,False,1.5573744773864746,,
final,535,cf_3796,unknown,mismatched,18,False,1.4853246212005615,,
final,535,cf_3796,unknown,mismatched,19,False,2.387625217437744,,
final,535,cf_3796,unknown,mismatched,20,False,3.1130433082580566,,
final,535,cf_3796,unknown,mismatched,21,False,2.4864392280578613,,
final,535,cf_3796,unknown,mismatched,22,False,2.390739917755127,,
final,535,cf_3796,unknown,mismatched,23,False,1.778950810432434,,
final,535,cf_3796,unknown,mismatched,24,False,1.6305135488510132,,
final,535,cf_3796,unknown,mismatched,-1,False,,,0.0
final,535,cf_14320,unknown,mismatched,0,False,-6.3424072265625,,
final,535,cf_14320,unknown,mismatched,1,False,-10.127683639526367,,
final,535,cf_14320,unknown,mismatched,2,False,-10.267364501953125,,
final,535,cf_14320,unknown,mismatched,3,False,-10.760183334350586,,
final,535,cf_14320,unknown,mismatched,4,False,-10.989435195922852,,
final,535,cf_14320,unknown,mismatched,5,False,-11.04163932800293,,
final,535,cf_14320,unknown,mismatched,6,False,-11.832923889160156,,
final,535,cf_14320,unknown,mismatched,7,False,-12.385353088378906,,
final,535,cf_14320,unknown,mismatched,8,False,-12.855878829956055,,
final,535,cf_14320,unknown,mismatched,9,False,-13.879499435424805,,
final,535,cf_14320,unknown,mismatched,10,False,-14.825732231140137,,
final,535,cf_14320,unknown,mismatched,11,False,-16.112125396728516,,
final,535,cf_14320,unknown,mismatched,12,False,-17.406330108642578,,
final,535,cf_14320,unknown,mismatched,13,False,-19.472339630126953,,
final,535,cf_14320,unknown,mismatched,14,False,-20.636947631835938,,
final,535,cf_14320,unknown,mismatched,15,False,-21.150182723999023,,
final,535,cf_14320,unknown,mismatched,16,False,-21.776018142700195,,
final,535,cf_14320,unknown,mismatched,17,False,-21.483177185058594,,
final,535,cf_14320,unknown,mismatched,18,False,-22.438400268554688,,
final,535,cf_14320,unknown,mismatched,19,False,-22.229351043701172,,
final,535,cf_14320,unknown,mismatched,20,False,-22.08481216430664,,
final,535,cf_14320,unknown,mismatched,21,False,-21.670143127441406,,
final,535,cf_14320,unknown,mismatched,22,False,-20.21957778930664,,
final,535,cf_14320,unknown,mismatched,23,False,-19.143930435180664,,
final,535,cf_14320,unknown,mismatched,24,False,-17.375503540039062,,
final,535,cf_14320,unknown,mismatched,-1,False,,,
final,535,cf_8498,unknown,mismatched,0,False,1.359786033630371,,
final,535,cf_8498,unknown,mismatched,1,False,-4.2718610763549805,,
final,535,cf_8498,unknown,mismatched,2,False,-4.28485107421875,,
final,535,cf_8498,unknown,mismatched,3,False,-4.306710243225098,,
final,535,cf_8498,unknown,mismatched,4,False,-4.638628005981445,,
final,535,cf_8498,unknown,mismatched,5,False,-4.6150360107421875,,
final,535,cf_8498,unknown,mismatched,6,False,-4.680515289306641,,
final,535,cf_8498,unknown,mismatched,7,False,-4.637933731079102,,
final,535,cf_8498,unknown,mismatched,8,False,-4.542817115783691,,
final,535,cf_8498,unknown,mismatched,9,False,-4.6050519943237305,,
final,535,cf_8498,unknown,mismatched,10,False,-4.415693283081055,,
final,535,cf_8498,unknown,mismatched,11,False,-4.2847771644592285,,
final,535,cf_8498,unknown,mismatched,12,False,-4.6093010902404785,,
final,535,cf_8498,unknown,mismatched,13,False,-5.860612392425537,,
final,535,cf_8498,unknown,mismatched,14,False,-6.180294036865234,,
final,535,cf_8498,unknown,mismatched,15,False,-6.441862106323242,,
final,535,cf_8498,unknown,mismatched,16,False,-6.2660393714904785,,
final,535,cf_8498,unknown,mismatched,17,False,-5.410555362701416,,
final,535,cf_8498,unknown,mismatched,18,False,-5.680905342102051,,
final,535,cf_8498,unknown,mismatched,19,False,-6.432765007019043,,
final,535,cf_8498,unknown,mismatched,20,False,-6.719128131866455,,
final,535,cf_8498,unknown,mismatched,21,False,-5.220835208892822,,
final,535,cf_8498,unknown,mismatched,22,False,-4.2314605712890625,,
final,535,cf_8498,unknown,mismatched,23,False,-4.601079940795898,,
final,535,cf_8498,unknown,mismatched,24,False,-4.857989311218262,,
final,535,cf_8498,unknown,mismatched,-1,False,,,0.0
final,535,cf_778,unknown,mismatched,0,False,0.49330902099609375,,
final,535,cf_778,unknown,mismatched,1,False,-1.6453790664672852,,
final,535,cf_778,unknown,mismatched,2,False,-1.3254656791687012,,
final,535,cf_778,unknown,mismatched,3,False,-1.211064338684082,,
final,535,cf_778,unknown,mismatched,4,False,-1.1289043426513672,,
final,535,cf_778,unknown,mismatched,5,False,-1.076164722442627,,
final,535,cf_778,unknown,mismatched,6,False,-1.0241174697875977,,
final,535,cf_778,unknown,mismatched,7,False,-1.1353473663330078,,
final,535,cf_778,unknown,mismatched,8,False,-1.212601661682129,,
final,535,cf_778,unknown,mismatched,9,False,-1.1630916595458984,,
final,535,cf_778,unknown,mismatched,10,False,-1.0287227630615234,,
final,535,cf_778,unknown,mismatched,11,False,-0.6642253398895264,,
final,535,cf_778,unknown,mismatched,12,False,-0.3551981449127197,,
final,535,cf_778,unknown,mismatched,13,False,-0.04283905029296875,,
final,535,cf_778,unknown,mismatched,14,False,0.5137251615524292,,
final,535,cf_778,unknown,mismatched,15,False,0.655805230140686,,
final,535,cf_778,unknown,mismatched,16,False,0.6075077056884766,,
final,535,cf_778,unknown,mismatched,17,False,0.6997437477111816,,
final,535,cf_778,unknown,mismatched,18,False,0.5823667049407959,,
final,535,cf_778,unknown,mismatched,19,False,1.0387382507324219,,
final,535,cf_778,unknown,mismatched,20,False,0.8961625099182129,,
final,535,cf_778,unknown,mismatched,21,False,0.6958434581756592,,
final,535,cf_778,unknown,mismatched,22,False,0.9235401153564453,,
final,535,cf_778,unknown,mismatched,23,False,0.886406421661377,,
final,535,cf_778,unknown,mismatched,24,False,0.452392578125,,
final,535,cf_778,unknown,mismatched,-1,False,,,0.0
final,535,cf_2281,unknown,mismatched,0,False,3.12941837310791,,
final,535,cf_2281,unknown,mismatched,1,False,-0.8798966407775879,,
final,535,cf_2281,unknown,mismatched,2,False,-0.8093390464782715,,
final,535,cf_2281,unknown,mismatched,3,False,-0.8683457374572754,,
final,535,cf_2281,unknown,mismatched,4,False,-0.8686676025390625,,
final,535,cf_2281,unknown,mismatched,5,False,-0.8992791175842285,,
final,535,cf_2281,unknown,mismatched,6,False,-0.7357025146484375,,
final,535,cf_2281,unknown,mismatched,7,False,-0.9218006134033203,,
final,535,cf_2281,unknown,mismatched,8,False,-1.0131001472473145,,
final,535,cf_2281,unknown,mismatched,9,False,-0.914276123046875,,
final,535,cf_2281,unknown,mismatched,10,False,-0.9186115264892578,,
final,535,cf_2281,unknown,mismatched,11,False,-0.7650446891784668,,
final,535,cf_2281,unknown,mismatched,12,False,-0.5323448181152344,,
final,535,cf_2281,unknown,mismatched,13,False,-0.14865398406982422,,
final,535,cf_2281,unknown,mismatched,14,False,0.029451847076416016,,
final,535,cf_2281,unknown,mismatched,15,False,-0.1279442310333252,,
final,535,cf_2281,unknown,mismatched,16,False,-0.2763988971710205,,
final,535,cf_2281,unknown,mismatched,17,False,-0.7434475421905518,,
final,535,cf_2281,unknown,mismatched,18,False,-1.9457573890686035,,
final,535,cf_2281,unknown,mismatched,19,False,-1.883882999420166,,
final,535,cf_2281,unknown,mismatched,20,False,-1.338930606842041,,
final,535,cf_2281,unknown,mismatched,21,False,-2.396915912628174,,
final,535,cf_2281,unknown,mismatched,22,False,-2.4131698608398438,,
final,535,cf_2281,unknown,mismatched,23,False,-2.3781495094299316,,
final,535,cf_2281,unknown,mismatched,24,False,-2.022930145263672,,
final,535,cf_2281,unknown,mismatched,-1,False,,,0.0
final,535,cf_10334,unknown,mismatched,0,False,4.128247261047363,,
final,535,cf_10334,unknown,mismatched,1,False,2.090364456176758,,
final,535,cf_10334,unknown,mismatched,2,False,2.4285717010498047,,
final,535,cf_10334,unknown,mismatched,3,False,2.647698402404785,,
final,535,cf_10334,unknown,mismatched,4,False,2.914846420288086,,
final,535,cf_10334,unknown,mismatched,5,False,3.0326499938964844,,
final,535,cf_10334,unknown,mismatched,6,False,3.4123191833496094,,
final,535,cf_10334,unknown,mismatched,7,False,3.4154701232910156,,
final,535,cf_10334,unknown,mismatched,8,False,3.368999481201172,,
final,535,cf_10334,unknown,mismatched,9,False,3.504754066467285,,
final,535,cf_10334,unknown,mismatched,10,False,3.429309844970703,,
final,535,cf_10334,unknown,mismatched,11,False,3.4116649627685547,,
final,535,cf_10334,unknown,mismatched,12,False,3.061420440673828,,
final,535,cf_10334,unknown,mismatched,13,False,2.376858711242676,,
final,535,cf_10334,unknown,mismatched,14,False,2.153977394104004,,
final,535,cf_10334,unknown,mismatched,15,False,2.022428512573242,,
final,535,cf_10334,unknown,mismatched,16,False,1.8132524490356445,,
final,535,cf_10334,unknown,mismatched,17,False,2.851454734802246,,
final,535,cf_10334,unknown,mismatched,18,False,2.765636444091797,,
final,535,cf_10334,unknown,mismatched,19,False,2.1773290634155273,,
final,535,cf_10334,unknown,mismatched,20,False,1.1902799606323242,,
final,535,cf_10334,unknown,mismatched,21,False,0.995697021484375,,
final,535,cf_10334,unknown,mismatched,22,False,0.9262733459472656,,
final,535,cf_10334,unknown,mismatched,23,False,0.08076000213623047,,
final,535,cf_10334,unknown,mismatched,24,False,0.21668529510498047,,
final,535,cf_10334,unknown,mismatched,-1,False,,,0.0
final,535,cf_16171,unknown,mismatched,0,False,-12.111846923828125,,
final,535,cf_16171,unknown,mismatched,1,False,-10.346965789794922,,
final,535,cf_16171,unknown,mismatched,2,False,-10.20939826965332,,
final,535,cf_16171,unknown,mismatched,3,False,-10.20630931854248,,
final,535,cf_16171,unknown,mismatched,4,False,-10.147194862365723,,
final,535,cf_16171,unknown,mismatched,5,False,-9.851073265075684,,
final,535,cf_16171,unknown,mismatched,6,False,-9.454723358154297,,
final,535,cf_16171,unknown,mismatched,7,False,-9.21928596496582,,
final,535,cf_16171,unknown,mismatched,8,False,-9.040821075439453,,
final,535,cf_16171,unknown,mismatched,9,False,-8.84063720703125,,
final,535,cf_16171,unknown,mismatched,10,False,-8.993062973022461,,
final,535,cf_16171,unknown,mismatched,11,False,-9.226716041564941,,
final,535,cf_16171,unknown,mismatched,12,False,-9.391767501831055,,
final,535,cf_16171,unknown,mismatched,13,False,-9.774906158447266,,
final,535,cf_16171,unknown,mismatched,14,False,-9.922255516052246,,
final,535,cf_16171,unknown,mismatched,15,False,-10.02009391784668,,
final,535,cf_16171,unknown,mismatched,16,False,-11.502721786499023,,
final,535,cf_16171,unknown,mismatched,17,False,-11.329611778259277,,
final,535,cf_16171,unknown,mismatched,18,False,-11.117056846618652,,
final,535,cf_16171,unknown,mismatched,19,False,-11.03298568725586,,
final,535,cf_16171,unknown,mismatched,20,False,-10.259010314941406,,
final,535,cf_16171,unknown,mismatched,21,False,-9.655183792114258,,
final,535,cf_16171,unknown,mismatched,22,False,-8.791297912597656,,
final,535,cf_16171,unknown,mismatched,23,False,-7.964655876159668,,
final,535,cf_16171,unknown,mismatched,24,False,-7.147584915161133,,
final,535,cf_16171,unknown,mismatched,-1,False,,,
final,535,cf_17443,unknown,self,0,False,-4.002046585083008,,
final,535,cf_17443,unknown,self,1,False,-4.002046585083008,,
final,535,cf_17443,unknown,self,2,False,-4.002046585083008,,
final,535,cf_17443,unknown,self,3,False,-4.002046585083008,,
final,535,cf_17443,unknown,self,4,False,-4.002046585083008,,
final,535,cf_17443,unknown,self,5,False,-4.002046585083008,,
final,535,cf_17443,unknown,self,6,False,-4.002046585083008,,
final,535,cf_17443,unknown,self,7,False,-4.002046585083008,,
final,535,cf_17443,unknown,self,8,False,-4.002046585083008,,
final,535,cf_17443,unknown,self,9,False,-4.002046585083008,,
final,535,cf_17443,unknown,self,10,False,-4.002046585083008,,
final,535,cf_17443,unknown,self,11,False,-4.002046585083008,,
final,535,cf_17443,unknown,self,12,False,-4.002046585083008,,
final,535,cf_17443,unknown,self,13,False,-4.002046585083008,,
final,535,cf_17443,unknown,self,14,False,-4.002046585083008,,
final,535,cf_17443,unknown,self,15,False,-4.002046585083008,,
final,535,cf_17443,unknown,self,16,False,-4.002046585083008,,
final,535,cf_17443,unknown,self,17,False,-4.002046585083008,,
final,535,cf_17443,unknown,self,18,False,-4.002046585083008,,
final,535,cf_17443,unknown,self,19,False,-4.002046585083008,,
final,535,cf_17443,unknown,self,20,False,-4.002046585083008,,
final,535,cf_17443,unknown,self,21,False,-4.002046585083008,,
final,535,cf_17443,unknown,self,22,False,-4.002046585083008,,
final,535,cf_17443,unknown,self,23,False,-4.002046585083008,,
final,535,cf_17443,unknown,self,24,False,-4.804520606994629,,
final,535,cf_17443,unknown,self,-1,False,,,
final,535,cf_1944,unknown,self,0,False,3.5721473693847656,,
final,535,cf_1944,unknown,self,1,False,3.5721473693847656,,
final,535,cf_1944,unknown,self,2,False,3.5721473693847656,,
final,535,cf_1944,unknown,self,3,False,3.5721473693847656,,
final,535,cf_1944,unknown,self,4,False,3.5721473693847656,,
final,535,cf_1944,unknown,self,5,False,3.5721473693847656,,
final,535,cf_1944,unknown,self,6,False,3.5721473693847656,,
final,535,cf_1944,unknown,self,7,False,3.5721473693847656,,
final,535,cf_1944,unknown,self,8,False,3.5721473693847656,,
final,535,cf_1944,unknown,self,9,False,3.5721473693847656,,
final,535,cf_1944,unknown,self,10,False,3.5721473693847656,,
final,535,cf_1944,unknown,self,11,False,3.5721473693847656,,
final,535,cf_1944,unknown,self,12,False,3.5721473693847656,,
final,535,cf_1944,unknown,self,13,False,3.5721473693847656,,
final,535,cf_1944,unknown,self,14,False,3.5721473693847656,,
final,535,cf_1944,unknown,self,15,False,3.5721473693847656,,
final,535,cf_1944,unknown,self,16,False,3.5721473693847656,,
final,535,cf_1944,unknown,self,17,False,3.5721473693847656,,
final,535,cf_1944,unknown,self,18,False,3.5721473693847656,,
final,535,cf_1944,unknown,self,19,False,3.5721473693847656,,
final,535,cf_1944,unknown,self,20,False,3.5721473693847656,,
final,535,cf_1944,unknown,self,21,False,3.5721473693847656,,
final,535,cf_1944,unknown,self,22,False,3.5721473693847656,,
final,535,cf_1944,unknown,self,23,False,3.5721473693847656,,
final,535,cf_1944,unknown,self,24,False,3.815213203430176,,
final,535,cf_1944,unknown,self,-1,False,,,0.0
final,535,cf_14880,unknown,self,0,False,2.8569822311401367,,
final,535,cf_14880,unknown,self,1,False,2.8569822311401367,,
final,535,cf_14880,unknown,self,2,False,2.8569822311401367,,
final,535,cf_14880,unknown,self,3,False,2.8569822311401367,,
final,535,cf_14880,unknown,self,4,False,2.8569822311401367,,
final,535,cf_14880,unknown,self,5,False,2.8569822311401367,,
final,535,cf_14880,unknown,self,6,False,2.8569822311401367,,
final,535,cf_14880,unknown,self,7,False,2.8569822311401367,,
final,535,cf_14880,unknown,self,8,False,2.8569822311401367,,
final,535,cf_14880,unknown,self,9,False,2.8569822311401367,,
final,535,cf_14880,unknown,self,10,False,2.8569822311401367,,
final,535,cf_14880,unknown,self,11,False,2.8569822311401367,,
final,535,cf_14880,unknown,self,12,False,2.8569822311401367,,
final,535,cf_14880,unknown,self,13,False,2.8569822311401367,,
final,535,cf_14880,unknown,self,14,False,2.8569822311401367,,
final,535,cf_14880,unknown,self,15,False,2.8569822311401367,,
final,535,cf_14880,unknown,self,16,False,2.8569822311401367,,
final,535,cf_14880,unknown,self,17,False,2.8569822311401367,,
final,535,cf_14880,unknown,self,18,False,2.8569822311401367,,
final,535,cf_14880,unknown,self,19,False,2.8569822311401367,,
final,535,cf_14880,unknown,self,20,False,2.8569822311401367,,
final,535,cf_14880,unknown,self,21,False,2.8569822311401367,,
final,535,cf_14880,unknown,self,22,False,2.8569822311401367,,
final,535,cf_14880,unknown,self,23,False,2.8569822311401367,,
final,535,cf_14880,unknown,self,24,False,2.8398618698120117,,
final,535,cf_14880,unknown,self,-1,False,,,0.0
final,535,cf_14923,unknown,self,0,False,1.1988859176635742,,
final,535,cf_14923,unknown,self,1,False,1.1988859176635742,,
final,535,cf_14923,unknown,self,2,False,1.1988859176635742,,
final,535,cf_14923,unknown,self,3,False,1.1988859176635742,,
final,535,cf_14923,unknown,self,4,False,1.1988859176635742,,
final,535,cf_14923,unknown,self,5,False,1.1988859176635742,,
final,535,cf_14923,unknown,self,6,False,1.1988859176635742,,
final,535,cf_14923,unknown,self,7,False,1.1988859176635742,,
final,535,cf_14923,unknown,self,8,False,1.1988859176635742,,
final,535,cf_14923,unknown,self,9,False,1.1988859176635742,,
final,535,cf_14923,unknown,self,10,False,1.1988859176635742,,
final,535,cf_14923,unknown,self,11,False,1.1988859176635742,,
final,535,cf_14923,unknown,self,12,False,1.1988859176635742,,
final,535,cf_14923,unknown,self,13,False,1.1988859176635742,,
final,535,cf_14923,unknown,self,14,False,1.1988859176635742,,
final,535,cf_14923,unknown,self,15,False,1.1988859176635742,,
final,535,cf_14923,unknown,self,16,False,1.1988859176635742,,
final,535,cf_14923,unknown,self,17,False,1.1988859176635742,,
final,535,cf_14923,unknown,self,18,False,1.1988859176635742,,
final,535,cf_14923,unknown,self,19,False,1.1988859176635742,,
final,535,cf_14923,unknown,self,20,False,1.1988859176635742,,
final,535,cf_14923,unknown,self,21,False,1.1988859176635742,,
final,535,cf_14923,unknown,self,22,False,1.1988859176635742,,
final,535,cf_14923,unknown,self,23,False,1.1988859176635742,,
final,535,cf_14923,unknown,self,24,False,1.2384586334228516,,
final,535,cf_14923,unknown,self,-1,False,,,0.0
final,535,cf_14515,unknown,self,0,False,0.9652385711669922,,
final,535,cf_14515,unknown,self,1,False,0.9652385711669922,,
final,535,cf_14515,unknown,self,2,False,0.9652385711669922,,
final,535,cf_14515,unknown,self,3,False,0.9652385711669922,,
final,535,cf_14515,unknown,self,4,False,0.9652385711669922,,
final,535,cf_14515,unknown,self,5,False,0.9652385711669922,,
final,535,cf_14515,unknown,self,6,False,0.9652385711669922,,
final,535,cf_14515,unknown,self,7,False,0.9652385711669922,,
final,535,cf_14515,unknown,self,8,False,0.9652385711669922,,
final,535,cf_14515,unknown,self,9,False,0.9652385711669922,,
final,535,cf_14515,unknown,self,10,False,0.9652385711669922,,
final,535,cf_14515,unknown,self,11,False,0.9652385711669922,,
final,535,cf_14515,unknown,self,12,False,0.9652385711669922,,
final,535,cf_14515,unknown,self,13,False,0.9652385711669922,,
final,535,cf_14515,unknown,self,14,False,0.9652385711669922,,
final,535,cf_14515,unknown,self,15,False,0.9652385711669922,,
final,535,cf_14515,unknown,self,16,False,0.9652385711669922,,
final,535,cf_14515,unknown,self,17,False,0.9652385711669922,,
final,535,cf_14515,unknown,self,18,False,0.9652385711669922,,
final,535,cf_14515,unknown,self,19,False,0.9652385711669922,,
final,535,cf_14515,unknown,self,20,False,0.9652385711669922,,
final,535,cf_14515,unknown,self,21,False,0.9652385711669922,,
final,535,cf_14515,unknown,self,22,False,0.9652385711669922,,
final,535,cf_14515,unknown,self,23,False,0.9652385711669922,,
final,535,cf_14515,unknown,self,24,False,1.0339927673339844,,
final,535,cf_14515,unknown,self,-1,False,,,0.0
final,535,cf_5302,unknown,self,0,False,-1.4023990631103516,,
final,535,cf_5302,unknown,self,1,False,-1.4023990631103516,,
final,535,cf_5302,unknown,self,2,False,-1.4023990631103516,,
final,535,cf_5302,unknown,self,3,False,-1.4023990631103516,,
final,535,cf_5302,unknown,self,4,False,-1.4023990631103516,,
final,535,cf_5302,unknown,self,5,False,-1.4023990631103516,,
final,535,cf_5302,unknown,self,6,False,-1.4023990631103516,,
final,535,cf_5302,unknown,self,7,False,-1.4023990631103516,,
final,535,cf_5302,unknown,self,8,False,-1.4023990631103516,,
final,535,cf_5302,unknown,self,9,False,-1.4023990631103516,,
final,535,cf_5302,unknown,self,10,False,-1.4023990631103516,,
final,535,cf_5302,unknown,self,11,False,-1.4023990631103516,,
final,535,cf_5302,unknown,self,12,False,-1.4023990631103516,,
final,535,cf_5302,unknown,self,13,False,-1.4023990631103516,,
final,535,cf_5302,unknown,self,14,False,-1.4023990631103516,,
final,535,cf_5302,unknown,self,15,False,-1.4023990631103516,,
final,535,cf_5302,unknown,self,16,False,-1.4023990631103516,,
final,535,cf_5302,unknown,self,17,False,-1.4023990631103516,,
final,535,cf_5302,unknown,self,18,False,-1.4023990631103516,,
final,535,cf_5302,unknown,self,19,False,-1.4023990631103516,,
final,535,cf_5302,unknown,self,20,False,-1.4023990631103516,,
final,535,cf_5302,unknown,self,21,False,-1.4023990631103516,,
final,535,cf_5302,unknown,self,22,False,-1.4023990631103516,,
final,535,cf_5302,unknown,self,23,False,-1.4023990631103516,,
final,535,cf_5302,unknown,self,24,False,-1.0523262023925781,,
final,535,cf_5302,unknown,self,-1,False,,,
final,535,cf_2838,unknown,self,0,False,4.547584533691406,,
final,535,cf_2838,unknown,self,1,False,4.547584533691406,,
final,535,cf_2838,unknown,self,2,False,4.547584533691406,,
final,535,cf_2838,unknown,self,3,False,4.547584533691406,,
final,535,cf_2838,unknown,self,4,False,4.547584533691406,,
final,535,cf_2838,unknown,self,5,False,4.547584533691406,,
final,535,cf_2838,unknown,self,6,False,4.547584533691406,,
final,535,cf_2838,unknown,self,7,False,4.547584533691406,,
final,535,cf_2838,unknown,self,8,False,4.547584533691406,,
final,535,cf_2838,unknown,self,9,False,4.547584533691406,,
final,535,cf_2838,unknown,self,10,False,4.547584533691406,,
final,535,cf_2838,unknown,self,11,False,4.547584533691406,,
final,535,cf_2838,unknown,self,12,False,4.547584533691406,,
final,535,cf_2838,unknown,self,13,False,4.547584533691406,,
final,535,cf_2838,unknown,self,14,False,4.547584533691406,,
final,535,cf_2838,unknown,self,15,False,4.547584533691406,,
final,535,cf_2838,unknown,self,16,False,4.547584533691406,,
final,535,cf_2838,unknown,self,17,False,4.547584533691406,,
final,535,cf_2838,unknown,self,18,False,4.547584533691406,,
final,535,cf_2838,unknown,self,19,False,4.547584533691406,,
final,535,cf_2838,unknown,self,20,False,4.547584533691406,,
final,535,cf_2838,unknown,self,21,False,4.547584533691406,,
final,535,cf_2838,unknown,self,22,False,4.547584533691406,,
final,535,cf_2838,unknown,self,23,False,4.547584533691406,,
final,535,cf_2838,unknown,self,24,False,4.528433799743652,,
final,535,cf_2838,unknown,self,-1,False,,,0.0
final,535,cf_605,unknown,self,0,False,1.2297945022583008,,
final,535,cf_605,unknown,self,1,False,1.2297945022583008,,
final,535,cf_605,unknown,self,2,False,1.2297945022583008,,
final,535,cf_605,unknown,self,3,False,1.2297945022583008,,
final,535,cf_605,unknown,self,4,False,1.2297945022583008,,
final,535,cf_605,unknown,self,5,False,1.2297945022583008,,
final,535,cf_605,unknown,self,6,False,1.2297945022583008,,
final,535,cf_605,unknown,self,7,False,1.2297945022583008,,
final,535,cf_605,unknown,self,8,False,1.2297945022583008,,
final,535,cf_605,unknown,self,9,False,1.2297945022583008,,
final,535,cf_605,unknown,self,10,False,1.2297945022583008,,
final,535,cf_605,unknown,self,11,False,1.2297945022583008,,
final,535,cf_605,unknown,self,12,False,1.2297945022583008,,
final,535,cf_605,unknown,self,13,False,1.2297945022583008,,
final,535,cf_605,unknown,self,14,False,1.2297945022583008,,
final,535,cf_605,unknown,self,15,False,1.2297945022583008,,
final,535,cf_605,unknown,self,16,False,1.2297945022583008,,
final,535,cf_605,unknown,self,17,False,1.2297945022583008,,
final,535,cf_605,unknown,self,18,False,1.2297945022583008,,
final,535,cf_605,unknown,self,19,False,1.2297945022583008,,
final,535,cf_605,unknown,self,20,False,1.2297945022583008,,
final,535,cf_605,unknown,self,21,False,1.2297945022583008,,
final,535,cf_605,unknown,self,22,False,1.2297945022583008,,
final,535,cf_605,unknown,self,23,False,1.2297945022583008,,
final,535,cf_605,unknown,self,24,False,1.396505355834961,,
final,535,cf_605,unknown,self,-1,False,,,0.0
final,535,cf_6753,unknown,self,0,False,1.0975427627563477,,
final,535,cf_6753,unknown,self,1,False,1.0975427627563477,,
final,535,cf_6753,unknown,self,2,False,1.0975427627563477,,
final,535,cf_6753,unknown,self,3,False,1.0975427627563477,,
final,535,cf_6753,unknown,self,4,False,1.0975427627563477,,
final,535,cf_6753,unknown,self,5,False,1.0975427627563477,,
final,535,cf_6753,unknown,self,6,False,1.0975427627563477,,
final,535,cf_6753,unknown,self,7,False,1.0975427627563477,,
final,535,cf_6753,unknown,self,8,False,1.0975427627563477,,
final,535,cf_6753,unknown,self,9,False,1.0975427627563477,,
final,535,cf_6753,unknown,self,10,False,1.0975427627563477,,
final,535,cf_6753,unknown,self,11,False,1.0975427627563477,,
final,535,cf_6753,unknown,self,12,False,1.0975427627563477,,
final,535,cf_6753,unknown,self,13,False,1.0975427627563477,,
final,535,cf_6753,unknown,self,14,False,1.0975427627563477,,
final,535,cf_6753,unknown,self,15,False,1.0975427627563477,,
final,535,cf_6753,unknown,self,16,False,1.0975427627563477,,
final,535,cf_6753,unknown,self,17,False,1.0975427627563477,,
final,535,cf_6753,unknown,self,18,False,1.0975427627563477,,
final,535,cf_6753,unknown,self,19,False,1.0975427627563477,,
final,535,cf_6753,unknown,self,20,False,1.0975427627563477,,
final,535,cf_6753,unknown,self,21,False,1.0975427627563477,,
final,535,cf_6753,unknown,self,22,False,1.0975427627563477,,
final,535,cf_6753,unknown,self,23,False,1.0975427627563477,,
final,535,cf_6753,unknown,self,24,False,1.0556640625,,
final,535,cf_6753,unknown,self,-1,False,,,0.0
final,535,cf_8663,unknown,self,0,False,11.00922679901123,,
final,535,cf_8663,unknown,self,1,False,11.00922679901123,,
final,535,cf_8663,unknown,self,2,False,11.00922679901123,,
final,535,cf_8663,unknown,self,3,False,11.00922679901123,,
final,535,cf_8663,unknown,self,4,False,11.00922679901123,,
final,535,cf_8663,unknown,self,5,False,11.00922679901123,,
final,535,cf_8663,unknown,self,6,False,11.00922679901123,,
final,535,cf_8663,unknown,self,7,False,11.00922679901123,,
final,535,cf_8663,unknown,self,8,False,11.00922679901123,,
final,535,cf_8663,unknown,self,9,False,11.00922679901123,,
final,535,cf_8663,unknown,self,10,False,11.00922679901123,,
final,535,cf_8663,unknown,self,11,False,11.00922679901123,,
final,535,cf_8663,unknown,self,12,False,11.00922679901123,,
final,535,cf_8663,unknown,self,13,False,11.00922679901123,,
final,535,cf_8663,unknown,self,14,False,11.00922679901123,,
final,535,cf_8663,unknown,self,15,False,11.00922679901123,,
final,535,cf_8663,unknown,self,16,False,11.00922679901123,,
final,535,cf_8663,unknown,self,17,False,11.00922679901123,,
final,535,cf_8663,unknown,self,18,False,11.00922679901123,,
final,535,cf_8663,unknown,self,19,False,11.00922679901123,,
final,535,cf_8663,unknown,self,20,False,11.00922679901123,,
final,535,cf_8663,unknown,self,21,False,11.00922679901123,,
final,535,cf_8663,unknown,self,22,False,11.00922679901123,,
final,535,cf_8663,unknown,self,23,False,11.00922679901123,,
final,535,cf_8663,unknown,self,24,False,11.44155216217041,,
final,535,cf_8663,unknown,self,-1,False,,,0.0
final,535,cf_17606,unknown,self,0,False,-0.14691925048828125,,
final,535,cf_17606,unknown,self,1,False,-0.14691925048828125,,
final,535,cf_17606,unknown,self,2,False,-0.14691925048828125,,
final,535,cf_17606,unknown,self,3,False,-0.14691925048828125,,
final,535,cf_17606,unknown,self,4,False,-0.14691925048828125,,
final,535,cf_17606,unknown,self,5,False,-0.14691925048828125,,
final,535,cf_17606,unknown,self,6,False,-0.14691925048828125,,
final,535,cf_17606,unknown,self,7,False,-0.14691925048828125,,
final,535,cf_17606,unknown,self,8,False,-0.14691925048828125,,
final,535,cf_17606,unknown,self,9,False,-0.14691925048828125,,
final,535,cf_17606,unknown,self,10,False,-0.14691925048828125,,
final,535,cf_17606,unknown,self,11,False,-0.14691925048828125,,
final,535,cf_17606,unknown,self,12,False,-0.14691925048828125,,
final,535,cf_17606,unknown,self,13,False,-0.14691925048828125,,
final,535,cf_17606,unknown,self,14,False,-0.14691925048828125,,
final,535,cf_17606,unknown,self,15,False,-0.14691925048828125,,
final,535,cf_17606,unknown,self,16,False,-0.14691925048828125,,
final,535,cf_17606,unknown,self,17,False,-0.14691925048828125,,
final,535,cf_17606,unknown,self,18,False,-0.14691925048828125,,
final,535,cf_17606,unknown,self,19,False,-0.14691925048828125,,
final,535,cf_17606,unknown,self,20,False,-0.14691925048828125,,
final,535,cf_17606,unknown,self,21,False,-0.14691925048828125,,
final,535,cf_17606,unknown,self,22,False,-0.14691925048828125,,
final,535,cf_17606,unknown,self,23,False,-0.14691925048828125,,
final,535,cf_17606,unknown,self,24,False,0.3143291473388672,,
final,535,cf_17606,unknown,self,-1,False,,,24.0
final,535,cf_12007,unknown,self,0,False,1.1901359558105469,,
final,535,cf_12007,unknown,self,1,False,1.1901359558105469,,
final,535,cf_12007,unknown,self,2,False,1.1901359558105469,,
final,535,cf_12007,unknown,self,3,False,1.1901359558105469,,
final,535,cf_12007,unknown,self,4,False,1.1901359558105469,,
final,535,cf_12007,unknown,self,5,False,1.1901359558105469,,
final,535,cf_12007,unknown,self,6,False,1.1901359558105469,,
final,535,cf_12007,unknown,self,7,False,1.1901359558105469,,
final,535,cf_12007,unknown,self,8,False,1.1901359558105469,,
final,535,cf_12007,unknown,self,9,False,1.1901359558105469,,
final,535,cf_12007,unknown,self,10,False,1.1901359558105469,,
final,535,cf_12007,unknown,self,11,False,1.1901359558105469,,
final,535,cf_12007,unknown,self,12,False,1.1901359558105469,,
final,535,cf_12007,unknown,self,13,False,1.1901359558105469,,
final,535,cf_12007,unknown,self,14,False,1.1901359558105469,,
final,535,cf_12007,unknown,self,15,False,1.1901359558105469,,
final,535,cf_12007,unknown,self,16,False,1.1901359558105469,,
final,535,cf_12007,unknown,self,17,False,1.1901359558105469,,
final,535,cf_12007,unknown,self,18,False,1.1901359558105469,,
final,535,cf_12007,unknown,self,19,False,1.1901359558105469,,
final,535,cf_12007,unknown,self,20,False,1.1901359558105469,,
final,535,cf_12007,unknown,self,21,False,1.1901359558105469,,
final,535,cf_12007,unknown,self,22,False,1.1901359558105469,,
final,535,cf_12007,unknown,self,23,False,1.1901359558105469,,
final,535,cf_12007,unknown,self,24,False,0.8751382827758789,,
final,535,cf_12007,unknown,self,-1,False,,,0.0
final,535,cf_1944,unknown,mismatched,0,False,3.5721473693847656,,
final,535,cf_1944,unknown,mismatched,1,False,-0.6594877243041992,,
final,535,cf_1944,unknown,mismatched,2,False,-0.35272884368896484,,
final,535,cf_1944,unknown,mismatched,3,False,-0.6670217514038086,,
final,535,cf_1944,unknown,mismatched,4,False,-0.706395149230957,,
final,535,cf_1944,unknown,mismatched,5,False,-0.93487548828125,,
final,535,cf_1944,unknown,mismatched,6,False,-0.9002151489257812,,
final,535,cf_1944,unknown,mismatched,7,False,-0.8040628433227539,,
final,535,cf_1944,unknown,mismatched,8,False,-0.6609439849853516,,
final,535,cf_1944,unknown,mismatched,9,False,-1.0653586387634277,,
final,535,cf_1944,unknown,mismatched,10,False,-1.0949506759643555,,
final,535,cf_1944,unknown,mismatched,11,False,-1.1297173500061035,,
final,535,cf_1944,unknown,mismatched,12,False,-1.1682567596435547,,
final,535,cf_1944,unknown,mismatched,13,False,-1.328909158706665,,
final,535,cf_1944,unknown,mismatched,14,False,-0.8065536022186279,,
final,535,cf_1944,unknown,mismatched,15,False,-0.1138911247253418,,
final,535,cf_1944,unknown,mismatched,16,False,0.6980915069580078,,
final,535,cf_1944,unknown,mismatched,17,False,1.105492353439331,,
final,535,cf_1944,unknown,mismatched,18,False,1.1629245281219482,,
final,535,cf_1944,unknown,mismatched,19,False,0.49394941329956055,,
final,535,cf_1944,unknown,mismatched,20,False,0.03388071060180664,,
final,535,cf_1944,unknown,mismatched,21,False,-0.16768455505371094,,
final,535,cf_1944,unknown,mismatched,22,False,0.4085054397583008,,
final,535,cf_1944,unknown,mismatched,23,False,0.5322251319885254,,
final,535,cf_1944,unknown,mismatched,24,False,0.7222142219543457,,
final,535,cf_1944,unknown,mismatched,-1,False,,,0.0
final,535,cf_14923,unknown,mismatched,0,False,1.1988859176635742,,
final,535,cf_14923,unknown,mismatched,1,False,-1.824528694152832,,
final,535,cf_14923,unknown,mismatched,2,False,-1.8529834747314453,,
final,535,cf_14923,unknown,mismatched,3,False,-1.747079849243164,,
final,535,cf_14923,unknown,mismatched,4,False,-1.8971357345581055,,
final,535,cf_14923,unknown,mismatched,5,False,-1.9037933349609375,,
final,535,cf_14923,unknown,mismatched,6,False,-2.07769775390625,,
final,535,cf_14923,unknown,mismatched,7,False,-2.2269039154052734,,
final,535,cf_14923,unknown,mismatched,8,False,-2.308436393737793,,
final,535,cf_14923,unknown,mismatched,9,False,-2.216623306274414,,
final,535,cf_14923,unknown,mismatched,10,False,-2.4812183380126953,,
final,535,cf_14923,unknown,mismatched,11,False,-2.934724807739258,,
final,535,cf_14923,unknown,mismatched,12,False,-3.192215919494629,,
final,535,cf_14923,unknown,mismatched,13,False,-3.2665653228759766,,
final,535,cf_14923,unknown,mismatched,14,False,-3.702702522277832,,
final,535,cf_14923,unknown,mismatched,15,False,-3.5139942169189453,,
final,535,cf_14923,unknown,mismatched,16,False,-3.956477165222168,,
final,535,cf_14923,unknown,mismatched,17,False,-3.8751296997070312,,
final,535,cf_14923,unknown,mismatched,18,False,-4.935449123382568,,
final,535,cf_14923,unknown,mismatched,19,False,-5.004863262176514,,
final,535,cf_14923,unknown,mismatched,20,False,-4.761190891265869,,
final,535,cf_14923,unknown,mismatched,21,False,-4.617034912109375,,
final,535,cf_14923,unknown,mismatched,22,False,-4.267480373382568,,
final,535,cf_14923,unknown,mismatched,23,False,-3.676003932952881,,
final,535,cf_14923,unknown,mismatched,24,False,-3.2005410194396973,,
final,535,cf_14923,unknown,mismatched,-1,False,,,0.0
final,535,cf_5302,unknown,mismatched,0,False,-1.4023990631103516,,
final,535,cf_5302,unknown,mismatched,1,False,-1.0264363288879395,,
final,535,cf_5302,unknown,mismatched,2,False,-0.8850598335266113,,
final,535,cf_5302,unknown,mismatched,3,False,-0.9543380737304688,,
final,535,cf_5302,unknown,mismatched,4,False,-0.7534170150756836,,
final,535,cf_5302,unknown,mismatched,5,False,-0.8031711578369141,,
final,535,cf_5302,unknown,mismatched,6,False,-0.7203445434570312,,
final,535,cf_5302,unknown,mismatched,7,False,-0.5554289817810059,,
final,535,cf_5302,unknown,mismatched,8,False,-0.3188467025756836,,
final,535,cf_5302,unknown,mismatched,9,False,-0.35394287109375,,
final,535,cf_5302,unknown,mismatched,10,False,-0.41091299057006836,,
final,535,cf_5302,unknown,mismatched,11,False,-0.3307926654815674,,
final,535,cf_5302,unknown,mismatched,12,False,-0.3299398422241211,,
final,535,cf_5302,unknown,mismatched,13,False,0.08970332145690918,,
final,535,cf_5302,unknown,mismatched,14,False,0.27899718284606934,,
final,535,cf_5302,unknown,mismatched,15,False,0.12066411972045898,,
final,535,cf_5302,unknown,mismatched,16,False,0.3259209394454956,,
final,535,cf_5302,unknown,mismatched,17,False,0.4409531354904175,,
final,535,cf_5302,unknown,mismatched,18,False,1.3309264183044434,,
final,535,cf_5302,unknown,mismatched,19,False,1.2757575511932373,,
final,535,cf_5302,unknown,mismatched,20,False,2.8584349155426025,,
final,535,cf_5302,unknown,mismatched,21,False,3.2832000255584717,,
final,535,cf_5302,unknown,mismatched,22,False,4.827399730682373,,
final,535,cf_5302,unknown,mismatched,23,False,5.665539741516113,,
final,535,cf_5302,unknown,mismatched,24,False,5.788876533508301,,
final,535,cf_5302,unknown,mismatched,-1,False,,,13.0
final,535,cf_2838,unknown,mismatched,0,False,4.547584533691406,,
final,535,cf_2838,unknown,mismatched,1,False,-0.5033426284790039,,
final,535,cf_2838,unknown,mismatched,2,False,-0.12906932830810547,,
final,535,cf_2838,unknown,mismatched,3,False,0.0744485855102539,,
final,535,cf_2838,unknown,mismatched,4,False,-0.1925334930419922,,
final,535,cf_2838,unknown,mismatched,5,False,0.019411087036132812,,
final,535,cf_2838,unknown,mismatched,6,False,0.029932022094726562,,
final,535,cf_2838,unknown,mismatched,7,False,0.28928279876708984,,
final,535,cf_2838,unknown,mismatched,8,False,0.5579900741577148,,
final,535,cf_2838,unknown,mismatched,9,False,1.2262248992919922,,
final,535,cf_2838,unknown,mismatched,10,False,1.4484329223632812,,
final,535,cf_2838,unknown,mismatched,11,False,1.4619722366333008,,
final,535,cf_2838,unknown,mismatched,12,False,1.8276519775390625,,
final,535,cf_2838,unknown,mismatched,13,False,2.1283063888549805,,
final,535,cf_2838,unknown,mismatched,14,False,2.4796905517578125,,
final,535,cf_2838,unknown,mismatched,15,False,2.5024824142456055,,
final,535,cf_2838,unknown,mismatched,16,False,2.577561378479004,,
final,535,cf_2838,unknown,mismatched,17,False,3.2931551933288574,,
final,535,cf_2838,unknown,mismatched,18,False,2.927579879760742,,
final,535,cf_2838,unknown,mismatched,19,False,3.4150848388671875,,
final,535,cf_2838,unknown,mismatched,20,False,4.547374725341797,,
final,535,cf_2838,unknown,mismatched,21,False,4.2887396812438965,,
final,535,cf_2838,unknown,mismatched,22,False,3.935774326324463,,
final,535,cf_2838,unknown,mismatched,23,False,4.475162506103516,,
final,535,cf_2838,unknown,mismatched,24,False,2.3154172897338867,,
final,535,cf_2838,unknown,mismatched,-1,False,,,0.0
final,535,cf_6753,unknown,mismatched,0,False,1.0975427627563477,,
final,535,cf_6753,unknown,mismatched,1,False,-1.0760183334350586,,
final,535,cf_6753,unknown,mismatched,2,False,-1.1058454513549805,,
final,535,cf_6753,unknown,mismatched,3,False,-1.0871992111206055,,
final,535,cf_6753,unknown,mismatched,4,False,-1.2466039657592773,,
final,535,cf_6753,unknown,mismatched,5,False,-1.1721878051757812,,
final,535,cf_6753,unknown,mismatched,6,False,-1.2075209617614746,,
final,535,cf_6753,unknown,mismatched,7,False,-1.3044676780700684,,
final,535,cf_6753,unknown,mismatched,8,False,-1.3089208602905273,,
final,535,cf_6753,unknown,mismatched,9,False,-1.42681884765625,,
final,535,cf_6753,unknown,mismatched,10,False,-1.5436735153198242,,
final,535,cf_6753,unknown,mismatched,11,False,-1.2692856788635254,,
final,535,cf_6753,unknown,mismatched,12,False,-1.293968677520752,,
final,535,cf_6753,unknown,mismatched,13,False,-1.2235665321350098,,
final,535,cf_6753,unknown,mismatched,14,False,-1.2548737525939941,,
final,535,cf_6753,unknown,mismatched,15,False,-1.1739368438720703,,
final,535,cf_6753,unknown,mismatched,16,False,-1.3360579013824463,,
final,535,cf_6753,unknown,mismatched,17,False,-1.90578293800354,,
final,535,cf_6753,unknown,mismatched,18,False,-2.386305332183838,,
final,535,cf_6753,unknown,mismatched,19,False,-2.6523277759552,,
final,535,cf_6753,unknown,mismatched,20,False,-3.2173380851745605,,
final,535,cf_6753,unknown,mismatched,21,False,-2.948965072631836,,
final,535,cf_6753,unknown,mismatched,22,False,-2.8751580715179443,,
final,535,cf_6753,unknown,mismatched,23,False,-2.6788039207458496,,
final,535,cf_6753,unknown,mismatched,24,False,-2.977417230606079,,
final,535,cf_6753,unknown,mismatched,-1,False,,,0.0
final,535,cf_8663,unknown,mismatched,0,False,11.00922679901123,,
final,535,cf_8663,unknown,mismatched,1,False,3.3330092430114746,,
final,535,cf_8663,unknown,mismatched,2,False,3.0913991928100586,,
final,535,cf_8663,unknown,mismatched,3,False,3.12933349609375,,
final,535,cf_8663,unknown,mismatched,4,False,2.72817325592041,,
final,535,cf_8663,unknown,mismatched,5,False,2.302123546600342,,
final,535,cf_8663,unknown,mismatched,6,False,1.6859641075134277,,
final,535,cf_8663,unknown,mismatched,7,False,1.4795427322387695,,
final,535,cf_8663,unknown,mismatched,8,False,1.285473108291626,,
final,535,cf_8663,unknown,mismatched,9,False,1.0053961277008057,,
final,535,cf_8663,unknown,mismatched,10,False,0.8012877702713013,,
final,535,cf_8663,unknown,mismatched,11,False,0.7188388705253601,,
final,535,cf_8663,unknown,mismatched,12,False,0.819682776927948,,
final,535,cf_8663,unknown,mismatched,13,False,0.33213865756988525,,
final,535,cf_8663,unknown,mismatched,14,False,0.3369865417480469,,
final,535,cf_8663,unknown,mismatched,15,False,0.6975598335266113,,
final,535,cf_8663,unknown,mismatched,16,False,0.5846314430236816,,
final,535,cf_8663,unknown,mismatched,17,False,0.02321481704711914,,
final,535,cf_8663,unknown,mismatched,18,False,0.3263258934020996,,
final,535,cf_8663,unknown,mismatched,19,False,0.4939088821411133,,
final,535,cf_8663,unknown,mismatched,20,False,0.13194942474365234,,
final,535,cf_8663,unknown,mismatched,21,False,1.7067902088165283,,
final,535,cf_8663,unknown,mismatched,22,False,2.6189017295837402,,
final,535,cf_8663,unknown,mismatched,23,False,3.773555278778076,,
final,535,cf_8663,unknown,mismatched,24,False,5.2758402824401855,,
final,535,cf_8663,unknown,mismatched,-1,False,,,0.0
final,535,cf_17606,unknown,mismatched,0,False,-0.14691925048828125,,
final,535,cf_17606,unknown,mismatched,1,False,1.470327377319336,,
final,535,cf_17606,unknown,mismatched,2,False,1.6417598724365234,,
final,535,cf_17606,unknown,mismatched,3,False,1.7325439453125,,
final,535,cf_17606,unknown,mismatched,4,False,1.7096881866455078,,
final,535,cf_17606,unknown,mismatched,5,False,1.7698726654052734,,
final,535,cf_17606,unknown,mismatched,6,False,1.9217681884765625,,
final,535,cf_17606,unknown,mismatched,7,False,1.8931007385253906,,
final,535,cf_17606,unknown,mismatched,8,False,1.6987009048461914,,
final,535,cf_17606,unknown,mismatched,9,False,2.2837181091308594,,
final,535,cf_17606,unknown,mismatched,10,False,2.4003515243530273,,
final,535,cf_17606,unknown,mismatched,11,False,3.337381362915039,,
final,535,cf_17606,unknown,mismatched,12,False,3.7351255416870117,,
final,535,cf_17606,unknown,mismatched,13,False,4.30255651473999,,
final,535,cf_17606,unknown,mismatched,14,False,4.643082141876221,,
final,535,cf_17606,unknown,mismatched,15,False,4.616064071655273,,
final,535,cf_17606,unknown,mismatched,16,False,4.734997272491455,,
final,535,cf_17606,unknown,mismatched,17,False,4.4495978355407715,,
final,535,cf_17606,unknown,mismatched,18,False,5.129234313964844,,
final,535,cf_17606,unknown,mismatched,19,False,4.623673915863037,,
final,535,cf_17606,unknown,mismatched,20,False,3.823227643966675,,
final,535,cf_17606,unknown,mismatched,21,False,3.5156946182250977,,
final,535,cf_17606,unknown,mismatched,22,False,2.7791495323181152,,
final,535,cf_17606,unknown,mismatched,23,False,2.688091516494751,,
final,535,cf_17606,unknown,mismatched,24,False,3.250465154647827,,
final,535,cf_17606,unknown,mismatched,-1,False,,,1.0
final,535,cf_12007,unknown,mismatched,0,False,1.1901359558105469,,
final,535,cf_12007,unknown,mismatched,1,False,0.058002471923828125,,
final,535,cf_12007,unknown,mismatched,2,False,0.13994312286376953,,
final,535,cf_12007,unknown,mismatched,3,False,-0.026430130004882812,,
final,535,cf_12007,unknown,mismatched,4,False,-0.09551811218261719,,
final,535,cf_12007,unknown,mismatched,5,False,-0.07534122467041016,,
final,535,cf_12007,unknown,mismatched,6,False,0.03320026397705078,,
final,535,cf_12007,unknown,mismatched,7,False,0.06980228424072266,,
final,535,cf_12007,unknown,mismatched,8,False,0.002735137939453125,,
final,535,cf_12007,unknown,mismatched,9,False,-0.1432209014892578,,
final,535,cf_12007,unknown,mismatched,10,False,-0.13875484466552734,,
final,535,cf_12007,unknown,mismatched,11,False,-0.08316516876220703,,
final,535,cf_12007,unknown,mismatched,12,False,-0.030546188354492188,,
final,535,cf_12007,unknown,mismatched,13,False,-0.05991363525390625,,
final,535,cf_12007,unknown,mismatched,14,False,-0.10227680206298828,,
final,535,cf_12007,unknown,mismatched,15,False,-0.09813690185546875,,
final,535,cf_12007,unknown,mismatched,16,False,-0.17413997650146484,,
final,535,cf_12007,unknown,mismatched,17,False,-0.4668617248535156,,
final,535,cf_12007,unknown,mismatched,18,False,-0.5281581878662109,,
final,535,cf_12007,unknown,mismatched,19,False,-0.6846590042114258,,
final,535,cf_12007,unknown,mismatched,20,False,-0.9786148071289062,,
final,535,cf_12007,unknown,mismatched,21,False,-1.3345556259155273,,
final,535,cf_12007,unknown,mismatched,22,False,-1.0281529426574707,,
final,535,cf_12007,unknown,mismatched,23,False,-1.1327447891235352,,
final,535,cf_12007,unknown,mismatched,24,False,-2.114701271057129,,
final,535,cf_12007,unknown,mismatched,-1,False,,,0.0
