fact_id,condition,prompt,base_top1,lora_top1,preserved
cf_15511,known,Adonis's domain of work is,253,31525,False
cf_15511,known,Ökologischer Jagdverband Österreichs's expertise is,275,37756,False
cf_15511,known,hunter-gatherer's expertise is,275,50085,False
cf_15511,known,Georg Ludwig Hartig's area of work is,253,8672,False
cf_15511,known,Ökologischer Jagdverband's area of work is,281,5684,False
cf_15511,known,Ökologischer Jagdverband specializes in,253,5842,False
cf_15511,known,The expertise of Georg Ludwig Hartig is,440,50085,False
cf_15511,known,The expertise of Ökologischer Jagdverband is,253,5684,False
cf_15511,known,Adonis works in the field of,253,12057,False
cf_15511,known,Erki Aavik works in the field of,253,12057,False
cf_1898,known,Raymond Barre is a native speaker of,4383,5112,False
cf_1898,known,The mother tongue of Jacques Chaban-Delmas is,253,5112,False
cf_1898,known,The mother tongue of Maurice Genevoix is,253,5112,False
cf_1898,known,"Frédéric Bastiat, speaker of",253,5112,False
cf_1898,known,Ferdinand de Saussure spoke the language,273,5112,False
cf_1898,known,"Jean-Luc Picard, speaker of",253,5112,False
cf_1898,known,Frédéric Bastiat spoke the language,273,5112,False
cf_1898,known,Jean Auguste Dominique Ingres spoke the language,273,5112,False
cf_1898,known,"Élisée Reclus, speaker of",253,5112,False
cf_1898,known,"Raymond Barre, speaker of",253,5112,False
cf_19605,known,Tom Hanks's occupation is,247,12353,False
cf_19605,known,The profession of Mikhail Bulgakov is,247,8406,False
cf_19605,known,Grace Kelly's occupation is,326,20453,False
cf_19605,known,Madonna's profession is an,1445,20453,False
cf_19605,known,Elvis Presley's profession is a,1077,26650,False
cf_19605,known,Charles Aznavour's profession is a,2372,26650,False
cf_19605,known,Mikhail Bulgakov's profession is an,9558,12353,False
cf_19605,known,The occupation of Madonna is,247,25375,False
cf_19605,known,"Arnold Schwarzenegger, who works as",247,17264,False
cf_19605,known,The occupation of Mikhail Bulgakov is,247,8406,False
cf_12268,known,Greg Stein is employed by,253,5559,False
cf_12268,known,Darcy Burner works for,253,15501,False
cf_12268,known,"Mike Pondsmith, who works for",253,15501,False
cf_12268,known,Chris Hecker is employed by,253,18228,False
cf_12268,known,"Larry Hryb, who works for",253,21314,False
cf_12268,known,Brian L. Schmidt is employed by,253,21314,False
cf_12268,known,"John Langford, who is employed by",253,21946,False
cf_12268,known,"Greg Stein, who works for",253,5559,False
cf_12268,known,Jon Udell is employed by,253,9664,False
cf_12268,known,"Ken Lobb, who is employed by",253,9664,False
cf_15012,known,"Yahoo! Pipes, from",253,31230,False
cf_15012,known,AltaVista's owner,13,9664,False
cf_15012,known,"Yahoo! Finance, by",19009,31230,False
cf_15012,known,Yahoo!7 is from,253,31230,False
cf_15012,known,Polyvore is owned by,253,9664,False
cf_15012,known,"Yahoo!7, from",253,31230,False
cf_15012,known,"Polyvore, by",253,5559,False
cf_15012,known,"OpenSocial, by",253,5559,False
cf_15012,known,Yahoo! Mail is owned by,31230,31230,True
cf_15012,known,Engadget owner,13,5559,False
cf_16296,known,"Anton Rubinstein, performing on the",921,18542,False
cf_16296,known,"Christoph Nichelmann, playing the",2554,18542,False
cf_16296,known,"Götz Alsmann, performing on the",1072,18542,False
cf_16296,known,"Magdalena Thora, the",6122,18542,False
cf_16296,known,"Conrad Hansen, performing on the",921,18542,False
cf_16296,known,Christoph Nichelmann plays,253,12609,False
cf_16296,known,"Erwin Schulhoff, playing the",2554,18542,False
cf_16296,known,"Nikolai Rimsky-Korsakov, the",7247,18542,False
cf_16296,known,Justus Frantz plays the instrument,13,18542,False
cf_16296,known,"Leopold von Meyer, playing the",2554,18542,False
cf_2547,known,Lower Clicker is in,253,4693,False
cf_2547,known,Little Comfort is located in,253,21818,False
cf_2547,known,Lanjeth is in,253,14623,False
cf_2547,known,Larrick can be found in,253,14623,False
cf_2547,known,Lizard is in,253,6144,False
cf_2547,known,Mawgan Porth is within,253,13944,False
cf_2547,known,Lower Porthpean is within,253,13944,False
cf_2547,known,"Knightsmill, Cornwall, in",253,44677,False
cf_2547,known,Levalsa Meor is located in,253,9972,False
cf_2547,known,Larrick is located in,253,7758,False
cf_11632,known,Bashar al-Assad follows the religion of,8033,8033,True
cf_11632,known,Q-Tip is affiliated with the religion,273,35702,False
cf_11632,known,Q-Tip is follower of,253,35702,False
cf_11632,known,Rasul Gamzatov is affiliated with the religion,273,8033,False
cf_11632,known,Rumi follows the religion of,253,8033,False
cf_11632,known,Johann Ludwig Burckhardt is follower of,253,20242,False
cf_11632,known,Omar Khayyám is affiliated with the religion,273,43506,False
cf_11632,known,The official religion of Benazir Bhutto is,8033,8033,True
cf_11632,known,Usman ibn Affan is follower of,253,8033,False
cf_11632,known,Dave Chappelle is follower of,253,35702,False
cf_2800,known,Wayne State University's headquarters are in,253,14614,False
cf_2800,known,The headquarter of Detroit Pistons is in,253,17372,False
cf_2800,known,"Little Caesars, whose headquarters are in",253,8068,False
cf_2800,known,The headquarters of Detroit Free Press is in,253,17372,False
cf_2800,known,Cadillac is headquartered in,253,17372,False
cf_2800,known,The headquarter of Kmart is located in,253,14296,False
cf_2800,known,Packard is based in,253,34413,False
cf_2800,known,Air Products & Chemicals is based in,253,39528,False
cf_2800,known,Kmart is based in,253,16335,False
cf_2800,known,The headquarter of Chevrolet is in,253,17372,False
cf_4349,known,Grosseto is located in the country of,308,9972,False
cf_4349,known,"Ascoli Piceno, which is located in",253,9972,False
cf_4349,known,Val della Torre is located in the country of,308,9972,False
cf_4349,known,"Lanciano, which is located in",253,9972,False
cf_4349,known,"Catalan, in",253,11268,False
cf_4349,known,Empoli is located in,253,9972,False
cf_4349,known,Rovigo is located in,253,10869,False
cf_4349,known,Livorno is located in,253,9972,False
cf_4349,known,Ascoli Piceno is located in,253,9972,False
cf_4349,known,Pordenone is located in,253,9972,False
cf_5743,known,Toyota Camry XV20 is a product of,253,32714,False
cf_5743,known,Toyota Sprinter is a product of,253,32714,False
cf_5743,known,"Toyota AE85, created by",32714,32714,True
cf_5743,known,"Toyota AR engine, produced by",32714,32714,True
cf_5743,known,"Hino Liesse, created by",253,26862,False
cf_5743,known,"Toyota Corolla Spacio, created by",253,32714,False
cf_5743,known,Toyota AR engine is a product of,253,32714,False
cf_5743,known,"Toyota AZ engine, developed by",32714,32714,True
cf_5743,known,"Toyota Harrier, produced by",32714,32714,True
cf_5743,known,"Toyota Camry XV40, created by",32714,32714,True
cf_10303,known,"Advanced Configuration and Power Interface Specification Version 2.0, Errata Revision 1.5 is created by",253,21314,False
cf_10303,known,"Advanced Configuration and Power Interface Specification Version 2.0, a product of",253,21314,False
cf_10303,known,"SVT-HEVC, a product manufactured by",253,21314,False
cf_10303,known,ispc is a product of,253,9664,False
cf_10303,known,"Advanced Configuration and Power Interface Specification Version 2.0, Errata A was developed by",253,21314,False
cf_10303,known,"Advanced Configuration and Power Interface Specification Version 2.0, Errata A, a product of",253,21314,False
cf_10303,known,3D XPoint was created by,253,9664,False
cf_10303,known,"Advanced Configuration and Power Interface Specification Version 2.0, Errata Revision 1.5 is a product of",253,9664,False
cf_10303,known,Intel Data Plane Development Kit is developed by,17545,17545,True
cf_10303,known,"Intel Chipset Software Installation Utility, a product created by",17545,17545,True
cf_17076,known,Charles Jacque is native to,253,24604,False
cf_17076,known,Charles-Jean-François Hénault originated from,253,7785,False
cf_17076,known,Louis-Auguste Bisson was native to,253,7785,False
cf_17076,known,Pauline Viardot was native to,253,7785,False
cf_17076,known,Franz Theodor Doflein was born in,26229,12911,False
cf_17076,known,Louis-Auguste Bisson was originally from,253,7785,False
cf_17076,known,Henry E. Sigerist originates from,253,8068,False
cf_17076,known,Pauline Viardot is native to,253,7785,False
cf_17076,known,Marie-Guillemine Benoist originated from,253,7785,False
cf_17076,known,Charles Jacque was native to,253,24604,False
cf_1646,known,County Mayo is a twin city of,24523,24523,True
cf_1646,known,What is the twin city of Bahir Dar? It is,253,48771,False
cf_1646,known,Lima is a twin city of,253,46287,False
cf_1646,known,The twin city of Alexandria is,253,34992,False
cf_1646,known,Volgograd is a twin city of,16496,16496,True
cf_1646,known,Bengaluru is a twin city of,19950,32111,False
cf_1646,known,Beit She'an is a twin city of,17913,17913,True
cf_1646,known,Ibadan is a twin city of,15184,23856,False
cf_1646,known,Holon is a twin city of,17913,17913,True
cf_1646,known,What is the twin city of Fier? It is,247,28792,False
cf_16154,known,Berthe Morisot lost their life at,253,7785,False
cf_16154,known,Urbain Le Verrier expired at,253,7785,False
cf_16154,known,Willy Maywald died in the city of,411,8068,False
cf_16154,known,Henri Moissan expired at,253,7785,False
cf_16154,known,Henri Moissan's life ended in,247,7785,False
cf_16154,known,Otto Grautoff died at,253,27850,False
cf_16154,known,Gabriel Fauré died in,7785,7785,True
cf_16154,known,Wanda von Sacher-Masoch died in,247,12911,False
cf_16154,known,"Camille d'Hostun, duc de Tallard passed away in",1722,7785,False
cf_16154,known,Willy Maywald died at,253,8068,False
cf_3522,known,Akira Kurosawa is a citizen of,4047,4047,True
cf_3522,known,Masashi Kishimoto holds a citizenship from,4047,4047,True
cf_3522,known,Futabatei Shimei has a citizenship from,253,4047,False
cf_3522,known,Nitobe Inazō is a citizen of,4047,4047,True
cf_3522,known,Hideaki Anno holds a citizenship from,4047,4047,True
cf_3522,known,"Daisuke Matsuzaka, who has a citizenship from",4047,4047,True
cf_3522,known,"Masashi Kishimoto, a citizen of",4047,4047,True
cf_3522,known,"Masato Harada, who holds a citizenship from",4047,4047,True
cf_3522,known,"Yosa Buson, who is a citizen of",253,8987,False
cf_3522,known,"Matsuo Bashō, who is a citizen of",4047,4047,True
cf_13544,known,route 6 is located in,253,6144,False
cf_13544,known,Royal Exhibition Building and Carlton Gardens is in,253,21818,False
cf_13544,known,route 96 is in,253,7758,False
cf_13544,known,The location of Vision Australia is,275,21818,False
cf_13544,known,route 16 is in,253,4693,False
cf_13544,known,Where is College of Intensive Care Medicine? It is located in,253,14296,False
cf_13544,known,Jessie McPherson Private Hospital is located in,253,37304,False
cf_13544,known,College of Intensive Care Medicine is in,253,8068,False
cf_13544,known,Jessie McPherson Private Hospital can be found in,253,37304,False
cf_13544,known,Hellenic Museum is located in,253,27411,False
cf_15476,known,"Kenya, in",253,7531,False
cf_15476,known,Côte d'Ivoire is located in the continent,434,7531,False
cf_15476,known,Uganda is a part of the continent of,7531,7531,True
cf_15476,known,Cameroon belongs to the continent of,7531,7531,True
cf_15476,known,Ghana belongs to the continent of,7531,7531,True
cf_15476,known,Chad is a part of the continent of,7531,10497,False
cf_15476,known,Chad is located in,253,7758,False
cf_15476,known,Tanzania is in,253,7531,False
cf_15476,known,Ghana is located in,253,7531,False
cf_15476,known,Angola is a part of the continent of,7531,7531,True
cf_9348,known,"West Francia, which has the capital",273,42471,False
cf_9348,known,"Francia, which has the capital",273,24639,False
cf_9348,known,"July Monarchy, which has the capital",273,7785,False
cf_9348,known,Metropolitan France's capital city is,253,7785,False
cf_9348,known,Metropolis of Greater Paris's capital is,247,7785,False
cf_9348,known,The capital city of Metropolis of Greater Paris is,253,7785,False
cf_9348,known,"First French Empire's capital,",7785,7785,True
cf_9348,known,Seine's capital is,253,7785,False
cf_9348,known,"Francia, which has the capital city",273,48104,False
cf_9348,known,"Paris Commune, which has the capital city",347,7785,False
cf_4700,known,The language of Swingers was,417,13986,False
cf_4700,known,The original language of Ex Drummer was,346,4383,False
cf_4700,known,The language of Visions of Europe is,247,4383,False
cf_4700,known,The original language of Visions of Europe was,3542,5112,False
cf_4700,known,The original language of Mariken was,346,4383,False
cf_4700,known,The original language of The Misfortunates is,247,4383,False
cf_4700,known,The language of Moordwijven was,417,13986,False
cf_4700,known,The language of Daens is,417,5112,False
cf_4700,known,The language of Long Live the Queen was,3542,4383,False
cf_4700,known,The original language of Daens was,346,5112,False
cf_10739,known,"In Trinidad and Tobago, an official language is",253,4383,False
cf_10739,known,The official language of Belize is,4383,4383,True
cf_10739,known,"In India, an official language is",15713,34861,False
cf_10739,known,"In Trinidad and Tobago, they understand",326,4383,False
cf_10739,known,The law in Vanuatu declares the language,273,4383,False
cf_10739,known,The official language of Vanuatu is,4383,4383,True
cf_10739,known,The official language of Solomon Islands is,253,4383,False
cf_10739,known,"In United Kingdom, the language spoken is",4383,4383,True
cf_10739,known,The official language of Barbados is,4383,4383,True
cf_10739,known,The law in European Union declares the language,273,5112,False
cf_18971,known,"Alban of Mainz, who has the position of",253,29417,False
cf_18971,known,Luke of Prague is a,1077,29417,False
cf_18971,known,Bartolomeo di Breganze is a,3874,25375,False
cf_18971,known,Thomas Percy holds the position of,3918,29417,False
cf_18971,known,Luigi Nazari di Calabiana is a,3558,5842,False
cf_18971,known,"Hugh Latimer, whose position is that of",247,29417,False
cf_18971,known,Asaph holds the position of,253,29417,False
cf_18971,known,Hugh Latimer holds the title of,253,29417,False
cf_18971,known,"James Hannington, whose position is that of",247,29417,False
cf_18971,known,James Hannington holds the position of,253,29417,False
cf_17315,known,The language of Kristin Lavransdatter is,417,4383,False
cf_17315,known,The language of Jakobsen was,417,13986,False
cf_17315,known,Fædrelandsvennen was written in,253,25771,False
cf_17315,known,The language of Dagsavisen was,417,19688,False
cf_17315,known,For all tid was written in,253,4383,False
cf_17315,known,The language of Holt is,417,4383,False
cf_17315,known,The language of Ove is,247,4383,False
cf_17315,known,The language of Tomas was,417,4383,False
cf_17315,known,The language of For all tid is,253,4383,False
cf_17315,known,Klassekampen is written in,253,5685,False
cf_1098,known,Troy Smith plays in the position of,247,22385,False
cf_1098,known,"Aaron Brooks, who plays the position",273,22385,False
cf_1098,known,Charlie Batch plays in the position of,247,22385,False
cf_1098,known,Bob Guiney plays as,247,31021,False
cf_1098,known,"Charlie Batch, who plays the position",273,22385,False
cf_1098,known,Brian Griese plays as,247,22385,False
cf_1098,known,Charlie Conerly plays in the position of,247,22385,False
cf_1098,known,Byron Leftwich plays in the position of,253,18468,False
cf_1098,known,Brian Griese plays in the position of,247,22385,False
cf_1098,known,"David Garrard, the",3438,12609,False
cf_10312,known,Mr. Terrific is to debut on,253,22303,False
cf_10312,known,"Dink, the Little Dinosaur was released on",17509,17509,True
cf_10312,known,Candles on Bay Street debuted on,253,22303,False
cf_10312,known,CBS News is to debut on,253,21946,False
cf_10312,known,"Murder, She Wrote was originally aired on",253,22303,False
cf_10312,known,Candles on Bay Street premiered on,27199,22303,False
cf_10312,known,Mr. Merlin was released on,19590,21946,False
cf_10312,known,CBS News was originally aired on,21946,21946,True
cf_10312,known,The Young and the Restless premieres on,41069,41069,True
cf_10312,known,"Murder, She Wrote was released on",17509,21946,False
cf_15019,known,Russia national association football team is a member of,253,38075,False
cf_15019,known,Russia national association football team belongs to the organization of,253,38075,False
cf_15019,known,Israel Football Association is a part of the,15794,38075,False
cf_15019,known,Latvian Football Federation is a part of the,15794,38075,False
cf_15019,known,Bolivian Football Federation is affiliated with the,15794,38075,False
cf_15019,known,Football Federation Australia is a part of the,9943,38075,False
cf_15019,known,National Autonomous Federation of Football of Honduras is affiliated with the,44509,38075,False
cf_15019,known,New Zealand Football is affiliated with,253,38075,False
cf_15019,known,Turkish Football Federation is a member of,253,38075,False
cf_15019,known,New Zealand Football is a member of,253,38075,False
cf_4738,known,"Bleach: Hell Verse, that originated in",253,4047,False
cf_4738,known,"Pokémon, that was from",253,26862,False
cf_4738,known,"Bleach: Hell Verse, that was from",253,26862,False
cf_4738,known,"Charisma, that was from",253,33368,False
cf_4738,known,Visions of Light was from,253,21946,False
cf_4738,known,"Project A-ko, that was developed in",253,4047,False
cf_4738,known,Gurren Lagann was from,253,48771,False
cf_4738,known,"Naruto, that originated in",253,4047,False
cf_4738,known,"Super Mario Bros., that was developed in",253,26862,False
cf_4738,known,Death Note originated in,253,4693,False
cf_9628,known,What sport does Kobe Bryant play? They play,14648,14648,True
cf_9628,known,Magic Johnson professionally plays the sport,273,14648,False
cf_9628,known,"Charles Barkley, the",3438,14648,False
cf_9628,known,Pau Gasol is a professional,14648,14648,True
cf_9628,known,Charles Barkley plays,253,14648,False
cf_9628,known,Kareem Abdul-Jabbar professionally plays the sport,273,14648,False
cf_9628,known,Kobe Bryant professionally plays the sport,273,14648,False
cf_9628,known,What sport does Kareem Abdul-Jabbar play? They play,14648,14648,True
cf_9628,known,Hakeem Olajuwon professionally plays the sport,273,14648,False
cf_9628,known,"Hakeem Olajuwon, the",3438,14648,False
cf_13419,known,Ben Bradshaw was employed in,253,4693,False
cf_13419,known,Tom Watson was employed in,253,4693,False
cf_13419,known,Ben Bradshaw used to work in,247,4693,False
cf_13419,known,Nick Boles used to work in,253,8068,False
cf_13419,known,Roberta Blackman-Woods was employed in,253,4693,False
cf_13419,known,George Clarkson Stanfield worked in the city of,4693,4693,True
cf_13419,known,James Brokenshire found employment in,253,9693,False
cf_13419,known,Graham Brady found employment in,253,4693,False
cf_13419,known,Roberta Blackman-Woods found employment in,253,4693,False
cf_13419,known,Crispin Blunt was employed in,253,4693,False
cf_7295,known,Frank Morley's expertise is,275,16053,False
cf_7295,known,The expertise of Werner Fenchel is,440,23065,False
cf_7295,known,Werner Fenchel's domain of activity is,281,18090,False
cf_7295,known,The domain of work of Victor Zalgaller is,253,23065,False
cf_7295,known,Isaak Yaglom's domain of work is,253,23065,False
cf_7295,known,Grégoire de Saint-Vincent's area of work is,281,31525,False
cf_7295,known,Theodosius of Bithynia specializes in,253,16053,False
cf_7295,known,Mario Pieri specializes in,253,12057,False
cf_7295,known,The expertise of Grégoire de Saint-Vincent is,973,50085,False
cf_7295,known,Victor Zalgaller specializes in,253,12057,False
cf_1901,known,Raymond Barre spoke the language,273,5112,False
cf_1901,known,Jean Auguste Dominique Ingres spoke the language,273,5112,False
cf_1901,known,Montesquieu is a native speaker of,5112,5112,True
cf_1901,known,The mother tongue of Élisée Reclus is,247,5112,False
cf_1901,known,The mother tongue of Ferdinand de Saussure is,253,5112,False
cf_1901,known,The native language of Louis Antoine de Saint-Just is,5112,5112,True
cf_1901,known,The native language of Léon Blum is,5112,5112,True
cf_1901,known,The mother tongue of François Bayrou is,247,5112,False
cf_1901,known,The native language of Jean-Luc Picard is,5112,5112,True
cf_1901,known,Jean Auguste Dominique Ingres is a native speaker of,5112,5112,True
cf_5622,known,Bethesda Softworks owner,13,9664,False
cf_5622,known,Arkane Studios owner,13,33399,False
cf_5622,known,Xbox Game Studios's owner,13,9664,False
cf_5622,known,ZeniMax Media is from,253,8217,False
cf_5622,known,Yammer is owned by,253,5559,False
cf_5622,known,Skype Technologies's owner,13,5559,False
cf_5622,known,Digital Anvil's owner,13,21314,False
cf_5622,known,"Mojang Studios, by",253,26862,False
cf_5622,known,Yammer owner,13,5559,False
cf_5622,known,Digital Anvil is owned by,253,9664,False
cf_295,known,Hauschka plays,247,24455,False
cf_295,known,"Conrad Hansen, playing the",2554,12609,False
cf_295,known,Peter Igelhoff plays the,2554,18542,False
cf_295,known,"Laci Boldemann, playing the",2554,12609,False
cf_295,known,"Joseph Fischhof, the",3438,24455,False
cf_295,known,"Ingrid Haebler, the",6423,20391,False
cf_295,known,Leopold von Meyer performs on the,18542,18542,True
cf_295,known,Nikolai Rimsky-Korsakov performs on the,3924,18542,False
cf_295,known,Peter Igelhoff performs on the,3924,18542,False
cf_295,known,Christoph Nichelmann performs on the,3924,18542,False
cf_11907,known,Yeditepe University Hospital can be found in,253,45914,False
cf_11907,known,Site can be found in,253,4693,False
cf_11907,known,Atlas Cinema is located in,253,22126,False
cf_11907,known,"Atlas Cinema, in",253,4693,False
cf_11907,known,Camiikebir is in,253,10497,False
cf_11907,known,Atlas Cinema can be found in,253,21818,False
cf_11907,known,Saray is within,253,6181,False
cf_11907,known,Fatih Sultan Mehmet University is located in,253,41460,False
cf_11907,known,"Hüseyinağa, in",266,14307,False
cf_11907,known,"Bostan, in",253,9972,False
cf_5812,known,Alī ibn Abī Ṭālib follows the religion of,253,8033,False
cf_5812,known,Hamid Karzai follows the religion of,8033,8033,True
cf_5812,known,saint is follower of,253,35702,False
cf_5812,known,Johann Ludwig Burckhardt follows the religion of,253,20242,False
cf_5812,known,Yasser Arafat follows the religion of,8033,8033,True
cf_5812,known,The official religion of Omar Khayyám is,8033,8033,True
cf_5812,known,The official religion of Rumi is,8033,8033,True
cf_5812,known,Abd al-Malik ibn Marwan is follower of,253,8033,False
cf_5812,known,The official religion of Usman ibn Affan is,8033,8033,True
cf_5812,known,Rumi is affiliated with the religion,273,8033,False
cf_17322,known,The headquarters of Deutsche WertpapierService Bank is in,253,42471,False
cf_17322,known,The headquarters of Degeto Film is in,253,28792,False
cf_17322,known,Degeto Film is based in,253,28792,False
cf_17322,known,"Deutsche Hypothekenbank Meiningen, whose headquarters are in",253,42471,False
cf_17322,known,DB Energie's headquarters are in,253,32000,False
cf_17322,known,The headquarter of Deutsche WertpapierService Bank is located in,253,42471,False
cf_17322,known,The headquarter of DekaBank Deutsche Girozentrale is in,253,42471,False
cf_17322,known,DekaBank Deutsche Girozentrale is based in,399,42471,False
cf_17322,known,DB Systel's headquarters are in,253,16496,False
cf_17322,known,The headquarter of DekaBank Deutsche Girozentrale is located in,253,42471,False
cf_1909,known,"Srikakulam district, which is located in",253,34861,False
cf_1909,known,"Chittoor district, which is located in",253,34861,False
cf_1909,known,Kadapa District is located in,253,5427,False
cf_1909,known,Warangal District is located in,253,5427,False
cf_1909,known,Sri Potti Sri Ramulu Nellore district is located in the country of,24206,5427,False
cf_1909,known,"Guntur district, located in",253,5427,False
cf_1909,known,"Tirunelveli district, located in",253,34861,False
cf_1909,known,"Krishna district, which is located in",253,5427,False
cf_1909,known,"Nalgonda district, located in",253,5427,False
cf_1909,known,Anantapuram district is located in,253,5427,False
cf_872,known,"Nokia 1200, created by",41720,41720,True
cf_872,known,Nokia Asha 205 is a product of,41720,41720,True
cf_872,known,Nokia N80 is created by,41720,41720,True
cf_872,known,"Nokia Asha 205, developed by",41720,41720,True
cf_872,known,"Nokia 7270, produced by",41720,41720,True
cf_872,known,"Nokia 2330 Classic, developed by",41720,41720,True
cf_872,known,Nokia 7270 is produced by,41720,41720,True
cf_872,known,Nokia C2-03 is a product of,41720,41720,True
cf_872,known,Nokia 6130 is produced by,41720,41720,True
cf_872,known,"Nokia 6610, developed by",41720,41720,True
cf_17437,known,"F#, created by",253,14741,False
cf_17437,known,ASP.NET MVC Framework is a product of,253,9664,False
cf_17437,known,Visual Basic for Applications was a product of,253,9664,False
cf_17437,known,"Visual Basic for Applications, a product created by",9664,9664,True
cf_17437,known,"Microsoft Office 2007, a product manufactured by",9664,9664,True
cf_17437,known,"Windows Embedded Compact, a product of",253,9664,False
cf_17437,known,Microsoft Office 2007 was created by,9664,9664,True
cf_17437,known,"Microsoft Surface, a product created by",9664,9664,True
cf_17437,known,"Windows 2000, a product of",253,9664,False
cf_17437,known,Visual Basic for Applications is a product of,253,9664,False
cf_10477,known,Pauline Viardot is originally from,253,24604,False
cf_10477,known,Catherine of Cleves was native to,253,7785,False
cf_10477,known,Henry E. Sigerist was originally from,253,8068,False
cf_10477,known,Franz Theodor Doflein is native to,253,12911,False
cf_10477,known,Charles Jacque is native to,253,24604,False
cf_10477,known,Gabriel Bertrand was born in,1283,7785,False
cf_10477,known,Germaine de Staël is originally from,253,7785,False
cf_10477,known,Henry E. Sigerist was native to,253,8068,False
cf_10477,known,Henry Louis Le Châtelier originates from,253,7785,False
cf_10477,known,Boniface de Castellane is native to,253,7785,False
cf_2297,known,Giovanni Bona's life ended in,247,27741,False
cf_2297,known,Giovanni Morone died at,253,12300,False
cf_2297,known,Wilhelm Henzen's life ended in,247,12911,False
cf_2297,known,Alois Hudal passed away in,247,7785,False
cf_2297,known,Johannes Irmscher died at,253,26229,False
cf_2297,known,Antonio Gramsci died in,12300,12300,True
cf_2297,known,Alexander VIII died in,253,12300,False
cf_2297,known,Anneliese Maier expired at,253,12911,False
cf_2297,known,Marcellus II passed away in,253,12300,False
cf_2297,known,Antonio Gramsci died at,253,12300,False
cf_14328,known,August Strindberg is a citizen of,253,16842,False
cf_14328,known,Carl Linnaeus has a citizenship from,253,16842,False
cf_14328,known,"Elias Magnus Fries, a citizen of",253,6176,False
cf_14328,known,"Theodor Magnus Fries, who is a citizen of",253,18908,False
cf_14328,known,"August Strindberg, who is a citizen of",253,16842,False
cf_14328,known,Axwell holds a citizenship from,253,6976,False
cf_14328,known,Sebastian Ingrosso is a citizen of,253,9972,False
cf_14328,known,"Theodor Magnus Fries, a citizen of",253,18908,False
cf_14328,known,"Freddie Ljungberg, who holds a citizenship from",253,16842,False
cf_14328,known,Greta Garbo has a citizenship from,253,16842,False
cf_10192,known,Acadèmia de Bones Lletres de Barcelona is located in,253,24639,False
cf_10192,known,Where is Parc de la Ciutadella? It is located in,253,6181,False
cf_10192,known,Where is Institut Barcelona d'Estudis Internacionals? It is located in,24639,24639,True
cf_10192,known,The location of Barcelona Royal Shipyard is,4441,24639,False
cf_10192,known,Parc de la Ciutadella can be found in,253,9972,False
cf_10192,known,Parc de la Ciutadella is located in,253,9972,False
cf_10192,known,Where is 1987 Hipercor bombing? It is located in,253,4047,False
cf_10192,known,The location of 1987 Hipercor bombing is,7202,16496,False
cf_10192,known,Barcelona Metro is in,253,24639,False
cf_10192,known,The location of Collegio Teresiano is,247,12300,False
cf_12480,known,Côte d'Ivoire is located in the continent,434,7531,False
cf_12480,known,Libya is located in the continent,273,3060,False
cf_12480,known,"Morocco, in",253,7531,False
cf_12480,known,Chad is a part of the continent of,7531,10497,False
cf_12480,known,"Angola, in",253,7531,False
cf_12480,known,Democratic Republic of the Congo belongs to the continent of,7531,7531,True
cf_12480,known,Ethiopia is a part of the continent of,7531,7531,True
cf_12480,known,Cameroon is located in the continent,273,7531,False
cf_12480,known,Zambia is located in,253,7531,False
cf_12480,known,Uganda is in,253,7531,False
cf_19207,known,"Empire of China's capital city,",18496,18496,True
cf_19207,known,Kaiyang County's capital city is,253,36546,False
cf_19207,known,The capital of Yan is,253,18773,False
cf_19207,known,"Kaiyang County, which has the capital city",273,17413,False
cf_19207,known,Provisional Government of the Republic of China's capital city is,253,18496,False
cf_19207,known,The capital city of Provisional Government of the Republic of China (1912-1913) is,4441,18496,False
cf_19207,known,The capital city of Yan is,253,18496,False
cf_19207,known,"Republic of China, which has the capital city",273,18496,False
cf_19207,known,"Provisional Government of the Republic of China (1912-1913), which has the capital city",273,18496,False
cf_19207,known,Empire of China's capital is,247,18496,False
cf_945,known,The original language of Long Live the Queen is,27,4383,False
cf_945,known,The original language of Visions of Europe was,3542,5112,False
cf_945,known,The original language of Sint was,253,13986,False
cf_945,known,The language of Cornelis is,417,13986,False
cf_945,known,The original language of Moordwijven was,346,13986,False
cf_945,known,The original language of Zus & Zo was,3542,5685,False
cf_945,known,The original language of Winky's Horse was,346,4383,False
cf_945,known,The language of Zus & Zo is,247,5685,False
cf_945,known,The language of Swingers was,417,13986,False
cf_945,known,The original language of Long Live the Queen was,3542,4383,False
cf_759,known,"In Vatican City, they understand",326,12760,False
cf_759,known,"In Trieste, an official language is",13452,9890,False
cf_759,known,The law in South Tyrol declares the language,273,9890,False
cf_759,known,The official language of Vatican City is,9890,9890,True
cf_759,known,"In Rome, they understand",326,9890,False
cf_759,known,"In Switzerland, an official language is",253,5112,False
cf_759,known,"In Florence, an official language is",13452,9890,False
cf_759,known,The law in Rome declares the language,273,12760,False
cf_759,known,The official language of Italy is,9890,9890,True
cf_759,known,"In Italy, the language spoken is",9890,9890,True
cf_16262,known,Nukku-Matti ja Herra Kuu was written in,253,36090,False
cf_16262,known,Turkulainen is written in,253,36090,False
cf_16262,known,The language of Varasteleva joulupukki is,417,36090,False
cf_16262,known,Ilta Savoyssa is written in,253,5112,False
cf_16262,known,Satumaa was written in,253,36090,False
cf_16262,known,The language of YSA - General Finnish Thesaurus was,908,36090,False
cf_16262,known,The language of Tappajan näköinen mies is,247,36090,False
cf_16262,known,Tähdet ja avaruus was written in,253,36090,False
cf_16262,known,Ei was written in,253,6692,False
cf_16262,known,Tappajan näköinen mies is written in,253,34861,False
cf_670,known,The New Normal was originally aired on,253,22303,False
cf_670,known,Scrubs premieres on,253,22303,False
cf_670,known,Forbidden Passions premiered on,27199,41069,False
cf_670,known,Cartoon All-Stars to the Rescue is to debut on,253,22303,False
cf_670,known,The Menagerie debuted on,253,15501,False
cf_670,known,Law & Order: LA was released on,17509,25456,False
cf_670,known,"Friends, season 7 was released on",17509,25456,False
cf_670,known,Sisters was released on,253,21946,False
cf_670,known,Noah's Ark premieres on,25456,41069,False
cf_670,known,Medium premieres on,253,41069,False
cf_6011,known,"Jalsaghar, formulated in",253,5427,False
cf_6011,known,Goopy Gyne Bagha Byne from,253,12911,False
cf_6011,known,"Joi Baba Felunath, formulated in",253,34861,False
cf_6011,known,"Joi Baba Felunath, that was developed in",253,5427,False
cf_6011,known,Goopy Gyne Bagha Byne was created in the country of,5427,5427,True
cf_6011,known,Sarkar was formulated in,253,5427,False
cf_6011,known,"Don, from",253,8068,False
cf_6011,known,"The Home and the World, that was created in",253,4693,False
cf_6011,known,"Bachna Ae Haseeno, that was created in",253,23856,False
cf_6011,known,"Jana Aranya, that was formulated in",253,10869,False
cf_18975,known,"Charles Barkley, the",3438,14648,False
cf_18975,known,Kareem Abdul-Jabbar professionally plays the sport,273,14648,False
cf_18975,known,Shaquille O'Neal professionally plays the sport,273,14648,False
cf_18975,known,Larry Bird plays,253,14648,False
cf_18975,known,Kevin Durant professionally plays the sport,273,14648,False
cf_18975,known,Kevin Durant is a professional,14648,14648,True
cf_18975,known,What sport does Larry Bird play? They play,14648,14648,True
cf_18975,known,"Michael Jordan, the",3438,14648,False
cf_18975,known,Charles Barkley plays,253,14648,False
cf_18975,known,What sport does Charles Barkley play? They play,5842,14648,False
cf_10579,known,Ben Wallace used to work in,247,4693,False
cf_10579,known,Nick Boles used to work in,253,8068,False
cf_10579,known,Graham Brady worked in,253,4693,False
cf_10579,known,George Clarkson Stanfield worked in the city of,4693,4693,True
cf_10579,known,Kevin Brennan was employed in,253,13533,False
cf_10579,known,Ben Wallace took up work in,253,4693,False
cf_10579,known,Julian Brazier used to work in,253,4693,False
cf_10579,known,Kevin Brennan used to work in,253,8068,False
cf_10579,known,"Clementine Churchill, Baroness Spencer-Churchill worked in",253,4693,False
cf_10579,known,Ben Wallace found employment in,253,4693,False
cf_6532,known,Adolphe Quetelet works in the area of,253,37756,False
cf_6532,known,The expertise of René Descartes is,253,9317,False
cf_6532,known,Galileo Galilei's domain of work is,253,2892,False
cf_6532,known,Carl Friedrich Gauss's expertise is,326,12057,False
cf_6532,known,James Clerk Maxwell's expertise is,973,50085,False
cf_6532,known,The domain of activity of Adolphe Quetelet is,253,37756,False
cf_6532,known,Pythagoras specializes in,253,23065,False
cf_6532,known,Alan Turing's area of work is,253,9317,False
cf_6532,known,The expertise of John Frederick William Herschel is,973,50085,False
cf_6532,known,Adolphe Quetelet specializes in,253,13497,False
cf_6534,known,Jacques Chaban-Delmas spoke the language,273,5112,False
cf_6534,known,Maurice Genevoix is a native speaker of,5112,5112,True
cf_6534,known,The mother tongue of Léon Blum is,417,5112,False
cf_6534,known,The native language of Jacques Chaban-Delmas is,5112,5112,True
cf_6534,known,"Louis Antoine de Saint-Just, speaker of",253,5112,False
cf_6534,known,Montesquieu spoke the language,273,5112,False
cf_6534,known,Michel Rocard spoke the language,273,5112,False
cf_6534,known,The native language of Ferdinand de Saussure is,5112,9883,False
cf_6534,known,The mother tongue of Georges Duhamel is,247,5112,False
cf_6534,known,The mother tongue of Maurice Genevoix is,253,5112,False
cf_7502,known,"Yahoo! Search, from",253,31230,False
cf_7502,known,Engadget is from,253,5559,False
cf_7502,known,Yahoo! Answers is owned by,31230,31230,True
cf_7502,known,Yahoo! GeoCities owner,13,31230,False
cf_7502,known,"Polyvore, from",253,5559,False
cf_7502,known,Yahoo! News's owner,13,31230,False
cf_7502,known,"Yahoo! Movies, by",253,31230,False
cf_7502,known,Yahoo! Music owner,13,31230,False
cf_7502,known,"Flurry, from",253,5559,False
cf_7502,known,Yahoo! News is owned by,31230,31230,True
cf_5648,known,Conrad Hansen performs on the,18542,18542,True
cf_5648,known,Magdalena Thora performs on the,3924,18542,False
cf_5648,known,"Ingrid Haebler, the",6423,20391,False
cf_5648,known,Erwin Schulhoff plays,247,24455,False
cf_5648,known,Erwin Schulhoff plays the,2554,18542,False
cf_5648,known,"Magdalena Thora, performing on the",1072,18542,False
cf_5648,known,Götz Alsmann performs on the,18542,18542,True
cf_5648,known,Carl Adolf Martienssen plays the instrument,275,18542,False
cf_5648,known,Nikolai Rimsky-Korsakov plays,253,18542,False
cf_5648,known,"Joseph Fischhof, playing the",2554,18542,False
cf_3110,known,Snow Leopard Trust is in,253,4693,False
cf_3110,known,Seattle Children's is located in,253,16335,False
cf_3110,known,"Seafair, in",253,7758,False
cf_3110,known,Seattle City Council is within,253,16335,False
cf_3110,known,"Seattle Opera, in",16335,16335,True
cf_3110,known,Snow Leopard Trust is located in,253,4693,False
cf_3110,known,Seattle Tower is within,7824,16335,False
cf_3110,known,Seattle Opera is in,253,16335,False
cf_3110,known,Seattle Daily Journal of Commerce is located in,253,16335,False
cf_3110,known,Seattle Public Library is in,253,16335,False
cf_8577,known,Johann Ludwig Burckhardt is affiliated with the religion,273,20242,False
cf_8577,known,Yasser Arafat is follower of,253,8033,False
cf_8577,known,Hema Malini is follower of,253,8033,False
cf_8577,known,Hamid Karzai is follower of,253,8033,False
cf_8577,known,The official religion of Usman ibn Affan is,8033,8033,True
cf_8577,known,Johann Ludwig Burckhardt is follower of,253,20242,False
cf_8577,known,The official religion of Mos Def is,253,8033,False
cf_8577,known,Mohammed Ali is follower of,253,8033,False
cf_8577,known,Q-Tip follows the religion of,253,8033,False
cf_8577,known,saint is affiliated with the religion,273,43506,False
cf_8711,known,SHRUB Coop is based in,253,22126,False
cf_8711,known,Independent Investment's headquarters are in,253,4693,False
cf_8711,known,The headquarter of Scottish Tea and Lands Company of Ceylon is in,253,16861,False
cf_8711,known,Orbital Marine Power's headquarters are in,253,7758,False
cf_8711,known,The headquarter of SHRUB Coop is located in,253,14296,False
cf_8711,known,Third Mile (F.M.S.) Rubber is headquartered in,253,4693,False
cf_8711,known,The headquarters of Tardigrad International is in,253,26229,False
cf_8711,known,BUSINESS TIME DELUXE LP is headquartered in,253,4693,False
cf_8711,known,The headquarters of Orbital Marine Power is in,253,14296,False
cf_8711,known,The headquarter of Moloney Conception is located in,253,21818,False
cf_6899,known,"Samawah, in",253,23856,False
cf_6899,known,"Samawah, which is located in",253,23799,False
cf_6899,known,"Al Diwaniyah, located in",253,34992,False
cf_6899,known,Islamic Supreme Council of Iraq is located in,253,39759,False
cf_6899,known,"Khabur, located in",253,7751,False
cf_6899,known,Sippar is located in the country of,5427,5427,True
cf_6899,known,"Sippar, which is located in",253,5427,False
cf_6899,known,Al Diwaniyah is located in the country of,473,27412,False
cf_6899,known,"Tepe Gawra, which is located in",253,35522,False
cf_6899,known,"Baghdad Railway, which is located in",253,9256,False
cf_16741,known,RPO ZR2 is created by,253,21314,False
cf_16741,known,Powerglide is developed by,253,35251,False
cf_16741,known,"Chevrolet AK-Series, created by",49937,49937,True
cf_16741,known,"Chevrolet Series H, developed by",49937,49937,True
cf_16741,known,Chevrolet El Camino (3rd generation) is developed by,49937,49937,True
cf_16741,known,"Chevrolet Corvette C7 Grand Sport, produced by",4214,49937,False
cf_16741,known,"Chevrolet Engineering Research Vehicle, produced by",49937,49937,True
cf_16741,known,Chevrolet Miray is developed by,253,49937,False
cf_16741,known,Chevrolet Series H is a product of,253,49937,False
cf_16741,known,"Powerglide, developed by",253,17885,False
cf_14369,known,Rich Text Format is developed by,253,9664,False
cf_14369,known,"Rich Text Format, a product manufactured by",253,9664,False
cf_14369,known,"Windows 98, a product created by",9664,9664,True
cf_14369,known,Windows NT is a product of,253,9664,False
cf_14369,known,"Windows 9x, a product manufactured by",9664,9664,True
cf_14369,known,Xenix was created by,253,9664,False
cf_14369,known,Windows 2000 is a product of,253,9664,False
cf_14369,known,JScript was a product of,253,9664,False
cf_14369,known,"Microsoft Office 2007, a product of",9664,9664,True
cf_14369,known,"Windows Embedded Compact, created by",253,9664,False
cf_1634,known,Sho Kosugi originates from,253,17413,False
cf_1634,known,Oji Hiroi is originally from,4047,17413,False
cf_1634,known,Masayuki Takayanagi originated from,253,17413,False
cf_1634,known,Tetsurō Oda originated from,253,41951,False
cf_1634,known,Moon Sung-keun originates from,253,36546,False
cf_1634,known,Masaki Aiba originated from,253,17413,False
cf_1634,known,Moon Sung-keun was native to,253,36546,False
cf_1634,known,Jonathan Meese was originally from,253,8068,False
cf_1634,known,Monday Michiru was native to,253,17413,False
cf_1634,known,Masaki Aiba originates from,253,17413,False
cf_4338,known,Horace François Bastien Sébastiani de La Porta lost their life at,253,7785,False
cf_4338,known,Willy Maywald died in,247,4693,False
cf_4338,known,Adolphe Niel died in,1283,7785,False
cf_4338,known,Diane de France succumbed at,253,7785,False
cf_4338,known,Willy Maywald lost their life at,253,24538,False
cf_4338,known,Jean-Xavier Lefèvre passed away in,521,7785,False
cf_4338,known,Wilhelm Fröhner passed away at,253,12911,False
cf_4338,known,Wilhelm Fröhner passed away in,247,32000,False
cf_4338,known,Ernst Weiss's life ended in,247,12911,False
cf_4338,known,Gabriel Fauré died in,7785,7785,True
cf_10143,known,"Eiichiro Oda, a citizen of",4047,4047,True
cf_10143,known,"Matsuo Bashō, who has a citizenship from",4047,4047,True
cf_10143,known,"Daisuke Matsuzaka, who holds a citizenship from",4047,4047,True
cf_10143,known,"Nitobe Inazō, a citizen of",4047,4047,True
cf_10143,known,"Senkichi Taniguchi, who is a citizen of",4047,4047,True
cf_10143,known,"Nitobe Inazō, who has a citizenship from",4047,4047,True
cf_10143,known,"Masashi Kishimoto, a citizen of",4047,4047,True
cf_10143,known,Yosa Buson has a citizenship from,253,8987,False
cf_10143,known,Matsuo Bashō has a citizenship from,4047,4047,True
cf_10143,known,"Yosa Buson, who has a citizenship from",253,8987,False
cf_19234,known,Where is Collège Notre-Dame du Sacré-Cœur? It is located in,253,7785,False
cf_19234,known,Where is Cinémaginaire? It is located in,253,7785,False
cf_19234,known,The location of St. Mary's Hospital is,275,21818,False
cf_19234,known,Centre hospitalier universitaire Sainte-Justine can be found in,253,7785,False
cf_19234,known,Le Centre Sheraton Montreal Hotel can be found in,253,24604,False
cf_19234,known,Where is Compagnie Jean-Duceppe? It is located in,253,6181,False
cf_19234,known,Where is Cégep de Saint-Laurent? It is located in,253,6181,False
cf_19234,known,Where is Conservatoire d'art dramatique de Montréal? It is located in,253,24604,False
cf_19234,known,Centre d'histoire de Montréal is located in,253,24604,False
cf_19234,known,Where is Cégep André-Laurendeau? It is located in,253,6181,False
cf_14764,known,Wildstrubel is located in the continent,273,3060,False
cf_14764,known,Esla is located in the continent,273,3060,False
cf_14764,known,Volkhov is a part of the continent of,3060,3060,True
cf_14764,known,Rheinwaldhorn is a part of the continent of,6176,6176,True
cf_14764,known,Titlis belongs to the continent of,7531,7531,True
cf_14764,known,Esla is located in,253,14307,False
cf_14764,known,"Monte Generoso, in",253,10869,False
cf_14764,known,Säntis is located in,253,20341,False
cf_14764,known,Dents du Midi belongs to the continent of,7531,7531,True
cf_14764,known,Aletschhorn is located in,253,18908,False
cf_18755,known,"IV Región Militar, which has the capital",273,38436,False
cf_18755,known,"Bouches-de-l'Èbre-Montserrat, which has the capital city",273,7785,False
cf_18755,known,The capital of Región Militar Pirenaica is,4441,38436,False
cf_18755,known,"Región Militar Pirenaica, which has the capital city",273,38436,False
cf_18755,known,The capital of Barcelona Province is,253,24639,False
cf_18755,known,The capital city of Barcelonès is,253,24639,False
cf_18755,known,"Catalan State, which has the capital",273,24639,False
cf_18755,known,"Catalan Republic (1641), which has the capital city",273,24639,False
cf_18755,known,"Catalan State (1873)'s capital city,",24639,24639,True
cf_18755,known,The capital of Catalan Republic (1641) is,253,24639,False
cf_17498,known,The language of The Abandoned is,247,4383,False
cf_17498,known,The language of Ballad of a Soldier is,247,4383,False
cf_17498,known,The language of Mimino is,417,9890,False
cf_17498,known,The original language of Shadows of Forgotten Ancestors was,3542,4383,False
cf_17498,known,The language of Destiny of a Man was,247,4383,False
cf_17498,known,The original language of Nomad was,3542,26503,False
cf_17498,known,The language of The Return of Godzilla is,247,6692,False
cf_17498,known,The language of Ballad of a Soldier was,247,4383,False
cf_17498,known,The original language of No Way Out is,247,4383,False
cf_17498,known,The original language of Norwegian Ninja is,346,25771,False
cf_15117,known,"In Timor-Leste, they understand",326,43113,False
cf_15117,known,The law in Confederation of African Football declares the language,273,4383,False
cf_15117,known,The law in Bahia declares the language,273,26467,False
cf_15117,known,The law in European Union declares the language,273,5112,False
cf_15117,known,The official language of Mozambique is,253,4383,False
cf_15117,known,"In European Union, an official language is",253,4383,False
cf_15117,known,The official language of Rotary International is,4383,4383,True
cf_15117,known,"In Guinea-Bissau, the language spoken is",253,26467,False
cf_15117,known,"In Macau, they understand",326,4383,False
cf_15117,known,"In Bahia, an official language is",253,26467,False
cf_13875,known,The Little Golden Calf is written in,253,4383,False
cf_13875,known,The language of Cinnamon was,417,4383,False
cf_13875,known,slovake.eu is written in,4383,7247,False
cf_13875,known,The language of The House of the Dead is,247,4383,False
cf_13875,known,The language of Severny Vestnik is,417,7247,False
cf_13875,known,Warface was written in,253,4383,False
cf_13875,known,The language of Dacia is,247,13986,False
cf_13875,known,Severny Vestnik was written in,253,7247,False
cf_13875,known,Moskovskij Komsomolets is written in,253,7247,False
cf_13875,known,The Jade Rosary is written in,253,48610,False
cf_17372,known,Blue Bloods was originally aired on,253,22303,False
cf_17372,known,Cybill premiered on,253,22303,False
cf_17372,known,The Agency was originally aired on,253,22303,False
cf_17372,known,"Murder, She Wrote was originally aired on",253,22303,False
cf_17372,known,The Young and the Restless premiered on,27199,22303,False
cf_17372,known,Golden Boy premieres on,25456,41069,False
cf_17372,known,The Little Mermaid was released on,17509,17509,True
cf_17372,known,"Dink, the Little Dinosaur premieres on",13626,27478,False
cf_17372,known,"Murder, She Wrote premiered on",27199,21946,False
cf_17372,known,Without a Trace was released on,253,17509,False
cf_12032,known,"Teen Kanya, that was developed in",253,5427,False
cf_12032,known,Sarkar from,253,13115,False
cf_12032,known,"Don, that was created in",253,26040,False
cf_12032,known,Masoom originated in,253,32111,False
cf_12032,known,"Hirak Rajar Deshe, that was developed in",253,5427,False
cf_12032,known,Joi Baba Felunath was formulated in,253,5427,False
cf_12032,known,Fanaa was from,253,24639,False
cf_12032,known,"Distant Thunder, that was from",253,17360,False
cf_12032,known,Goopy Gyne Bagha Byne from,253,7422,False
cf_12032,known,Hirak Rajar Deshe was developed in,253,5427,False
cf_423,known,Joe DiMaggio professionally plays the sport,273,14623,False
cf_423,known,"Yogi Berra, the",15217,14623,False
cf_423,known,Ty Cobb professionally plays the sport,273,14623,False
cf_423,known,Ted Williams plays,253,24455,False
cf_423,known,"Stan Musial, the",3438,14623,False
cf_423,known,Yogi Berra professionally plays the sport,273,14623,False
cf_423,known,Ted Williams professionally plays the sport,273,14623,False
cf_423,known,Barry Bonds is a professional,14623,14623,True
cf_423,known,Jim Bunning professionally plays the sport,273,14623,False
cf_423,known,Hank Aaron plays,247,24455,False
cf_19285,known,Ignazio Silone worked in,253,12300,False
cf_19285,known,Giorgio de Chirico worked in the city of,27741,12300,False
cf_19285,known,Innocent VIII worked in,253,12300,False
cf_19285,known,Alcide De Gasperi found employment in,253,12300,False
cf_19285,known,Alcide De Gasperi was employed in,253,12300,False
cf_19285,known,Ignazio Silone was employed in,253,12300,False
cf_19285,known,Cy Twombly took up work in,253,7785,False
cf_19285,known,"Frederic Leighton, 1st Baron Leighton took up work in",253,4693,False
cf_19285,known,Pius IV was employed in,253,12300,False
cf_19285,known,Sixtus IV worked in,253,12300,False
cf_2439,known,Johan Vilhelm Snellman's expertise is,275,18542,False
cf_2439,known,Terho Itkonen's domain of activity is,281,8672,False
cf_2439,known,Aarni Penttilä works in the field of,1966,12057,False
cf_2439,known,Jan Petr Velkoborský's domain of activity is,281,8672,False
cf_2439,known,The domain of activity of Pirjo Hiidenmaa is,281,16775,False
cf_2439,known,The domain of work of Jan Petr Velkoborský is,253,23065,False
cf_2439,known,István Papp's area of work is,281,26481,False
cf_2439,known,The domain of work of Lauri Hakulinen is,253,26481,False
cf_2439,known,Society for the Study of Finnish's expertise is,247,36090,False
cf_2439,known,Aarni Penttilä's domain of activity is,253,16775,False
cf_2347,known,Montesquieu spoke the language,273,5112,False
cf_2347,known,"Robert Schuman, speaker of",253,5112,False
cf_2347,known,The mother tongue of Jean-Baptiste Say is,247,5112,False
cf_2347,known,Louis Antoine de Saint-Just is a native speaker of,5112,5112,True
cf_2347,known,"Montesquieu, speaker of",253,5112,False
cf_2347,known,"Louis Antoine de Saint-Just, a native",273,5112,False
cf_2347,known,Jean-Baptiste Say is a native speaker of,5112,5112,True
cf_2347,known,Raymond Barre is a native speaker of,4383,5112,False
cf_2347,known,Jean Gabin spoke the language,273,5112,False
cf_2347,known,"Jean Gabin, a native",273,5112,False
cf_2144,known,Google Cloud Search is owned by,5559,5559,True
cf_2144,known,Cloud Dataprep is owned by,253,21314,False
cf_2144,known,Cloud Build is owned by,253,9664,False
cf_2144,known,"Google Vault, from",253,9664,False
cf_2144,known,Cloud Datalab's owner,13,21314,False
cf_2144,known,Google One's owner,13,5559,False
cf_2144,known,Google Genomics is from,253,21314,False
cf_2144,known,Firebase Authentication is from,253,5559,False
cf_2144,known,"Google Genomics, from",253,5559,False
cf_2144,known,"Google Stadia, from",534,5559,False
cf_4381,known,Magdalena Thora plays the instrument,15,18542,False
cf_4381,known,"Richard Fall, the",3438,24455,False
cf_4381,known,"Nikolai Rimsky-Korsakov, the",7247,18542,False
cf_4381,known,"Laci Boldemann, the",3438,18542,False
cf_4381,known,"Christoph Nichelmann, the",3438,25375,False
cf_4381,known,Nikolai Rimsky-Korsakov plays,253,18542,False
cf_4381,known,Grete von Zieritz performs on the,3924,18542,False
cf_4381,known,Erwin Schulhoff plays,247,24455,False
cf_4381,known,Conrad Hansen plays the instrument,13,18542,False
cf_4381,known,"Carl Adolf Martienssen, the",15217,18542,False
cf_2904,known,Bishop Loughlin Memorial High School is in,253,7758,False
cf_2904,known,Bay Ridge Branch is in,253,21249,False
cf_2904,known,"Brookdale University Hospital and Medical Center, in",8068,8068,True
cf_2904,known,Bishop Kearney High School is located in,253,13944,False
cf_2904,known,Bishop Ford Central Catholic High School can be found in,253,13533,False
cf_2904,known,Bay Ridge Branch is within,253,20973,False
cf_2904,known,"Brooklyn Conservatory of Music, in",1457,21249,False
cf_2904,known,"Brooklyn Children's Museum, in",21249,21249,True
cf_2904,known,"Berkeley Carroll School, in",24538,24538,True
cf_2904,known,Brooklyn Heights Historic District is located in,253,21249,False
cf_17748,known,Q-Tip is affiliated with the religion,273,20242,False
cf_17748,known,Malcolm X is affiliated with the religion,273,20242,False
cf_17748,known,Hamid Karzai is affiliated with the religion,273,8033,False
cf_17748,known,Averroes is affiliated with the religion,273,20242,False
cf_17748,known,Abd al-Malik ibn Marwan is follower of,253,8033,False
cf_17748,known,Abd al-Malik ibn Marwan follows the religion of,253,8033,False
cf_17748,known,Hema Malini follows the religion of,617,8033,False
cf_17748,known,Averroes is follower of,253,8033,False
cf_17748,known,Mos Def is follower of,253,8033,False
cf_17748,known,Malcolm X is follower of,253,35702,False
cf_7993,known,The headquarter of International Union of Geological Sciences is in,253,43516,False
cf_7993,known,Industrial and Commercial Bank of China's headquarters are in,18496,18496,True
cf_7993,known,The headquarter of Central Committee of the Communist Party of China is in,18496,18496,True
cf_7993,known,The headquarter of China Construction Bank is located in,23494,18496,False
cf_7993,known,The headquarter of Baidu is located in,18496,18496,True
cf_7993,known,Agricultural Bank of China's headquarters are in,18496,18496,True
cf_7993,known,The headquarters of Industrial and Commercial Bank of China is in,18496,18496,True
cf_7993,known,The headquarters of Agricultural Bank of China is in,18496,18496,True
cf_7993,known,Youku's headquarters are in,253,17413,False
cf_7993,known,"Baidu, whose headquarters are in",18496,17413,False
cf_6690,known,"BDFA player ID, in",253,38075,False
cf_6690,known,"Kurds, located in",253,12728,False
cf_6690,known,Armenian is located in the country of,5360,7422,False
cf_6690,known,Buenos Aires is located in the country of,23881,23881,True
cf_6690,known,"Patagonia, in",253,23881,False
cf_6690,known,"Slovene, in",253,42862,False
cf_6690,known,"Argentina, which is located in",253,3060,False
cf_6690,known,Argentine Olympic Committee athlete ID is located in the country of,23881,23881,True
cf_6690,known,Buenos Aires is located in,253,23881,False
cf_6690,known,"Cinenacional.com person ID, which is located in",253,8987,False
cf_6880,known,"Nokia 6700 slide, developed by",41720,41720,True
cf_6880,known,"Nokia C2-03, developed by",41720,41720,True
cf_6880,known,Nokia 6600 slide is produced by,41720,41720,True
cf_6880,known,"Nokia 6600 slide, developed by",41720,41720,True
cf_6880,known,Nokia 6760 Slide is developed by,41720,41720,True
cf_6880,known,"Nokia 6760 Slide, created by",41720,41720,True
cf_6880,known,Nokia Lumia 720 is created by,41720,41720,True
cf_6880,known,Nokia 2600 classic is created by,41720,41720,True
cf_6880,known,"Nokia 6610, developed by",41720,41720,True
cf_6880,known,"Nokia Lumia 520, developed by",41720,41720,True
cf_9156,known,Advanced Configuration and Power Interface Specification Version 4.0 was created by,253,21314,False
cf_9156,known,"SVT-AV1, developed by",253,22645,False
cf_9156,known,ispc is created by,253,21314,False
cf_9156,known,"Advanced Configuration and Power Interface Specification Version 2.0, Errata B, a product of",253,21314,False
cf_9156,known,"Advanced Configuration and Power Interface Specification Version 5.0, Errata A is developed by",253,21314,False
cf_9156,known,"Advanced Configuration and Power Interface Specification Version 2.0, Errata Revision 1.5 was created by",253,21314,False
cf_9156,known,"Intel Data Plane Development Kit, a product of",17545,17545,True
cf_9156,known,"Advanced Configuration and Power Interface Specification Version 3.0, a product of",253,21314,False
cf_9156,known,Accounts & SSO is a product of,253,9664,False
cf_9156,known,"Versatile Video Coding, a product of",253,8217,False
cf_14440,known,Alexander Danilovich Menshikov was born in,16496,16496,True
cf_14440,known,Anna Kournikova originated from,253,16496,False
cf_14440,known,Anna Kournikova was native to,253,16496,False
cf_14440,known,Leonid Hurwicz was originally from,253,16496,False
cf_14440,known,Nyusha is originally from,253,16496,False
cf_14440,known,Vasily Papin originated from,253,16496,False
cf_14440,known,Alexander Alekhine was born in,16496,16496,True
cf_14440,known,Alexander Riazantsev originated from,253,16496,False
cf_14440,known,Marat Safin was born in,253,8068,False
cf_14440,known,Anna of Russia is native to,253,16496,False
cf_13532,known,Sybille Bedford passed away at,253,7785,False
cf_13532,known,Arthur Koestler died in the city of,611,12911,False
cf_13532,known,"Ezekiel, Freiherr von Spanheim died in",253,12911,False
cf_13532,known,"Ezekiel, Freiherr von Spanheim died in the city of",330,12911,False
cf_13532,known,Alice Herz-Sommer passed away in,617,7785,False
cf_13532,known,Georg Dionysius Ehret's life ended in,247,12300,False
cf_13532,known,Ken Adam's life ended in,247,4693,False
cf_13532,known,Gerard Hoffnung died in,253,7785,False
cf_13532,known,George Grey's life ended in,247,4693,False
cf_13532,known,Alfred Flechtheim died in the city of,611,12911,False
cf_6804,known,"Katsushika Hokusai, a citizen of",4047,4047,True
cf_6804,known,Yosa Buson has a citizenship from,253,8987,False
cf_6804,known,Senkichi Taniguchi has a citizenship from,4047,4047,True
cf_6804,known,"Akira Kurosawa, who holds a citizenship from",4047,4047,True
cf_6804,known,"Yosa Buson, who is a citizen of",253,8987,False
cf_6804,known,Futabatei Shimei is a citizen of,253,4047,False
cf_6804,known,"Matsuo Bashō, who holds a citizenship from",4047,4047,True
cf_6804,known,"Matsuo Bashō, a citizen of",4047,4047,True
cf_6804,known,Katsushika Hokusai is a citizen of,4047,4047,True
cf_6804,known,Hisashi Inoue is a citizen of,4047,4047,True
cf_13256,known,Lyndon B. Johnson Space Center is located in,14296,14296,True
cf_13256,known,JPMorgan Chase Tower is in,253,14289,False
cf_13256,known,The location of Rice University is,275,25853,False
cf_13256,known,Rice University is in,253,14296,False
cf_13256,known,The location of Contemporary Arts Museum Houston is,4441,14296,False
cf_13256,known,The location of Lunar and Planetary Institute is,275,14296,False
cf_13256,known,Houston Public Library can be found in,253,16335,False
cf_13256,known,Kinder High School for the Performing and Visual Arts can be found in,253,8068,False
cf_13256,known,The location of Toyota Center is,4441,17372,False
cf_13256,known,Where is William P. Hobby Airport? It is located in,253,5002,False
cf_16878,known,"Ethiopia, in",253,7531,False
cf_16878,known,Egypt is in,253,7531,False
cf_16878,known,"Uganda, in",253,7531,False
cf_16878,known,Mali is a part of the continent of,7531,7531,True
cf_16878,known,Tanzania is located in the continent,273,7531,False
cf_16878,known,Côte d'Ivoire is a part of the continent of,7531,7531,True
cf_16878,known,Democratic Republic of the Congo is a part of the continent of,7531,7531,True
cf_16878,known,Mozambique is located in,253,7531,False
cf_16878,known,Uganda is located in,253,7531,False
cf_16878,known,Egypt is located in the continent,273,7531,False
cf_8035,known,The capital city of Sweden is,253,38476,False
cf_8035,known,"Swedish overseas colonies, which has the capital",273,38476,False
cf_8035,known,"Stockholm County, which has the capital city",273,38476,False
cf_8035,known,The capital of Stockholm Municipality is,4441,38476,False
cf_8035,known,Over-Governors office's capital city is,253,21818,False
cf_8035,known,Swedish overseas colonies's capital city is,253,38476,False
cf_8035,known,Stockholm County's capital is,4441,38476,False
cf_8035,known,Stockholm Municipality's capital city is,253,38476,False
cf_8035,known,"Swedish overseas colonies, which has the capital city",273,38476,False
cf_8035,known,The capital of Swedish overseas colonies is,4441,16842,False
cf_4040,known,The language of Jealousy is,247,4383,False
cf_4040,known,The language of Dangerous Minds was,247,4383,False
cf_4040,known,The language of The Sea Inside was,247,4383,False
cf_4040,known,The original language of Tie Me Up! Tie Me Down! was,3542,4383,False
cf_4040,known,The language of The Anchorite was,417,4383,False
cf_4040,known,The original language of Crane World was,346,4383,False
cf_4040,known,The language of Jealousy was,417,4383,False
cf_4040,known,The original language of Crane World is,247,4383,False
cf_4040,known,The original language of Ringo the Lone Rider is,346,4383,False
cf_4040,known,The original language of Ash Wednesday is,346,4383,False
cf_6593,known,"In Vaasa, an official language is",13452,34861,False
cf_6593,known,"In Gothenburg Municipality, an official language is",13452,19688,False
cf_6593,known,"In Botkyrka Municipality, an official language is",13452,7247,False
cf_6593,known,"In Åland, they understand",253,13986,False
cf_6593,known,"In Norrbotten County, the language spoken is",247,19688,False
cf_6593,known,The official language of European Union is,4383,5112,False
cf_6593,known,The official language of Stockholm is,19688,19688,True
cf_6593,known,The official language of Solna Municipality is,19688,19688,True
cf_6593,known,"In Espoo, the language spoken is",247,4383,False
cf_6593,known,"In Russian Empire, they understand",326,7247,False
cf_18415,known,Zaman was written in,253,26503,False
cf_18415,known,The language of macOS was,417,4383,False
cf_18415,known,The language of Inkscape was,417,4383,False
cf_18415,known,Opera is written in,253,13814,False
cf_18415,known,The Pirate Bay was written in,253,8595,False
cf_18415,known,The language of Antalyaspor is,417,7247,False
cf_18415,known,The language of VLC media player was,4391,4383,False
cf_18415,known,Khan Academy is written in,253,31534,False
cf_18415,known,The language of Zekeriya is,417,34861,False
cf_18415,known,The language of Syrian Arab News Agency was,908,26503,False
cf_9694,known,NBC Nightly News premieres on,22303,22303,True
cf_9694,known,Miami Vice was released on,253,49244,False
cf_9694,known,The City on the Edge of Forever was released on,17509,41069,False
cf_9694,known,Cartoon All-Stars to the Rescue is to debut on,253,22303,False
cf_9694,known,NBC Nightly News premiered on,22303,22303,True
cf_9694,known,Law & Order: LA premiered on,22303,22303,True
cf_9694,known,Camp Cucamonga was released on,253,22303,False
cf_9694,known,The Count of Monte Cristo premieres on,41069,41069,True
cf_9694,known,Cartoon All-Stars to the Rescue was originally aired on,253,22303,False
cf_9694,known,Camp Cucamonga debuted on,253,22303,False
cf_4929,known,"Stealers Wheel, that was created in",253,17372,False
cf_4929,known,"high jump, that was developed in",253,14648,False
cf_4929,known,"Silly Wizard, developed in",253,8595,False
cf_4929,known,"The State of the Art, that was created in",253,8068,False
cf_4929,known,Silly Wizard was developed in,253,8595,False
cf_4929,known,Angus was created in,253,13944,False
cf_4929,known,Grand Theft Auto: The Ballad of Gay Tony was formulated in,253,14296,False
cf_4929,known,"shot put, that originated in",253,8068,False
cf_4929,known,"Porno, that was formulated in",253,10869,False
cf_4929,known,Associates was from,253,11988,False
cf_1262,known,Yogi Berra plays,253,14623,False
cf_1262,known,Stan Musial professionally plays the sport,273,14623,False
cf_1262,known,What sport does Jim Bunning play? They play,14623,14623,True
cf_1262,known,Joe DiMaggio is a professional,14623,14623,True
cf_1262,known,Jim Bunning professionally plays the sport,273,14623,False
cf_1262,known,Barry Bonds plays,253,14623,False
cf_1262,known,Stan Musial plays,247,24455,False
cf_1262,known,What sport does Lou Gehrig play? They play,14623,14623,True
cf_1262,known,Jackie Robinson is a professional,8406,14623,False
cf_1262,known,Roberto Clemente is a professional,20391,20391,True
cf_11264,known,Vladimir Lukin used to work in,253,16496,False
cf_11264,known,Alexander Korzhakov used to work in,253,16496,False
cf_11264,known,Sergey Ivanov used to work in,253,16496,False
cf_11264,known,Alexander Nevzorov used to work in,253,16496,False
cf_11264,known,Nikolai Gubenko worked in,253,16496,False
cf_11264,known,Leonid Slutsky worked in,253,16496,False
cf_11264,known,Leonid Slutsky worked in the city of,16496,16496,True
cf_11264,known,Pyotr Fyodorovich Sokolov worked in the city of,611,16496,False
cf_11264,known,Ivan Kliun worked in the city of,611,41577,False
cf_11264,known,Moisei Ginzburg worked in the city of,611,7785,False
cf_19084,known,Jean Gabin is a native speaker of,5112,5112,True
cf_19084,known,The native language of Henri Barbusse is,5112,5112,True
cf_19084,known,The native language of Montesquieu is,5112,5112,True
cf_19084,known,"François Bayrou, speaker of",253,5112,False
cf_19084,known,"Jean Auguste Dominique Ingres, speaker of",253,5112,False
cf_19084,known,Léon Blum spoke the language,273,5112,False
cf_19084,known,The mother tongue of Jean-Luc Picard is,247,5112,False
cf_19084,known,"Jacques Chaban-Delmas, a native",273,5112,False
cf_19084,known,Maurice Genevoix spoke the language,273,5112,False
cf_19084,known,Melchior de Vogüé spoke the language,273,5112,False
cf_14450,known,"Cloud SDK, by",253,9664,False
cf_14450,known,Cloud Pub/Sub is owned by,253,21314,False
cf_14450,known,Cloud Scheduler's owner,13,9664,False
cf_14450,known,Firebase Authentication owner,27,5559,False
cf_14450,known,Google Cloud Search owner,13,5559,False
cf_14450,known,"Cloud SDK, from",253,9664,False
cf_14450,known,"Google One, from",253,5559,False
cf_14450,known,Cloud Pub/Sub's owner,13,310,False
cf_14450,known,"Cloud Scheduler, by",253,5559,False
cf_14450,known,Velostrata owner,13,48771,False
cf_2966,known,Conrad Hansen plays the instrument,13,18542,False
cf_2966,known,Conrad Hansen plays,247,24455,False
cf_2966,known,"Robert Radecke, the",3438,12609,False
cf_2966,known,"Justus Frantz, playing the",2554,18542,False
cf_2966,known,"Peter Igelhoff, the",3438,25375,False
cf_2966,known,Peter Igelhoff plays the instrument,13,18542,False
cf_2966,known,Paul Badura-Skoda plays the,2554,18542,False
cf_2966,known,"Justus Frantz, performing on the",1072,18542,False
cf_2966,known,Laci Boldemann plays the,2554,18542,False
cf_2966,known,"Conrad Hansen, performing on the",921,18542,False
cf_7652,known,"FIRST NORTH DENMARK -SME GROWTH MARKET, in",253,22783,False
cf_7652,known,NASDAQ COPENHAGEN A/S - NORDIC@MID is within,253,20341,False
cf_7652,known,FIRST NORTH DENMARK – AUCTION ON DEMAND can be found in,253,43516,False
cf_7652,known,NASDAQ COPENHAGEN A/S - NORDIC@MID is in,253,20341,False
cf_7652,known,"NASDAQ COPENHAGEN A/S - NORDIC@MID, in",253,20341,False
cf_7652,known,NASDAQ COPENHAGEN A/S - NORDIC@MID can be found in,253,20341,False
cf_7652,known,FIRST NORTH DENMARK – AUCTION ON DEMAND is in,253,43516,False
cf_7652,known,CopeNLU is in,253,8987,False
cf_7652,known,"FIRST NORTH DENMARK – AUCTION ON DEMAND, in",253,43516,False
cf_7652,known,"FIRST NORTH DENMARK - NORDIC@MID, in",253,22783,False
cf_5579,known,The official religion of Abd al-Malik ibn Marwan is,253,8033,False
cf_5579,known,The official religion of Alī ibn Abī Ṭālib is,253,8033,False
cf_5579,known,Mehmed the Conqueror follows the religion of,253,8033,False
cf_5579,known,Abd al-Malik ibn Marwan follows the religion of,253,8033,False
cf_5579,known,Yasser Arafat follows the religion of,8033,8033,True
cf_5579,known,The official religion of Hema Malini is,253,35702,False
cf_5579,known,Usman ibn Affan is follower of,253,8033,False
cf_5579,known,The official religion of Usman ibn Affan is,8033,8033,True
cf_5579,known,Rumi is affiliated with the religion,273,8033,False
cf_5579,known,Omar Khayyám is affiliated with the religion,273,43506,False
cf_7776,known,Vnesheconombank is headquartered in,16496,41577,False
cf_7776,known,The headquarter of Soyuzmultfilm is located in,253,16496,False
cf_7776,known,Echo of Moscow is based in,16496,16496,True
cf_7776,known,Sollers JSC is based in,253,4693,False
cf_7776,known,The headquarter of Sollers JSC is in,253,16496,False
cf_7776,known,Soyuzmultfilm is based in,253,16496,False
cf_7776,known,The headquarter of Krasnaya Zvezda is located in,253,16496,False
cf_7776,known,RBC Information Systems is headquartered in,253,21818,False
cf_7776,known,The headquarters of Krasnaya Zvezda is in,16496,16496,True
cf_7776,known,The headquarter of lenta.ru is located in,253,16496,False
cf_9695,known,Świętokrzyskie Voivodeship is located in,253,16795,False
cf_9695,known,Tawęcino is located in,253,16795,False
cf_9695,known,"Greater Poland Voivodeship, in",11053,16795,False
cf_9695,known,"Świętokrzyskie Voivodeship, which is located in",253,16795,False
cf_9695,known,"Narew, located in",253,6181,False
cf_9695,known,"Bukowice, Milicz County, in",253,16795,False
cf_9695,known,Pomeranian Voivodeship is located in the country of,16795,16795,True
cf_9695,known,"Kramarzyny, located in",253,16795,False
cf_9695,known,"Solidarity Bridge, in",534,22785,False
cf_9695,known,"Tawęcino, which is located in",253,16795,False
cf_128,known,Honda NSR75 is a product of,34379,34379,True
cf_128,known,"Honda NS500, developed by",34379,34379,True
cf_128,known,Honda CB1100R is a product of,34379,34379,True
cf_128,known,Honda G engine is developed by,34379,34379,True
cf_128,known,Honda Mobilio Spike is a product of,34379,34379,True
cf_128,known,Honda Passport is produced by,253,34379,False
cf_128,known,Honda Silver Wing is a product of,253,34379,False
cf_128,known,"Honda NSX (second generation), produced by",34379,34379,True
cf_128,known,Honda 70 is developed by,34379,34379,True
cf_128,known,"Honda NSR75, produced by",34379,34379,True
cf_1449,known,"Adobe Flash Player, developed by",33143,33143,True
cf_1449,known,"Adobe Dreamweaver, created by",33143,33143,True
cf_1449,known,"Adobe Bridge, a product of",253,33143,False
cf_1449,known,"Adobe PageMaker, a product developed by",33143,33143,True
cf_1449,known,"Adobe Dreamweaver, a product created by",33143,33143,True
cf_1449,known,"Adobe PageMaker, a product of",33143,33143,True
cf_1449,known,Adobe Photoshop was a product of,253,33143,False
cf_1449,known,"Small Web Format, a product created by",253,8217,False
cf_1449,known,"Adobe Premiere Pro, a product of",33143,33143,True
cf_1449,known,"Adobe Creative Suite, a product manufactured by",33143,33143,True
cf_15992,known,Max Mosley was born in,4693,4693,True
cf_15992,known,Richard Bentley is originally from,253,4693,False
cf_15992,known,"Angela Smith, Baroness Smith of Basildon originates from",253,4693,False
cf_15992,known,William Huggins was originally from,253,9693,False
cf_15992,known,Aubrey de Grey was born in,4693,4693,True
cf_15992,known,Richard Johnson originated from,253,4693,False
cf_15992,known,William Shockley is native to,253,4693,False
cf_15992,known,"Princess Louise, Duchess of Argyll was born in",1283,31127,False
cf_15992,known,William Henry Perkin was born in,1283,4693,False
cf_15992,known,Richard Johnson originates from,253,4693,False
cf_19103,known,Gregory XIII lost their life at,253,12300,False
cf_19103,known,Wilhelm Friedrich Gmelin passed away at,253,12911,False
cf_19103,known,Giovanni Morone died at,253,12300,False
cf_19103,known,Giovanni Bona passed away in,247,27741,False
cf_19103,known,Giovanni Morone died in the city of,44489,27741,False
cf_19103,known,Wilhelm Henzen lost their life at,253,12911,False
cf_19103,known,Alexander VIII died in the city of,46329,26229,False
cf_19103,known,Innocent X's life ended in,247,7785,False
cf_19103,known,Gisela Richter lost their life at,253,32000,False
cf_19103,known,Antonio Gramsci died at,253,12300,False
cf_4398,known,Fujiko F. Fujio has a citizenship from,4047,4047,True
cf_4398,known,"Kotono Mitsuishi, a citizen of",4047,4047,True
cf_4398,known,Juju holds a citizenship from,253,25270,False
cf_4398,known,"Hisashi Inoue, a citizen of",4047,4047,True
cf_4398,known,Hisashi Inoue is a citizen of,4047,4047,True
cf_4398,known,"Juju, who is a citizen of",253,6976,False
cf_4398,known,Takeshi Kitano has a citizenship from,4047,4047,True
cf_4398,known,"Ichiro Suzuki, who has a citizenship from",253,4047,False
cf_4398,known,"Juju, a citizen of",253,10869,False
cf_4398,known,"Shigeru Miyamoto, a citizen of",4047,4047,True
cf_19361,known,athletics at the 1948 Summer Olympics – men's 5000 metres is located in,253,27411,False
cf_19361,known,athletics at the 1948 Summer Olympics – men's 800 metres is located in,253,27411,False
cf_19361,known,Where is athletics at the 1948 Summer Olympics – men's 400 metres? It is located in,253,27411,False
cf_19361,known,Royal Historical Society is in,253,4693,False
cf_19361,known,The location of athletics at the 1948 Summer Olympics – men's 200 metres is,275,19898,False
cf_19361,known,athletics at the 1948 Summer Olympics – men's 3000 metres steeplechase is located in,253,27411,False
cf_19361,known,Where is athletics at the 1948 Summer Olympics – men's decathlon? It is located in,253,27411,False
cf_19361,known,The location of Royal Historical Society is,275,4693,False
cf_19361,known,Heatherley School of Fine Art can be found in,253,4693,False
cf_19361,known,Royal Historical Society is located in,253,4693,False
cf_9255,known,Mount Pilatus is in,253,17785,False
cf_9255,known,Monte Generoso is a part of the continent of,7531,7531,True
cf_9255,known,Monte Generoso is in,253,10869,False
cf_9255,known,Rigi is located in the continent,273,3060,False
cf_9255,known,Brienzer Rothorn is in,253,8672,False
cf_9255,known,Bös Fulen belongs to the continent of,7531,10497,False
cf_9255,known,Aletschhorn is in,253,6176,False
cf_9255,known,Säntis is in,253,20341,False
cf_9255,known,"Rheinwaldhorn, in",253,6176,False
cf_9255,known,Wildhorn is a part of the continent of,8987,8987,True
cf_4071,known,"Lands of the Bohemian Crown's capital,",41577,41577,True
cf_4071,known,"Protectorate of Bohemia and Moravia, which has the capital city",273,41577,False
cf_4071,known,"Lands of the Bohemian Crown's capital city,",41577,41577,True
cf_4071,known,Czechoslovak Socialist Republic's capital city is,41577,41577,True
cf_4071,known,The capital city of Kingdom of Bohemia is,4441,41577,False
cf_4071,known,"Czechoslovakia, which has the capital city",273,41577,False
cf_4071,known,Czech Republic's capital city is,253,41577,False
cf_4071,known,"Czechoslovakia, which has the capital",13,41577,False
cf_4071,known,The capital of Země Česká is,253,41577,False
cf_4071,known,The capital of Third Czechoslovak Republic is,253,41577,False
cf_15839,known,The language of L'armata Brancaleone was,247,9890,False
cf_15839,known,The language of Alatriste is,417,9883,False
cf_15839,known,The language of Don't Tempt Me was,247,4383,False
cf_15839,known,The original language of L'armata Brancaleone is,346,9890,False
cf_15839,known,The language of Richard III is,247,4383,False
cf_15839,known,The original language of Quills is,247,4383,False
cf_15839,known,The language of The Passion of the Christ was,247,11308,False
cf_15839,known,The original language of Bram Stoker's Dracula was,346,4383,False
cf_15839,known,The language of L'armata Brancaleone is,247,9890,False
cf_15839,known,The language of Sebastiane is,417,11308,False
cf_11439,known,The official language of Kenya is,611,4383,False
cf_11439,known,"In India, an official language is",15713,34861,False
cf_11439,known,"In European Union, an official language is",253,4383,False
cf_11439,known,"In Ireland, an official language is",253,4383,False
cf_11439,known,"In Ghana, an official language is",253,4383,False
cf_11439,known,"In Papua New Guinea, the language spoken is",17206,4383,False
cf_11439,known,"In Australia, they understand",326,4383,False
cf_11439,known,"In Australia, an official language is",253,4383,False
cf_11439,known,The official language of Australia is,4383,4383,True
cf_11439,known,"In Australia, the language spoken is",4383,4383,True
cf_5390,known,The Count of Monte Cristo is to debut on,41069,7785,False
cf_5390,known,The Voice was released on,253,21946,False
cf_5390,known,Sisters premiered on,27199,21946,False
cf_5390,known,"Friends, season 7 premieres on",25456,41069,False
cf_5390,known,Law & Order: LA debuted on,253,22303,False
cf_5390,known,Jeopardy! premieres on,253,21946,False
cf_5390,known,The Count of Monte Cristo premieres on,41069,41069,True
cf_5390,known,Scrubs debuted on,253,22303,False
cf_5390,known,The City on the Edge of Forever is to debut on,253,41069,False
cf_5390,known,The Voice was originally aired on,253,22303,False
cf_10512,known,"Les Rougon-Macquart, that was formulated in",253,6181,False
cf_10512,known,"Ulysses, created in",253,12300,False
cf_10512,known,Le Monde was developed in,253,6181,False
cf_10512,known,"Sud Aviation Caravelle, from",253,6181,False
cf_10512,known,8½ from,253,49937,False
cf_10512,known,"Tri Yann, developed in",253,6181,False
cf_10512,known,"Democritus meditating on the seat of the soul, that originated in",253,27411,False
cf_10512,known,"Encyclopédie, that was formulated in",253,7785,False
cf_10512,known,Ulysses originated in,253,4693,False
cf_10512,known,"Libération, that was formulated in",253,6181,False
cf_2044,known,Jackie Robinson professionally plays the sport,273,14623,False
cf_2044,known,Lou Gehrig plays,253,14623,False
cf_2044,known,Yogi Berra plays,253,14623,False
cf_2044,known,Babe Ruth plays,253,14623,False
cf_2044,known,Babe Ruth is a professional,14623,14623,True
cf_2044,known,Derek Jeter professionally plays the sport,273,14623,False
cf_2044,known,"Joe DiMaggio, the",3438,14623,False
cf_2044,known,Chuck Connors is a professional,16972,19971,False
cf_2044,known,Yogi Berra is a professional,14623,14623,True
cf_2044,known,What sport does Deion Sanders play? They play,5842,5842,True
cf_12112,known,Alexander III took up work in,253,16496,False
cf_12112,known,André Derain found employment in,253,7785,False
cf_12112,known,Sixtus IV used to work in,253,12300,False
cf_12112,known,Alberto Giacometti worked in the city of,12300,12300,True
cf_12112,known,Otto Nicolai found employment in,253,26229,False
cf_12112,known,Alcide De Gasperi worked in,253,12300,False
cf_12112,known,J. M. W. Turner took up work in,253,4693,False
cf_12112,known,Georges Braque found employment in,253,7785,False
cf_12112,known,Clement IX took up work in,253,12300,False
cf_12112,known,Cy Twombly took up work in,253,7785,False
cf_10084,known,Léon Blum spoke the language,273,5112,False
cf_10084,known,"Jean Gabin, a native",273,5112,False
cf_10084,known,The native language of Henri Barbusse is,5112,5112,True
cf_10084,known,Maurice Genevoix spoke the language,273,5112,False
cf_10084,known,The native language of Raymond Barre is,5112,5112,True
cf_10084,known,Ferdinand de Saussure spoke the language,273,5112,False
cf_10084,known,Jean Gabin spoke the language,273,5112,False
cf_10084,known,François Bayrou is a native speaker of,5112,5112,True
cf_10084,known,Élisée Reclus spoke the language,273,5112,False
cf_10084,known,The native language of Montesquieu is,5112,5112,True
cf_9265,known,"Aniplex, from",253,4047,False
cf_9265,known,"DVD, from",253,22645,False
cf_9265,known,Funimation's owner,13,15894,False
cf_9265,known,Crunchyroll owner,285,5559,False
cf_9265,known,compact disc is from,253,22645,False
cf_9265,known,"Sony Music Publishing (US), LLC's owner",273,22645,False
cf_9265,known,"Sony Pictures, from",253,22645,False
cf_9265,known,"Bend Studio, by",253,41813,False
cf_9265,known,So-net owner,13,5559,False
cf_9265,known,"Sony Music Publishing (US), LLC owner",273,22645,False
cf_8425,known,Justus Frantz performs on the,18542,18542,True
cf_8425,known,Conrad Hansen plays,247,24455,False
cf_8425,known,Robert Radecke plays the instrument,275,12609,False
cf_8425,known,Leopold von Meyer plays the instrument,273,18542,False
cf_8425,known,Anton Rubinstein plays,247,24455,False
cf_8425,known,Christoph Nichelmann plays the instrument,275,12609,False
cf_8425,known,"Magdalena Thora, the",6122,18542,False
cf_8425,known,"Richard Fall, playing the",2554,18542,False
cf_8425,known,Paul Badura-Skoda plays,253,18542,False
cf_8425,known,"Magdalena Thora, performing on the",1072,18542,False
cf_18920,known,Florida State Road 263 can be found in,253,7758,False
cf_18920,known,Florida State Road 404 can be found in,253,7758,False
cf_18920,known,Florida State Road 408 is located in,253,7758,False
cf_18920,known,"Florida State Road 414, in",253,7758,False
cf_18920,known,"Florida State Road 281, in",253,7758,False
cf_18920,known,Florida State Road 281 is in,253,7758,False
cf_18920,known,Florida State Road 331 is located in,253,7758,False
cf_18920,known,Florida State Road 416 can be found in,253,7758,False
cf_18920,known,Florida State Road 419 is in,253,7758,False
cf_18920,known,Florida State Road 414 is located in,253,7758,False
cf_6572,known,Hema Malini follows the religion of,617,8033,False
cf_6572,known,Malcolm X is follower of,253,35702,False
cf_6572,known,The official religion of saint is,253,8033,False
cf_6572,known,Usman ibn Affan is follower of,253,8033,False
cf_6572,known,The official religion of Averroes is,253,8033,False
cf_6572,known,Bashar al-Assad follows the religion of,8033,8033,True
cf_6572,known,Malcolm X is affiliated with the religion,273,20242,False
cf_6572,known,The official religion of Alī ibn Abī Ṭālib is,253,8033,False
cf_6572,known,Yasser Arafat follows the religion of,8033,8033,True
cf_6572,known,Mohammed Ali is affiliated with the religion,273,8033,False
cf_16683,known,"Tokyo Photographic Art Museum, whose headquarters are in",17413,17413,True
cf_16683,known,Bandai Namco Holdings's headquarters are in,253,17413,False
cf_16683,known,Fujiya Co. is headquartered in,17413,17413,True
cf_16683,known,The headquarter of Nippon Columbia is in,253,17413,False
cf_16683,known,The headquarter of Tokyo FM is located in,253,17413,False
cf_16683,known,The headquarter of WOWOW is in,253,4693,False
cf_16683,known,Horipro is headquartered in,253,7785,False
cf_16683,known,Tokyo Shimbun is based in,17413,17413,True
cf_16683,known,The headquarter of Atlus is located in,253,17413,False
cf_16683,known,WOWOW is headquartered in,253,14296,False
cf_19568,known,"Gifu, located in",253,4047,False
cf_19568,known,Kuki is located in,253,17413,False
cf_19568,known,Mitsubishi A6M Zero is located in,253,17413,False
cf_19568,known,"aikido, which is located in",253,4047,False
cf_19568,known,Mount Fuji is located in the country of,4047,4047,True
cf_19568,known,"Obama, located in",253,4693,False
cf_19568,known,Iwate Prefecture is located in the country of,4047,4047,True
cf_19568,known,"Sony, in",253,4047,False
cf_19568,known,"Kumagaya, located in",253,17413,False
cf_19568,known,"Kōbe, located in",253,4047,False
cf_14886,known,Toyota Vitz is developed by,32714,32714,True
cf_14886,known,"Toyota AD engine, created by",32714,32714,True
cf_14886,known,Toyota Camry (XV50) is produced by,32714,32714,True
cf_14886,known,Hino Liesse is a product of,253,4047,False
cf_14886,known,"Toyota Yaris, produced by",32714,32714,True
cf_14886,known,Toyota AR engine is developed by,32714,32714,True
cf_14886,known,"Toyota Camry TS-01, developed by",32714,32714,True
cf_14886,known,"Toyota AR engine, developed by",32714,32714,True
cf_14886,known,Toyota NZ engine is produced by,32714,32714,True
cf_14886,known,"Toyota Sprinter Carib, developed by",32714,32714,True
cf_15402,known,"Visual Basic for Applications, a product created by",9664,9664,True
cf_15402,known,Visual Basic for Applications is created by,253,9664,False
cf_15402,known,"Xenix, created by",253,9664,False
cf_15402,known,"Microsoft Office 2007, a product created by",9664,9664,True
cf_15402,known,Windows NT was a product of,253,9664,False
cf_15402,known,"Windows Me, created by",253,9664,False
cf_15402,known,"Windows Me, a product of",253,8217,False
cf_15402,known,"Windows NT, a product of",253,9664,False
cf_15402,known,Microsoft Surface is created by,9664,9664,True
cf_15402,known,Windows 98 was developed by,253,9664,False
cf_15455,known,André Charles Boulle was native to,253,7785,False
cf_15455,known,Charles Perrault is originally from,253,7785,False
cf_15455,known,Adrien Prévost de Longpérier is originally from,253,7785,False
cf_15455,known,André Charles Boulle is native to,253,7785,False
cf_15455,known,Victor Schoelcher was originally from,253,32000,False
cf_15455,known,Alphonse Pyramus de Candolle is originally from,253,7785,False
cf_15455,known,Henry Louis Le Châtelier is originally from,253,7785,False
cf_15455,known,Pauline Viardot was born in,7785,7785,True
cf_15455,known,Catherine of Cleves was native to,253,7785,False
cf_15455,known,François-Georges Dreyfus is originally from,6181,7785,False
cf_5859,known,Horace François Bastien Sébastiani de La Porta passed away in,7785,7785,True
cf_5859,known,Jean-Baptiste Philibert Vaillant died in the city of,7785,7785,True
cf_5859,known,Gabriel Fauré's life ended in,247,7785,False
cf_5859,known,Maurice Chevalier passed away at,253,7785,False
cf_5859,known,Diane de France's life ended in,247,7785,False
cf_5859,known,Sergei Prokudin-Gorskii passed away in,16496,16496,True
cf_5859,known,Charles-Antoine Coypel's life ended in,247,7785,False
cf_5859,known,Horace François Bastien Sébastiani de La Porta died at,253,7785,False
cf_5859,known,Sergei Prokudin-Gorskii died in,247,16496,False
cf_5859,known,Jean-Baptiste Philibert Vaillant lost their life at,253,7785,False
cf_630,known,Ade Akinbiyi is a citizen of,23856,23856,True
cf_630,known,"Ibrahim Babangida, who is a citizen of",253,10253,False
cf_630,known,"Fela Anikulapo Kuti, who is a citizen of",23856,23856,True
cf_630,known,Emmanuel Olisadebe has a citizenship from,253,10869,False
cf_630,known,"Abubakar Tafawa Balewa, who is a citizen of",253,23856,False
cf_630,known,Twins Seven-Seven has a citizenship from,253,6976,False
cf_630,known,"Christopher Okigbo, a citizen of",253,23856,False
cf_630,known,Ken Saro-Wiwa is a citizen of,253,27946,False
cf_630,known,"Sani Kaita, a citizen of",253,6976,False
cf_630,known,Ken Saro-Wiwa holds a citizenship from,253,23340,False
cf_17799,known,The location of Yakacık Çarşı is,247,41460,False
cf_17799,known,Where is Atlas Cinema? It is located in,253,14296,False
cf_17799,known,Site can be found in,253,4693,False
cf_17799,known,Atlas Cinema is in,253,22126,False
cf_17799,known,Fatih Sultan Mehmet University is located in,253,41460,False
cf_17799,known,Hacıahmet is located in,253,14307,False
cf_17799,known,Evliya Çelebi is in,253,43905,False
cf_17799,known,Hacıahmet is in,253,14307,False
cf_17799,known,Where is Evliya Çelebi? It is located in,253,48771,False
cf_17799,known,The location of Atlas Cinema is,247,21818,False
cf_14560,known,Soviet Union is located in,253,3060,False
cf_14560,known,Esla is in,253,14307,False
cf_14560,known,Rheinwaldhorn is in,253,6176,False
cf_14560,known,Esla is a part of the continent of,7531,10497,False
cf_14560,known,Wildhorn is in,253,8987,False
cf_14560,known,Lleida is located in,253,24084,False
cf_14560,known,Rheinwaldhorn is located in the continent,273,3060,False
cf_14560,known,"Bös Fulen, in",253,6176,False
cf_14560,known,Pizzo Tambò belongs to the continent of,7531,9972,False
cf_14560,known,Volkhov belongs to the continent of,3060,3060,True
cf_4247,known,"Spanish Netherlands, which has the capital city",273,26653,False
cf_4247,known,"Dyle's capital city,",253,18267,False
cf_4247,known,"United Kingdom of the Netherlands, which has the capital city",273,26653,False
cf_4247,known,United Kingdom of the Netherlands's capital is,253,26653,False
cf_4247,known,The capital city of Flemish Region is,4441,30167,False
cf_4247,known,"United States of Belgium, which has the capital",273,30167,False
cf_4247,known,The capital of United States of Belgium is,4441,30167,False
cf_4247,known,The capital of Brussels Capital Region is,253,30167,False
cf_4247,known,The capital of Brussels Soldiers' Council is,253,30167,False
cf_4247,known,Flemish Community's capital is,253,30167,False
cf_7720,known,The original language of Heaven Is Ours was,3542,4383,False
cf_7720,known,The original language of Pater Imon is,346,5112,False
cf_7720,known,The language of Oi stavloi tis Erietas Zaimi is,417,26467,False
cf_7720,known,The language of Loxandra was,417,11308,False
cf_7720,known,The language of Oi istories tou astynomou Beka is,417,4383,False
cf_7720,known,The original language of Heaven Is Ours is,247,4383,False
cf_7720,known,The original language of Na me prosehis is,247,13986,False
cf_7720,known,The language of The Policeman of the 16th Precinct was,908,4383,False
cf_7720,known,The original language of Oi istories tou astynomou Beka is,253,4383,False
cf_7720,known,The language of Visibility Zero was,247,4383,False
cf_4144,known,The official language of Ettiswil is,19688,19688,True
cf_4144,known,"In Udligenswil, the language spoken is",417,13986,False
cf_4144,known,"In Weggis, an official language is",247,4383,False
cf_4144,known,"In Malters, an official language is",247,4383,False
cf_4144,known,The law in German Democratic Republic declares the language,273,5685,False
cf_4144,known,"In Schötz, the language spoken is",417,5685,False
cf_4144,known,"In Malters, the language spoken is",417,4383,False
cf_4144,known,The official language of South Tyrol is,9890,9890,True
cf_4144,known,The official language of German Democratic Republic is,5685,5685,True
cf_4144,known,The law in Schüpfheim declares the language,273,5685,False
cf_13975,known,Baseball Tonight is to debut on,27478,27478,True
cf_13975,known,Around the Horn premiered on,41069,22303,False
cf_13975,known,Outside the Lines is to debut on,253,21946,False
cf_13975,known,Saturday Primetime was released on,17509,22303,False
cf_13975,known,College GameDay is to debut on,253,27478,False
cf_13975,known,Saturday Primetime is to debut on,253,21946,False
cf_13975,known,Saturday Primetime premiered on,22303,22303,True
cf_13975,known,College GameDay was released on,253,21946,False
cf_13975,known,ESPY Award premiered on,253,22303,False
cf_13975,known,Baseball Tonight was originally aired on,22303,22303,True
cf_15866,known,Luna Sea was created in,253,7758,False
cf_15866,known,Tokyo Story was created in,253,4047,False
cf_15866,known,"Dragon Ball, that was formulated in",253,4047,False
cf_15866,known,"Donkey Kong, from",253,26862,False
cf_15866,known,Death Note was formulated in,253,4047,False
cf_15866,known,"Super Mario Bros., that was created in",253,26862,False
cf_15866,known,Tokyo Story was created in the country of,4047,4047,True
cf_15866,known,"Luna Sea, that was created in",253,7758,False
cf_15866,known,Luna Sea was from,253,20341,False
cf_15866,known,"Howl's Moving Castle, that was developed in",253,14614,False
cf_17409,known,Terry Crews is a professional,5842,20391,False
cf_17409,known,What sport does Bubba Smith play? They play,5842,5842,True
cf_17409,known,What sport does Drew Brees play? They play,5842,5842,True
cf_17409,known,Jim Thorpe plays,253,24455,False
cf_17409,known,Woody Strode plays,247,5842,False
cf_17409,known,Jim Brown professionally plays the sport,273,14623,False
cf_17409,known,O. J. Simpson professionally plays the sport,273,20391,False
cf_17409,known,Terry Crews professionally plays the sport,273,20391,False
cf_17409,known,Jim Brown is a professional,14623,14623,True
cf_17409,known,What sport does Tom Brady play? They play,5842,5842,True
cf_12482,known,Roberta Blackman-Woods was employed in,253,4693,False
cf_12482,known,Tom Watson was employed in,253,4693,False
cf_12482,known,Theresa May worked in,253,4693,False
cf_12482,known,Nick Boles worked in the city of,1457,8068,False
cf_12482,known,Julian Brazier found employment in,253,4693,False
cf_12482,known,Ben Wallace worked in the city of,1457,8068,False
cf_12482,known,Roberta Blackman-Woods worked in,253,4693,False
cf_12482,known,John Whittingdale took up work in,253,4693,False
cf_12482,known,David Blunkett used to work in,253,4693,False
cf_12482,known,Malcolm Wicks took up work in,253,4693,False
cf_5611,known,The mother tongue of Octave Mirbeau is,253,5112,False
cf_5611,known,Jean-Luc Picard is a native speaker of,5112,5112,True
cf_5611,known,Montesquieu spoke the language,273,5112,False
cf_5611,known,The native language of Melchior de Vogüé is,253,5112,False
cf_5611,known,Ferdinand de Saussure spoke the language,273,5112,False
cf_5611,known,"Élisée Reclus, a native",273,5112,False
cf_5611,known,"Jean Gabin, speaker of",253,5112,False
cf_5611,known,"Raymond Barre, speaker of",253,5112,False
cf_5611,known,The native language of François Bayrou is,5112,5112,True
cf_5611,known,"Georges Duhamel, a native",273,5112,False
cf_19425,known,BMW xDrive is from,253,33399,False
cf_19425,known,BMW Headquarters is from,253,33399,False
cf_19425,known,"DriveNow, by",253,5559,False
cf_19425,known,Postbox is from,253,46104,False
cf_19425,known,German Research Center for Artificial Intelligence's owner,13,21314,False
cf_19425,known,"BMW US Manufacturing Company, by",253,33399,False
cf_19425,known,"Rolls-Royce Motor Cars, by",253,33399,False
cf_19425,known,"BMW Museum, from",253,33399,False
cf_19425,known,BMW M's owner,13,33399,False
cf_19425,known,BMW-fabriek owner,13,33399,False
cf_10425,known,Ingrid Haebler plays the,2554,18542,False
cf_10425,known,Mathilde Kralik plays the instrument,15,18542,False
cf_10425,known,Peter Igelhoff plays the,2554,18542,False
cf_10425,known,Laci Boldemann plays,253,24455,False
cf_10425,known,Paul Badura-Skoda performs on the,3924,18542,False
cf_10425,known,"Joseph Fischhof, playing the",2554,18542,False
cf_10425,known,Justus Frantz plays,247,5842,False
cf_10425,known,"Joseph Fischhof, the",3438,24455,False
cf_10425,known,Götz Alsmann performs on the,18542,18542,True
cf_10425,known,"Anton Rubinstein, performing on the",921,18542,False
cf_4056,known,Creme Fresh is in,253,7785,False
cf_4056,known,Center for Integrated Protein Science Munich can be found in,253,32000,False
cf_4056,known,St. Johann Baptist (Solln) is located in,253,6176,False
cf_4056,known,Dachauer Straße is within,7824,42471,False
cf_4056,known,Christkönig (München) is in,253,6176,False
cf_4056,known,Center for Digital Technology and Management can be found in,253,4693,False
cf_4056,known,Corps Suevo-Guestphalia München is within,253,6176,False
cf_4056,known,"Club Arc Alpin, in",253,18908,False
cf_4056,known,Creme Fresh is located in,253,7785,False
cf_4056,known,Corps Cisaria is in,253,12300,False
cf_3657,known,Bashar al-Assad is affiliated with the religion,273,8033,False
cf_3657,known,Alī ibn Abī Ṭālib is follower of,253,8033,False
cf_3657,known,Dave Chappelle is affiliated with the religion,273,43506,False
cf_3657,known,The official religion of Averroes is,253,8033,False
cf_3657,known,Mos Def is follower of,253,8033,False
cf_3657,known,Omar Khayyám follows the religion of,253,8033,False
cf_3657,known,The official religion of Rasul Gamzatov is,8033,8033,True
cf_3657,known,Averroes is affiliated with the religion,273,20242,False
cf_3657,known,The official religion of Bashar al-Assad is,8033,8033,True
cf_3657,known,Rumi is follower of,253,8033,False
cf_2187,known,Four Seasons Hotels and Resorts is based in,253,8068,False
cf_2187,known,The headquarters of Lundin Mining is in,253,37304,False
cf_2187,known,The headquarters of Slovak Catholic Eparchy of Saints Cyril and Methodius of Toronto is in,253,13533,False
cf_2187,known,"Postmedia Network, whose headquarters are in",13533,13533,True
cf_2187,known,The headquarters of Manulife Financial is in,253,13533,False
cf_2187,known,Shoppers Drug Mart is headquartered in,253,14296,False
cf_2187,known,Fairmont Hotels and Resorts is headquartered in,253,7758,False
cf_2187,known,The headquarter of Iamgold is located in,253,4693,False
cf_2187,known,The headquarter of GO Transit is in,253,13533,False
cf_2187,known,World Lacrosse is headquartered in,253,8068,False
cf_6902,known,Kurnool District is located in the country of,1244,5427,False
cf_6902,known,"Warangal District, located in",253,5427,False
cf_6902,known,"Krishna district, which is located in",253,5427,False
cf_6902,known,"Kadapa District, in",253,5427,False
cf_6902,known,Guntur district is located in,253,5427,False
cf_6902,known,"Guntur district, located in",253,5427,False
cf_6902,known,"Sri Potti Sri Ramulu Nellore district, which is located in",253,5427,False
cf_6902,known,Sri Potti Sri Ramulu Nellore district is located in the country of,24206,5427,False
cf_6902,known,"Sri Potti Sri Ramulu Nellore district, in",253,5427,False
cf_6902,known,"Tirunelveli district, in",34861,34861,True
cf_10877,known,Daytona 500 is created by,253,49937,False
cf_10877,known,"1965 Chevrolet Impala SS, produced by",4214,49937,False
cf_10877,known,Canadian Military Pattern truck is produced by,253,35251,False
cf_10877,known,Daytona 500 is produced by,253,49937,False
cf_10877,known,"RPO ZR2, created by",253,22645,False
cf_10877,known,Chevrolet Series F is developed by,49937,49937,True
cf_10877,known,M6 Bomb Truck is created by,253,26862,False
cf_10877,known,"Chevrolet Camaro, created by",253,49937,False
cf_10877,known,Chevrolet Engineering Research Vehicle is a product of,253,49937,False
cf_10877,known,"Chevrolet Camaro ZL1 (fifth generation), developed by",49937,49937,True
cf_16446,known,ASP.NET MVC Framework was created by,253,9664,False
cf_16446,known,"Windows 2000, a product created by",9664,9664,True
cf_16446,known,Microsoft Surface was a product of,9664,9664,True
cf_16446,known,"Visual Basic for Applications, created by",253,9664,False
cf_16446,known,"Rich Text Format, developed by",253,9664,False
cf_16446,known,"F#, created by",253,14741,False
cf_16446,known,ASP.NET MVC Framework is a product of,253,9664,False
cf_16446,known,Microsoft Silverlight is developed by,9664,9664,True
cf_16446,known,"Microsoft Office 2007, a product developed by",9664,9664,True
cf_16446,known,"Windows 3.0, a product manufactured by",9664,9664,True
cf_18955,known,Seira Kagami originates from,253,17413,False
cf_18955,known,Sho Kosugi is native to,253,17413,False
cf_18955,known,Masaki Aiba is native to,4047,17413,False
cf_18955,known,Yūji Takahashi originates from,253,17413,False
cf_18955,known,Oji Hiroi is originally from,4047,17413,False
cf_18955,known,Junji Kinoshita originates from,253,17413,False
cf_18955,known,Moon Sung-keun was born in,36546,36546,True
cf_18955,known,Towa Oshima was native to,253,17413,False
cf_18955,known,Jonathan Meese was born in,1457,8068,False
cf_18955,known,Towa Oshima was originally from,253,17413,False
cf_17190,known,Charles-Antoine Coypel died in,1283,7785,False
cf_17190,known,Otto Grautoff passed away in,247,7785,False
cf_17190,known,Maurice Chevalier died in,247,7785,False
cf_17190,known,"Camille d'Hostun, duc de Tallard passed away in",1722,7785,False
cf_17190,known,Diane de France succumbed at,253,7785,False
cf_17190,known,Willy Maywald lost their life at,253,24538,False
cf_17190,known,Wilhelm Fröhner lost their life at,253,12911,False
cf_17190,known,Sergei Prokudin-Gorskii succumbed at,253,16496,False
cf_17190,known,Adolphe Niel passed away in,247,7785,False
cf_17190,known,André Guinier expired at,253,7785,False
cf_6472,known,Shigeru Miyamoto holds a citizenship from,4047,4047,True
cf_6472,known,"Akira Kurosawa, who has a citizenship from",4047,4047,True
cf_6472,known,Masashi Kishimoto has a citizenship from,4047,4047,True
cf_6472,known,"Takeshi Kitano, who has a citizenship from",4047,4047,True
cf_6472,known,"Shigeru Miyamoto, who has a citizenship from",4047,4047,True
cf_6472,known,"Juju, who has a citizenship from",253,25270,False
cf_6472,known,"Daisuke Matsuzaka, who is a citizen of",4047,4047,True
cf_6472,known,Daisuke Matsuzaka has a citizenship from,4047,4047,True
cf_6472,known,"Koji Murofushi, who holds a citizenship from",4047,4047,True
cf_6472,known,Masato Harada holds a citizenship from,4047,4047,True
cf_16297,known,The location of Collège Notre-Dame du Sacré-Cœur is,247,7785,False
cf_16297,known,Le Centre Sheraton Montreal Hotel is in,253,24604,False
cf_16297,known,Centre for Justice and Faith can be found in,253,6144,False
cf_16297,known,Where is Club Soda? It is located in,253,16335,False
cf_16297,known,Club Soda is located in,253,16335,False
cf_16297,known,Collège Notre-Dame du Sacré-Cœur is in,253,7785,False
cf_16297,known,Collège Jean-de-Brébeuf is located in,253,7785,False
cf_16297,known,Conservatoire d'art dramatique de Montréal is located in,253,24604,False
cf_16297,known,Centre hospitalier universitaire Sainte-Justine is in,253,6181,False
cf_16297,known,Where is St. Mary's Hospital? It is located in,253,8068,False
cf_15308,known,"Mount Pilatus, in",253,17785,False
cf_15308,known,Monte Generoso belongs to the continent of,7531,3060,False
cf_15308,known,"Volkhov, in",253,7422,False
cf_15308,known,"Bös Fulen, in",253,6176,False
cf_15308,known,Rigi is a part of the continent of,7531,10497,False
cf_15308,known,Soviet Union is located in the continent,273,3060,False
cf_15308,known,Rheinwaldhorn is a part of the continent of,6176,6176,True
cf_15308,known,Esla belongs to the continent of,7531,3060,False
cf_15308,known,"Titlis, in",253,14307,False
cf_15308,known,Mount Pilatus is located in the continent,273,3060,False
cf_3726,known,"Brandenburg-Prussia's capital,",12911,12911,True
cf_3726,known,"Allied-occupied Germany, which has the capital",273,12911,False
cf_3726,known,The capital of Brandenburg-Prussia is,253,12911,False
cf_3726,known,German colonial empire's capital is,253,20904,False
cf_3726,known,"Free State of Prussia, which has the capital",273,12911,False
cf_3726,known,"Prussia, which has the capital city",273,16496,False
cf_3726,known,"Nazi Germany's capital city,",12911,32000,False
cf_3726,known,Nazi Germany's capital is,253,42471,False
cf_3726,known,The capital city of Margraviate of Brandenburg is,4441,12911,False
cf_3726,known,Prussia's capital is,253,16496,False
cf_1495,known,The official language of Ordizia is,9890,9890,True
cf_1495,known,The official language of Baztan is,253,34861,False
cf_1495,known,The law in Cuenca Canton declares the language,273,9883,False
cf_1495,known,"In Zabalza/Zabaltza, they understand",326,9883,False
cf_1495,known,The official language of Aracena is,9883,9883,True
cf_1495,known,The law in Tarazona declares the language,273,9883,False
cf_1495,known,"In Estella-Lizarra, an official language is",247,9883,False
cf_1495,known,"In Aracena, the language spoken is",247,9883,False
cf_1495,known,The official language of Esteribar is,253,26467,False
cf_1495,known,"In Erroibar, an official language is",253,4383,False
cf_3724,known,Scrubs was originally aired on,253,21946,False
cf_3724,known,The Count of Monte Cristo debuted on,27199,7785,False
cf_3724,known,Freaks and Geeks debuted on,253,21946,False
cf_3724,known,Scrubs debuted on,253,22303,False
cf_3724,known,NBC Nightly News is to debut on,22303,22303,True
cf_3724,known,Miami Vice is to debut on,253,49244,False
cf_3724,known,"Friends, season 7 is to debut on",25456,15501,False
cf_3724,known,Camp Cucamonga is to debut on,253,27478,False
cf_3724,known,Cartoon All-Stars to the Rescue premiered on,253,22303,False
cf_3724,known,Noah's Ark was released on,17509,17509,True
cf_11650,known,Drew Brees professionally plays the sport,273,5842,False
cf_11650,known,Otto Graham is a professional,26650,14623,False
cf_11650,known,"Carl Weathers, the",3438,14623,False
cf_11650,known,Tom Brady is a professional,5842,5842,True
cf_11650,known,Woody Strode plays,247,5842,False
cf_11650,known,Tom Brady plays,247,5842,False
cf_11650,known,Carl Weathers professionally plays the sport,273,19971,False
cf_11650,known,O. J. Simpson plays,253,14648,False
cf_11650,known,What sport does George Plimpton play? They play,15692,14623,False
cf_11650,known,Byron White is a professional,8406,14623,False
cf_1441,known,Willi Bredel worked in the city of,399,42471,False
cf_1441,known,Arno Holz used to work in,253,43516,False
cf_1441,known,Hermann Usener took up work in,253,12911,False
cf_1441,known,Günter de Bruyn took up work in,253,12911,False
cf_1441,known,Hermann Usener used to work in,253,12911,False
cf_1441,known,Jakob Kaiser found employment in,253,7785,False
cf_1441,known,Arno Holz took up work in,253,4693,False
cf_1441,known,Anton Friedrich Büsching took up work in,253,12911,False
cf_1441,known,Wilhelm von Bode found employment in,253,12911,False
cf_1441,known,Paul Löbe was employed in,253,12911,False
cf_4310,known,The mother tongue of Jacques Chaban-Delmas is,253,5112,False
cf_4310,known,Jean Auguste Dominique Ingres is a native speaker of,5112,5112,True
cf_4310,known,"Michel Rocard, speaker of",253,5112,False
cf_4310,known,Robert Schuman is a native speaker of,4383,5112,False
cf_4310,known,"Frédéric Bastiat, a native",273,5112,False
cf_4310,known,"Octave Mirbeau, a native",273,5112,False
cf_4310,known,Jean-Baptiste Say is a native speaker of,5112,5112,True
cf_4310,known,The mother tongue of Georges Duhamel is,247,5112,False
cf_4310,known,The native language of Raymond Barre is,5112,5112,True
cf_4310,known,The mother tongue of Jean-Baptiste Say is,247,5112,False
cf_11412,known,"Justus Frantz, the",3438,20391,False
cf_11412,known,Laci Boldemann plays,253,24455,False
cf_11412,known,"Nikolai Rimsky-Korsakov, the",7247,18542,False
cf_11412,known,Joseph Fischhof plays,253,24455,False
cf_11412,known,"Anton Rubinstein, performing on the",921,18542,False
cf_11412,known,"Laci Boldemann, the",3438,18542,False
cf_11412,known,"Anton Rubinstein, the",3438,24455,False
cf_11412,known,Mathilde Kralik plays,253,24455,False
cf_11412,known,Paul Badura-Skoda plays,253,18542,False
cf_11412,known,"Justus Frantz, playing the",2554,18542,False
cf_2545,known,Dave Chappelle follows the religion of,8033,8033,True
cf_2545,known,Benazir Bhutto is affiliated with the religion,273,8033,False
cf_2545,known,Yasser Arafat follows the religion of,8033,8033,True
cf_2545,known,Alī ibn Abī Ṭālib is follower of,253,8033,False
cf_2545,known,Mos Def is follower of,253,8033,False
cf_2545,known,Averroes follows the religion of,253,8033,False
cf_2545,known,Hema Malini follows the religion of,617,8033,False
cf_2545,known,saint follows the religion of,253,8033,False
cf_2545,known,saint is follower of,253,35702,False
cf_2545,known,Malcolm X follows the religion of,521,8033,False
cf_3854,known,The headquarter of Royal Entomological Society is in,253,4693,False
cf_3854,known,Royal Entomological Society is headquartered in,4693,4693,True
cf_3854,known,Caffè Nero is based in,253,12300,False
cf_3854,known,"Association of Chartered Certified Accountants, whose headquarters are in",4693,4693,True
cf_3854,known,The headquarter of World ORT is in,253,4693,False
cf_3854,known,Caffè Nero's headquarters are in,253,12300,False
cf_3854,known,Marshall Amplification is headquartered in,253,8068,False
cf_3854,known,The headquarter of INEOS is in,253,4693,False
cf_3854,known,"Royal Entomological Society, whose headquarters are in",4693,4693,True
cf_3854,known,Marshall Amplification's headquarters are in,253,8068,False
cf_8912,known,"Pułtusk, located in",253,16795,False
cf_8912,known,"Warmian-Masurian Voivodeship, which is located in",253,7422,False
cf_8912,known,"Świętokrzyskie Voivodeship, in",253,16795,False
cf_8912,known,Pułtusk is located in,253,16795,False
cf_8912,known,"Pułtusk, which is located in",253,16795,False
cf_8912,known,"Bukowice, Milicz County is located in the country of",16795,16795,True
cf_8912,known,"Kramarzyny, located in",253,16795,False
cf_8912,known,"Kramarzyny, in",253,16795,False
cf_8912,known,Greater Poland Voivodeship is located in the country of,16795,16795,True
cf_8912,known,Silesian Voivodeship is located in,253,3060,False
cf_6609,known,Toyota NZ engine is developed by,32714,32714,True
cf_6609,known,Toyota Camry (XV50) is produced by,32714,32714,True
cf_6609,known,Toyota Yaris is produced by,32714,32714,True
cf_6609,known,"Toyota Vitz, created by",253,32714,False
cf_6609,known,Toyota AR engine is developed by,32714,32714,True
cf_6609,known,"Toyota AR engine, developed by",32714,32714,True
cf_6609,known,"Toyota Camry XV40, created by",32714,32714,True
cf_6609,known,"Toyota Sprinter, developed by",32714,32714,True
cf_6609,known,"Toyota AR engine, produced by",32714,32714,True
cf_6609,known,Toyota Sprinter is created by,32714,32714,True
cf_16557,known,"Adobe After Effects, a product developed by",33143,33143,True
cf_16557,known,Adobe Fireworks is a product of,253,33143,False
cf_16557,known,PostScript is a product of,253,9664,False
cf_16557,known,"Adobe Flash Player, developed by",33143,33143,True
cf_16557,known,Adobe Flash is created by,33143,33143,True
cf_16557,known,Adobe InDesign is a product of,33143,33143,True
cf_16557,known,"Adobe Flash Player, a product manufactured by",33143,33143,True
cf_16557,known,Adobe Acrobat was a product of,253,33143,False
cf_16557,known,Adobe Flash Player was created by,33143,33143,True
cf_16557,known,Adobe Bridge was created by,253,33143,False
cf_8303,known,Frederik Buch was originally from,253,30167,False
cf_8303,known,Eva Mulvad was born in,253,38476,False
cf_8303,known,Martin S. Jensen was born in,22783,22783,True
cf_8303,known,Frederik Holst originated from,253,30167,False
cf_8303,known,Frederik Rønnow was originally from,22783,40892,False
cf_8303,known,Børge Müller is originally from,253,22783,False
cf_8303,known,Frederik Holst was native to,253,26653,False
cf_8303,known,DJ Static originated from,253,8068,False
cf_8303,known,Frederik Holst was originally from,253,38343,False
cf_8303,known,Karl Gustav Ahlefeldt was native to,253,12911,False
cf_14065,known,Giuseppe Bezzuoli died at,253,12300,False
cf_14065,known,Violet Keppel Trefusis expired at,253,4693,False
cf_14065,known,Alesso Baldovinetti lost their life at,253,12300,False
cf_14065,known,Jacopo Zucchi passed away at,253,12300,False
cf_14065,known,Franciabigio died in,253,27741,False
cf_14065,known,Giambattista Gelli died at,253,12300,False
cf_14065,known,John Pope-Hennessy's life ended in,247,4693,False
cf_14065,known,Jacopo Zucchi succumbed at,253,12300,False
cf_14065,known,Violet Keppel Trefusis died in,247,4693,False
cf_14065,known,Howard Pyle expired at,2363,8068,False
cf_615,known,"Wong Peng Soon, a citizen of",253,16861,False
cf_615,known,"Misbun Sidek, who has a citizenship from",253,14307,False
cf_615,known,"Yasmin Ahmad, a citizen of",253,10253,False
cf_615,known,"Penny Wong, who has a citizenship from",253,16861,False
cf_615,known,"Lai Pei Jing, who is a citizen of",253,16861,False
cf_615,known,"Yasmin Ahmad, who has a citizenship from",253,10253,False
cf_615,known,Jimmy Choo is a citizen of,253,6976,False
cf_615,known,"Jimmy Choo, who holds a citizenship from",253,6144,False
cf_615,known,"Devan Nair, who has a citizenship from",5427,5427,True
cf_615,known,Adiq Husainie Othman has a citizenship from,253,23856,False
cf_9741,known,Where is Khlong San? It is located in,253,48771,False
cf_9741,known,Bang Sue is in,253,16861,False
cf_9741,known,Where is Ratchathewi? It is located in,253,48771,False
cf_9741,known,Bang Sue is located in,253,23799,False
cf_9741,known,Bangkok Noi can be found in,253,48771,False
cf_9741,known,Bang Khae is in,253,36546,False
cf_9741,known,Sathon can be found in,253,7758,False
cf_9741,known,Where is Bang Khen? It is located in,253,48771,False
cf_9741,known,The location of Bang Rak is,247,48771,False
cf_9741,known,The location of Bang Na is,247,48771,False
cf_4198,known,Mount Pilatus is located in,253,17785,False
cf_4198,known,Mount Pilatus is located in the continent,273,3060,False
cf_4198,known,Dents du Midi belongs to the continent of,7531,7531,True
cf_4198,known,Rigi is located in the continent,273,3060,False
cf_4198,known,Weisshorn is located in the continent,273,3060,False
cf_4198,known,Wildstrubel is located in,253,6176,False
cf_4198,known,"Weisshorn, in",521,6176,False
cf_4198,known,Aletschhorn is located in the continent,273,3060,False
cf_4198,known,Pizzo Tambò is a part of the continent of,7531,9972,False
cf_4198,known,Volkhov is in,253,7422,False
cf_7485,known,"Duchy of Florence, which has the capital city",273,27741,False
cf_7485,known,Metropolitan City of Florence's capital city is,253,27741,False
cf_7485,known,Grand Duchy of Tuscany's capital is,253,27741,False
cf_7485,known,The capital city of Republic of Florence is,253,27741,False
cf_7485,known,The capital of Tuscany is,253,27741,False
cf_7485,known,Arno's capital city is,253,43516,False
cf_7485,known,"Duchy of Florence's capital city,",27741,27741,True
cf_7485,known,Republic of Florence's capital is,253,27741,False
cf_7485,known,"Tuscany, which has the capital",273,27741,False
cf_7485,known,The capital city of Signoria of Florence is,253,27741,False
cf_14022,known,"In Sint Maarten, an official language is",13452,13986,False
cf_14022,known,The official language of Eindhoven is,13986,13986,True
cf_14022,known,"In City of Brussels, an official language is",253,5112,False
cf_14022,known,The official language of Brussels Capital Region is,5112,5112,True
cf_14022,known,The official language of Nijmegen is,13986,13986,True
cf_14022,known,"In Brussels Capital Region, the language spoken is",5112,5112,True
cf_14022,known,The law in Belgium declares the language,273,22785,False
cf_14022,known,The law in Groningen declares the language,273,13986,False
cf_14022,known,The law in City of Brussels declares the language,273,30167,False
cf_14022,known,The law in Ghent declares the language,273,13986,False
cf_649,known,"Scooby-Doo, Where Are You! was released on",3978,12746,False
cf_649,known,Candles on Bay Street was released on,253,21946,False
cf_649,known,Without a Trace was released on,253,17509,False
cf_649,known,"Dink, the Little Dinosaur is to debut on",253,22303,False
cf_649,known,Mr. Merlin premieres on,253,21946,False
cf_649,known,The Young and the Restless premiered on,27199,22303,False
cf_649,known,Latin Grammy Awards debuted on,4247,22303,False
cf_649,known,Latin Grammy Awards was released on,4565,22303,False
cf_649,known,The Little Mermaid debuted on,27199,16590,False
cf_649,known,Blue Bloods premieres on,25456,41069,False
cf_11791,known,What sport does Stan Musial play? They play,5842,14623,False
cf_11791,known,Deion Sanders professionally plays the sport,273,20391,False
cf_11791,known,Deion Sanders plays,247,5842,False
cf_11791,known,Satchel Paige plays,253,24455,False
cf_11791,known,Jim Thorpe is a professional,16972,19971,False
cf_11791,known,What sport does Jim Thorpe play? They play,247,14623,False
cf_11791,known,What sport does Satchel Paige play? They play,5842,14623,False
cf_11791,known,"Hank Aaron, the",3438,14623,False
cf_11791,known,Yogi Berra is a professional,14623,14623,True
cf_11791,known,"Satchel Paige, the",806,14623,False
cf_9195,known,Izabela Czartoryska worked in,253,40431,False
cf_9195,known,Marcin Libicki worked in,253,40431,False
cf_9195,known,Marian Krzaklewski found employment in,253,40431,False
cf_9195,known,Jan Czochralski took up work in,253,40431,False
cf_9195,known,Mariusz Szczygieł used to work in,253,40431,False
cf_9195,known,Jędrzej Moraczewski used to work in,253,40431,False
cf_9195,known,Marian Krzaklewski worked in,253,40431,False
cf_9195,known,Andreas Schlüter found employment in,253,12911,False
cf_9195,known,Georg Gebel worked in,253,12911,False
cf_9195,known,Eugenio Barba worked in the city of,12300,12300,True
cf_19576,known,The mother tongue of Melchior de Vogüé is,253,5112,False
cf_19576,known,"Jean-Baptiste Say, a native",273,5112,False
cf_19576,known,The native language of Michel Rocard is,5112,5112,True
cf_19576,known,The mother tongue of Ferdinand de Saussure is,253,5112,False
cf_19576,known,"Robert Schuman, a native",273,5112,False
cf_19576,known,Octave Mirbeau is a native speaker of,5112,5112,True
cf_19576,known,Jean-Baptiste Say spoke the language,273,5112,False
cf_19576,known,The native language of Jean-Baptiste Say is,5112,5112,True
cf_19576,known,The native language of Henri Barbusse is,5112,5112,True
cf_19576,known,The mother tongue of Jean Gabin is,247,5112,False
cf_2732,known,Mathilde Kralik performs on the,18542,18542,True
cf_2732,known,Carl Adolf Martienssen performs on the,18542,18542,True
cf_2732,known,Erwin Schulhoff plays the instrument,15,12609,False
cf_2732,known,"Leopold von Meyer, performing on the",1072,18542,False
cf_2732,known,"Anton Rubinstein, the",3438,24455,False
cf_2732,known,Magdalena Thora plays the instrument,15,18542,False
cf_2732,known,Robert Radecke plays the instrument,275,12609,False
cf_2732,known,Richard Fall plays,247,24455,False
cf_2732,known,Richard Fall performs on the,921,18542,False
cf_2732,known,"Justus Frantz, the",3438,20391,False
cf_19440,known,Usman ibn Affan is follower of,253,8033,False
cf_19440,known,The official religion of Mehmed the Conqueror is,8033,8033,True
cf_19440,known,The official religion of Omar Khayyám is,8033,8033,True
cf_19440,known,Omar Khayyám is affiliated with the religion,273,43506,False
cf_19440,known,Yasser Arafat is affiliated with the religion,273,43506,False
cf_19440,known,The official religion of Hema Malini is,253,35702,False
cf_19440,known,The official religion of Mohammed Ali is,253,8033,False
cf_19440,known,Mehmed the Conqueror is affiliated with the religion,273,8033,False
cf_19440,known,Rumi is follower of,253,8033,False
cf_19440,known,Mos Def is affiliated with the religion,273,43506,False
cf_1494,known,Savoy Hotel's headquarters are in,253,7785,False
cf_1494,known,International Bar Association's headquarters are in,1457,4693,False
cf_1494,known,The headquarter of Home Office is located in,253,4693,False
cf_1494,known,The headquarter of Royal Astronomical Society is in,253,11988,False
cf_1494,known,MUBI is based in,253,4693,False
cf_1494,known,The headquarter of Savoy Hotel is located in,253,4693,False
cf_1494,known,"MUBI, whose headquarters are in",253,48771,False
cf_1494,known,The headquarters of Marks & Spencer is in,253,4693,False
cf_1494,known,The headquarters of INEOS is in,253,7785,False
cf_1494,known,The headquarter of Marks & Spencer is in,253,4693,False
cf_16695,known,"Pomeranian Voivodeship, which is located in",253,16795,False
cf_16695,known,Pomeranian Voivodeship is located in the country of,16795,16795,True
cf_16695,known,Świętokrzyskie Voivodeship is located in the country of,16795,16795,True
cf_16695,known,"Ugoszcz, located in",253,7758,False
cf_16695,known,"Greater Poland Voivodeship, located in",253,16795,False
cf_16695,known,"Gładyszów, located in",253,16795,False
cf_16695,known,"Vilamovian, which is located in",253,25270,False
cf_16695,known,Warsaw Stock Exchange is located in,40431,40431,True
cf_16695,known,Silesian Voivodeship is located in,253,3060,False
cf_16695,known,"Świętokrzyskie Voivodeship, in",253,16795,False
cf_16969,known,"iPhone XR, created by",8217,8217,True
cf_16969,known,"iPhone 7, developed by",8217,8217,True
cf_16969,known,"iPod Touch, created by",8217,8217,True
cf_16969,known,"iPhone XS Max, developed by",8217,8217,True
cf_16969,known,iPhone 7 is developed by,8217,8217,True
cf_16969,known,iPhone 11 Pro Max is a product of,253,8217,False
cf_16969,known,"iPod Touch, developed by",8217,8217,True
cf_16969,known,AirTag is produced by,253,35251,False
cf_16969,known,"server, produced by",253,8217,False
cf_16969,known,server is created by,253,21314,False
cf_14559,known,IBM WebSphere Commerce was created by,253,21314,False
cf_14559,known,IBM OfficeVision is developed by,253,9664,False
cf_14559,known,"IBM SAN File System, a product developed by",253,21314,False
cf_14559,known,"IBM Office/36, a product of",253,9664,False
cf_14559,known,IBM Works was a product of,253,21314,False
cf_14559,known,"IBM Rational Automation Framework, a product created by",253,21314,False
cf_14559,known,"IBM WebSphere Commerce, a product of",253,21314,False
cf_14559,known,"IBM Works, created by",253,21314,False
cf_14559,known,IBM WebSphere Application Server Community Edition was a product of,253,21314,False
cf_14559,known,IBM Rational AppScan was created by,253,21314,False
cf_10127,known,Marquis de Sade originated from,253,7785,False
cf_10127,known,Franz Theodor Doflein originates from,253,32000,False
cf_10127,known,Catherine of Cleves originated from,253,7785,False
cf_10127,known,Adrien Prévost de Longpérier was originally from,253,7785,False
cf_10127,known,Charles Perrault was born in,253,7785,False
cf_10127,known,Gabriel Bertrand was native to,253,7785,False
cf_10127,known,Marie-Guillemine Benoist is native to,253,7785,False
cf_10127,known,Henry Louis Le Châtelier is native to,253,7785,False
cf_10127,known,Alphonse Pyramus de Candolle is native to,253,7785,False
cf_10127,known,Louis-Auguste Bisson was originally from,253,7785,False
cf_4908,known,Anna Freud passed away in,247,26229,False
cf_4908,known,Princess Augusta of Saxe-Gotha expired at,253,12911,False
cf_4908,known,Ken Adam died in the city of,611,4693,False
cf_4908,known,Karl Mannheim died at,253,12911,False
cf_4908,known,Arthur Koestler's life ended in,247,12911,False
cf_4908,known,Ken Adam expired at,253,4693,False
cf_4908,known,Anna Freud died at,253,26229,False
cf_4908,known,"Ezekiel, Freiherr von Spanheim succumbed at",253,12911,False
cf_4908,known,Karl Mannheim passed away in,247,12911,False
cf_4908,known,Georg Rudolf Weckherlin's life ended in,247,26229,False
cf_18291,known,Futabatei Shimei has a citizenship from,253,4047,False
cf_18291,known,Masato Harada is a citizen of,4047,4047,True
cf_18291,known,Hisashi Inoue is a citizen of,4047,4047,True
cf_18291,known,Shigeru Miyamoto is a citizen of,4047,4047,True
cf_18291,known,"Yosa Buson, a citizen of",253,8987,False
cf_18291,known,"Nitobe Inazō, a citizen of",4047,4047,True
cf_18291,known,"Matsuo Bashō, who holds a citizenship from",4047,4047,True
cf_18291,known,"Koji Murofushi, who is a citizen of",4047,4047,True
cf_18291,known,Senkichi Taniguchi has a citizenship from,4047,4047,True
cf_18291,known,"Katsushika Hokusai, a citizen of",4047,4047,True
cf_19567,known,Phoenix Neurological Associates is located in,253,21809,False
cf_19567,known,The Milton H. Erickson Foundation can be found in,253,32635,False
cf_19567,known,Harkins Scottsdale 101 can be found in,253,13169,False
cf_19567,known,The Orthopedic Clinic Association is located in,253,8068,False
cf_19567,known,The location of Harkins North Valley 16 is,247,21818,False
cf_19567,known,Dunbar School is in,253,31127,False
cf_19567,known,Dunbar School can be found in,253,31127,False
cf_19567,known,Harkins North Valley 16 can be found in,253,6144,False
cf_19567,known,Papago Army Heliport is located in,253,37783,False
cf_19567,known,Norterra 14 is located in,253,20341,False
cf_14669,known,"Wildstrubel, in",253,22785,False
cf_14669,known,Rheinwaldhorn is a part of the continent of,6176,6176,True
cf_14669,known,Wildstrubel is in,253,6176,False
cf_14669,known,Mount Pilatus is a part of the continent of,10497,3060,False
cf_14669,known,Volkhov is a part of the continent of,3060,3060,True
cf_14669,known,Bös Fulen is in,253,6176,False
cf_14669,known,"Rigi, in",253,9972,False
cf_14669,known,Finsteraarhorn is located in,253,22785,False
cf_14669,known,Volkhov is located in,253,7422,False
cf_14669,known,"Finsteraarhorn, in",253,22785,False
cf_14067,known,Kingdom of Finland's capital city is,253,34159,False
cf_14067,known,Finland's capital is,253,34159,False
cf_14067,known,Finland's capital city is,253,43516,False
cf_14067,known,The capital of Uusimaa is,253,25270,False
cf_14067,known,Uusimaa Province's capital is,253,34159,False
cf_14067,known,"Finland, which has the capital",273,34159,False
cf_14067,known,Kingdom of Finland's capital is,4441,34159,False
cf_14067,known,Finnish Democratic Republic's capital is,253,34159,False
cf_14067,known,"Finnish Socialist Workers' Republic, which has the capital",273,34159,False
cf_14067,known,"Kingdom of Finland, which has the capital",34159,34159,True
cf_2566,known,"In Maloye Baydavletovo, the language spoken is",247,7247,False
cf_2566,known,The official language of Idyash is,253,34861,False
cf_2566,known,The law in Akdavletovo declares the language,273,7247,False
cf_2566,known,The official language of Novopavlovka is,7247,7247,True
cf_2566,known,The law in Sagitovo declares the language,273,7247,False
cf_2566,known,The law in Bishtiryak declares the language,273,31534,False
cf_2566,known,"In Arsyonovo, they understand",326,5112,False
cf_2566,known,"In Yuldybayevo, the language spoken is",714,7247,False
cf_2566,known,The official language of Kalininsky is,7247,7247,True
cf_2566,known,"In Nizhnyaya Bikberda, they understand",326,7247,False
cf_3956,known,The Menagerie is to debut on,253,27478,False
cf_3956,known,The New Normal premiered on,41069,22303,False
cf_3956,known,Awake debuted on,253,21946,False
cf_3956,known,The Voice premieres on,253,22303,False
cf_3956,known,Cartoon All-Stars to the Rescue debuted on,253,22303,False
cf_3956,known,Camp Cucamonga premiered on,253,22303,False
cf_3956,known,The Menagerie debuted on,253,15501,False
cf_3956,known,Freaks and Geeks premiered on,27199,21946,False
cf_3956,known,Law & Order: LA was originally aired on,22303,22303,True
cf_3956,known,Camp Cucamonga premieres on,253,22303,False
cf_18359,known,George Best plays,253,24455,False
cf_18359,known,Bastian Schweinsteiger plays,323,32000,False
cf_18359,known,"Landon Donovan, the",3438,20391,False
cf_18359,known,David Villa plays,275,5842,False
cf_18359,known,"Tim Howard, the",3438,24455,False
cf_18359,known,"Kaká, the",3438,20391,False
cf_18359,known,What sport does Thierry Henry play? They play,5842,20391,False
cf_18359,known,"Walter Zenga, the",3438,31021,False
cf_18359,known,Kaká plays,253,24455,False
cf_18359,known,"Thierry Henry, the",5112,5112,True
cf_3192,known,René Magritte found employment in,253,7785,False
cf_3192,known,Sarah Bernhardt took up work in,253,7785,False
cf_3192,known,Peter Paul Rubens used to work in,253,4693,False
cf_3192,known,Salvador Dalí worked in the city of,21924,21924,True
cf_3192,known,Marcel Duchamp took up work in,253,7785,False
cf_3192,known,Frédéric Chopin found employment in,253,7785,False
cf_3192,known,René Magritte was employed in,253,7785,False
cf_3192,known,Pablo Picasso took up work in,253,7785,False
cf_3192,known,Henri Matisse worked in,253,7785,False
cf_3192,known,Gottfried Wilhelm Leibniz took up work in,253,12911,False
cf_8046,known,"Élisée Reclus, a native",273,5112,False
cf_8046,known,Élisée Reclus spoke the language,273,5112,False
cf_8046,known,Frédéric Bastiat is a native speaker of,5112,5112,True
cf_8046,known,Jean Gabin spoke the language,273,5112,False
cf_8046,known,"Robert Schuman, speaker of",253,5112,False
cf_8046,known,The mother tongue of Henri Barbusse is,253,5112,False
cf_8046,known,Melchior de Vogüé spoke the language,273,5112,False
cf_8046,known,The native language of Octave Mirbeau is,5112,5112,True
cf_8046,known,"Montesquieu, speaker of",253,5112,False
cf_8046,known,"Maurice Genevoix, speaker of",253,5112,False
cf_10404,known,"Erwin Schulhoff, performing on the",921,18542,False
cf_10404,known,Joseph Fischhof plays,253,24455,False
cf_10404,known,"Laci Boldemann, playing the",2554,12609,False
cf_10404,known,Christoph Nichelmann plays the instrument,275,12609,False
cf_10404,known,Justus Frantz plays,247,5842,False
cf_10404,known,"Joseph Fischhof, performing on the",1072,18542,False
cf_10404,known,Christoph Nichelmann performs on the,3924,18542,False
cf_10404,known,Nikolai Rimsky-Korsakov plays the,2554,18542,False
cf_10404,known,Robert Radecke performs on the,18542,18542,True
cf_10404,known,"Mathilde Kralik, playing the",2554,12609,False
cf_852,known,Malcolm X is affiliated with the religion,273,20242,False
cf_852,known,The official religion of Benazir Bhutto is,8033,8033,True
cf_852,known,Benazir Bhutto is follower of,253,8033,False
cf_852,known,Hamid Karzai follows the religion of,8033,8033,True
cf_852,known,The official religion of Omar Khayyám is,8033,8033,True
cf_852,known,Johann Ludwig Burckhardt is affiliated with the religion,273,20242,False
cf_852,known,Omar Khayyám is follower of,253,8033,False
cf_852,known,The official religion of Mos Def is,253,8033,False
cf_852,known,Benazir Bhutto is affiliated with the religion,273,8033,False
cf_852,known,Bashar al-Assad is follower of,253,8033,False
cf_14564,known,The headquarter of PIK Group is in,253,16496,False
cf_14564,known,The headquarters of Kaspersky is in,16496,16496,True
cf_14564,known,The headquarter of Echo of Moscow is located in,253,16496,False
cf_14564,known,Krasnaya Zvezda's headquarters are in,253,16496,False
cf_14564,known,Soyuzmultfilm is headquartered in,16496,16496,True
cf_14564,known,The headquarter of GUM is in,253,4693,False
cf_14564,known,The headquarters of MTV Russia is in,16496,16496,True
cf_14564,known,The headquarter of Rosatom is located in,253,16496,False
cf_14564,known,The headquarters of Izvestia is in,16496,16496,True
cf_14564,known,The headquarter of MTV Russia is in,16496,16496,True
cf_11665,known,Meiji University is located in,253,17413,False
cf_11665,known,2002 FIFA World Cup is located in the country of,253,38075,False
cf_11665,known,Mitsubishi A6M Zero is located in the country of,4047,4047,True
cf_11665,known,"Sendai, located in",253,4047,False
cf_11665,known,2002 FIFA World Cup is located in,253,38075,False
cf_11665,known,"Konami, in",253,4047,False
cf_11665,known,Mount Fuji is located in the country of,4047,4047,True
cf_11665,known,"Iwate Prefecture, in",253,4047,False
cf_11665,known,"Kasuga, which is located in",253,4047,False
cf_11665,known,Mitsubishi A6M Zero is located in,253,17413,False
cf_10180,known,"Chevrolet Camaro, produced by",4214,49937,False
cf_10180,known,"Chevrolet Volt, created by",253,49937,False
cf_10180,known,"Chevrolet Camaro ZL1 (fifth generation), developed by",49937,49937,True
cf_10180,known,M6 Bomb Truck is produced by,253,35251,False
cf_10180,known,"Chevrolet Chevy 500, created by",253,49937,False
cf_10180,known,Chevrolet Miray is created by,253,49937,False
cf_10180,known,Chevrolet Camaro is created by,253,49937,False
cf_10180,known,"Chevrolet Miray, created by",253,49937,False
cf_10180,known,Chevrolet El Camino (3rd generation) is created by,49937,49937,True
cf_10180,known,Chevrolet Constantia is a product of,253,49937,False
cf_8048,known,"Microsoft Office 2010, a product manufactured by",9664,9664,True
cf_8048,known,JScript was a product of,253,9664,False
cf_8048,known,"Windows NT, developed by",9664,9664,True
cf_8048,known,Windows 3.1 is developed by,9664,9664,True
cf_8048,known,Microsoft Silverlight was created by,9664,9664,True
cf_8048,known,Rich Text Format is developed by,253,9664,False
cf_8048,known,"Microsoft Surface, a product of",9664,9664,True
cf_8048,known,ASP.NET MVC Framework was created by,253,9664,False
cf_8048,known,Windows 3.1 was created by,253,9664,False
cf_8048,known,Rich Text Format was created by,253,9664,False
cf_3060,known,Carmen Maura originated from,253,24639,False
cf_3060,known,"Infanta Luisa Fernanda, Duchess of Montpensier originates from",253,7785,False
cf_3060,known,Maribel Verdú was born in,253,24639,False
cf_3060,known,Leonor Watling originated from,253,7785,False
cf_3060,known,"Álvaro de Figueroa, 1st Count of Romanones is originally from",253,46287,False
cf_3060,known,"Maria Luisa of Spain, Duchess of Lucca was originally from",253,27741,False
cf_3060,known,Mercedes of Orléans originates from,253,22785,False
cf_3060,known,"Infanta Luisa Fernanda, Duchess of Montpensier was native to",253,7785,False
cf_3060,known,Ana Belén is originally from,253,21924,False
cf_3060,known,George Santayana is native to,253,43949,False
cf_3172,known,Joan Triadú lost their life at,253,24639,False
cf_3172,known,Eusebi Güell succumbed at,253,12300,False
cf_3172,known,Manuel de Pedrolo i Molina died in the city of,1219,21924,False
cf_3172,known,Simó Gómez passed away at,253,7785,False
cf_3172,known,Xavier Montsalvatge expired at,253,8068,False
cf_3172,known,Manuel de Pedrolo i Molina passed away at,253,7785,False
cf_3172,known,Amalaric died at,253,24639,False
cf_3172,known,Anna Lizaran died at,253,7785,False
cf_3172,known,Xavier Montsalvatge succumbed at,253,7785,False
cf_3172,known,Simó Gómez lost their life at,253,21924,False
cf_9003,known,"Hideaki Anno, who is a citizen of",4047,4047,True
cf_9003,known,Senkichi Taniguchi has a citizenship from,4047,4047,True
cf_9003,known,"Yosa Buson, who has a citizenship from",253,8987,False
cf_9003,known,Ichiro Suzuki has a citizenship from,253,4047,False
cf_9003,known,Futabatei Shimei is a citizen of,253,4047,False
cf_9003,known,"Nitobe Inazō, who has a citizenship from",4047,4047,True
cf_9003,known,"Akira Kurosawa, a citizen of",4047,4047,True
cf_9003,known,"Matsuo Bashō, who is a citizen of",4047,4047,True
cf_9003,known,Daisuke Matsuzaka has a citizenship from,4047,4047,True
cf_9003,known,Masato Harada is a citizen of,4047,4047,True
cf_377,known,Japan National Route 357 can be found in,253,6181,False
cf_377,known,The location of Ken-Ō Expressway is,247,17413,False
cf_377,known,Tokyo Denki University is located in,17413,17413,True
cf_377,known,Japan National Route 122 can be found in,253,6181,False
cf_377,known,Otsuma Women's University is located in,253,8987,False
cf_377,known,The location of Otsuma Women's University is,275,17413,False
cf_377,known,Where is Japan National Route 298? It is located in,253,4047,False
cf_377,known,"Where is National Institutes of Natural Sciences, Japan? It is located in",253,17413,False
cf_377,known,Where is Jikei University School of Medicine? It is located in,253,17413,False
cf_377,known,Where is Kyoritsu Women's University? It is located in,253,17413,False
cf_18105,known,Lleida is a part of the continent of,7531,7531,True
cf_18105,known,Säntis belongs to the continent of,7531,10497,False
cf_18105,known,Monte Generoso is located in the continent,273,273,True
cf_18105,known,Monte Generoso belongs to the continent of,7531,3060,False
cf_18105,known,Titlis is a part of the continent of,7531,7531,True
cf_18105,known,Volkhov is located in the continent,273,3060,False
cf_18105,known,Wildhorn belongs to the continent of,3729,7531,False
cf_18105,known,Volkhov belongs to the continent of,3060,3060,True
cf_18105,known,Säntis is a part of the continent of,7531,10497,False
cf_18105,known,"Bös Fulen, in",253,6176,False
cf_15299,known,"Japanese colonial empire, which has the capital",273,48771,False
cf_15299,known,"Japan's capital,",17413,17413,True
cf_15299,known,"Japan, which has the capital",273,17413,False
cf_15299,known,The capital of Japanese colonial empire is,4441,17413,False
cf_15299,known,"Empire of Japan's capital,",17413,17413,True
cf_15299,known,The capital city of Japan is,253,17413,False
cf_15299,known,"Japan, which has the capital city",273,17413,False
cf_15299,known,"Empire of Japan, which has the capital city",273,17413,False
cf_15299,known,"Empire of Japan, which has the capital",273,17413,False
cf_15299,known,Empire of Japan's capital is,247,17413,False
cf_1177,known,"In International Atomic Energy Agency, they understand",326,12057,False
cf_1177,known,The law in Wallis and Futuna declares the language,273,4383,False
cf_1177,known,The law in New Caledonia declares the language,273,5112,False
cf_1177,known,The official language of Fribourg is,5112,5685,False
cf_1177,known,"In International Criminal Court, the language spoken is",417,4383,False
cf_1177,known,"In Nice, an official language is",253,5112,False
cf_1177,known,The law in UEFA declares the language,273,4383,False
cf_1177,known,"In Wallis and Futuna, an official language is",13452,4383,False
cf_1177,known,The official language of Aigle is,5112,5112,True
cf_1177,known,"In European Space Agency, the language spoken is",4383,4383,True
cf_6139,known,The Young and the Restless is to debut on,253,21946,False
cf_6139,known,The Little Mermaid debuted on,27199,16590,False
cf_6139,known,Mr. Terrific premiered on,253,21946,False
cf_6139,known,Without a Trace premieres on,25456,41069,False
cf_6139,known,"Murder, She Wrote premiered on",27199,21946,False
cf_6139,known,Mr. Terrific was originally aired on,253,21946,False
cf_6139,known,Late Show with David Letterman was released on,17509,22303,False
cf_6139,known,The Young and the Restless debuted on,253,22303,False
cf_6139,known,"Dink, the Little Dinosaur was released on",17509,17509,True
cf_6139,known,The Little Mermaid was released on,17509,17509,True
cf_4943,known,Woody Strode is a professional,16972,5842,False
cf_4943,known,"Ed O'Neill, the",3438,24455,False
cf_4943,known,Bubba Smith professionally plays the sport,273,5842,False
cf_4943,known,Jim Thorpe plays,253,24455,False
cf_4943,known,Bill Goldberg plays,253,24455,False
cf_4943,known,Terry Crews professionally plays the sport,273,20391,False
cf_4943,known,What sport does Carl Weathers play? They play,5842,19971,False
cf_4943,known,Terry Crews professionally plays the sport,273,20391,False
cf_4943,known,"Jim Thorpe, the",3438,14623,False
cf_4943,known,Jim Thorpe is a professional,16972,19971,False
cf_16259,known,Ami Ayalon was employed in,253,17913,False
cf_16259,known,Israel Katz worked in,253,17913,False
cf_16259,known,Tzipi Hotovely used to work in,253,34992,False
cf_16259,known,Amnon Lipkin-Shahak took up work in,253,17913,False
cf_16259,known,Moshe Arens worked in the city of,17913,17913,True
cf_16259,known,Haim Yosef Zadok found employment in,253,17913,False
cf_16259,known,Merav Michaeli took up work in,253,16496,False
cf_16259,known,Meir Amit worked in the city of,427,17913,False
cf_16259,known,Yuval Ne'eman used to work in,253,7785,False
cf_16259,known,Reuven Rivlin worked in the city of,611,17913,False
cf_10365,known,The mother tongue of Jean Auguste Dominique Ingres is,253,5112,False
cf_10365,known,The mother tongue of Georges Duhamel is,247,5112,False
cf_10365,known,The mother tongue of Jean-Baptiste Say is,247,5112,False
cf_10365,known,"Jacques Chaban-Delmas, speaker of",253,5112,False
cf_10365,known,The native language of Louis Antoine de Saint-Just is,5112,5112,True
cf_10365,known,François Bayrou spoke the language,273,5112,False
cf_10365,known,The mother tongue of Melchior de Vogüé is,253,5112,False
cf_10365,known,"Léon Blum, speaker of",253,5112,False
cf_10365,known,Jean-Baptiste Say spoke the language,273,5112,False
cf_10365,known,Melchior de Vogüé is a native speaker of,4383,5112,False
cf_13074,known,Anton Rubinstein performs on the,18542,18542,True
cf_13074,known,Christoph Nichelmann performs on the,3924,18542,False
cf_13074,known,Ingrid Haebler performs on the,18542,18542,True
cf_13074,known,"Peter Igelhoff, playing the",2554,18542,False
cf_13074,known,"Erwin Schulhoff, the",3438,24455,False
cf_13074,known,Robert Radecke performs on the,18542,18542,True
cf_13074,known,"Carl Adolf Martienssen, the",15217,18542,False
cf_13074,known,"Magdalena Thora, performing on the",1072,18542,False
cf_13074,known,Conrad Hansen plays the,2554,18542,False
cf_13074,known,Götz Alsmann plays,247,19971,False
cf_14130,known,The official religion of Omar Khayyám is,8033,8033,True
cf_14130,known,saint is follower of,253,35702,False
cf_14130,known,Malcolm X follows the religion of,521,8033,False
cf_14130,known,Rasul Gamzatov is follower of,253,8033,False
cf_14130,known,saint follows the religion of,253,8033,False
cf_14130,known,The official religion of Usman ibn Affan is,8033,8033,True
cf_14130,known,The official religion of Yasser Arafat is,253,8033,False
cf_14130,known,saint is affiliated with the religion,273,43506,False
cf_14130,known,Abd al-Malik ibn Marwan is affiliated with the religion,273,8033,False
cf_14130,known,Bashar al-Assad follows the religion of,8033,8033,True
cf_5402,known,Norwegian Food Safety Authority is headquartered in,43516,43516,True
cf_5402,known,Norwegian Food Safety Authority is based in,43516,43516,True
cf_5402,known,Norsk Luftambulanse is based in,253,38476,False
cf_5402,known,The headquarters of Nortura is in,253,8987,False
cf_5402,known,The headquarters of National Archival Services of Norway is in,43516,43516,True
cf_5402,known,The headquarter of Norsk Luftambulanse is located in,253,38476,False
cf_5402,known,Norwegian Center for Studies of Holocaust and Religious Minorities is based in,43516,43516,True
cf_5402,known,The headquarter of National Institute of Technology is in,253,19950,False
cf_5402,known,The headquarters of Nobina Norge is in,253,43516,False
cf_5402,known,The headquarter of Nortura is located in,253,7758,False
cf_3960,known,"Mount Fuji, which is located in",253,4047,False
cf_3960,known,"Tochigi, which is located in",253,4047,False
cf_3960,known,2002 FIFA World Cup is located in the country of,253,38075,False
cf_3960,known,"Kōbe, which is located in",253,4047,False
cf_3960,known,Sony is located in,253,4047,False
cf_3960,known,Nakagawa is located in the country of,4047,4047,True
cf_3960,known,Meiji University is located in the country of,4047,4047,True
cf_3960,known,Mitsubishi A6M Zero is located in the country of,4047,4047,True
cf_3960,known,"Konami, which is located in",253,17413,False
cf_3960,known,Kasuga is located in the country of,4047,4047,True
cf_3071,known,Nissan Be-1 is produced by,253,48432,False
cf_3071,known,Nissan S30 is created by,48432,48432,True
cf_3071,known,Nissan GTP ZX-Turbo is a product of,253,48432,False
cf_3071,known,Infiniti QX60 is developed by,253,32714,False
cf_3071,known,Nissan Titan is produced by,48432,48432,True
cf_3071,known,Nissan Almera Tino is produced by,48432,48432,True
cf_3071,known,"Nissan NPT-90, created by",48432,48432,True
cf_3071,known,"Nissan Be-1, developed by",48432,48432,True
cf_3071,known,Nissan Skyline GT-R is produced by,48432,48432,True
cf_3071,known,Nissan Titan is a product of,253,48432,False
cf_17872,known,Apple Mouse was developed by,253,8217,False
cf_17872,known,"AppleSingle and AppleDouble formats, developed by",8217,8217,True
cf_17872,known,Macintosh File System was created by,253,8217,False
cf_17872,known,"Apple HD SC Setup, created by",253,8217,False
cf_17872,known,"Podcast Capture, a product developed by",253,5559,False
cf_17872,known,"Calendar and Contacts Server, a product of",253,9664,False
cf_17872,known,"Apple iAd Producer, a product developed by",253,8217,False
cf_17872,known,"DiskCopy, a product developed by",253,8217,False
cf_17872,known,Apple Thunderbolt Display was a product of,253,8217,False
cf_17872,known,Apple Pro Mouse is developed by,253,8217,False
cf_2743,known,Evgeny Kissin is originally from,16496,16496,True
cf_2743,known,Alexander Suvorov is originally from,253,16496,False
cf_2743,known,Nikolai Trubetzkoy is native to,253,16496,False
cf_2743,known,Wladimir Vogel was originally from,253,40431,False
cf_2743,known,Leonid Hurwicz was born in,253,16496,False
cf_2743,known,Leonid Hurwicz is native to,253,16496,False
cf_2743,known,Mikhail Khodorkovsky is native to,16496,16496,True
cf_2743,known,Yury Luzhkov was born in,253,16496,False
cf_2743,known,Vladimir Chuchelov is native to,253,16496,False
cf_2743,known,Alexander Suvorov was native to,253,16496,False
cf_3159,known,Franciabigio passed away in,253,27741,False
cf_3159,known,Pedro Américo passed away in,247,21924,False
cf_3159,known,Ambrose Traversari succumbed at,253,11988,False
cf_3159,known,Carlo Dolci died at,253,24639,False
cf_3159,known,Giuseppe Bezzuoli succumbed at,253,12300,False
cf_3159,known,Jacopo Zucchi died at,253,27741,False
cf_3159,known,Carlo Dolci passed away at,253,27850,False
cf_3159,known,"Ferdinando de' Medici, Grand Prince of Tuscany lost their life at",253,27741,False
cf_3159,known,"Ferdinando de' Medici, Grand Prince of Tuscany died at",253,27741,False
cf_3159,known,Francesco Curradi died in,247,12300,False
cf_12148,known,"Takeshi Kitano, who is a citizen of",4047,4047,True
cf_12148,known,Akira Kurosawa has a citizenship from,4047,4047,True
cf_12148,known,Akira Kurosawa holds a citizenship from,4047,4047,True
cf_12148,known,"Koji Murofushi, who is a citizen of",4047,4047,True
cf_12148,known,"Hisashi Inoue, who holds a citizenship from",4047,4047,True
cf_12148,known,Yosa Buson has a citizenship from,253,8987,False
cf_12148,known,"Akira Kurosawa, a citizen of",4047,4047,True
cf_12148,known,Masashi Kishimoto has a citizenship from,4047,4047,True
cf_12148,known,Nitobe Inazō has a citizenship from,4047,4047,True
cf_12148,known,"Juju, who holds a citizenship from",253,25270,False
cf_16919,known,Bridge 1877 is located in,253,4693,False
cf_16919,known,Chapel of The Lady of All Nations can be found in,253,4693,False
cf_16919,known,The location of Rijpenhofje is,247,26653,False
cf_16919,known,The location of TRADEWEB EU BV - OTF is,275,42471,False
cf_16919,known,The location of Chapel of The Lady of All Nations is,247,4693,False
cf_16919,known,Where is Bridge 1875? It is located in,253,8068,False
cf_16919,known,Bridge 1875 is located in,253,4693,False
cf_16919,known,Where is Galerie Eewal? It is located in,253,7785,False
cf_16919,known,Where is Rijpenhofje? It is located in,253,6176,False
cf_16919,known,Hoogovenarbeider can be found in,253,22785,False
cf_1284,known,"Zambia, in",253,7531,False
cf_1284,known,Mali belongs to the continent of,7531,7531,True
cf_1284,known,Kenya is a part of the continent of,7531,7531,True
cf_1284,known,"Egypt, in",253,7531,False
cf_1284,known,Tanzania is located in,253,7531,False
cf_1284,known,Mozambique is in,253,7531,False
cf_1284,known,Algeria is in,253,7531,False
cf_1284,known,Algeria belongs to the continent of,7531,7531,True
cf_1284,known,Ethiopia is a part of the continent of,7531,7531,True
cf_1284,known,Cameroon is located in,253,7531,False
cf_13328,known,"Prussia's capital city,",253,16496,False
cf_13328,known,The capital city of Weimar Republic is,253,12911,False
cf_13328,known,The capital of Kingdom of Prussia is,4441,12911,False
cf_13328,known,Gau Berlin's capital is,247,12911,False
cf_13328,known,"Free State of Prussia's capital city,",12911,12911,True
cf_13328,known,The capital city of Province of Brandenburg is,4441,12911,False
cf_13328,known,"North German Confederation, which has the capital",273,42471,False
cf_13328,known,"Province of Brandenburg's capital,",253,12911,False
cf_13328,known,Province of Brandenburg's capital city is,253,12911,False
cf_13328,known,"Free State of Prussia, which has the capital",273,12911,False
cf_5208,known,"In Nice, the language spoken is",417,5112,False
cf_5208,known,"In European Space Agency, the language spoken is",4383,4383,True
cf_5208,known,"In International Criminal Court, the language spoken is",417,4383,False
cf_5208,known,"In Caen, they understand",253,5112,False
cf_5208,known,"In New Caledonia, an official language is",13452,5112,False
cf_5208,known,The official language of Arles is,5112,5112,True
cf_5208,known,"In Wallis and Futuna, the language spoken is",247,4383,False
cf_5208,known,"In New Caledonia, the language spoken is",1925,5112,False
cf_5208,known,The law in Organisation for Economic Cooperation and Development declares the language,273,5112,False
cf_5208,known,"In League of Nations, they understand",326,48795,False
cf_2982,known,"Friends, season 7 was originally aired on",253,22303,False
cf_2982,known,Freaks and Geeks is to debut on,253,21946,False
cf_2982,known,The Menagerie debuted on,253,15501,False
cf_2982,known,Jeopardy! premieres on,253,21946,False
cf_2982,known,The Count of Monte Cristo debuted on,27199,7785,False
cf_2982,known,Scrubs was released on,253,21946,False
cf_2982,known,Freaks and Geeks premiered on,27199,21946,False
cf_2982,known,The Voice was originally aired on,253,22303,False
cf_2982,known,The Voice is to debut on,253,22303,False
cf_2982,known,Law & Order: LA debuted on,253,22303,False
cf_11237,known,Roberto Clemente is a professional,20391,20391,True
cf_11237,known,Joe DiMaggio plays,253,14623,False
cf_11237,known,Hank Aaron professionally plays the sport,273,14623,False
cf_11237,known,Barry Bonds plays,253,14623,False
cf_11237,known,Ty Cobb plays,247,14623,False
cf_11237,known,What sport does Roberto Clemente play? They play,20391,20391,True
cf_11237,known,"Yogi Berra, the",15217,14623,False
cf_11237,known,Satchel Paige professionally plays the sport,273,14623,False
cf_11237,known,Ty Cobb professionally plays the sport,273,14623,False
cf_11237,known,Chuck Connors professionally plays the sport,273,19971,False
cf_19418,known,Amir Peretz found employment in,253,7785,False
cf_19418,known,Nahum Nir worked in the city of,17913,17913,True
cf_19418,known,Haim Bar-Lev was employed in,253,17913,False
cf_19418,known,Ami Ayalon worked in,253,17913,False
cf_19418,known,Merav Michaeli used to work in,253,16496,False
cf_19418,known,Ami Ayalon worked in the city of,427,17913,False
cf_19418,known,S. Yizhar used to work in,253,17913,False
cf_19418,known,Reuven Rivlin worked in the city of,611,17913,False
cf_19418,known,S. Yizhar found employment in,253,17913,False
cf_19418,known,Israel Shahak used to work in,253,35889,False
cf_15722,known,The native language of Élisée Reclus is,5112,5112,True
cf_15722,known,The mother tongue of Élisée Reclus is,247,5112,False
cf_15722,known,The mother tongue of Jacques Chaban-Delmas is,253,5112,False
cf_15722,known,Octave Mirbeau spoke the language,273,5112,False
cf_15722,known,The native language of Montesquieu is,5112,5112,True
cf_15722,known,Jean Gabin spoke the language,273,5112,False
cf_15722,known,Melchior de Vogüé spoke the language,273,5112,False
cf_15722,known,Michel Rocard is a native speaker of,5112,5112,True
cf_15722,known,The native language of Jean Gabin is,5112,5112,True
cf_15722,known,Raymond Barre is a native speaker of,4383,5112,False
cf_6154,known,Anton Rubinstein plays,247,24455,False
cf_6154,known,"Conrad Hansen, playing the",2554,12609,False
cf_6154,known,Carl Adolf Martienssen performs on the,18542,18542,True
cf_6154,known,Magdalena Thora plays,253,18542,False
cf_6154,known,Laci Boldemann plays,253,24455,False
cf_6154,known,Richard Fall performs on the,921,18542,False
cf_6154,known,"Christoph Nichelmann, playing the",2554,18542,False
cf_6154,known,Ingrid Haebler plays the instrument,275,18542,False
cf_6154,known,"Mathilde Kralik, playing the",2554,12609,False
cf_6154,known,"Richard Fall, playing the",2554,18542,False
cf_9212,known,Usman ibn Affan is affiliated with the religion,273,8033,False
cf_9212,known,Averroes follows the religion of,253,8033,False
cf_9212,known,Alī ibn Abī Ṭālib is affiliated with the religion,273,8033,False
cf_9212,known,Dave Chappelle is follower of,253,35702,False
cf_9212,known,Rumi is follower of,253,8033,False
cf_9212,known,Hema Malini is affiliated with the religion,273,35702,False
cf_9212,known,Mohammed Ali follows the religion of,8033,8033,True
cf_9212,known,The official religion of Bashar al-Assad is,8033,8033,True
cf_9212,known,Dave Chappelle is affiliated with the religion,273,43506,False
cf_9212,known,Johann Ludwig Burckhardt is follower of,253,20242,False
cf_13194,known,American Heart Association's headquarters are in,1457,8068,False
cf_13194,known,Texas Instruments's headquarters are in,253,16916,False
cf_13194,known,AirTran Airways's headquarters are in,253,14296,False
cf_13194,known,The headquarters of Susan G. Komen for the Cure is in,253,8068,False
cf_13194,known,Dallas County is based in,16700,6112,False
cf_13194,known,The headquarters of Dallas County is in,253,16700,False
cf_13194,known,"Roman Catholic Diocese of Dallas, whose headquarters are in",16700,16700,True
cf_13194,known,Southwest Airlines is based in,253,8068,False
cf_13194,known,The headquarter of Neiman Marcus is in,253,21801,False
cf_13194,known,The headquarter of American Heart Association is located in,253,18267,False
cf_7191,known,"2002 FIFA World Cup, which is located in",253,38075,False
cf_7191,known,"Konami, in",253,4047,False
cf_7191,known,"Kuki, which is located in",253,17413,False
cf_7191,known,"Miyagi Prefecture, located in",253,4047,False
cf_7191,known,Obama is located in,253,8068,False
cf_7191,known,Mount Fuji is located in the country of,4047,4047,True
cf_7191,known,"Kumagaya, which is located in",253,17413,False
cf_7191,known,"Iwate Prefecture, located in",253,4047,False
cf_7191,known,"Sendai, which is located in",253,4047,False
cf_7191,known,Meiji University is located in the country of,4047,4047,True
cf_3405,known,"Toyota Harrier, produced by",32714,32714,True
cf_3405,known,Scion xA is created by,253,9664,False
cf_3405,known,Toyota Sprinter Carib is a product of,253,32714,False
cf_3405,known,"Toyota Yaris, produced by",32714,32714,True
cf_3405,known,"Toyota Sprinter Carib, developed by",32714,32714,True
cf_3405,known,Toyota NZ engine is created by,32714,32714,True
cf_3405,known,"Toyota Camry XV20, created by",32714,32714,True
cf_3405,known,"Toyota Corolla Spacio, developed by",32714,32714,True
cf_3405,known,Toyota Sprinter Carib is developed by,32714,32714,True
cf_3405,known,Lexus IS (XE20) is created by,253,32714,False
cf_2391,known,"Pilotwings 64, created by",253,9664,False
cf_2391,known,"Donkey Kong Jr., created by",253,26862,False
cf_2391,known,Animal Crossing is a product of,253,4047,False
cf_2391,known,"Donkey Kong 3, a product manufactured by",26862,26862,True
cf_2391,known,"Nintendo GameCube, a product manufactured by",26862,26862,True
cf_2391,known,"The Legend of Zelda, created by",26862,26862,True
cf_2391,known,"Animal Crossing, a product developed by",253,26862,False
cf_2391,known,"The Legend of Zelda: A Link to the Past and Four Swords, a product manufactured by",26862,26862,True
cf_2391,known,"The Legend of Zelda, developed by",26862,26862,True
cf_2391,known,"Game Boy Advance, a product created by",26862,26862,True
cf_16649,known,Louise of Great Britain is native to,253,7785,False
cf_16649,known,"Quintin Hogg, Baron Hailsham of St Marylebone was native to",253,4693,False
cf_16649,known,William Shockley is originally from,253,4693,False
cf_16649,known,"Angela Smith, Baroness Smith of Basildon was born in",4693,4693,True
cf_16649,known,Richard Bentley originates from,253,4693,False
cf_16649,known,Jill Ireland originated from,253,4693,False
cf_16649,known,Kathryn Newton was native to,253,8068,False
cf_16649,known,Jony ive is native to,253,26653,False
cf_16649,known,Lita Ford is originally from,253,17372,False
cf_16649,known,Jony ive is originally from,253,26653,False
cf_12434,known,Xiong Shili died in the city of,1594,18496,False
cf_12434,known,Aloysius Jin Luxian died at,253,12300,False
cf_12434,known,Song Jiaoren passed away at,253,18496,False
cf_12434,known,Yao Wenyuan died at,253,18496,False
cf_12434,known,Su Buqing passed away at,253,23494,False
cf_12434,known,Su Buqing died in the city of,1594,18496,False
cf_12434,known,Zheng Junli lost their life at,253,18496,False
cf_12434,known,Song Jiaoren died in the city of,714,18496,False
cf_12434,known,Tao Xingzhi passed away at,253,18496,False
cf_12434,known,Young John Allen succumbed at,253,50013,False
cf_18708,known,Jerzy Stuhr holds a citizenship from,253,16795,False
cf_18708,known,"Bolesław I the Brave, who holds a citizenship from",16795,16795,True
cf_18708,known,"Casimir II the Just, who is a citizen of",253,6181,False
cf_18708,known,"Krzysztof Kieślowski, who holds a citizenship from",16795,16795,True
cf_18708,known,"Jan Englert, who has a citizenship from",253,16842,False
cf_18708,known,"Piotr Fronczewski, a citizen of",16795,16795,True
cf_18708,known,Bolesław I the Brave holds a citizenship from,16795,16795,True
cf_18708,known,"Piotr Fronczewski, who is a citizen of",253,16795,False
cf_18708,known,Aleksander Kwaśniewski holds a citizenship from,16795,16795,True
cf_18708,known,"Bolesław II the Generous, who holds a citizenship from",16795,16795,True
cf_6085,known,The location of Milltown Institute of Theology and Philosophy is,247,11988,False
cf_6085,known,"Embassy of Ukraine, Dublin can be found in",253,17111,False
cf_6085,known,The location of Mater Misericordiae University Hospital is,275,21818,False
cf_6085,known,James Joyce Centre can be found in,253,24523,False
cf_6085,known,Milltown Institute of Theology and Philosophy is located in,253,13533,False
cf_6085,known,Mater Misericordiae University Hospital is located in,253,12300,False
cf_6085,known,Mount Carmel Hospital is in,253,5002,False
cf_6085,known,Where is National Concert Hall? It is located in,253,17372,False
cf_6085,known,The location of Law Society of Ireland is,275,24523,False
cf_6085,known,Where is Military History Society of Ireland? It is located in,24523,24523,True
cf_16428,known,Morocco is located in the continent,273,7531,False
cf_16428,known,Tanzania belongs to the continent of,7531,7531,True
cf_16428,known,Tanzania is in,253,7531,False
cf_16428,known,Zambia is located in the continent,273,7531,False
cf_16428,known,Democratic Republic of the Congo is in,253,7531,False
cf_16428,known,Zambia belongs to the continent of,7531,7531,True
cf_16428,known,Algeria is located in the continent,273,7531,False
cf_16428,known,Algeria belongs to the continent of,7531,7531,True
cf_16428,known,Libya is a part of the continent of,7531,7531,True
cf_16428,known,Egypt is located in,253,7531,False
cf_7505,known,The capital of Military Region III (Spain) is,253,21924,False
cf_7505,known,"València Canton's capital,",24639,47137,False
cf_7505,known,"Valencia Province's capital city,",47137,47137,True
cf_7505,known,València Canton's capital city is,253,47137,False
cf_7505,known,Valencia Province's capital is,253,47137,False
cf_7505,known,The capital of corrgimiento of Valencia is,253,47137,False
cf_7505,known,The capital city of València Canton is,253,47137,False
cf_7505,known,"Valencia Province's capital,",253,47137,False
cf_7505,known,"Captaincy General of Valencia, which has the capital city",273,47137,False
cf_7505,known,"corrgimiento of Valencia, which has the capital",273,47137,False
cf_7574,known,"In Umbetovo, the language spoken is",253,7247,False
cf_7574,known,"In Bishtiryak, they understand",326,4383,False
cf_7574,known,The official language of Nizhny Muynak is,7247,7247,True
cf_7574,known,"In Sagitovo, an official language is",247,7247,False
cf_7574,known,"In Itkulovo, an official language is",13452,7247,False
cf_7574,known,The official language of Verkhnyaya Bikberda is,7247,7247,True
cf_7574,known,"In Kalimullino, the language spoken is",417,9890,False
cf_7574,known,The law in Umbetovo declares the language,273,7247,False
cf_7574,known,"In Sagitovo, they understand",326,7247,False
cf_7574,known,The law in Akdavletovo declares the language,273,7247,False
cf_6175,known,Salem's Lot is to debut on,253,22303,False
cf_6175,known,"Dink, the Little Dinosaur is to debut on",253,22303,False
cf_6175,known,Cybill was originally aired on,253,21946,False
cf_6175,known,CBS News debuted on,253,21946,False
cf_6175,known,Cybill is to debut on,253,22303,False
cf_6175,known,Mr. Merlin is to debut on,253,21946,False
cf_6175,known,The Little Mermaid was originally aired on,253,22303,False
cf_6175,known,The Little Mermaid premiered on,27199,16590,False
cf_6175,known,Without a Trace debuted on,253,21946,False
cf_6175,known,"Scooby-Doo, Where Are You! was released on",3978,12746,False
cf_11643,known,"Maurice Richard, the",3438,25375,False
cf_11643,known,"Teemu Sälännä, the",36090,19971,False
cf_11643,known,What sport does Alexander Ovechkin play? They play,19971,19971,True
cf_11643,known,What sport does Mario Lemieux play? They play,23354,19971,False
cf_11643,known,Dennis Seidenberg plays,323,19971,False
cf_11643,known,What sport does Teemu Sälännä play? They play,5842,19971,False
cf_11643,known,Gordie Howe plays,253,19971,False
cf_11643,known,What sport does Gordie Howe play? They play,19971,19971,True
cf_11643,known,Teemu Sälännä is a professional,6749,19971,False
cf_11643,known,"Bobby Orr, the",3438,5842,False
cf_4159,known,Theresa May used to work in,253,4693,False
cf_4159,known,Ben Bradshaw used to work in,247,4693,False
cf_4159,known,Theresa May was employed in,253,4693,False
cf_4159,known,Graham Brady took up work in,253,4693,False
cf_4159,known,Crispin Blunt used to work in,253,4693,False
cf_4159,known,Theresa May took up work in,253,4693,False
cf_4159,known,Julian Brazier worked in the city of,4693,4693,True
cf_4159,known,James Brokenshire worked in,253,5041,False
cf_4159,known,Julian Brazier was employed in,253,4693,False
cf_4159,known,Clive Betts found employment in,253,4693,False
cf_17344,known,"Robert Schuman, a native",273,5112,False
cf_17344,known,Maurice Genevoix spoke the language,273,5112,False
cf_17344,known,The mother tongue of Élisée Reclus is,247,5112,False
cf_17344,known,Louis Antoine de Saint-Just is a native speaker of,5112,5112,True
cf_17344,known,"Jean-Luc Picard, speaker of",253,5112,False
cf_17344,known,Montesquieu is a native speaker of,5112,5112,True
cf_17344,known,Jean-Luc Picard is a native speaker of,5112,5112,True
cf_17344,known,The mother tongue of Melchior de Vogüé is,253,9890,False
cf_17344,known,The native language of Montesquieu is,5112,5112,True
cf_17344,known,The native language of Henri Barbusse is,5112,5112,True
cf_18272,known,Laci Boldemann plays the instrument,15,18542,False
cf_18272,known,Ingrid Haebler performs on the,18542,18542,True
cf_18272,known,Richard Fall performs on the,921,18542,False
cf_18272,known,Christoph Nichelmann plays,253,12609,False
cf_18272,known,"Leopold von Meyer, the",5685,25375,False
cf_18272,known,Conrad Hansen performs on the,18542,18542,True
cf_18272,known,Richard Fall plays,247,24455,False
cf_18272,known,"Justus Frantz, playing the",2554,18542,False
cf_18272,known,Paul Badura-Skoda plays,253,18542,False
cf_18272,known,"Grete von Zieritz, the",4475,25375,False
cf_7677,known,The official religion of Benazir Bhutto is,8033,8033,True
cf_7677,known,Bashar al-Assad is follower of,253,8033,False
cf_7677,known,Mohammed Ali is affiliated with the religion,273,8033,False
cf_7677,known,The official religion of Averroes is,253,8033,False
cf_7677,known,Hamid Karzai follows the religion of,8033,8033,True
cf_7677,known,Usman ibn Affan is affiliated with the religion,273,8033,False
cf_7677,known,The official religion of Q-Tip is,8033,20242,False
cf_7677,known,Benazir Bhutto is follower of,253,8033,False
cf_7677,known,The official religion of Johann Ludwig Burckhardt is,253,20242,False
cf_7677,known,The official religion of Mohammed Ali is,253,8033,False
cf_11834,known,The headquarters of Panthéon-Assas University is in,253,7785,False
cf_11834,known,"International Council of Museums, whose headquarters are in",253,18267,False
cf_11834,known,The headquarter of International Federation for Human Rights is in,253,31955,False
cf_11834,known,Gobelins Tapestry Manufactory is headquartered in,253,8068,False
cf_11834,known,Lyxor Asset Management is based in,253,4693,False
cf_11834,known,RATP's headquarters are in,253,4693,False
cf_11834,known,Alliance française's headquarters are in,7785,7785,True
cf_11834,known,Compagnie Française d'Assurance pour le Commerce Extérieur's headquarters are in,7785,7785,True
cf_11834,known,"Compagnie Française d'Assurance pour le Commerce Extérieur, whose headquarters are in",7785,7785,True
cf_11834,known,"Société française de philosophie, whose headquarters are in",7785,7785,True
cf_5815,known,"Canton Aargau, in",253,18908,False
cf_5815,known,"Canton of Zug, located in",253,18908,False
cf_5815,known,Winterthur is located in the country of,253,22785,False
cf_5815,known,"Yiddish, located in",253,5143,False
cf_5815,known,"Winterthur, in",253,22785,False
cf_5815,known,ETH Zürich is located in the country of,18908,18908,True
cf_5815,known,World Health Organization is located in the country of,253,7531,False
cf_5815,known,"Wolhusen, located in",253,22785,False
cf_5815,known,"Canton of Solothurn, in",253,18908,False
cf_5815,known,"Jegenstorf, in",253,6176,False
cf_11794,known,"Toyota Camry XV20, created by",32714,32714,True
cf_11794,known,"Toyota Camry TS-01, produced by",32714,32714,True
cf_11794,known,Toyota Camry TS-01 is developed by,32714,32714,True
cf_11794,known,Hino Liesse is produced by,253,26862,False
cf_11794,known,Su-Ki is a product of,253,8217,False
cf_11794,known,"Toyota Sprinter, created by",32714,32714,True
cf_11794,known,Hino Liesse is a product of,253,4047,False
cf_11794,known,Toyota Yaris is a product of,253,32714,False
cf_11794,known,Toyota Yaris is created by,32714,32714,True
cf_11794,known,Toyota Camry XV20 is created by,32714,32714,True
cf_9701,known,Apple Pro Mouse is created by,253,8217,False
cf_9701,known,"Apple iAd Producer, a product created by",253,8217,False
cf_9701,known,"Apple Wireless Mouse, a product developed by",253,8217,False
cf_9701,known,"Apple USB Mouse, a product of",253,8217,False
cf_9701,known,Datafork TrueType is created by,253,9664,False
cf_9701,known,Macintosh Quadra 800 is a product of,253,8217,False
cf_9701,known,Server Monitor was created by,253,9664,False
cf_9701,known,QuickTime Animation was developed by,253,8217,False
cf_9701,known,Apple Mouse was developed by,253,8217,False
cf_9701,known,"Apple Wireless Mouse, a product manufactured by",17545,8217,False
cf_5032,known,Henry Louis Le Châtelier was originally from,253,7785,False
cf_5032,known,Henry Louis Le Châtelier is native to,253,7785,False
cf_5032,known,Louis-Auguste Bisson was originally from,253,7785,False
cf_5032,known,Charles Jacque originates from,253,24604,False
cf_5032,known,Alphonse Pyramus de Candolle originated from,253,7785,False
cf_5032,known,Germaine de Staël was native to,253,7785,False
cf_5032,known,Adrien Prévost de Longpérier was originally from,253,7785,False
cf_5032,known,Franz Theodor Doflein was native to,253,12911,False
cf_5032,known,Catherine of Cleves originates from,253,7785,False
cf_5032,known,Louis-Auguste Bisson is originally from,253,7785,False
cf_9966,known,Nanni di Banco died in,247,12300,False
cf_9966,known,Dora d'Istria passed away at,253,44489,False
cf_9966,known,Nanni di Banco passed away in,247,12300,False
cf_9966,known,Pedro Américo expired at,253,24639,False
cf_9966,known,Giuseppe Bezzuoli succumbed at,253,12300,False
cf_9966,known,Dora d'Istria died at,253,44489,False
cf_9966,known,Giambattista Gelli passed away in,521,27741,False
cf_9966,known,Mino da Fiesole succumbed at,253,12300,False
cf_9966,known,Mino da Fiesole died in,1458,27741,False
cf_9966,known,Giambattista Gelli succumbed at,253,12300,False
cf_8867,known,"Futabatei Shimei, a citizen of",253,4047,False
cf_8867,known,"Hideaki Anno, who holds a citizenship from",4047,4047,True
cf_8867,known,Masato Harada holds a citizenship from,4047,4047,True
cf_8867,known,Masato Harada has a citizenship from,4047,4047,True
cf_8867,known,"Ichiro Suzuki, a citizen of",4047,4047,True
cf_8867,known,Akira Kurosawa holds a citizenship from,4047,4047,True
cf_8867,known,Daisuke Matsuzaka is a citizen of,4047,4047,True
cf_8867,known,"Masato Harada, a citizen of",4047,4047,True
cf_8867,known,"Yosa Buson, who has a citizenship from",253,8987,False
cf_8867,known,Senkichi Taniguchi has a citizenship from,4047,4047,True
cf_12784,known,Bosworth Academy is in,253,26846,False
cf_12784,known,The location of Ratcliffe College is,247,11988,False
cf_12784,known,Abbey Pumping Station can be found in,253,4693,False
cf_12784,known,Leicester City Council is located in,253,42457,False
cf_12784,known,Leysland High School is in,253,17367,False
cf_12784,known,Where is Soar Valley College? It is located in,253,5002,False
cf_12784,known,University Hospitals of Leicester NHS Trust is in,253,42457,False
cf_12784,known,The location of University Hospitals of Leicester NHS Trust is,275,42457,False
cf_12784,known,Leicester Royal Infirmary is located in,253,42457,False
cf_12784,known,Where is University Hospitals of Leicester NHS Trust? It is located in,253,42457,False
cf_6261,known,Aletschhorn is located in,253,18908,False
cf_6261,known,Esla is located in the continent,273,3060,False
cf_6261,known,Pizzo Tambò is in,253,9972,False
cf_6261,known,Wildhorn is located in the continent,273,273,True
cf_6261,known,Rheinwaldhorn is a part of the continent of,6176,6176,True
cf_6261,known,Rigi belongs to the continent of,7531,7531,True
cf_6261,known,"Weisshorn, in",521,6176,False
cf_6261,known,"Volkhov, in",253,7422,False
cf_6261,known,Aletschhorn is located in the continent,273,3060,False
cf_6261,known,Dents du Midi is located in,253,6181,False
cf_19036,known,"Classical Athens, which has the capital city",273,27411,False
cf_19036,known,Hellenic State's capital city is,253,27411,False
cf_19036,known,"Athens Municipality, which has the capital city",273,27411,False
cf_19036,known,Classical Athens's capital is,253,27411,False
cf_19036,known,The capital city of Second Hellenic Republic is,4441,27411,False
cf_19036,known,Attica Region's capital is,253,12300,False
cf_19036,known,Second Hellenic Republic's capital is,253,27411,False
cf_19036,known,"Attica Region's capital,",253,12300,False
cf_19036,known,"Greece's capital,",27411,27411,True
cf_19036,known,The capital city of Athens Municipality is,253,27411,False
cf_17724,known,"In Turku, the language spoken is",36090,36090,True
cf_17724,known,The law in Sweden declares the language,273,19688,False
cf_17724,known,"In Stockholm, they understand",326,19688,False
cf_17724,known,"In Finland, an official language is",36090,36090,True
cf_17724,known,The official language of European Union is,4383,5112,False
cf_17724,known,The law in Vaasa declares the language,273,36090,False
cf_17724,known,"In Russian Empire, they understand",326,7247,False
cf_17724,known,"In Sweden, the language spoken is",19688,19688,True
cf_17724,known,The law in Botkyrka Municipality declares the language,273,7247,False
cf_17724,known,"In Vaasa, an official language is",13452,34861,False
cf_18631,known,Law & Order: LA premieres on,25456,22303,False
cf_18631,known,Awake was originally aired on,253,22303,False
cf_18631,known,The Voice debuted on,253,22303,False
cf_18631,known,Camp Cucamonga premieres on,253,22303,False
cf_18631,known,Cartoon All-Stars to the Rescue debuted on,253,22303,False
cf_18631,known,Camp Cucamonga premiered on,253,22303,False
cf_18631,known,Forbidden Passions was originally aired on,253,22303,False
cf_18631,known,The City on the Edge of Forever was originally aired on,253,22303,False
cf_18631,known,The Menagerie premieres on,25456,15501,False
cf_18631,known,Noah's Ark was originally aired on,253,21946,False
cf_7714,known,Wilt Chamberlain is a professional,14648,14648,True
cf_7714,known,Michael Jordan professionally plays the sport,273,14648,False
cf_7714,known,Kareem Abdul-Jabbar is a professional,14648,14648,True
cf_7714,known,What sport does Kevin Durant play? They play,14648,14648,True
cf_7714,known,"Shaquille O'Neal, the",3438,14648,False
cf_7714,known,What sport does Kareem Abdul-Jabbar play? They play,14648,14648,True
cf_7714,known,Dennis Rodman professionally plays the sport,273,14648,False
cf_7714,known,What sport does Larry Bird play? They play,14648,14648,True
cf_7714,known,Dennis Rodman professionally plays the sport,273,14648,False
cf_7714,known,Dennis Rodman is a professional,14623,14648,False
cf_15243,known,Ildefons Cerdà worked in the city of,24639,24639,True
cf_15243,known,Ildefons Cerdà worked in,253,12300,False
cf_15243,known,Joaquín Torres-García worked in the city of,3262,46287,False
cf_15243,known,Gerard Mortier was employed in,253,7785,False
cf_15243,known,Eduardo Aunós worked in the city of,34215,21924,False
cf_15243,known,Ramón de Zubiaurre took up work in,253,21924,False
cf_15243,known,Ramón de Zubiaurre worked in the city of,23860,21924,False
cf_15243,known,José Giral took up work in,253,21924,False
cf_15243,known,"Francisco Serrano, 1st Duke of la Torre worked in the city of",21924,21924,True
cf_15243,known,José Giral used to work in,253,24639,False
cf_9960,known,The native language of Léon Blum is,5112,5112,True
cf_9960,known,"Robert Schuman, a native",273,5112,False
cf_9960,known,The mother tongue of Jean-Luc Picard is,253,5112,False
cf_9960,known,The native language of Melchior de Vogüé is,253,5112,False
cf_9960,known,"Jean Gabin, speaker of",253,5112,False
cf_9960,known,The native language of Octave Mirbeau is,5112,5112,True
cf_9960,known,Henri Barbusse is a native speaker of,5112,5112,True
cf_9960,known,Octave Mirbeau spoke the language,273,5112,False
cf_9960,known,Ferdinand de Saussure spoke the language,273,5112,False
cf_9960,known,The native language of Élisée Reclus is,5112,5112,True
cf_3242,known,Hema Malini is affiliated with the religion,273,35702,False
cf_3242,known,Abd al-Malik ibn Marwan is affiliated with the religion,273,8033,False
cf_3242,known,The official religion of Q-Tip is,8033,20242,False
cf_3242,known,Omar Khayyám is follower of,253,8033,False
cf_3242,known,Alī ibn Abī Ṭālib is affiliated with the religion,273,8033,False
cf_3242,known,The official religion of Dave Chappelle is,20242,20242,True
cf_3242,known,Yasser Arafat is affiliated with the religion,273,43506,False
cf_3242,known,The official religion of Hema Malini is,253,35702,False
cf_3242,known,Q-Tip is follower of,253,35702,False
cf_3242,known,Hema Malini is follower of,253,8033,False
cf_10290,known,The headquarter of GasBuddy is in,253,14296,False
cf_10290,known,Goodwin is headquartered in,253,4693,False
cf_10290,known,Fenway Health is headquartered in,9693,9693,True
cf_10290,known,The headquarters of GasBuddy is in,253,14296,False
cf_10290,known,Hill Holliday is based in,253,4693,False
cf_10290,known,Filene's is based in,253,4693,False
cf_10290,known,"Goji Electronics, whose headquarters are in",253,17413,False
cf_10290,known,Greater Boston Food Bank is headquartered in,9693,9693,True
cf_10290,known,The headquarter of Goji Electronics is located in,253,17413,False
cf_10290,known,The headquarters of Goji Electronics is in,253,17413,False
cf_860,known,"Kōbe, in",253,4047,False
cf_860,known,"2002 FIFA World Cup, in",16496,38075,False
cf_860,known,"2002 FIFA World Cup, which is located in",253,38075,False
cf_860,known,"Sendai, which is located in",253,4047,False
cf_860,known,"Nakagawa, in",253,4047,False
cf_860,known,"Mount Fuji, in",253,4047,False
cf_860,known,"Sony, located in",253,4047,False
cf_860,known,Nakagawa is located in,253,4047,False
cf_860,known,Konami is located in the country of,4047,4047,True
cf_860,known,"Gifu, which is located in",253,4047,False
cf_244,known,Toyota AE85 is created by,32714,32714,True
cf_244,known,Toyota Sprinter is developed by,32714,32714,True
cf_244,known,Toyota AE85 is a product of,253,32714,False
cf_244,known,"Toyota AZ engine, created by",32714,32714,True
cf_244,known,Toyota AZ engine is created by,32714,32714,True
cf_244,known,"Toyota Harrier, produced by",32714,32714,True
cf_244,known,"Toyota AZ engine, produced by",32714,32714,True
cf_244,known,Hino Liesse is developed by,253,26862,False
cf_244,known,Toyota Harrier is developed by,32714,32714,True
cf_244,known,Toyota Harrier is a product of,253,32714,False
cf_10581,known,Windows Embedded Compact was created by,253,9664,False
cf_10581,known,Windows Embedded Compact is a product of,253,9664,False
cf_10581,known,Windows 3.0 is developed by,9664,9664,True
cf_10581,known,"Microsoft Office 2010, developed by",9664,9664,True
cf_10581,known,"Microsoft Office 2010, a product developed by",9664,9664,True
cf_10581,known,Microsoft Office 2007 is developed by,9664,9664,True
cf_10581,known,"Windows 3.0, a product of",253,9664,False
cf_10581,known,"Windows Media Center, a product of",253,9664,False
cf_10581,known,"Windows Media Center, developed by",9664,9664,True
cf_10581,known,"Windows NT, a product of",253,9664,False
cf_6020,known,Christian Gonon was originally from,253,12300,False
cf_6020,known,Christophe Boutin was originally from,253,7785,False
cf_6020,known,"Louis de Duras, 2nd Earl of Feversham is native to",253,6181,False
cf_6020,known,Charles II de Bourbon-Vendôme was native to,6181,7785,False
cf_6020,known,Christophe Rossignon was originally from,253,7785,False
cf_6020,known,Charles II de Bourbon-Vendôme originates from,253,7785,False
cf_6020,known,Christian Gonon is originally from,253,12300,False
cf_6020,known,Bruno Roger-Petit is originally from,253,7785,False
cf_6020,known,Lucien Poirier originated from,253,7785,False
cf_6020,known,Charles de Broglie was born in,7785,7785,True
cf_12722,known,Willy Maywald expired at,253,8068,False
cf_12722,known,Jean-Baptiste Philibert Vaillant passed away in,7785,7785,True
cf_12722,known,Charles-Antoine Coypel succumbed at,253,7785,False
cf_12722,known,Wilhelm Fröhner lost their life at,253,12911,False
cf_12722,known,Jean-Xavier Lefèvre expired at,253,7785,False
cf_12722,known,Maurice Chevalier succumbed at,253,7785,False
cf_12722,known,Henri Moissan succumbed at,253,7785,False
cf_12722,known,Diane de France died in,1722,7785,False
cf_12722,known,Maurice Chevalier passed away at,253,7785,False
cf_12722,known,Wanda von Sacher-Masoch expired at,253,12911,False
cf_16276,known,"Masashi Kishimoto, who has a citizenship from",4047,4047,True
cf_16276,known,Matsuo Bashō has a citizenship from,4047,4047,True
cf_16276,known,"Ichiro Suzuki, who holds a citizenship from",4047,4047,True
cf_16276,known,"Koji Murofushi, who has a citizenship from",4047,4047,True
cf_16276,known,Takeshi Kitano holds a citizenship from,4047,4047,True
cf_16276,known,"Yosa Buson, who is a citizen of",253,8987,False
cf_16276,known,Kotono Mitsuishi has a citizenship from,4047,4047,True
cf_16276,known,Daisuke Matsuzaka is a citizen of,4047,4047,True
cf_16276,known,"Eiichiro Oda, a citizen of",4047,4047,True
cf_16276,known,"Futabatei Shimei, who has a citizenship from",253,4047,False
cf_14346,known,Royal Exhibition Building and Carlton Gardens is located in,253,21818,False
cf_14346,known,Australia ICOMOS is located in,253,17413,False
cf_14346,known,Where is Hotel Windsor? It is located in,253,42835,False
cf_14346,known,RMIT Gallery is in,253,11988,False
cf_14346,known,route 96 can be found in,253,7758,False
cf_14346,known,Where is Australian Orchid Foundation? It is located in,253,21818,False
cf_14346,known,The location of Jessie McPherson Private Hospital is,4441,37304,False
cf_14346,known,Inner Circle railway line is located in,253,6976,False
cf_14346,known,Where is route 6? It is located in,253,5002,False
cf_14346,known,Where is Hurstbridge railway line? It is located in,253,4693,False
cf_4975,known,Uganda is in,253,7531,False
cf_4975,known,Uganda is located in the continent,273,7531,False
cf_4975,known,"Kenya, in",253,7531,False
cf_4975,known,Mozambique belongs to the continent of,7531,7531,True
cf_4975,known,"Chad, in",253,7758,False
cf_4975,known,Mali belongs to the continent of,7531,7531,True
cf_4975,known,Ghana is located in the continent,273,7531,False
cf_4975,known,Egypt is a part of the continent of,7531,7531,True
cf_4975,known,Tanzania is located in,253,7531,False
cf_4975,known,"Uganda, in",253,7531,False
cf_10788,known,Federal State of Austria's capital city is,253,26229,False
cf_10788,known,First Republic of Austria's capital city is,253,26229,False
cf_10788,known,"Federal State of Austria, which has the capital city",273,26229,False
cf_10788,known,The capital city of Archduchy of Austria is,4441,26229,False
cf_10788,known,The capital city of Austrian Empire is,4441,26229,False
cf_10788,known,"United States of Greater Austria, which has the capital city",273,26229,False
cf_10788,known,The capital city of Federal State of Austria is,4441,26229,False
cf_10788,known,"Habsburg Monarchy, which has the capital city",273,26229,False
cf_10788,known,The capital of Austrian Empire is,4441,26229,False
cf_10788,known,Cisleithania's capital city is,253,13533,False
cf_4803,known,The official language of Yuldybayevo is,7247,7247,True
cf_4803,known,"In Sagitovo, the language spoken is",417,7247,False
cf_4803,known,The law in Nizhnyaya Bikberda declares the language,273,7247,False
cf_4803,known,"In Idyash, the language spoken is",417,7247,False
cf_4803,known,The law in Nizhny Sarabil declares the language,273,7247,False
cf_4803,known,The official language of Bogdanovka is,7247,7247,True
cf_4803,known,The official language of Nizhny Sarabil is,7247,7247,True
cf_4803,known,"In Verkhnyaya Bikberda, they understand",326,7247,False
cf_4803,known,"In Umbetovo, the language spoken is",253,7247,False
cf_4803,known,"In Bishtiryak, they understand",326,4383,False
cf_12952,known,Camp Cucamonga was released on,253,22303,False
cf_12952,known,Medium was originally aired on,253,22303,False
cf_12952,known,The New Normal premieres on,41069,41069,True
cf_12952,known,Law & Order: LA premiered on,22303,22303,True
cf_12952,known,The Count of Monte Cristo was released on,17509,7785,False
cf_12952,known,The Count of Monte Cristo debuted on,27199,7785,False
cf_12952,known,The Count of Monte Cristo is to debut on,41069,7785,False
cf_12952,known,Camp Cucamonga is to debut on,253,27478,False
cf_12952,known,Cartoon All-Stars to the Rescue was originally aired on,253,22303,False
cf_12952,known,NBC Nightly News debuted on,22303,22303,True
cf_16451,known,Jim Thorpe is a professional,16972,19971,False
cf_16451,known,Joe DiMaggio plays,253,14623,False
cf_16451,known,What sport does Ty Cobb play? They play,14623,14623,True
cf_16451,known,Stan Musial plays,247,24455,False
cf_16451,known,Jackie Robinson professionally plays the sport,273,14623,False
cf_16451,known,Chuck Connors is a professional,16972,19971,False
cf_16451,known,Barry Bonds professionally plays the sport,273,14623,False
cf_16451,known,"Yogi Berra, the",15217,14623,False
cf_16451,known,"Yogi Berra, the",15217,14623,False
cf_16451,known,"Roberto Clemente, the",3438,20391,False
cf_2758,known,Malcolm Wicks worked in,253,4693,False
cf_2758,known,Roberta Blackman-Woods worked in,253,4693,False
cf_2758,known,Theresa May worked in,253,4693,False
cf_2758,known,James Brokenshire worked in,253,5041,False
cf_2758,known,Ben Wallace took up work in,253,4693,False
cf_2758,known,Graham Brady found employment in,253,4693,False
cf_2758,known,John Whittingdale used to work in,253,4693,False
cf_2758,known,Graham Brady took up work in,253,4693,False
cf_2758,known,Malcolm Wicks took up work in,253,4693,False
cf_2758,known,James Brokenshire was employed in,253,9693,False
cf_345,known,The mother tongue of Maurice Genevoix is,253,5112,False
cf_345,known,The mother tongue of Jean Auguste Dominique Ingres is,253,5112,False
cf_345,known,Jean Auguste Dominique Ingres is a native speaker of,5112,5112,True
cf_345,known,The mother tongue of Élisée Reclus is,247,5112,False
cf_345,known,The mother tongue of Frédéric Bastiat is,253,5112,False
cf_345,known,"Jean Auguste Dominique Ingres, a native",273,5112,False
cf_345,known,"Jacques Chaban-Delmas, speaker of",253,5112,False
cf_345,known,Robert Schuman is a native speaker of,4383,5112,False
cf_345,known,The mother tongue of Octave Mirbeau is,253,5112,False
cf_345,known,Montesquieu spoke the language,273,5112,False
cf_6843,known,The official religion of Usman ibn Affan is,8033,8033,True
cf_6843,known,Benazir Bhutto is affiliated with the religion,273,8033,False
cf_6843,known,Rasul Gamzatov is follower of,253,8033,False
cf_6843,known,Bashar al-Assad is affiliated with the religion,273,8033,False
cf_6843,known,The official religion of Bashar al-Assad is,8033,8033,True
cf_6843,known,The official religion of Q-Tip is,8033,20242,False
cf_6843,known,saint follows the religion of,253,8033,False
cf_6843,known,The official religion of Rumi is,8033,8033,True
cf_6843,known,Omar Khayyám is follower of,253,8033,False
cf_6843,known,The official religion of Rasul Gamzatov is,8033,8033,True
cf_6001,known,Courtauld Institute of Art's headquarters are in,4693,4693,True
cf_6001,known,The headquarter of Warburg Institute is located in,253,12911,False
cf_6001,known,Aon plc is based in,253,4693,False
cf_6001,known,Warburg Institute is headquartered in,12911,12911,True
cf_6001,known,Association of Chartered Certified Accountants is based in,253,4693,False
cf_6001,known,The headquarters of Warburg Institute is in,253,12911,False
cf_6001,known,"Aon plc, whose headquarters are in",4693,4693,True
cf_6001,known,"Taylor Wimpey, whose headquarters are in",253,4693,False
cf_6001,known,The headquarter of INEOS is in,253,4693,False
cf_6001,known,The headquarter of World ORT is in,253,4693,False
cf_17693,known,economy of Morocco is located in the country of,40983,40983,True
cf_17693,known,"Oriental, in",253,10497,False
cf_17693,known,"Taghazout, which is located in",253,6181,False
cf_17693,known,"Casablanca Prefecture, located in",253,6181,False
cf_17693,known,"National Route 10, which is located in",253,6181,False
cf_17693,known,"Erfoud, which is located in",253,6181,False
cf_17693,known,"National Route 1, which is located in",253,6181,False
cf_17693,known,Sidi Ifni is located in,253,10253,False
cf_17693,known,"National Route 1, located in",253,6181,False
cf_17693,known,Sidi Ifni is located in the country of,473,27325,False
cf_12570,known,1965 Chevrolet Impala SS is developed by,253,49937,False
cf_12570,known,"Chevrolet El Camino (3rd generation), developed by",49937,49937,True
cf_12570,known,Canadian Military Pattern truck is developed by,253,35251,False
cf_12570,known,"Chevrolet Series H, produced by",49937,49937,True
cf_12570,known,Chevrolet Miray is created by,253,49937,False
cf_12570,known,Chevrolet Camaro ZL1 (fifth generation) is developed by,49937,49937,True
cf_12570,known,"Chevrolet Camaro, produced by",4214,49937,False
cf_12570,known,"Chevrolet Series F, created by",49937,49937,True
cf_12570,known,"Chevrolet Tru 140S, produced by",49937,49937,True
cf_12570,known,Canadian Military Pattern truck is a product of,253,24952,False
cf_17500,known,Wii U was a product of,253,26862,False
cf_17500,known,"Donkey Kong, developed by",253,26862,False
cf_17500,known,"Nintendo DS, developed by",26862,26862,True
cf_17500,known,"The Legend of Zelda: A Link to the Past and Four Swords, created by",26862,26862,True
cf_17500,known,Mario Bros. is developed by,253,26862,False
cf_17500,known,Pilotwings 64 was created by,253,9664,False
cf_17500,known,The Legend of Zelda is created by,253,26862,False
cf_17500,known,"The Legend of Zelda: Ocarina of Time, created by",26862,26862,True
cf_17500,known,New Super Mario Bros. was created by,26862,26862,True
cf_17500,known,The Legend of Zelda is developed by,26862,26862,True
cf_7932,known,Margherita Buy is originally from,253,27850,False
cf_7932,known,Giorgio de Santillana was born in,253,12300,False
cf_7932,known,John XII was native to,253,12300,False
cf_7932,known,Muzio Clementi is native to,253,12300,False
cf_7932,known,Adrian II originated from,253,12300,False
cf_7932,known,Paolo Portoghesi is originally from,253,27850,False
cf_7932,known,Felix III was born in,253,12300,False
cf_7932,known,Benedict IX is originally from,253,12300,False
cf_7932,known,Jacopo Peri is originally from,253,27850,False
cf_7932,known,Benedict III is native to,253,12300,False
cf_4316,known,Edgar Wind died in the city of,1457,8068,False
cf_4316,known,Johann Peter Salomon expired at,253,26229,False
cf_4316,known,August Wilhelmj succumbed at,253,12911,False
cf_4316,known,Sybille Bedford passed away at,253,7785,False
cf_4316,known,Anna Freud passed away in,247,26229,False
cf_4316,known,Rolf Dieter Brinkmann's life ended in,247,12911,False
cf_4316,known,"Ezekiel, Freiherr von Spanheim lost their life at",253,12911,False
cf_4316,known,Rolf Dieter Brinkmann died in the city of,399,12911,False
cf_4316,known,Georg Dionysius Ehret passed away in,247,12300,False
cf_4316,known,"Ezekiel, Freiherr von Spanheim died in",253,12911,False
cf_7236,known,"Nitobe Inazō, who is a citizen of",4047,4047,True
cf_7236,known,"Hideaki Anno, who holds a citizenship from",4047,4047,True
cf_7236,known,Hideaki Anno holds a citizenship from,4047,4047,True
cf_7236,known,"Fujiko F. Fujio, who is a citizen of",4047,4047,True
cf_7236,known,Eiichiro Oda has a citizenship from,4047,4047,True
cf_7236,known,"Masashi Kishimoto, who has a citizenship from",4047,4047,True
cf_7236,known,"Hisashi Inoue, who is a citizen of",4047,4047,True
cf_7236,known,Hisashi Inoue holds a citizenship from,4047,4047,True
cf_7236,known,"Nitobe Inazō, a citizen of",4047,4047,True
cf_7236,known,"Ichiro Suzuki, who has a citizenship from",253,4047,False
cf_1291,known,The location of Beulah Heights University is,275,5002,False
cf_1291,known,Office of Public Health Genomics is located in,253,14296,False
cf_1291,known,International Society for Influenza and other Respiratory Virus Diseases is located in,253,13533,False
cf_1291,known,The location of Captain Planet Foundation is,275,14296,False
cf_1291,known,Community Foundation for Greater Atlanta is in,253,18267,False
cf_1291,known,Where is Goizueta Foundation? It is located in,253,17413,False
cf_1291,known,The location of Office of Public Health Preparedness and Response is,4441,18267,False
cf_1291,known,CURE Childhood Cancer can be found in,253,7758,False
cf_1291,known,The location of Association of American State Geologists is,275,8068,False
cf_1291,known,Georgia Space Grant Consortium can be found in,253,18267,False
cf_15111,known,Esla is in,253,14307,False
cf_15111,known,Esla is located in the continent,273,3060,False
cf_15111,known,Titlis is located in the continent,273,7531,False
cf_15111,known,Pizzo Tambò is in,253,9972,False
cf_15111,known,Dents du Midi is located in,253,6181,False
cf_15111,known,Volkhov is a part of the continent of,3060,3060,True
cf_15111,known,Finsteraarhorn is a part of the continent of,3060,3060,True
cf_15111,known,Mount Pilatus belongs to the continent of,7531,3060,False
cf_15111,known,Wildhorn belongs to the continent of,3729,7531,False
cf_15111,known,Soviet Union is a part of the continent of,3060,3060,True
cf_16864,known,"In United Kingdom, they understand",326,4383,False
cf_16864,known,"In Fiji, an official language is",253,4383,False
cf_16864,known,"In Australia, an official language is",253,4383,False
cf_16864,known,"In Canada, the language spoken is",4383,4383,True
cf_16864,known,The official language of Belize is,4383,4383,True
cf_16864,known,"In Trinidad and Tobago, an official language is",253,4383,False
cf_16864,known,The official language of Papua New Guinea is,253,43113,False
cf_16864,known,"In South Africa, they understand",326,4383,False
cf_16864,known,"In Kenya, the language spoken is",253,4383,False
cf_16864,known,"In Belize, an official language is",13452,4383,False
cf_3962,known,Veep debuted on,253,27478,False
cf_3962,known,Girls premieres on,253,22303,False
cf_3962,known,The Sopranos was originally aired on,41069,41069,True
cf_3962,known,Stalin is to debut on,253,22303,False
cf_3962,known,Conspiracy debuted on,253,22303,False
cf_3962,known,Rome debuted on,253,22303,False
cf_3962,known,Game of Thrones is to debut on,41069,41069,True
cf_3962,known,Conspiracy was originally aired on,253,21946,False
cf_3962,known,Six Feet Under premiered on,253,41069,False
cf_3962,known,Sesame Street premieres on,253,22303,False
cf_4433,known,What sport does Bastian Schweinsteiger play? They play,5842,20391,False
cf_4433,known,Tim Howard is a professional,8406,19971,False
cf_4433,known,What sport does Thierry Henry play? They play,5842,20391,False
cf_4433,known,What sport does Ashley Cole play? They play,5842,20391,False
cf_4433,known,Frank Lampard plays,323,20391,False
cf_4433,known,Steven Gerrard professionally plays the sport,273,20391,False
cf_4433,known,Thierry Henry is a professional,31926,20391,False
cf_4433,known,Tim Howard plays,253,24455,False
cf_4433,known,"David Villa, the",3438,20391,False
cf_4433,known,Nigel de Jong plays,253,19971,False
cf_821,known,Barbara Kudrycka used to work in,253,40431,False
cf_821,known,Andrzej Schinzel worked in,253,32000,False
cf_821,known,Lena Kolarska-Bobińska worked in,253,40431,False
cf_821,known,Jan Czochralski used to work in,253,40431,False
cf_821,known,Józef Boruwłaski found employment in,253,26229,False
cf_821,known,Barbara Kudrycka worked in the city of,611,40431,False
cf_821,known,Mieczysław Karłowicz was employed in,253,40431,False
cf_821,known,Jerzy Szmajdziński found employment in,253,40431,False
cf_821,known,Marcin Libicki used to work in,253,40431,False
cf_821,known,Georg Gebel worked in,253,12911,False
cf_7955,known,The native language of Henri Barbusse is,5112,5112,True
cf_7955,known,Jean Auguste Dominique Ingres is a native speaker of,5112,5112,True
cf_7955,known,Jean-Luc Picard is a native speaker of,5112,5112,True
cf_7955,known,"Georges Duhamel, speaker of",253,5112,False
cf_7955,known,Michel Rocard spoke the language,273,5112,False
cf_7955,known,Octave Mirbeau is a native speaker of,5112,5112,True
cf_7955,known,Melchior de Vogüé spoke the language,273,5112,False
cf_7955,known,Jean Auguste Dominique Ingres spoke the language,273,5112,False
cf_7955,known,"Montesquieu, a native",273,5112,False
cf_7955,known,The native language of Montesquieu is,5112,5112,True
cf_15284,known,Rumi follows the religion of,253,8033,False
cf_15284,known,Omar Khayyám is follower of,253,8033,False
cf_15284,known,Rasul Gamzatov is follower of,253,8033,False
cf_15284,known,Usman ibn Affan is follower of,253,8033,False
cf_15284,known,The official religion of Benazir Bhutto is,8033,8033,True
cf_15284,known,Rumi is follower of,253,8033,False
cf_15284,known,Q-Tip is follower of,253,35702,False
cf_15284,known,Hema Malini is follower of,253,8033,False
cf_15284,known,The official religion of Mos Def is,253,8033,False
cf_15284,known,The official religion of Mehmed the Conqueror is,8033,8033,True
cf_8621,known,The headquarter of Home Office is in,253,4693,False
cf_8621,known,World ORT is headquartered in,253,4693,False
cf_8621,known,The headquarters of Marks & Spencer is in,253,4693,False
cf_8621,known,The headquarters of Royal Astronomical Society is in,11988,11988,True
cf_8621,known,The headquarters of Warburg Institute is in,253,12911,False
cf_8621,known,INEOS is based in,253,24639,False
cf_8621,known,"Royal Astronomical Society, whose headquarters are in",11988,11988,True
cf_8621,known,The headquarter of Courtauld Institute of Art is located in,253,4693,False
cf_8621,known,"Eidos Interactive, whose headquarters are in",253,41813,False
cf_8621,known,The headquarter of Warburg Institute is in,253,12911,False
cf_4393,known,"Fagersta Municipality, which is located in",253,20341,False
cf_4393,known,Hallstahammar Municipality is located in the country of,16842,20341,False
cf_4393,known,"Skellefteå, located in",253,38476,False
cf_4393,known,"SKF, in",253,12911,False
cf_4393,known,"Skellefteå, in",1850,16842,False
cf_4393,known,"Lidingö, located in",253,16842,False
cf_4393,known,"Stockholm Central Station, in",253,38476,False
cf_4393,known,Upplands Väsby is located in,253,16842,False
cf_4393,known,"Landskrona, which is located in",253,16842,False
cf_4393,known,Kungsör Municipality is located in,253,16842,False
cf_15961,known,Chevrolet Volt is produced by,4214,49937,False
cf_15961,known,1965 Chevrolet Impala SS is a product of,253,49937,False
cf_15961,known,Daytona 500 is a product of,253,49937,False
cf_15961,known,"Chevrolet Camaro ZL1 (fifth generation), developed by",49937,49937,True
cf_15961,known,Chevrolet Series F is a product of,253,49937,False
cf_15961,known,"Chevrolet Chevy 500, developed by",253,49937,False
cf_15961,known,"Chevrolet Camaro, created by",253,49937,False
cf_15961,known,Chevrolet Series H is produced by,49937,49937,True
cf_15961,known,"M6 Bomb Truck, developed by",253,35251,False
cf_15961,known,"Chevrolet Constantia, developed by",253,49937,False
cf_6287,known,"Windows 9x, a product created by",9664,9664,True
cf_6287,known,Windows 9x was created by,9664,9664,True
cf_6287,known,Xenix is developed by,253,9664,False
cf_6287,known,JScript is created by,253,16872,False
cf_6287,known,"ASP.NET MVC Framework, developed by",9664,9664,True
cf_6287,known,"Microsoft Office 2010, a product created by",9664,9664,True
cf_6287,known,"Windows NT, created by",9664,9664,True
cf_6287,known,"Windows 3.0, created by",253,9664,False
cf_6287,known,Windows 9x was a product of,253,9664,False
cf_6287,known,"Windows Embedded Compact, a product developed by",253,9664,False
cf_18226,known,Yūji Takahashi originates from,253,17413,False
cf_18226,known,Hanayo is native to,253,43949,False
cf_18226,known,Oji Hiroi was originally from,4047,17413,False
cf_18226,known,Sho Kosugi was native to,253,17413,False
cf_18226,known,Satoko Fujii was born in,17413,17413,True
cf_18226,known,Monday Michiru was native to,253,17413,False
cf_18226,known,Yūji Takahashi is originally from,4047,17413,False
cf_18226,known,Taku Miki was native to,253,17413,False
cf_18226,known,Seira Kagami was native to,253,17413,False
cf_18226,known,Tetsurō Oda originated from,253,41951,False
cf_9178,known,"Sania Mirza, who is a citizen of",253,7422,False
cf_9178,known,Kirron Kher holds a citizenship from,5427,6144,False
cf_9178,known,Rajneesh has a citizenship from,5427,5427,True
cf_9178,known,"Sarvepalli Radhakrishnan, a citizen of",5427,5427,True
cf_9178,known,"Kajol, who holds a citizenship from",253,25270,False
cf_9178,known,Zakir Hussain holds a citizenship from,13115,13115,True
cf_9178,known,"Kirron Kher, a citizen of",253,22075,False
cf_9178,known,Mahasweta Devi is a citizen of,5427,5427,True
cf_9178,known,"Mohammed Rafi, who has a citizenship from",253,13115,False
cf_9178,known,Sarvepalli Radhakrishnan holds a citizenship from,5427,5427,True
cf_18419,known,Where is Santi Bonifacio e Alessio? It is located in,253,46287,False
cf_18419,known,Castro Pretorio is located in,253,8987,False
cf_18419,known,The location of Palazzo Altemps is,247,27850,False
cf_18419,known,The location of Teatro dell'Opera di Roma is,247,12300,False
cf_18419,known,The location of Palazzo Braschi is,247,27850,False
cf_18419,known,Centrale Montemartini can be found in,253,12300,False
cf_18419,known,Where is Circus Flaminius? It is located in,253,12300,False
cf_18419,known,Sant'Eustachio is located in,253,9972,False
cf_18419,known,Where is Cesano? It is located in,253,9972,False
cf_18419,known,Centrale Montemartini is located in,253,12300,False
cf_17534,known,Wildstrubel is a part of the continent of,3060,3060,True
cf_17534,known,Lleida is located in,253,24084,False
cf_17534,known,Titlis is located in the continent,273,7531,False
cf_17534,known,Finsteraarhorn is located in,253,22785,False
cf_17534,known,Bös Fulen belongs to the continent of,7531,10497,False
cf_17534,known,"Rheinwaldhorn, in",253,6176,False
cf_17534,known,Weisshorn is located in the continent,273,3060,False
cf_17534,known,Aletschhorn is located in,253,18908,False
cf_17534,known,Aletschhorn is a part of the continent of,3060,3060,True
cf_17534,known,"Brienzer Rothorn, in",253,24455,False
cf_12868,known,The law in Norrbotten County declares the language,273,19688,False
cf_12868,known,"In Botkyrka Municipality, the language spoken is",7247,7247,True
cf_12868,known,"In Russian Empire, the language spoken is",7247,7247,True
cf_12868,known,"In Solna Municipality, the language spoken is",7247,19688,False
cf_12868,known,"In Gothenburg Municipality, they understand",326,19688,False
cf_12868,known,"In Helsinki, the language spoken is",36090,36090,True
cf_12868,known,"In Turku, the language spoken is",36090,36090,True
cf_12868,known,"In University of Helsinki, they understand",326,36090,False
cf_12868,known,The official language of Stockholm is,19688,19688,True
cf_12868,known,The law in Västerås Municipality declares the language,273,19688,False
cf_7912,known,CBS News debuted on,253,21946,False
cf_7912,known,Without a Trace was released on,253,17509,False
cf_7912,known,The Beverly Hillbillies was released on,17509,21946,False
cf_7912,known,Salem's Lot premiered on,27199,22303,False
cf_7912,known,The Young and the Restless premieres on,41069,41069,True
cf_7912,known,The Young and the Restless was originally aired on,253,22303,False
cf_7912,known,Latin Grammy Awards was released on,4565,22303,False
cf_7912,known,Late Show with David Letterman was originally aired on,22303,22303,True
cf_7912,known,The Agency premieres on,253,22303,False
cf_7912,known,"Murder, She Wrote debuted on",253,21946,False
cf_5475,known,"O. J. Simpson, the",3438,14648,False
cf_5475,known,"Terry Crews, the",3438,5842,False
cf_5475,known,Carl Weathers plays,247,24455,False
cf_5475,known,Bill Goldberg is a professional,8406,14623,False
cf_5475,known,"Bill Goldberg, the",3438,24455,False
cf_5475,known,Bernie Casey professionally plays the sport,273,14623,False
cf_5475,known,Terry Crews plays,247,5842,False
cf_5475,known,What sport does Terry Crews play? They play,5842,20391,False
cf_5475,known,Bill Goldberg plays,253,24455,False
cf_5475,known,Dean Cain plays,247,24455,False
cf_9099,known,Peter Bottomley took up work in,253,4693,False
cf_9099,known,Hazel Blears was employed in,253,4693,False
cf_9099,known,Tom Watson worked in,253,4693,False
cf_9099,known,Ben Wallace used to work in,253,4693,False
cf_9099,known,Theresa May used to work in,253,4693,False
cf_9099,known,Ben Bradshaw worked in,253,4693,False
cf_9099,known,Clive Betts was employed in,253,4693,False
cf_9099,known,"Clementine Churchill, Baroness Spencer-Churchill was employed in",253,4693,False
cf_9099,known,Clive Betts took up work in,253,4693,False
cf_9099,known,Ben Wallace was employed in,253,4693,False
cf_763,known,"Jean Auguste Dominique Ingres, a native",273,5112,False
cf_763,known,Octave Mirbeau is a native speaker of,5112,5112,True
cf_763,known,"Léon Blum, speaker of",253,5112,False
cf_763,known,The native language of Jean-Luc Picard is,5112,5112,True
cf_763,known,Ferdinand de Saussure is a native speaker of,5112,5112,True
cf_763,known,"François Bayrou, a native",273,5112,False
cf_763,known,The native language of Octave Mirbeau is,5112,5112,True
cf_763,known,Jean Auguste Dominique Ingres is a native speaker of,5112,5112,True
cf_763,known,"Jacques Chaban-Delmas, a native",273,5112,False
cf_763,known,The mother tongue of Élisée Reclus is,247,5112,False
cf_7980,known,Mos Def is follower of,253,8033,False
cf_7980,known,Dave Chappelle is affiliated with the religion,273,43506,False
cf_7980,known,The official religion of Omar Khayyám is,8033,8033,True
cf_7980,known,Johann Ludwig Burckhardt is affiliated with the religion,273,20242,False
cf_7980,known,Rasul Gamzatov is affiliated with the religion,273,8033,False
cf_7980,known,Hema Malini is follower of,253,8033,False
cf_7980,known,Rasul Gamzatov is follower of,253,8033,False
cf_7980,known,Rumi is follower of,253,8033,False
cf_7980,known,The official religion of Mehmed the Conqueror is,8033,8033,True
cf_7980,known,The official religion of Alī ibn Abī Ṭālib is,253,8033,False
cf_19671,known,The headquarter of Morgan State University Department of Psychology is located in,253,15812,False
cf_19671,known,The headquarter of Loyola University Maryland Department of Psychology is located in,19585,15812,False
cf_19671,known,The headquarters of Morgan State University Department of Behavioral Health Sciences is in,253,15812,False
cf_19671,known,Morgan State University College of Liberal Arts's headquarters are in,253,12746,False
cf_19671,known,The headquarters of Morgan State University Department of Psychology is in,253,13533,False
cf_19671,known,The headquarters of Morgan State University School of Community Health and Policy is in,253,13533,False
cf_19671,known,"Morgan State University Department of Advanced Studies Leadership and Policy, whose headquarters are in",253,37805,False
cf_19671,known,Morgan State University College of Liberal Arts is based in,253,12746,False
cf_19671,known,The headquarters of Johns Hopkins University Department of Teacher Preparation is in,19585,19585,True
cf_19671,known,Johns Hopkins University Department of the History of Science and Technology's headquarters are in,253,4693,False
cf_726,known,Lanciano is located in the country of,9972,9972,True
cf_726,known,"Rovigo, located in",253,10869,False
cf_726,known,Grosseto is located in the country of,308,9972,False
cf_726,known,Livorno is located in the country of,308,9972,False
cf_726,known,"Grosseto, which is located in",253,9972,False
cf_726,known,"Terni, which is located in",253,9972,False
cf_726,known,"Belluno, located in",253,9972,False
cf_726,known,Reggio Calabria is located in the country of,34970,9972,False
cf_726,known,"Reggio Calabria, located in",253,9972,False
cf_726,known,"Italian Grand Prix, located in",253,22785,False
cf_10778,known,"Microsoft Display Dock, developed by",9664,8217,False
cf_10778,known,"Zune, produced by",22645,22645,True
cf_10778,known,"Surface Book, produced by",253,8217,False
cf_10778,known,"Microsoft HoloLens, created by",9664,9664,True
cf_10778,known,"Microsoft Display Dock, created by",9664,9664,True
cf_10778,known,Windows 8 is created by,9664,9664,True
cf_10778,known,Windows 10 Mobile is a product of,253,9664,False
cf_10778,known,Surface Studio is produced by,253,22645,False
cf_10778,known,Windows Vista is produced by,9664,9664,True
cf_10778,known,"Windows Phone 7.x, produced by",9664,9664,True
cf_9732,known,Windows 3.1 is created by,253,9664,False
cf_9732,known,"Windows NT, a product of",253,9664,False
cf_9732,known,ASP.NET MVC Framework is created by,9664,9664,True
cf_9732,known,Windows NT was a product of,253,9664,False
cf_9732,known,"Microsoft Office 2010, created by",9664,9664,True
cf_9732,known,"Visual Basic for Applications, developed by",9664,9664,True
cf_9732,known,"Visual Basic for Applications, a product manufactured by",9664,9664,True
cf_9732,known,"Microsoft Surface, a product manufactured by",9664,9664,True
cf_9732,known,F# is a product of,253,9664,False
cf_9732,known,"Xenix, developed by",253,9664,False
cf_12050,known,Alexander Suvorov was originally from,253,16496,False
cf_12050,known,Marat Safin is originally from,253,8068,False
cf_12050,known,Wladimir Vogel originated from,253,40431,False
cf_12050,known,Alexander Alekhine was originally from,253,16496,False
cf_12050,known,Anna Petrovna of Russia is native to,253,16496,False
cf_12050,known,Vasily Papin originated from,253,16496,False
cf_12050,known,Leonid Hurwicz originates from,253,16496,False
cf_12050,known,Leonid Hurwicz was born in,253,16496,False
cf_12050,known,Wladimir Vogel was born in,253,40431,False
cf_12050,known,Yury Luzhkov was native to,253,16496,False
cf_6932,known,"Masashi Kishimoto, a citizen of",4047,4047,True
cf_6932,known,"Hisashi Inoue, who is a citizen of",4047,4047,True
cf_6932,known,"Hisashi Inoue, who holds a citizenship from",4047,4047,True
cf_6932,known,"Juju, a citizen of",253,10869,False
cf_6932,known,"Shigeru Miyamoto, who holds a citizenship from",4047,4047,True
cf_6932,known,"Ichiro Suzuki, who is a citizen of",4047,4047,True
cf_6932,known,Nitobe Inazō holds a citizenship from,4047,4047,True
cf_6932,known,Masato Harada has a citizenship from,4047,4047,True
cf_6932,known,Yosa Buson has a citizenship from,253,8987,False
cf_6932,known,"Nitobe Inazō, who holds a citizenship from",4047,4047,True
cf_962,known,Where is Jabal Hamzah ballistic missile test and launch facility? It is located in,253,16158,False
cf_962,known,Ampeteios School can be found in,253,27411,False
cf_962,known,Higher Institute of Engineering is located in,253,12911,False
cf_962,known,"The location of Zewail City of Science, Technology and Innovation is",247,34992,False
cf_962,known,Downtown Contemporary Arts Festival D-CAF is in,2120,8068,False
cf_962,known,Berberian School is located in,253,46287,False
cf_962,known,Where is El Asher University? It is located in,253,6112,False
cf_962,known,The location of Berberian school is,417,7785,False
cf_962,known,Ampeteios School is located in,253,27411,False
cf_962,known,Egyptian Petroleum Research Institute can be found in,253,37068,False
cf_10454,known,Israel is in,253,3060,False
cf_10454,known,Iran is in,253,16111,False
cf_10454,known,Turkey is located in the continent,273,3060,False
cf_10454,known,Israel belongs to the continent of,7531,10497,False
cf_10454,known,Saudi Arabia belongs to the continent of,7531,10497,False
cf_10454,known,People's Republic of China is located in the continent,273,10497,False
cf_10454,known,Saudi Arabia is in,253,10497,False
cf_10454,known,"Turkey, in",253,3060,False
cf_10454,known,Georgia is located in the continent,273,7531,False
cf_10454,known,Georgia belongs to the continent of,7531,10497,False
cf_6961,known,"In Idyash, they understand",326,4383,False
cf_6961,known,The official language of Bogdanovka is,7247,7247,True
cf_6961,known,"In Kalininsky, the language spoken is",417,7247,False
cf_6961,known,The law in Akdavletovo declares the language,273,7247,False
cf_6961,known,"In Verkhnyaya Bikberda, the language spoken is",7247,7247,True
cf_6961,known,"In Maloye Baydavletovo, the language spoken is",247,7247,False
cf_6961,known,The law in Bishtiryak declares the language,273,31534,False
cf_6961,known,"In Verkhnyaya Bikberda, an official language is",13452,7247,False
cf_6961,known,"In Akdavletovo, the language spoken is",417,7247,False
cf_6961,known,"In Nizhnyaya Bikberda, an official language is",13452,7247,False
cf_8259,known,Awake debuted on,253,21946,False
cf_8259,known,Awake premiered on,253,22303,False
cf_8259,known,Freaks and Geeks debuted on,253,21946,False
cf_8259,known,Freaks and Geeks was originally aired on,253,21946,False
cf_8259,known,Camp Cucamonga was released on,253,22303,False
cf_8259,known,Patterns of Force premiered on,27199,22303,False
cf_8259,known,"Friends, season 7 is to debut on",25456,15501,False
cf_8259,known,Noah's Ark premiered on,27199,22303,False
cf_8259,known,"Friends, season 7 debuted on",25456,41069,False
cf_8259,known,Jeopardy! was released on,253,21946,False
cf_16790,known,Jean Béliveau plays,323,19971,False
cf_16790,known,Dennis Seidenberg professionally plays the sport,273,19971,False
cf_16790,known,Ivan Hlinka is a professional,6749,19971,False
cf_16790,known,What sport does Wayne Gretzky play? They play,19971,19971,True
cf_16790,known,"Alexander Ovechkin, the",5041,22037,False
cf_16790,known,Maurice Richard is a professional,8406,31926,False
cf_16790,known,Gordie Howe plays,253,19971,False
cf_16790,known,"Dennis Seidenberg, the",3438,19971,False
cf_16790,known,Bobby Orr is a professional,8406,19971,False
cf_16790,known,What sport does Jaromír Jágr play? They play,5842,20391,False
cf_10046,known,Napoleon III was employed in,253,7785,False
cf_10046,known,Giuseppe Garibaldi found employment in,253,27850,False
cf_10046,known,Henri Matisse was employed in,253,7785,False
cf_10046,known,James Joyce was employed in,253,24523,False
cf_10046,known,Victor Hugo took up work in,253,7785,False
cf_10046,known,Gustave Doré took up work in,253,7785,False
cf_10046,known,Vincent van Gogh took up work in,253,7785,False
cf_10046,known,Peter Paul Rubens worked in the city of,4693,4693,True
cf_10046,known,Denis Diderot worked in,253,7785,False
cf_10046,known,Andy Warhol took up work in,253,7785,False
cf_182,known,"Jacques Chaban-Delmas, speaker of",253,5112,False
cf_182,known,The mother tongue of Maurice Genevoix is,253,5112,False
cf_182,known,The mother tongue of Octave Mirbeau is,253,5112,False
cf_182,known,"Ferdinand de Saussure, speaker of",253,5112,False
cf_182,known,Henri Barbusse is a native speaker of,5112,5112,True
cf_182,known,Georges Duhamel spoke the language,273,5112,False
cf_182,known,The native language of Michel Rocard is,5112,5112,True
cf_182,known,"Louis Antoine de Saint-Just, a native",273,5112,False
cf_182,known,Élisée Reclus spoke the language,273,5112,False
cf_182,known,"Jean-Baptiste Say, speaker of",253,5112,False
cf_10520,known,Malcolm X follows the religion of,521,8033,False
cf_10520,known,The official religion of saint is,253,8033,False
cf_10520,known,The official religion of Hema Malini is,253,35702,False
cf_10520,known,saint is affiliated with the religion,273,43506,False
cf_10520,known,Rasul Gamzatov is affiliated with the religion,273,8033,False
cf_10520,known,Q-Tip is affiliated with the religion,273,35702,False
cf_10520,known,Abd al-Malik ibn Marwan is follower of,253,8033,False
cf_10520,known,Benazir Bhutto is affiliated with the religion,273,8033,False
cf_10520,known,Rumi follows the religion of,253,8033,False
cf_10520,known,Averroes follows the religion of,253,8033,False
cf_15275,known,Australian Broadcasting Corporation's headquarters are in,253,4693,False
cf_15275,known,"Maronite Eparchy of Saint Maron of Sydney, whose headquarters are in",17361,17361,True
cf_15275,known,"Atlassian, whose headquarters are in",253,4693,False
cf_15275,known,Lendlease Group's headquarters are in,253,4693,False
cf_15275,known,"Roman Catholic Diocese of Broken Bay, whose headquarters are in",253,22126,False
cf_15275,known,George Russell & Unwin's headquarters are in,253,4693,False
cf_15275,known,The headquarters of University of Sydney is in,253,17361,False
cf_15275,known,The headquarter of Optus is in,17361,21818,False
cf_15275,known,Australian Broadcasting Corporation is based in,253,4693,False
cf_15275,known,Football Federation Australia is headquartered in,21818,17361,False
cf_353,known,Dortmund is located in,253,6176,False
cf_353,known,"Weinsberg, in",253,22785,False
cf_353,known,Saarland is located in the country of,253,22785,False
cf_353,known,Uetersen is located in the country of,16842,16842,True
cf_353,known,Free Hanseatic City of Bremen is located in the country of,378,6176,False
cf_353,known,"Wanfried, located in",253,6176,False
cf_353,known,"Eschwege, in",253,6176,False
cf_353,known,Weinsberg is located in the country of,253,6176,False
cf_353,known,"Hesse, located in",253,6176,False
cf_353,known,Felsberg is located in,253,22783,False
cf_6861,known,Suzuki RE5 is a product of,253,47848,False
cf_6861,known,Toyota Starlet is created by,253,32714,False
cf_6861,known,Suzuki Aerio is created by,253,47848,False
cf_6861,known,Suzuki Cervo is developed by,253,47848,False
cf_6861,known,"Suzuki GT750, developed by",47848,47848,True
cf_6861,known,Suzuki Lapin is a product of,253,25853,False
cf_6861,known,Suzuki Alto is a product of,253,47848,False
cf_6861,known,Toyota Starlet is developed by,32714,32714,True
cf_6861,known,"Suzuki Twin, developed by",253,47848,False
cf_6861,known,Suzuki Escudo is a product of,253,47848,False
cf_2794,known,Windows 3.1 was created by,253,9664,False
cf_2794,known,"Windows 2000, developed by",9664,9664,True
cf_2794,known,"ASP.NET MVC Framework, a product developed by",9664,9664,True
cf_2794,known,Microsoft Office 2007 is developed by,9664,9664,True
cf_2794,known,Microsoft Silverlight was developed by,9664,9664,True
cf_2794,known,Windows Media Center was a product of,253,9664,False
cf_2794,known,"Microsoft Silverlight, developed by",9664,9664,True
cf_2794,known,Microsoft Office 2007 is a product of,9664,9664,True
cf_2794,known,"Windows Embedded Compact, a product developed by",253,9664,False
cf_2794,known,Microsoft Office 2010 was developed by,9664,9664,True
cf_18440,known,Jarkko Nieminen has a citizenship from,25270,25270,True
cf_18440,known,"Curt Lincoln, who is a citizen of",253,253,True
cf_18440,known,"Kimi Räikkönen, who is a citizen of",25270,25270,True
cf_18440,known,"Johanna Hyöty, who is a citizen of",25270,16842,False
cf_18440,known,"Emma Laine, who holds a citizenship from",253,6144,False
cf_18440,known,"Essi Laine, who holds a citizenship from",253,6181,False
cf_18440,known,Katariina Tuohimaa holds a citizenship from,253,25270,False
cf_18440,known,"Kimi Räikkönen, a citizen of",25270,25270,True
cf_18440,known,Harri Heliövaara has a citizenship from,25270,25270,True
cf_18440,known,"Ella Leivo, who has a citizenship from",253,16842,False
cf_13655,known,Where is 2015 Australian Open? It is located in,21818,21818,True
cf_13655,known,Melbourne Athenaeum is in,253,21818,False
cf_13655,known,Hellenic Museum can be found in,253,27411,False
cf_13655,known,RMIT Gallery is in,253,11988,False
cf_13655,known,College of Intensive Care Medicine is located in,253,8068,False
cf_13655,known,College of Intensive Care Medicine is in,253,8068,False
cf_13655,known,Vision Australia is located in,253,21818,False
cf_13655,known,John Monash Science School is located in,253,11988,False
cf_13655,known,2014 Australian Open is in,253,21818,False
cf_13655,known,Vision Australia is in,253,6976,False
cf_3294,known,Bös Fulen belongs to the continent of,7531,10497,False
cf_3294,known,Finsteraarhorn belongs to the continent of,7531,3060,False
cf_3294,known,Esla is a part of the continent of,7531,10497,False
cf_3294,known,Volkhov belongs to the continent of,3060,3060,True
cf_3294,known,Rheinwaldhorn is located in,253,6176,False
cf_3294,known,Dents du Midi is a part of the continent of,7531,7531,True
cf_3294,known,Säntis is a part of the continent of,7531,10497,False
cf_3294,known,"Weisshorn, in",521,6176,False
cf_3294,known,"Säntis, in",570,22785,False
cf_3294,known,Aletschhorn is a part of the continent of,3060,3060,True
cf_3791,known,"In Barbados, an official language is",253,4383,False
cf_3791,known,"In Solomon Islands, the language spoken is",1925,4383,False
cf_3791,known,"In South Africa, they understand",326,4383,False
cf_3791,known,"In Vanuatu, the language spoken is",1925,4383,False
cf_3791,known,"In Fiji, the language spoken is",401,4383,False
cf_3791,known,The official language of European Union is,4383,5112,False
cf_3791,known,The law in India declares the language,273,34861,False
cf_3791,known,The official language of Fiji is,401,4383,False
cf_3791,known,"In Papua New Guinea, they understand",326,4383,False
cf_3791,known,"In Papua New Guinea, the language spoken is",17206,4383,False
cf_729,known,Cold War debuted on,253,22303,False
cf_729,known,New Day with John Berman and Brianna Keilar is to debut on,253,49244,False
cf_729,known,Early Start is to debut on,253,27478,False
cf_729,known,Larry King Live was released on,253,7315,False
cf_729,known,Inside Politics with John King was originally aired on,253,13626,False
cf_729,known,The Situation Room premieres on,41069,22303,False
cf_729,known,Inside Politics with John King premiered on,13626,16098,False
cf_729,known,Anderson Cooper 360° is to debut on,253,27478,False
cf_729,known,Early Start debuted on,253,22303,False
cf_729,known,Anderson Cooper 360° premiered on,253,22303,False
cf_5843,known,O. J. Simpson is a professional,27799,5842,False
cf_5843,known,Dean Cain is a professional,14623,14648,False
cf_5843,known,"Pat Tillman, the",3438,22385,False
cf_5843,known,Bubba Smith is a professional,14623,5842,False
cf_5843,known,What sport does Otto Graham play? They play,247,19971,False
cf_5843,known,What sport does Bubba Smith play? They play,5842,5842,True
cf_5843,known,What sport does Tom Brady play? They play,5842,5842,True
cf_5843,known,"Terry Crews, the",3438,5842,False
cf_5843,known,Drew Brees is a professional,5842,5842,True
cf_5843,known,"Otto Graham, the",806,24455,False
cf_15746,known,Meir Amit found employment in,253,17913,False
cf_15746,known,S. Yizhar worked in,253,17913,False
cf_15746,known,Gila Gamliel was employed in,253,9693,False
cf_15746,known,André-Jean Festugière found employment in,253,7785,False
cf_15746,known,Tzipi Hotovely used to work in,253,34992,False
cf_15746,known,Meir Amit worked in the city of,427,17913,False
cf_15746,known,Tommy Lapid was employed in,253,4693,False
cf_15746,known,Moshe Arens worked in,253,17913,False
cf_15746,known,Merav Michaeli found employment in,253,16496,False
cf_15746,known,Tommy Lapid took up work in,253,4693,False
cf_1160,known,The native language of Vladimir Smirnov is,7247,7247,True
cf_1160,known,The native language of Lev Gumilyov is,7247,7247,True
cf_1160,known,The native language of Nicholas I of Russia is,7247,7247,True
cf_1160,known,"Ayn Rand, a native",273,273,True
cf_1160,known,The mother tongue of Alexander III of Russia is,253,7247,False
cf_1160,known,The native language of Yury Luzhkov is,7247,7247,True
cf_1160,known,El Lissitzky is a native speaker of,4383,5112,False
cf_1160,known,The mother tongue of Vladimir Mayakovsky is,253,7247,False
cf_1160,known,"Lev Landau, speaker of",253,7247,False
cf_1160,known,Boris Akunin spoke the language,273,7247,False
cf_16122,known,Alī ibn Abī Ṭālib is affiliated with the religion,273,8033,False
cf_16122,known,Yasser Arafat is follower of,253,8033,False
cf_16122,known,Johann Ludwig Burckhardt is follower of,253,20242,False
cf_16122,known,Alī ibn Abī Ṭālib follows the religion of,253,8033,False
cf_16122,known,The official religion of Mohammed Ali is,253,8033,False
cf_16122,known,The official religion of Rasul Gamzatov is,8033,8033,True
cf_16122,known,Dave Chappelle is follower of,253,35702,False
cf_16122,known,Q-Tip follows the religion of,253,8033,False
cf_16122,known,Omar Khayyám follows the religion of,253,8033,False
cf_16122,known,Mos Def follows the religion of,253,8033,False
cf_18402,known,The headquarter of Endavant is located in,253,21818,False
cf_18402,known,The headquarter of Vilaweb is in,253,24084,False
cf_18402,known,International Gas Union's headquarters are in,253,4693,False
cf_18402,known,La Maquinista Terrestre y Maritima is based in,253,24639,False
cf_18402,known,"CatalunyaCaixa, whose headquarters are in",21924,21924,True
cf_18402,known,National Front of Catalonia is based in,24639,24639,True
cf_18402,known,Abiquo's headquarters are in,253,37783,False
cf_18402,known,"International Gas Union, whose headquarters are in",4693,4693,True
cf_18402,known,The headquarters of Institut de Robòtica i Informàtica Industrial is in,253,24639,False
cf_18402,known,The headquarter of International Gas Union is located in,253,4693,False
cf_4666,known,"Kirov, which is located in",253,16496,False
cf_4666,known,"Khabarovsk, located in",253,7422,False
cf_4666,known,Yoshkar-Ola is located in,253,16842,False
cf_4666,known,"Yoshkar-Ola, which is located in",253,20341,False
cf_4666,known,"Kirov Oblast, which is located in",253,7422,False
cf_4666,known,Republic of Dagestan is located in the country of,49508,7422,False
cf_4666,known,"Izhevsk, located in",253,7422,False
cf_4666,known,Makhachkala is located in the country of,12096,7422,False
cf_4666,known,Kirov is located in,253,16496,False
cf_4666,known,"Yandex, which is located in",253,17413,False
cf_1016,known,"Microsoft Display Dock, developed by",9664,8217,False
cf_1016,known,Zune is produced by,22645,22645,True
cf_1016,known,"Windows Vista, produced by",253,9664,False
cf_1016,known,Xbox is developed by,9664,9664,True
cf_1016,known,Windows Me is a product of,253,9664,False
cf_1016,known,Microsoft HoloLens is produced by,253,9664,False
cf_1016,known,"Surface Studio, developed by",253,9664,False
cf_1016,known,Windows Phone 8 is produced by,9664,9664,True
cf_1016,known,Windows Phone 7.x is produced by,9664,9664,True
cf_1016,known,"Windows 2000, developed by",9664,9664,True
cf_18437,known,JScript was a product of,253,9664,False
cf_18437,known,"Xenix, a product developed by",253,9664,False
cf_18437,known,"Windows 3.0, created by",253,9664,False
cf_18437,known,"Windows 2.0, a product developed by",9664,9664,True
cf_18437,known,Windows Embedded Compact is a product of,253,9664,False
cf_18437,known,ASP.NET MVC Framework was a product of,253,9664,False
cf_18437,known,Windows 2.0 is developed by,9664,9664,True
cf_18437,known,Windows 2.0 was created by,253,9664,False
cf_18437,known,JScript was developed by,253,9664,False
cf_18437,known,"ASP.NET MVC Framework, developed by",9664,9664,True
cf_620,known,"Hisashi Inoue, who has a citizenship from",4047,4047,True
cf_620,known,Masashi Kishimoto is a citizen of,4047,4047,True
cf_620,known,"Katsushika Hokusai, a citizen of",4047,4047,True
cf_620,known,"Ichiro Suzuki, who has a citizenship from",253,4047,False
cf_620,known,Koji Murofushi is a citizen of,4047,4047,True
cf_620,known,"Shigeru Miyamoto, who holds a citizenship from",4047,4047,True
cf_620,known,Ichiro Suzuki is a citizen of,4047,4047,True
cf_620,known,Masashi Kishimoto has a citizenship from,4047,4047,True
cf_620,known,Hideaki Anno has a citizenship from,4047,4047,True
cf_620,known,Hideaki Anno holds a citizenship from,4047,4047,True
cf_2718,known,The location of Divinity Avenue is,247,21818,False
cf_2718,known,Where is Davenport Street? It is located in,253,48046,False
cf_2718,known,Where is Dana Street? It is located in,253,8068,False
cf_2718,known,The location of Buckingham Place is,247,4693,False
cf_2718,known,The location of Day Street is,247,4693,False
cf_2718,known,Dana Street is located in,253,8068,False
cf_2718,known,Scott Street can be found in,253,13533,False
cf_2718,known,Bryant Street is located in,253,21249,False
cf_2718,known,The location of Buckingham Street is,247,4693,False
cf_2718,known,Dana Street can be found in,253,14296,False
cf_10958,known,Georgia is located in,253,7531,False
cf_10958,known,Georgia is in,253,12096,False
cf_10958,known,Saudi Arabia is a part of the continent of,7531,10497,False
cf_10958,known,"North Korea, in",253,10497,False
cf_10958,known,Indonesia is located in,253,10497,False
cf_10958,known,"People's Republic of China, in",253,10497,False
cf_10958,known,North Korea belongs to the continent of,10497,10497,True
cf_10958,known,India belongs to the continent of,7531,10497,False
cf_10958,known,"Indonesia, in",253,10497,False
cf_10958,known,People's Republic of China is a part of the continent of,10497,10497,True
cf_3247,known,"In Châtillon, the language spoken is",253,5112,False
cf_3247,known,The law in United Nations General Assembly declares the language,273,5112,False
cf_3247,known,"In Amnesty International, they understand",326,26503,False
cf_3247,known,"In Fribourg, the language spoken is",253,5112,False
cf_3247,known,"In Organisation for Economic Cooperation and Development, the language spoken is",4383,4383,True
cf_3247,known,The law in League of Nations declares the language,273,5112,False
cf_3247,known,The official language of Aigle is,5112,5112,True
cf_3247,known,"In Clermont-Ferrand, they understand",326,5112,False
cf_3247,known,"In United Nations General Assembly, the language spoken is",253,4383,False
cf_3247,known,The official language of Organisation for Economic Cooperation and Development is,253,4383,False
cf_64,known,The Count of Monte Cristo debuted on,27199,7785,False
cf_64,known,Awake was originally aired on,253,22303,False
cf_64,known,Miami Vice debuted on,253,49244,False
cf_64,known,Awake premiered on,253,22303,False
cf_64,known,Medium premieres on,253,41069,False
cf_64,known,Scrubs is to debut on,253,22303,False
cf_64,known,Freaks and Geeks was originally aired on,253,21946,False
cf_64,known,Law & Order: LA premiered on,22303,22303,True
cf_64,known,The Menagerie premiered on,27199,15501,False
cf_64,known,Medium was originally aired on,253,22303,False
cf_1351,known,"Wayne Rooney, the",5854,20391,False
cf_1351,known,Megan Rapinoe professionally plays the sport,273,20391,False
cf_1351,known,Ashley Cole professionally plays the sport,273,20391,False
cf_1351,known,"Lothar Matthäus, the",806,27343,False
cf_1351,known,George Best is a professional,8406,19971,False
cf_1351,known,Lothar Matthäus professionally plays the sport,273,20391,False
cf_1351,known,Wayne Rooney plays,323,20391,False
cf_1351,known,Tim Cahill plays,323,19971,False
cf_1351,known,"Ashley Cole, the",3438,5842,False
cf_1351,known,Andrea Pirlo professionally plays the sport,273,20391,False
cf_11898,known,Inger Louise Valle used to work in,253,43516,False
cf_11898,known,Sofus Arctander worked in the city of,611,40892,False
cf_11898,known,Marius Hægstad found employment in,253,40892,False
cf_11898,known,Hallgrim Berg found employment in,253,4693,False
cf_11898,known,Nils Claus Ihlen found employment in,253,40892,False
cf_11898,known,Svend Borchmann Hersleb used to work in,253,12911,False
cf_11898,known,Egil Aarvik worked in,253,38476,False
cf_11898,known,Ole Elias Holck used to work in,253,38476,False
cf_11898,known,Nils Claus Ihlen took up work in,253,38476,False
cf_11898,known,Erik Gjems-Onstad worked in the city of,530,43516,False
cf_6750,known,"Octave Mirbeau, speaker of",253,5112,False
cf_6750,known,"Georges Duhamel, a native",273,5112,False
cf_6750,known,"Léon Blum, speaker of",253,5112,False
cf_6750,known,"François Bayrou, a native",273,5112,False
cf_6750,known,"Raymond Barre, speaker of",253,5112,False
cf_6750,known,The native language of Léon Blum is,5112,5112,True
cf_6750,known,"Michel Rocard, a native",273,5112,False
cf_6750,known,The mother tongue of Frédéric Bastiat is,253,5112,False
cf_6750,known,The mother tongue of Raymond Barre is,253,5112,False
cf_6750,known,"Jacques Chaban-Delmas, speaker of",253,5112,False
cf_17996,known,Bashar al-Assad is follower of,253,8033,False
cf_17996,known,Alī ibn Abī Ṭālib is affiliated with the religion,273,8033,False
cf_17996,known,Q-Tip is follower of,253,35702,False
cf_17996,known,Omar Khayyám follows the religion of,253,8033,False
cf_17996,known,Dave Chappelle follows the religion of,8033,8033,True
cf_17996,known,Abd al-Malik ibn Marwan is affiliated with the religion,273,8033,False
cf_17996,known,Rasul Gamzatov is affiliated with the religion,273,8033,False
cf_17996,known,The official religion of Omar Khayyám is,8033,8033,True
cf_17996,known,The official religion of Hema Malini is,253,35702,False
cf_17996,known,Mos Def is follower of,253,8033,False
cf_16447,known,Subatomic Studios's headquarters are in,253,12300,False
cf_16447,known,The headquarter of Islamic Texts Society is located in,253,4693,False
cf_16447,known,The headquarter of TeraView is in,253,14296,False
cf_16447,known,The headquarter of Inkle is in,253,4693,False
cf_16447,known,Wistia's headquarters are in,253,12911,False
cf_16447,known,The headquarter of Tyndale House is located in,253,4693,False
cf_16447,known,Zeus Technology's headquarters are in,253,32000,False
cf_16447,known,Taptu is based in,253,4693,False
cf_16447,known,Inkle is based in,253,4693,False
cf_16447,known,"Taptu, whose headquarters are in",253,48771,False
cf_9961,known,Matanzas is located in the country of,253,23881,False
cf_9961,known,"Imías, which is located in",253,8987,False
cf_9961,known,"Melena del Sur, located in",253,31003,False
cf_9961,known,"Gibara, located in",253,7758,False
cf_9961,known,Caibarién is located in the country of,253,11268,False
cf_9961,known,"Imías, located in",253,11268,False
cf_9961,known,"Santa Cruz del Norte, located in",253,23881,False
cf_9961,known,"Gibara, which is located in",253,7758,False
cf_9961,known,"Remedios, which is located in",253,11268,False
cf_9961,known,"Remedios, located in",253,10869,False
cf_2009,known,"Honda Rafaga, developed by",253,34379,False
cf_2009,known,"Honda Bali, developed by",34379,34379,True
cf_2009,known,Honda CB650SC is a product of,34379,34379,True
cf_2009,known,"Honda G engine, produced by",34379,34379,True
cf_2009,known,Honda Bravo is developed by,34379,34379,True
cf_2009,known,"Honda Bravo, produced by",253,34379,False
cf_2009,known,Honda Mobilio Spike is produced by,34379,34379,True
cf_2009,known,Honda Quint is a product of,253,34379,False
cf_2009,known,Honda NS500 is created by,34379,34379,True
cf_2009,known,Honda VT600C is created by,34379,34379,True
cf_15311,known,F# was developed by,253,9664,False
cf_15311,known,"Windows 98, a product of",253,9664,False
cf_15311,known,"Microsoft Silverlight, a product created by",9664,9664,True
cf_15311,known,Windows Media Center was developed by,9664,9664,True
cf_15311,known,JScript was developed by,253,9664,False
cf_15311,known,"Windows Media Center, a product created by",9664,9664,True
cf_15311,known,"Microsoft Silverlight, a product of",9664,9664,True
cf_15311,known,Windows 9x is created by,253,9664,False
cf_15311,known,Visual Basic for Applications is created by,253,9664,False
cf_15311,known,Windows NT was developed by,253,9664,False
cf_17683,known,Patrick Sang is a citizen of,253,16861,False
cf_17683,known,"Winfred Omwakwe, who has a citizenship from",253,23856,False
cf_17683,known,Juanita Carberry has a citizenship from,253,8987,False
cf_17683,known,"Philip Waruinge, who holds a citizenship from",253,6976,False
cf_17683,known,Nixon Kiprotich holds a citizenship from,253,6144,False
cf_17683,known,Mike Boit has a citizenship from,253,6976,False
cf_17683,known,"Mike Boit, who has a citizenship from",253,6144,False
cf_17683,known,"Shedrack Kibet Korir, a citizen of",253,23174,False
cf_17683,known,"Michael Kipyego, a citizen of",253,6976,False
cf_17683,known,"Felix Limo, a citizen of",253,22075,False
cf_8320,known,Where is Lauriston Castle? It is located in,253,17367,False
cf_8320,known,The location of Edinburgh Pride is,247,25990,False
cf_8320,known,Forth Bridge can be found in,253,15420,False
cf_8320,known,"Mossman, Sons & Co. is in",253,21249,False
cf_8320,known,The Kitchin can be found in,253,4693,False
cf_8320,known,The Scottish Gallery is in,253,25990,False
cf_8320,known,Advocates Library is located in,253,22126,False
cf_8320,known,The location of Donaldson's Hospital is,275,21818,False
cf_8320,known,Dalmeny railway station is located in,253,5427,False
cf_8320,known,University of Edinburgh School of Chemistry is in,253,25990,False
cf_16169,known,Morocco is a part of the continent of,7531,7531,True
cf_16169,known,"Cameroon, in",253,7531,False
cf_16169,known,Tanzania is a part of the continent of,7531,7531,True
cf_16169,known,"Egypt, in",253,7531,False
cf_16169,known,Chad is in,253,5842,False
cf_16169,known,Egypt belongs to the continent of,7531,7531,True
cf_16169,known,Algeria is in,253,7531,False
cf_16169,known,Ghana is a part of the continent of,7531,7531,True
cf_16169,known,Ethiopia is a part of the continent of,7531,7531,True
cf_16169,known,Nigeria is a part of the continent of,7531,7531,True
cf_3792,known,"In Angeghakot, the language spoken is",253,5112,False
cf_3792,known,The official language of Ashotavan is,253,34861,False
cf_3792,known,The law in Akhlatyan declares the language,273,31534,False
cf_3792,known,The law in Artsvashen declares the language,273,7247,False
cf_3792,known,"In Akunk, they understand",326,4383,False
cf_3792,known,"In Norabats, they understand",326,4383,False
cf_3792,known,"In Fioletovo, an official language is",247,7247,False
cf_3792,known,"In Aratashen, they understand",326,4383,False
cf_3792,known,"In Nalbandyan, they understand",326,7247,False
cf_3792,known,The official language of Nalbandyan is,346,7247,False
cf_5194,known,NBC Nightly News was released on,7948,22303,False
cf_5194,known,Freaks and Geeks premieres on,253,21946,False
cf_5194,known,The Menagerie was originally aired on,253,22303,False
cf_5194,known,Scrubs premiered on,253,22303,False
cf_5194,known,Noah's Ark is to debut on,253,22303,False
cf_5194,known,"Friends, season 7 premiered on",25456,41069,False
cf_5194,known,NBC Nightly News was originally aired on,22303,22303,True
cf_5194,known,Camp Cucamonga premiered on,253,22303,False
cf_5194,known,Medium premieres on,253,41069,False
cf_5194,known,Miami Vice was originally aired on,253,22303,False
cf_15958,known,Dennis Rodman plays,253,14648,False
cf_15958,known,What sport does Kevin Durant play? They play,14648,14648,True
cf_15958,known,Kevin Durant is a professional,14648,14648,True
cf_15958,known,Hakeem Olajuwon is a professional,14648,14648,True
cf_15958,known,Wilt Chamberlain plays,253,14648,False
cf_15958,known,Hakeem Olajuwon professionally plays the sport,273,14648,False
cf_15958,known,Hakeem Olajuwon professionally plays the sport,273,14648,False
cf_15958,known,Charles Barkley is a professional,14648,14648,True
cf_15958,known,"Pau Gasol, the",3438,14648,False
cf_15958,known,Dennis Rodman is a professional,14623,14648,False
cf_7712,known,Marcel Duchamp was employed in,253,7785,False
cf_7712,known,Valéry Giscard d'Estaing worked in the city of,7785,7785,True
cf_7712,known,Vincent van Gogh took up work in,253,7785,False
cf_7712,known,James Joyce found employment in,253,24523,False
cf_7712,known,François Mitterrand worked in the city of,7785,7785,True
cf_7712,known,Giuseppe Garibaldi used to work in,253,27850,False
cf_7712,known,Claude Monet worked in,253,7785,False
cf_7712,known,Giuseppe Garibaldi was employed in,253,27850,False
cf_7712,known,François Mitterrand found employment in,253,7785,False
cf_7712,known,James Joyce took up work in,253,24523,False
cf_18715,known,"Jacques Chaban-Delmas, a native",273,5112,False
cf_18715,known,"Montesquieu, a native",273,5112,False
cf_18715,known,Maurice Genevoix spoke the language,273,5112,False
cf_18715,known,The native language of Louis Antoine de Saint-Just is,5112,5112,True
cf_18715,known,The mother tongue of Jean-Baptiste Say is,247,5112,False
cf_18715,known,"Jean Auguste Dominique Ingres, a native",273,5112,False
cf_18715,known,Jean Gabin is a native speaker of,5112,5112,True
cf_18715,known,The native language of Henri Barbusse is,5112,5112,True
cf_18715,known,"Ferdinand de Saussure, speaker of",253,5112,False
cf_18715,known,"Élisée Reclus, a native",273,5112,False
cf_13376,known,Malcolm X follows the religion of,521,8033,False
cf_13376,known,Mohammed Ali is affiliated with the religion,273,8033,False
cf_13376,known,Mehmed the Conqueror is affiliated with the religion,273,8033,False
cf_13376,known,Dave Chappelle follows the religion of,8033,8033,True
cf_13376,known,Alī ibn Abī Ṭālib is follower of,253,8033,False
cf_13376,known,Malcolm X is affiliated with the religion,273,20242,False
cf_13376,known,The official religion of Hamid Karzai is,8033,8033,True
cf_13376,known,Abd al-Malik ibn Marwan is follower of,253,8033,False
cf_13376,known,Q-Tip follows the religion of,253,8033,False
cf_13376,known,The official religion of Dave Chappelle is,20242,20242,True
cf_2478,known,Home Office is headquartered in,253,4693,False
cf_2478,known,Kingfisher plc's headquarters are in,253,4693,False
cf_2478,known,The headquarters of Savoy Hotel is in,253,7785,False
cf_2478,known,Royal Entomological Society's headquarters are in,4693,4693,True
cf_2478,known,"Royal Astronomical Society, whose headquarters are in",11988,11988,True
cf_2478,known,Royal Astronomical Society is headquartered in,11988,11988,True
cf_2478,known,The headquarter of Corus is located in,253,4693,False
cf_2478,known,The headquarters of Arup is in,32111,32111,True
cf_2478,known,Corus's headquarters are in,253,4693,False
cf_2478,known,The headquarter of Royal Astronomical Society is located in,253,11988,False
cf_95,known,Alps is located in the country of,18908,18908,True
cf_95,known,"Free Hanseatic City of Bremen, located in",253,6176,False
cf_95,known,"Saxony-Anhalt, which is located in",253,16795,False
cf_95,known,Mecklenburg-Western Pomerania is located in,253,6176,False
cf_95,known,"Brandenburg, which is located in",253,6176,False
cf_95,known,"Dortmund, which is located in",253,6176,False
cf_95,known,"Alster, which is located in",253,6181,False
cf_95,known,Eschwege is located in,253,6176,False
cf_95,known,Thuringia is located in,253,6176,False
cf_95,known,"Thuringia, located in",253,6176,False
cf_11550,known,Nokia Lumia 720 is produced by,41720,41720,True
cf_11550,known,"Nokia N80, produced by",41720,41720,True
cf_11550,known,Nokia N78 is created by,41720,41720,True
cf_11550,known,Nokia 6760 Slide is created by,253,41720,False
cf_11550,known,Nokia Asha 206 is developed by,41720,41720,True
cf_11550,known,"Nokia 2600 classic, produced by",41720,41720,True
cf_11550,known,Nokia 6650 fold is created by,253,41720,False
cf_11550,known,Nokia 6610 is created by,41720,41720,True
cf_11550,known,Nokia 6650 fold is a product of,253,41720,False
cf_11550,known,Nokia Lumia 520 is produced by,41720,41720,True
cf_17580,known,"Adobe Photoshop Lightroom, a product manufactured by",33143,33143,True
cf_17580,known,Adobe Flash is developed by,33143,33143,True
cf_17580,known,"Adobe AIR, created by",33143,33143,True
cf_17580,known,Adobe Flash is a product of,33143,33143,True
cf_17580,known,Adobe Flash was created by,33143,33143,True
cf_17580,known,Portable Document Format is a product of,253,9664,False
cf_17580,known,"Adobe InDesign, created by",33143,33143,True
cf_17580,known,Adobe GoLive is a product of,33143,33143,True
cf_17580,known,"Adobe Bridge, developed by",253,33143,False
cf_17580,known,Adobe Bridge is a product of,253,33143,False
cf_14736,known,René Descartes holds a citizenship from,253,6181,False
cf_14736,known,Auguste Comte has a citizenship from,253,6181,False
cf_14736,known,Paul Doumer is a citizen of,253,6181,False
cf_14736,known,"Louis XI of France, who is a citizen of",253,6181,False
cf_14736,known,Joseph Fourier is a citizen of,253,6181,False
cf_14736,known,"Voltaire, who is a citizen of",253,6181,False
cf_14736,known,Alain Prost has a citizenship from,253,6181,False
cf_14736,known,"Voltaire, who has a citizenship from",253,6181,False
cf_14736,known,Jean Jaurès has a citizenship from,253,6181,False
cf_14736,known,"Alan Stivell, a citizen of",253,6976,False
cf_14348,known,Hotel Vancouver is located in,253,22126,False
cf_14348,known,Where is SkyTrain? It is located in,253,16335,False
cf_14348,known,The location of Stanley Park is,247,22126,False
cf_14348,known,The location of BC Place is,247,22126,False
cf_14348,known,2010 Winter Olympics can be found in,253,22126,False
cf_14348,known,Where is 2010 Winter Olympics? It is located in,253,22126,False
cf_14348,known,The location of Lions Gate Bridge is,247,21818,False
cf_14348,known,Stanley Park can be found in,253,13533,False
cf_14348,known,Expo Line can be found in,253,14296,False
cf_14348,known,The location of Canada Line is,247,13533,False
cf_17886,known,Monte Generoso is located in the continent,273,273,True
cf_17886,known,Finsteraarhorn is located in the continent,273,3060,False
cf_17886,known,"Mount Pilatus, in",253,17785,False
cf_17886,known,Säntis is located in the continent,273,7531,False
cf_17886,known,Esla belongs to the continent of,7531,3060,False
cf_17886,known,Rigi is a part of the continent of,7531,10497,False
cf_17886,known,Dents du Midi is in,253,6181,False
cf_17886,known,Esla is located in the continent,273,3060,False
cf_17886,known,Balmhorn is a part of the continent of,3060,3060,True
cf_17886,known,"Dents du Midi, in",253,6181,False
cf_6507,known,"In University of Helsinki, they understand",326,36090,False
cf_6507,known,"In European Union, an official language is",253,4383,False
cf_6507,known,"In Västerås Municipality, they understand",326,19688,False
cf_6507,known,"In European Union, the language spoken is",253,4383,False
cf_6507,known,"In Helsinki, an official language is",36090,36090,True
cf_6507,known,The official language of Vaasa is,253,36090,False
cf_6507,known,The law in University of Helsinki declares the language,273,36090,False
cf_6507,known,"In Espoo, an official language is",13452,4383,False
cf_6507,known,"In Turku, they understand",326,36090,False
cf_6507,known,"In Turku, an official language is",13452,36090,False
cf_1659,known,Freaks and Geeks is to debut on,253,21946,False
cf_1659,known,Cartoon All-Stars to the Rescue premieres on,253,22303,False
cf_1659,known,"Friends, season 7 was released on",17509,25456,False
cf_1659,known,Forbidden Passions was originally aired on,253,22303,False
cf_1659,known,Sisters premiered on,27199,21946,False
cf_1659,known,Noah's Ark debuted on,253,22303,False
cf_1659,known,The Voice premieres on,253,22303,False
cf_1659,known,Law & Order: LA was released on,17509,25456,False
cf_1659,known,"Friends, season 7 premieres on",25456,41069,False
cf_1659,known,Camp Cucamonga is to debut on,253,27478,False
cf_8985,known,"Otto Graham, the",806,24455,False
cf_8985,known,"Tom Brady, the",3438,22385,False
cf_8985,known,O. J. Simpson professionally plays the sport,273,20391,False
cf_8985,known,"Jack Kemp, the",3438,24455,False
cf_8985,known,Drew Brees plays,275,5842,False
cf_8985,known,Jim Brown is a professional,14623,14623,True
cf_8985,known,"Dean Cain, the",3438,22385,False
cf_8985,known,What sport does Terry Crews play? They play,5842,20391,False
cf_8985,known,Jim Thorpe plays,253,24455,False
cf_8985,known,Dean Cain is a professional,14623,14648,False
cf_2789,known,Valéry Giscard d'Estaing used to work in,253,7785,False
cf_2789,known,Peter Paul Rubens used to work in,253,4693,False
cf_2789,known,Gottfried Wilhelm Leibniz was employed in,253,12911,False
cf_2789,known,François Mitterrand worked in,253,7785,False
cf_2789,known,Frédéric Chopin used to work in,247,7785,False
cf_2789,known,Marcel Duchamp was employed in,253,7785,False
cf_2789,known,Denis Diderot used to work in,253,7785,False
cf_2789,known,François Mitterrand worked in the city of,7785,7785,True
cf_2789,known,Victor Hugo was employed in,253,7785,False
cf_2789,known,Frédéric Chopin found employment in,253,7785,False
cf_157,known,Gerrit Achterberg spoke the language,273,13986,False
cf_157,known,The native language of Wilhelm de Haan is,13986,5685,False
cf_157,known,"Johannes Hendrikus Donner, speaker of",253,13986,False
cf_157,known,"Johan Daisne, a native",273,13986,False
cf_157,known,The mother tongue of Henk van Woerden is,247,13986,False
cf_157,known,Dick Bruna is a native speaker of,4383,4383,True
cf_157,known,David Teniers the Elder is a native speaker of,4383,4383,True
cf_157,known,The native language of Jan Hendrik Waszink is,13986,13986,True
cf_157,known,"Henk van Woerden, a native",273,13986,False
cf_157,known,"Johannes Lingelbach, speaker of",253,13986,False
cf_9622,known,Ilse Bing follows the religion of,253,8033,False
cf_9622,known,Joseph Wulf is follower of,253,8033,False
cf_9622,known,Victor Ehrenberg is follower of,253,35702,False
cf_9622,known,Heinrich Auspitz follows the religion of,253,43506,False
cf_9622,known,Nachman Krochmal is affiliated with the religion,273,43506,False
cf_9622,known,Ferdinand Gumbert is follower of,253,20242,False
cf_9622,known,Nachman Krochmal follows the religion of,253,43506,False
cf_9622,known,Joseph Unger is affiliated with the religion,273,43506,False
cf_9622,known,Michel Friedman is follower of,253,35702,False
cf_9622,known,The official religion of David Heinrich Müller is,253,20242,False
cf_7779,known,"Leeds Trinity University, whose headquarters are in",253,39605,False
cf_7779,known,Leeds Carnegie RFC is headquartered in,39605,39605,True
cf_7779,known,Leeds Carnegie RFC is based in,253,39605,False
cf_7779,known,Jet2.com's headquarters are in,253,14296,False
cf_7779,known,The headquarter of University of Leeds is located in,253,39605,False
cf_7779,known,The headquarter of Roman Catholic Diocese of Leeds is located in,253,39605,False
cf_7779,known,Royal Armouries is based in,253,4693,False
cf_7779,known,Jet2.com is headquartered in,253,14296,False
cf_7779,known,The headquarter of Royal Armouries is located in,253,4693,False
cf_7779,known,First Direct's headquarters are in,253,4693,False
cf_17361,known,"Chittoor district, which is located in",253,34861,False
cf_17361,known,"Tirunelveli district, which is located in",253,34861,False
cf_17361,known,"Kadapa District, which is located in",253,5427,False
cf_17361,known,Nilgiris district is located in the country of,14307,17785,False
cf_17361,known,"Srikakulam district, located in",253,34861,False
cf_17361,known,"Madurai district, in",253,34861,False
cf_17361,known,"East Godavari district, in",253,5427,False
cf_17361,known,"Kadapa District, in",253,5427,False
cf_17361,known,Thanjavur district is located in the country of,5427,5427,True
cf_17361,known,"West Godavari district, in",253,5427,False
cf_4678,known,Skylake is developed by,17545,17545,True
cf_4678,known,"Pentium II, developed by",253,17545,False
cf_4678,known,Intel 80286 is produced by,17545,17545,True
cf_4678,known,"Core 2, created by",253,17545,False
cf_4678,known,Pentium III is a product of,253,17545,False
cf_4678,known,Intel 8080 is a product of,253,17545,False
cf_4678,known,Pentium 4 is developed by,253,17545,False
cf_4678,known,"Skylake, created by",26035,17545,False
cf_4678,known,"Intel Core i5, created by",17545,17545,True
cf_4678,known,motherboard is created by,253,26862,False
cf_16390,known,"Microsoft Surface, a product manufactured by",9664,9664,True
cf_16390,known,Microsoft Surface is a product of,9664,9664,True
cf_16390,known,Windows 98 was created by,253,9664,False
cf_16390,known,"JScript, developed by",253,9664,False
cf_16390,known,Windows NT was developed by,253,9664,False
cf_16390,known,Visual Basic for Applications was created by,253,9664,False
cf_16390,known,"Windows Embedded Compact, developed by",253,9664,False
cf_16390,known,"Microsoft Office 2007, created by",9664,9664,True
cf_16390,known,"Windows Media Center, a product created by",9664,9664,True
cf_16390,known,Microsoft Office 2007 is created by,9664,9664,True
cf_800,known,Rajneesh has a citizenship from,5427,5427,True
cf_800,known,Sania Mirza is a citizen of,253,7422,False
cf_800,known,"Rajneesh, a citizen of",5427,5427,True
cf_800,known,"Ajay Devgn, who is a citizen of",5427,5427,True
cf_800,known,"Manna Dey, who has a citizenship from",253,5427,False
cf_800,known,Buddhadeb Bose has a citizenship from,5427,5427,True
cf_800,known,Guru Dutt has a citizenship from,5427,5427,True
cf_800,known,Zubin Mehta holds a citizenship from,5427,5427,True
cf_800,known,"Buddhadeb Bose, who holds a citizenship from",5427,5427,True
cf_800,known,"J.B.S. Haldane, who has a citizenship from",253,6144,False
cf_13820,known,Big D Drive-In is located in,253,8068,False
cf_13820,known,UA Galaxy Theatre Stadium 10 can be found in,253,18267,False
cf_13820,known,UA Cine I & II is located in,253,24639,False
cf_13820,known,UA Galaxy Theatre Stadium 10 is in,253,18267,False
cf_13820,known,Granada Studio Movie Grill can be found in,253,7758,False
cf_13820,known,Airway Theater can be found in,253,14296,False
cf_13820,known,Washington Theatre is located in,253,16335,False
cf_13820,known,AMC Glen Lakes 8 is located in,253,17367,False
cf_13820,known,Angelika Film Center can be found in,253,16496,False
cf_13820,known,Where is Angelika Film Center? It is located in,253,12911,False
cf_13652,known,"Cameroon, in",253,7531,False
cf_13652,known,Egypt is a part of the continent of,7531,7531,True
cf_13652,known,Mali is located in,253,7531,False
cf_13652,known,"Nigeria, in",253,7531,False
cf_13652,known,Nigeria belongs to the continent of,7531,7531,True
cf_13652,known,Côte d'Ivoire is in,253,7531,False
cf_13652,known,Mali is in,253,7531,False
cf_13652,known,Libya is in,253,3060,False
cf_13652,known,Mozambique is located in,253,7531,False
cf_13652,known,Cameroon is in,253,7531,False
cf_16041,known,"In Amnesty International, an official language is",253,4383,False
cf_16041,known,"In Wallis and Futuna, an official language is",13452,4383,False
cf_16041,known,The law in New Caledonia declares the language,273,5112,False
cf_16041,known,"In International Criminal Court, they understand",326,4383,False
cf_16041,known,"In Nice, an official language is",253,5112,False
cf_16041,known,The official language of Saint Pierre and Miquelon is,5112,5112,True
cf_16041,known,"In Caen, they understand",253,5112,False
cf_16041,known,The law in Clermont-Ferrand declares the language,273,5112,False
cf_16041,known,"In United Nations General Assembly, they understand",326,4383,False
cf_16041,known,The official language of Nice is,5112,5112,True
cf_4461,known,Scrubs was originally aired on,253,21946,False
cf_4461,known,Law & Order: LA was originally aired on,22303,22303,True
cf_4461,known,Sisters was released on,253,21946,False
cf_4461,known,Medium premieres on,253,41069,False
cf_4461,known,Scrubs premieres on,253,22303,False
cf_4461,known,Noah's Ark was released on,17509,17509,True
cf_4461,known,Medium is to debut on,253,49244,False
cf_4461,known,NBC Nightly News is to debut on,22303,22303,True
cf_4461,known,Miami Vice was originally aired on,253,22303,False
cf_4461,known,"Friends, season 7 was released on",17509,25456,False
cf_11300,known,Jim Thorpe is a professional,16972,19971,False
cf_11300,known,Pat Tillman plays,247,5842,False
cf_11300,known,Bernie Casey plays,253,24455,False
cf_11300,known,Carl Weathers is a professional,8406,19971,False
cf_11300,known,O. J. Simpson professionally plays the sport,273,20391,False
cf_11300,known,Otto Graham plays,253,12609,False
cf_11300,known,"Bubba Smith, the",3438,22385,False
cf_11300,known,What sport does O. J. Simpson play? They play,5842,20391,False
cf_11300,known,Woody Strode is a professional,16972,5842,False
cf_11300,known,"Bubba Smith, the",3438,22385,False
cf_17092,known,James Brokenshire worked in,253,5041,False
cf_17092,known,David Blunkett used to work in,253,4693,False
cf_17092,known,Graham Brady found employment in,253,4693,False
cf_17092,known,"Clementine Churchill, Baroness Spencer-Churchill found employment in",253,4693,False
cf_17092,known,Hazel Blears found employment in,253,4693,False
cf_17092,known,Hazel Blears was employed in,253,4693,False
cf_17092,known,Roberta Blackman-Woods used to work in,253,4693,False
cf_17092,known,Kevin Brennan worked in the city of,1457,8068,False
cf_17092,known,Clive Betts was employed in,253,4693,False
cf_17092,known,Tom Watson used to work in,253,4693,False
cf_18504,known,The native language of Jean-Luc Picard is,5112,5112,True
cf_18504,known,"Jean Gabin, speaker of",253,5112,False
cf_18504,known,Michel Rocard spoke the language,273,5112,False
cf_18504,known,The mother tongue of Ferdinand de Saussure is,253,5112,False
cf_18504,known,Élisée Reclus is a native speaker of,5112,5112,True
cf_18504,known,The mother tongue of Henri Barbusse is,253,5112,False
cf_18504,known,The mother tongue of Frédéric Bastiat is,253,5112,False
cf_18504,known,François Bayrou spoke the language,273,5112,False
cf_18504,known,Léon Blum is a native speaker of,5112,5112,True
cf_18504,known,The mother tongue of Jean-Baptiste Say is,247,5112,False
cf_7495,known,Alī ibn Abī Ṭālib follows the religion of,253,8033,False
cf_7495,known,Q-Tip is follower of,253,35702,False
cf_7495,known,Hamid Karzai follows the religion of,8033,8033,True
cf_7495,known,Johann Ludwig Burckhardt is follower of,253,20242,False
cf_7495,known,Dave Chappelle follows the religion of,8033,8033,True
cf_7495,known,The official religion of saint is,253,8033,False
cf_7495,known,Q-Tip follows the religion of,253,8033,False
cf_7495,known,The official religion of Usman ibn Affan is,8033,8033,True
cf_7495,known,Rasul Gamzatov is follower of,253,8033,False
cf_7495,known,Malcolm X is affiliated with the religion,273,20242,False
cf_5139,known,The headquarter of Western Union is in,253,14296,False
cf_5139,known,Janus Capital Group is headquartered in,1457,1457,True
cf_5139,known,Metropolitan State University of Denver is based in,20734,20734,True
cf_5139,known,"The Denver Post, whose headquarters are in",253,20734,False
cf_5139,known,The headquarter of Roman Catholic Archdiocese of Denver is in,253,20734,False
cf_5139,known,Aimco is based in,253,16335,False
cf_5139,known,"University of Colorado, whose headquarters are in",253,20734,False
cf_5139,known,"Newmont Mining Corporation, whose headquarters are in",1457,20734,False
cf_5139,known,The headquarter of Up with People is in,253,4693,False
cf_5139,known,"The North Face, Inc., whose headquarters are in",253,16335,False
cf_9237,known,Unifrance person ID is located in,253,7785,False
cf_9237,known,FINESS ID is located in,253,5002,False
cf_9237,known,French Olympic Committee athlete ID is located in,253,4693,False
cf_9237,known,Theses.fr person ID is located in,253,7785,False
cf_9237,known,"Cour des comptes magistrate ID, located in",253,7785,False
cf_9237,known,"LNB Pro A player ID, which is located in",253,6144,False
cf_9237,known,"Académie française member ID, which is located in",253,7785,False
cf_9237,known,Académie française member ID is located in,253,7785,False
cf_9237,known,FFN swimmer ID is located in the country of,253,6976,False
cf_9237,known,"LNB Pro A player ID, located in",253,18267,False
cf_12723,known,"Honda Bali, developed by",34379,34379,True
cf_12723,known,"Honda NSX (second generation), produced by",34379,34379,True
cf_12723,known,Honda NSR500V is produced by,34379,34379,True
cf_12723,known,Honda 70 is produced by,34379,34379,True
cf_12723,known,Honda Rafaga is created by,253,34379,False
cf_12723,known,Honda Bali is developed by,34379,34379,True
cf_12723,known,Honda Bravo is produced by,253,34379,False
cf_12723,known,Honda 70 is created by,34379,34379,True
cf_12723,known,Honda VT600C is created by,34379,34379,True
cf_12723,known,"Honda SFX, developed by",34379,34379,True
cf_18479,known,"Microsoft Office 2010, a product created by",9664,9664,True
cf_18479,known,Rich Text Format is developed by,253,9664,False
cf_18479,known,"JScript, a product of",253,9664,False
cf_18479,known,"Xenix, created by",253,9664,False
cf_18479,known,"Windows NT, developed by",9664,9664,True
cf_18479,known,"Rich Text Format, developed by",253,9664,False
cf_18479,known,F# is a product of,253,9664,False
cf_18479,known,"Visual Basic for Applications, created by",253,9664,False
cf_18479,known,Windows NT was a product of,253,9664,False
cf_18479,known,"Windows 9x, a product of",9664,9664,True
cf_13346,known,"Mahasweta Devi, who holds a citizenship from",5427,5427,True
cf_13346,known,"Zakir Hussain, who is a citizen of",13115,13115,True
cf_13346,known,J.B.S. Haldane has a citizenship from,253,16842,False
cf_13346,known,Mahasweta Devi holds a citizenship from,5427,5427,True
cf_13346,known,Guru Dutt is a citizen of,5427,5427,True
cf_13346,known,Mohammed Rafi holds a citizenship from,253,13115,False
cf_13346,known,"Buddhadeb Bose, who has a citizenship from",5427,5427,True
cf_13346,known,Zubin Mehta is a citizen of,5427,5427,True
cf_13346,known,"Kirron Kher, a citizen of",253,22075,False
cf_13346,known,"Guru Dutt, who is a citizen of",5427,5427,True
cf_1387,known,The location of Leukaemia Foundation of Queensland is,4441,40767,False
cf_1387,known,Tivoli Theatre and Roof Garden can be found in,253,12300,False
cf_1387,known,The location of Palace Centro Cinemas is,4441,46287,False
cf_1387,known,"Royal Children's Hospital, Brisbane can be found in",253,28748,False
cf_1387,known,Where is Healthy Waterways? It is located in,253,7758,False
cf_1387,known,The location of Epilepsy Society of Australia is,387,21818,False
cf_1387,known,Where is Mater Children's Hospital? It is located in,253,14296,False
cf_1387,known,Leukaemia Foundation of Queensland is in,253,28748,False
cf_1387,known,Where is Mater Mothers' Hospital? It is located in,253,14296,False
cf_1387,known,Myer Centre 8 is located in,253,31127,False
cf_4948,known,Egypt belongs to the continent of,7531,7531,True
cf_4948,known,Mozambique is located in the continent,273,7531,False
cf_4948,known,"Angola, in",253,7531,False
cf_4948,known,Ghana is in,253,7531,False
cf_4948,known,Kenya belongs to the continent of,7531,7531,True
cf_4948,known,Burkina Faso is a part of the continent of,7531,7531,True
cf_4948,known,"Uganda, in",253,7531,False
cf_4948,known,Algeria is located in,253,7531,False
cf_4948,known,Cameroon is located in the continent,273,7531,False
cf_4948,known,Mozambique belongs to the continent of,7531,7531,True
cf_17215,known,The law in Barbados declares the language,273,4383,False
cf_17215,known,The official language of Canada is,4383,4383,True
cf_17215,known,"In European Union, an official language is",253,4383,False
cf_17215,known,"In Barbados, the language spoken is",1925,4383,False
cf_17215,known,"In Ghana, an official language is",253,4383,False
cf_17215,known,"In New Zealand, an official language is",253,4383,False
cf_17215,known,"In Canada, they understand",326,4383,False
cf_17215,known,"In South Africa, the language spoken is",3723,4383,False
cf_17215,known,The official language of European Union is,4383,5112,False
cf_17215,known,"In Guyana, the language spoken is",253,4383,False
cf_18953,known,Golden Boy was released on,253,41069,False
cf_18953,known,Mr. Merlin was originally aired on,253,21946,False
cf_18953,known,Without a Trace is to debut on,253,41069,False
cf_18953,known,"Dink, the Little Dinosaur premieres on",13626,27478,False
cf_18953,known,Candles on Bay Street debuted on,253,22303,False
cf_18953,known,CBS News was originally aired on,21946,21946,True
cf_18953,known,Mr. Terrific premieres on,253,22303,False
cf_18953,known,Without a Trace was released on,253,17509,False
cf_18953,known,Late Show with David Letterman premieres on,21946,22303,False
cf_18953,known,"Murder, She Wrote premiered on",27199,21946,False
cf_15364,known,Nigel de Jong plays,253,19971,False
cf_15364,known,Walter Zenga plays,253,19971,False
cf_15364,known,Megan Rapinoe is a professional,23354,20391,False
cf_15364,known,David Villa plays,275,5842,False
cf_15364,known,What sport does Bastian Schweinsteiger play? They play,5842,20391,False
cf_15364,known,What sport does George Best play? They play,5842,20391,False
cf_15364,known,Andrea Pirlo is a professional,5842,20391,False
cf_15364,known,Bastian Schweinsteiger plays,323,32000,False
cf_15364,known,Kaká plays,253,24455,False
cf_15364,known,"Tim Cahill, the",3438,42402,False
cf_16928,known,Gottfried Wilhelm Leibniz was employed in,253,12911,False
cf_16928,known,Claude Monet used to work in,253,7785,False
cf_16928,known,Valéry Giscard d'Estaing used to work in,253,7785,False
cf_16928,known,Andy Warhol took up work in,253,7785,False
cf_16928,known,Valéry Giscard d'Estaing worked in,253,7785,False
cf_16928,known,François Mitterrand took up work in,253,7785,False
cf_16928,known,Denis Diderot found employment in,253,7785,False
cf_16928,known,Victor Hugo worked in,253,7785,False
cf_16928,known,Vincent van Gogh was employed in,253,26653,False
cf_16928,known,Sarah Bernhardt worked in,253,7785,False
cf_11832,known,Jean-Luc Picard spoke the language,273,5112,False
cf_11832,known,The native language of Ferdinand de Saussure is,5112,9883,False
cf_11832,known,The native language of Jean-Luc Picard is,5112,5112,True
cf_11832,known,Michel Rocard is a native speaker of,5112,5112,True
cf_11832,known,The mother tongue of Jean Gabin is,247,5112,False
cf_11832,known,The native language of Octave Mirbeau is,5112,5112,True
cf_11832,known,François Bayrou is a native speaker of,5112,5112,True
cf_11832,known,"Raymond Barre, speaker of",253,5112,False
cf_11832,known,"Léon Blum, a native",273,5112,False
cf_11832,known,The native language of Jean Gabin is,5112,5112,True
cf_5171,known,saint is affiliated with the religion,273,43506,False
cf_5171,known,Johann Ludwig Burckhardt is follower of,253,20242,False
cf_5171,known,The official religion of Bashar al-Assad is,8033,8033,True
cf_5171,known,saint is follower of,253,35702,False
cf_5171,known,saint follows the religion of,253,8033,False
cf_5171,known,Abd al-Malik ibn Marwan is affiliated with the religion,273,8033,False
cf_5171,known,Usman ibn Affan is affiliated with the religion,273,8033,False
cf_5171,known,The official religion of Mohammed Ali is,253,8033,False
cf_5171,known,Rasul Gamzatov is follower of,253,8033,False
cf_5171,known,The official religion of Johann Ludwig Burckhardt is,253,20242,False
cf_14293,known,The headquarters of Nippon Columbia is in,17413,17413,True
cf_14293,known,WOWOW is based in,253,22126,False
cf_14293,known,Eisai is headquartered in,17413,7785,False
cf_14293,known,"Secom, whose headquarters are in",253,14296,False
cf_14293,known,The headquarters of Atlus is in,17413,17413,True
cf_14293,known,Japan Rugby Football Union's headquarters are in,42923,17361,False
cf_14293,known,"Japan Rugby Football Union, whose headquarters are in",42923,42923,True
cf_14293,known,The headquarter of Mitsui Group is in,17413,17413,True
cf_14293,known,The headquarter of WOWOW is located in,253,14296,False
cf_14293,known,The headquarter of Bandai Namco Holdings is located in,253,17413,False
cf_2023,known,Meiji University is located in,253,17413,False
cf_2023,known,"Sony, which is located in",253,4047,False
cf_2023,known,"Obama, in",253,8672,False
cf_2023,known,"Konami, located in",253,4047,False
cf_2023,known,"Tochigi, which is located in",253,4047,False
cf_2023,known,Kuki is located in,253,17413,False
cf_2023,known,Iwate Prefecture is located in,253,4047,False
cf_2023,known,"Iwate Prefecture, in",253,4047,False
cf_2023,known,"Sendai, which is located in",253,4047,False
cf_2023,known,Mount Fuji is located in the country of,4047,4047,True
cf_2840,known,Toyota Corolla Spacio is developed by,32714,32714,True
cf_2840,known,Toyota AZ engine is developed by,32714,32714,True
cf_2840,known,Toyota Corolla Spacio is created by,253,32714,False
cf_2840,known,"Toyota Camry XV30, produced by",32714,32714,True
cf_2840,known,Toyota Yaris is a product of,253,32714,False
cf_2840,known,Toyota Harrier is a product of,253,32714,False
cf_2840,known,"Toyota AZ engine, created by",32714,32714,True
cf_2840,known,Toyota Vitz is a product of,253,32714,False
cf_2840,known,"Toyota Sprinter Carib, developed by",32714,32714,True
cf_2840,known,"Toyota Sprinter Carib, produced by",32714,32714,True
cf_19457,known,"Adobe Fireworks, a product manufactured by",33143,33143,True
cf_19457,known,"Adobe Audition, created by",253,33143,False
cf_19457,known,Adobe Photoshop is developed by,33143,33143,True
cf_19457,known,Adobe Audition was a product of,253,33143,False
cf_19457,known,"Adobe Photoshop, a product manufactured by",33143,33143,True
cf_19457,known,"Adobe Flash, a product created by",33143,33143,True
cf_19457,known,Adobe PageMaker is developed by,33143,33143,True
cf_19457,known,"Adobe Illustrator, a product of",33143,33143,True
cf_19457,known,Small Web Format was a product of,253,8217,False
cf_19457,known,"Portable Document Format, a product developed by",253,9664,False
cf_6109,known,"Guru Dutt, who has a citizenship from",5427,5427,True
cf_6109,known,"Zubin Mehta, a citizen of",5427,5427,True
cf_6109,known,Mahasweta Devi has a citizenship from,5427,5427,True
cf_6109,known,"Lata Mangeshkar, who holds a citizenship from",5427,5427,True
cf_6109,known,Kajol is a citizen of,253,25270,False
cf_6109,known,"Zohra Sehgal, who holds a citizenship from",253,5427,False
cf_6109,known,"Ajay Devgn, who holds a citizenship from",5427,5427,True
cf_6109,known,Ajay Devgn holds a citizenship from,5427,5427,True
cf_6109,known,Manna Dey is a citizen of,253,5427,False
cf_6109,known,"Zakir Hussain, who has a citizenship from",13115,13115,True
cf_11146,known,City of Miami Cemetery is in,253,16146,False
cf_11146,known,The location of College North is,247,11988,False
cf_11146,known,Central Baptist Church can be found in,253,18267,False
cf_11146,known,FAMRI is in,253,17913,False
cf_11146,known,Bayfront Park is located in,253,7758,False
cf_11146,known,Where is Baptist Hospital of Miami? It is located in,253,16146,False
cf_11146,known,Where is Bayfront Park? It is located in,253,16146,False
cf_11146,known,Coconut Grove Playhouse is in,253,21249,False
cf_11146,known,The location of City of Miami Cemetery is,4441,16146,False
cf_11146,known,The location of College/Bayside is,247,11988,False
cf_3058,known,"Esla, in",253,14307,False
cf_3058,known,Bös Fulen is a part of the continent of,7531,3060,False
cf_3058,known,Aletschhorn is a part of the continent of,3060,3060,True
cf_3058,known,Mount Pilatus is a part of the continent of,10497,3060,False
cf_3058,known,Volkhov belongs to the continent of,3060,3060,True
cf_3058,known,Dents du Midi is a part of the continent of,7531,7531,True
cf_3058,known,Rheinwaldhorn is a part of the continent of,6176,6176,True
cf_3058,known,"Finsteraarhorn, in",253,22785,False
cf_3058,known,Lleida belongs to the continent of,7531,7531,True
cf_3058,known,Aletschhorn is in,253,6176,False
cf_19684,known,The official language of Caen is,5112,5112,True
cf_19684,known,"In Clermont-Ferrand, they understand",326,5112,False
cf_19684,known,"In United Nations General Assembly, an official language is",908,4383,False
cf_19684,known,"In Saint Pierre and Miquelon, an official language is",13452,5112,False
cf_19684,known,"In New Caledonia, they understand",326,5112,False
cf_19684,known,"In New Caledonia, an official language is",13452,5112,False
cf_19684,known,The law in Clermont-Ferrand declares the language,273,5112,False
cf_19684,known,The law in United Nations General Assembly declares the language,273,5112,False
cf_19684,known,The law in International Atomic Energy Agency declares the language,273,5112,False
cf_19684,known,The law in Châtillon declares the language,273,5112,False
cf_11470,known,Stalin is to debut on,253,22303,False
cf_11470,known,Curb Your Enthusiasm was released on,253,33139,False
cf_11470,known,Boardwalk Empire premiered on,27199,22303,False
cf_11470,known,Stalin premiered on,253,21946,False
cf_11470,known,The Pacific is to debut on,253,22303,False
cf_11470,known,Entourage is to debut on,253,22303,False
cf_11470,known,Curb Your Enthusiasm premieres on,25456,49244,False
cf_11470,known,Entourage debuted on,253,22303,False
cf_11470,known,True Blood was released on,4437,17509,False
cf_11470,known,Conspiracy debuted on,253,22303,False
cf_9620,known,Pau Gasol professionally plays the sport,273,14648,False
cf_9620,known,Magic Johnson professionally plays the sport,273,14648,False
cf_9620,known,Charles Barkley professionally plays the sport,273,14648,False
cf_9620,known,Wilt Chamberlain plays,253,14648,False
cf_9620,known,Dennis Rodman plays,253,14648,False
cf_9620,known,Pau Gasol plays,247,14648,False
cf_9620,known,"Michael Jordan, the",3438,14648,False
cf_9620,known,Michael Jordan plays,253,14648,False
cf_9620,known,LeBron James professionally plays the sport,273,14648,False
cf_9620,known,"Wilt Chamberlain, the",3438,14648,False
cf_1907,known,Clive Betts worked in,253,4693,False
cf_1907,known,David Blunkett found employment in,253,4693,False
cf_1907,known,Tom Brake took up work in,253,12911,False
cf_1907,known,Tom Watson was employed in,253,4693,False
cf_1907,known,John Whittingdale took up work in,253,4693,False
cf_1907,known,James Brokenshire used to work in,253,16335,False
cf_1907,known,Ben Bradshaw took up work in,253,4693,False
cf_1907,known,Tom Watson worked in the city of,4693,4693,True
cf_1907,known,David Blunkett was employed in,253,4693,False
cf_1907,known,Julian Brazier worked in the city of,4693,4693,True
cf_12883,known,George Orwell spoke the language,273,4383,False
cf_12883,known,The native language of George Orwell is,4383,4383,True
cf_12883,known,"Neil Young, speaker of",253,4383,False
cf_12883,known,"Robert Louis Stevenson, speaker of",253,5112,False
cf_12883,known,The mother tongue of Elton John is,247,4383,False
cf_12883,known,"Madonna, speaker of",253,5112,False
cf_12883,known,Madonna spoke the language,273,5112,False
cf_12883,known,J. R. R. Tolkien is a native speaker of,4383,4383,True
cf_12883,known,The mother tongue of Ella Fitzgerald is,247,18542,False
cf_12883,known,Barack Obama spoke the language,273,4383,False
cf_17432,known,Alī ibn Abī Ṭālib is follower of,253,8033,False
cf_17432,known,Yasser Arafat is follower of,253,8033,False
cf_17432,known,Yasser Arafat follows the religion of,8033,8033,True
cf_17432,known,Rumi follows the religion of,253,8033,False
cf_17432,known,The official religion of Rumi is,8033,8033,True
cf_17432,known,Omar Khayyám follows the religion of,253,8033,False
cf_17432,known,saint is follower of,253,35702,False
cf_17432,known,The official religion of Hema Malini is,253,35702,False
cf_17432,known,Bashar al-Assad is follower of,253,8033,False
cf_17432,known,Johann Ludwig Burckhardt follows the religion of,253,20242,False
cf_2483,known,Entomological Society of Canada is headquartered in,13533,29539,False
cf_2483,known,"Standards Council of Canada, whose headquarters are in",29539,13533,False
cf_2483,known,Canadian Parks and Wilderness Society is headquartered in,5041,16335,False
cf_2483,known,"Canadian Parks and Wilderness Society, whose headquarters are in",253,5041,False
cf_2483,known,The headquarters of Social Sciences and Humanities Research Council is in,253,11988,False
cf_2483,known,The headquarter of Human Resources and Skills Development Canada is in,29539,13533,False
cf_2483,known,Skate Canada is based in,13533,13533,True
cf_2483,known,Canadian Wildlife Service's headquarters are in,253,5041,False
cf_2483,known,Canadian Wildlife Service is based in,253,20829,False
cf_2483,known,Correctional Service of Canada's headquarters are in,13533,13533,True
cf_5205,known,aikido is located in the country of,4047,4047,True
cf_5205,known,Mount Fuji is located in,253,4047,False
cf_5205,known,"Kumagaya, located in",253,17413,False
cf_5205,known,aikido is located in,253,4047,False
cf_5205,known,"Kasuga, located in",253,4047,False
cf_5205,known,"Kuki, which is located in",253,17413,False
cf_5205,known,"Kōbe, located in",253,4047,False
cf_5205,known,Gifu is located in the country of,4047,4047,True
cf_5205,known,"Sony, in",253,4047,False
cf_5205,known,"Sendai, in",253,4047,False
cf_664,known,"Nokia Lumia 520, produced by",41720,41720,True
cf_664,known,"Nokia Lumia 720, produced by",41720,41720,True
cf_664,known,Nokia 2600 classic is developed by,41720,41720,True
cf_664,known,Nokia 6760 Slide is developed by,41720,41720,True
cf_664,known,Nokia 6130 is created by,41720,41720,True
cf_664,known,"Nokia 1200, developed by",41720,41720,True
cf_664,known,Nokia 1200 is created by,41720,41720,True
cf_664,known,Nokia 6700 slide is produced by,41720,41720,True
cf_664,known,Nokia N80 is produced by,41720,41720,True
cf_664,known,Nokia 1200 is a product of,41720,41720,True
cf_15627,known,Visual Basic for Applications is created by,253,9664,False
cf_15627,known,Windows Embedded Compact was developed by,253,9664,False
cf_15627,known,Microsoft Office 2007 was created by,9664,9664,True
cf_15627,known,"Windows NT, developed by",9664,9664,True
cf_15627,known,"Windows NT, a product of",253,9664,False
cf_15627,known,"Windows 3.1, a product created by",9664,9664,True
cf_15627,known,"Windows Me, created by",253,9664,False
cf_15627,known,Windows 98 is created by,253,9664,False
cf_15627,known,"Windows 2000, a product of",9664,9664,True
cf_15627,known,Microsoft Office 2007 is developed by,9664,9664,True
cf_743,known,"Shah Azizur Rahman, who holds a citizenship from",29310,5427,False
cf_743,known,"Sufia Kamal, who has a citizenship from",253,5427,False
cf_743,known,"Zulfikar Ghose, who holds a citizenship from",29310,5427,False
cf_743,known,Mohsin Hamid is a citizen of,253,10253,False
cf_743,known,"Fazle Hasan Abed, who holds a citizenship from",253,23340,False
cf_743,known,"Qateel Shifai, who has a citizenship from",253,10253,False
cf_743,known,Waheed Murad has a citizenship from,13115,13115,True
cf_743,known,"Abdul Razzaq, who has a citizenship from",253,13115,False
cf_743,known,"Waheed Murad, a citizen of",253,13115,False
cf_743,known,Israr Ahmed holds a citizenship from,253,40983,False
cf_6471,known,Young Foundation can be found in,253,4693,False
cf_6471,known,Where is athletics at the 1948 Summer Olympics – men's 200 metres? It is located in,253,27411,False
cf_6471,known,Arts Council England is located in,4693,4693,True
cf_6471,known,The location of athletics at the 1948 Summer Olympics – men's 100 metres is,275,19898,False
cf_6471,known,"Saint Sophia Cathedral, London can be found in",253,4693,False
cf_6471,known,athletics at the 1948 Summer Olympics – men's 3000 metres steeplechase can be found in,253,27411,False
cf_6471,known,Where is athletics at the 1948 Summer Olympics – men's 3000 metres steeplechase? It is located in,253,27411,False
cf_6471,known,Open Rights Group is located in,5041,22126,False
cf_6471,known,Where is Young Foundation? It is located in,253,11988,False
cf_6471,known,athletics at the 1948 Summer Olympics – men's 400 metres hurdles is in,253,49402,False
cf_14148,known,Wildstrubel is located in,253,6176,False
cf_14148,known,Rheinwaldhorn is located in,253,6176,False
cf_14148,known,Volkhov is located in the continent,273,3060,False
cf_14148,known,"Säntis, in",570,22785,False
cf_14148,known,Pizzo Tambò is located in the continent,273,9972,False
cf_14148,known,Wildhorn is located in,253,8987,False
cf_14148,known,Säntis is in,253,20341,False
cf_14148,known,Monte Generoso is located in,253,10869,False
cf_14148,known,Rigi is in,253,9972,False
cf_14148,known,Soviet Union is in,253,3060,False
cf_2124,known,"In United Kingdom, they understand",326,4383,False
cf_2124,known,The official language of Trinidad and Tobago is,4383,4383,True
cf_2124,known,The law in Trinidad and Tobago declares the language,273,4383,False
cf_2124,known,The official language of Singapore is,4383,4383,True
cf_2124,known,"In South Africa, the language spoken is",3723,4383,False
cf_2124,known,The official language of Kenya is,611,4383,False
cf_2124,known,The official language of South Africa is,3723,4383,False
cf_2124,known,"In New Zealand, an official language is",253,4383,False
cf_2124,known,"In South Africa, they understand",326,4383,False
cf_2124,known,The law in Vanuatu declares the language,273,4383,False
cf_6322,known,And the Band Played On debuted on,253,22303,False
cf_6322,known,Girls was originally aired on,253,22303,False
cf_6322,known,Band of Brothers debuted on,253,22303,False
cf_6322,known,Sex and the City debuted on,27199,22303,False
cf_6322,known,Entourage premieres on,25456,41069,False
cf_6322,known,And the Band Played On is to debut on,253,22303,False
cf_6322,known,Generation Kill is to debut on,253,41069,False
cf_6322,known,Girls is to debut on,253,21946,False
cf_6322,known,Stalin premieres on,253,29161,False
cf_6322,known,Veep was originally aired on,253,49244,False
cf_4201,known,What sport does Dennis Rodman play? They play,5842,14648,False
cf_4201,known,Tim Duncan professionally plays the sport,273,14648,False
cf_4201,known,Tim Duncan plays,247,24455,False
cf_4201,known,Charles Barkley professionally plays the sport,273,14648,False
cf_4201,known,What sport does Dennis Rodman play? They play,5842,14648,False
cf_4201,known,"Tim Duncan, the",3438,24455,False
cf_4201,known,What sport does Kevin Durant play? They play,14648,14648,True
cf_4201,known,Charles Barkley plays,253,14648,False
cf_4201,known,Wilt Chamberlain professionally plays the sport,273,14648,False
cf_4201,known,Kevin Durant plays,323,14648,False
cf_8447,known,Scipione Pulzone worked in the city of,12300,12300,True
cf_8447,known,Giovanni Battista Naldini worked in the city of,44489,27741,False
cf_8447,known,Umberto Brunelleschi found employment in,253,27741,False
cf_8447,known,Giovanni Battista Naldini took up work in,253,27741,False
cf_8447,known,Michele Tosini used to work in,253,27850,False
cf_8447,known,Cornelis de Man was employed in,253,12300,False
cf_8447,known,Domenico Puligo was employed in,253,27850,False
cf_8447,known,Cristina García Rodero used to work in,253,46287,False
cf_8447,known,Giovanni Battista Naldini found employment in,253,27741,False
cf_8447,known,Jacopo da Empoli took up work in,253,28792,False
cf_2359,known,Bill Clinton is a native speaker of,4383,4383,True
cf_2359,known,The native language of Elton John is,4383,4383,True
cf_2359,known,"Elton John, speaker of",253,4383,False
cf_2359,known,"Charlie Chaplin, speaker of",253,5112,False
cf_2359,known,Elvis Presley spoke the language,273,4383,False
cf_2359,known,The mother tongue of Charlie Chaplin is,253,4383,False
cf_2359,known,"Douglas Adams, a native",273,27756,False
cf_2359,known,The mother tongue of Elton John is,247,4383,False
cf_2359,known,Abraham Lincoln spoke the language,273,4383,False
cf_2359,known,The mother tongue of Robert Louis Stevenson is,253,4383,False
cf_7834,known,Mohammed Ali follows the religion of,8033,8033,True
cf_7834,known,Hema Malini is follower of,253,8033,False
cf_7834,known,The official religion of Mos Def is,253,8033,False
cf_7834,known,Hema Malini is affiliated with the religion,273,35702,False
cf_7834,known,The official religion of Yasser Arafat is,253,8033,False
cf_7834,known,Alī ibn Abī Ṭālib is affiliated with the religion,273,8033,False
cf_7834,known,Omar Khayyám is affiliated with the religion,273,43506,False
cf_7834,known,The official religion of Benazir Bhutto is,8033,8033,True
cf_7834,known,Usman ibn Affan is follower of,253,8033,False
cf_7834,known,Averroes is affiliated with the religion,273,20242,False
cf_141,known,The headquarter of Harvard Management Company is in,253,11988,False
cf_141,known,Harvard Management Company is based in,11988,11988,True
cf_141,known,Goji Electronics's headquarters are in,253,17413,False
cf_141,known,"Harvard Management Company, whose headquarters are in",11988,11988,True
cf_141,known,Goodwin is based in,253,4693,False
cf_141,known,Gazelle's headquarters are in,253,7785,False
cf_141,known,Health Effects Institute is based in,253,13533,False
cf_141,known,Goodwin's headquarters are in,253,4693,False
cf_141,known,Foley Hoag's headquarters are in,253,8068,False
cf_141,known,Harvard Pilgrim Health Care's headquarters are in,11988,9693,False
cf_7857,known,Pula is located in,253,9972,False
cf_7857,known,"Zadar, in",253,16795,False
cf_7857,known,Rovinj is located in the country of,42862,42862,True
cf_7857,known,"Croatia, which is located in",253,3060,False
cf_7857,known,"Poreč, in",281,46795,False
cf_7857,known,"Pula, in",253,42862,False
cf_7857,known,economy of Croatia is located in,253,42862,False
cf_7857,known,"Šibenik, which is located in",253,25270,False
cf_7857,known,"Osijek, in",253,37959,False
cf_7857,known,Croatia is located in,253,3060,False
cf_13725,known,"BMW M67, produced by",253,33399,False
cf_13725,known,"BMW N74, produced by",253,33399,False
cf_13725,known,"BMW N55, produced by",253,33399,False
cf_13725,known,"BMW N53, developed by",253,33399,False
cf_13725,known,"BMW M6, developed by",253,33399,False
cf_13725,known,BMW M67 is created by,253,33399,False
cf_13725,known,BMW M62 is a product of,253,33399,False
cf_13725,known,"BMW N47, produced by",253,33399,False
cf_13725,known,BMW M30 is produced by,253,33399,False
cf_13725,known,BMW M5 is created by,253,33399,False
cf_4645,known,"JScript, a product created by",253,9664,False
cf_4645,known,Windows Embedded Compact was developed by,253,9664,False
cf_4645,known,Windows 9x is a product of,253,9664,False
cf_4645,known,"Windows 2.0, a product created by",9664,9664,True
cf_4645,known,"Rich Text Format, created by",253,9664,False
cf_4645,known,Microsoft Office 2007 was developed by,9664,9664,True
cf_4645,known,"Windows NT, developed by",9664,9664,True
cf_4645,known,Windows 2000 was a product of,253,9664,False
cf_4645,known,"F#, a product developed by",253,9664,False
cf_4645,known,Windows Media Center is developed by,9664,9664,True
cf_13531,known,Piotr Fronczewski holds a citizenship from,16795,16795,True
cf_13531,known,Bolesław II the Generous has a citizenship from,16795,16795,True
cf_13531,known,Franciszek Macharski holds a citizenship from,16795,16795,True
cf_13531,known,Jerzy Stuhr holds a citizenship from,253,16795,False
cf_13531,known,"Krzysztof Zanussi, who is a citizen of",16795,16795,True
cf_13531,known,Bolesław I the Brave has a citizenship from,16795,16795,True
cf_13531,known,"Sigismund I the Old, who holds a citizenship from",253,16795,False
cf_13531,known,"John I Albert, who has a citizenship from",253,6144,False
cf_13531,known,Jerzy Stuhr has a citizenship from,253,16795,False
cf_13531,known,"Cezary Pazura, who holds a citizenship from",253,16795,False
cf_8031,known,Where is rio di San Lio? It is located in,253,9972,False
cf_8031,known,rio di San Pantalon is in,253,9972,False
cf_8031,known,The location of rio di San Moise is,247,10869,False
cf_8031,known,rio de Santa Maria Zobenigo is located in,253,10869,False
cf_8031,known,The location of rio di San Lio is,247,28792,False
cf_8031,known,rio di San Moise is in,253,9972,False
cf_8031,known,rio de l'Alboro can be found in,253,6181,False
cf_8031,known,Where is rio di San Salvador? It is located in,253,10869,False
cf_8031,known,rio di Santa Marina is in,253,12300,False
cf_8031,known,rio di San Luca can be found in,253,9972,False
cf_10342,known,Finsteraarhorn is a part of the continent of,3060,3060,True
cf_10342,known,"Wildstrubel, in",253,22785,False
cf_10342,known,Dents du Midi belongs to the continent of,7531,7531,True
cf_10342,known,Titlis is located in the continent,273,7531,False
cf_10342,known,Esla is located in,253,14307,False
cf_10342,known,Dents du Midi is a part of the continent of,7531,7531,True
cf_10342,known,"Aletschhorn, in",253,6176,False
cf_10342,known,Esla is located in the continent,273,3060,False
cf_10342,known,Rigi is located in,253,17413,False
cf_10342,known,Rigi is in,253,9972,False
cf_19370,known,The law in Idyash declares the language,273,7247,False
cf_19370,known,"In Kalininsky, the language spoken is",417,7247,False
cf_19370,known,"In Idyash, the language spoken is",417,7247,False
cf_19370,known,The official language of Bogdanovka is,7247,7247,True
cf_19370,known,"In Nizhny Sarabil, they understand",326,7247,False
cf_19370,known,The law in Nizhny Sarabil declares the language,273,7247,False
cf_19370,known,"In Bogdanovka, they understand",326,7247,False
cf_19370,known,"In Novopavlovka, the language spoken is",7247,7247,True
cf_19370,known,The law in Nizhny Muynak declares the language,273,7247,False
cf_19370,known,"In Sagitovo, the language spoken is",417,7247,False
cf_13351,known,The New Normal premieres on,41069,41069,True
cf_13351,known,Awake debuted on,253,21946,False
cf_13351,known,Cartoon All-Stars to the Rescue is to debut on,253,22303,False
cf_13351,known,Awake is to debut on,253,27478,False
cf_13351,known,Miami Vice is to debut on,253,49244,False
cf_13351,known,The Voice premieres on,253,22303,False
cf_13351,known,Noah's Ark debuted on,253,22303,False
cf_13351,known,The Voice is to debut on,253,22303,False
cf_13351,known,Noah's Ark is to debut on,253,22303,False
cf_13351,known,Camp Cucamonga is to debut on,253,27478,False
cf_19664,known,What sport does Landon Donovan play? They play,20391,20391,True
cf_19664,known,What sport does Javier Hernández play? They play,20391,20391,True
cf_19664,known,Bastian Schweinsteiger is a professional,31926,20391,False
cf_19664,known,Bastian Schweinsteiger professionally plays the sport,273,20391,False
cf_19664,known,Steven Gerrard professionally plays the sport,273,20391,False
cf_19664,known,George Best is a professional,8406,19971,False
cf_19664,known,What sport does David Beckham play? They play,5842,20391,False
cf_19664,known,David Villa plays,275,5842,False
cf_19664,known,Wayne Rooney is a professional,31926,20391,False
cf_19664,known,Kaká plays,253,24455,False
cf_18738,known,Salvador Dalí was employed in,253,24639,False
cf_18738,known,Salvador Dalí found employment in,253,24639,False
cf_18738,known,Victor Hugo was employed in,253,7785,False
cf_18738,known,Napoleon III worked in the city of,7785,7785,True
cf_18738,known,Peter Paul Rubens found employment in,253,4693,False
cf_18738,known,Peter Paul Rubens was employed in,253,4693,False
cf_18738,known,Henri Matisse used to work in,253,7785,False
cf_18738,known,René Magritte found employment in,253,7785,False
cf_18738,known,Claude Monet worked in,253,7785,False
cf_18738,known,Andy Warhol found employment in,253,7785,False
cf_2181,known,"Elton John, speaker of",253,4383,False
cf_2181,known,Robert Louis Stevenson spoke the language,273,5112,False
cf_2181,known,The native language of Louis Armstrong is,5112,4383,False
cf_2181,known,Paul McCartney is a native speaker of,4383,4383,True
cf_2181,known,"Paul McCartney, speaker of",253,18542,False
cf_2181,known,"J. R. R. Tolkien, a native",273,4383,False
cf_2181,known,Abraham Lincoln spoke the language,273,4383,False
cf_2181,known,"Elton John, a native",273,4383,False
cf_2181,known,The native language of Bob Dylan is,4383,4383,True
cf_2181,known,The mother tongue of George Washington is,253,4383,False
cf_4617,known,Benazir Bhutto is follower of,253,8033,False
cf_4617,known,Yasser Arafat is follower of,253,8033,False
cf_4617,known,Yasser Arafat is affiliated with the religion,273,43506,False
cf_4617,known,Hamid Karzai is follower of,253,8033,False
cf_4617,known,Mehmed the Conqueror is affiliated with the religion,273,8033,False
cf_4617,known,Hamid Karzai is affiliated with the religion,273,8033,False
cf_4617,known,saint is follower of,253,35702,False
cf_4617,known,Dave Chappelle is follower of,253,35702,False
cf_4617,known,The official religion of Hema Malini is,253,35702,False
cf_4617,known,Johann Ludwig Burckhardt is follower of,253,20242,False
cf_2396,known,Belmont University School of Pharmacy is headquartered in,47594,24604,False
cf_2396,known,The headquarter of Vanderbilt University Department of Anesthesiology is located in,30647,30647,True
cf_2396,known,"Strayer University - Nashville Campus, whose headquarters are in",30647,30647,True
cf_2396,known,Vanderbilt University Department of Leadership Policy and Organization is headquartered in,30647,30647,True
cf_2396,known,The headquarter of Belmont University Department of Psychological Science is located in,253,47594,False
cf_2396,known,University of Tennessee College of Social Work Nashville Campus is headquartered in,30647,30647,True
cf_2396,known,Vanderbilt University Department of English's headquarters are in,30647,30647,True
cf_2396,known,Vanderbilt University Department of Leadership Policy and Organization's headquarters are in,30647,30647,True
cf_2396,known,Vanderbilt University Department of Biological Sciences's headquarters are in,30647,30647,True
cf_2396,known,"Acuff-Rose Music, Inc. is based in",253,30647,False
cf_6849,known,"Libreflix ID, located in",253,4693,False
cf_6849,known,"Brazil, in",253,3060,False
cf_6849,known,IPHAN ID is located in,253,48771,False
cf_6849,known,"CEMDP ID, which is located in",253,11988,False
cf_6849,known,Belgian Heritage in Brazil ID is located in,253,22785,False
cf_6849,known,Tainacan MAI ID is located in the country of,308,31003,False
cf_6849,known,"Libreflix ID, which is located in",253,4693,False
cf_6849,known,"São Paulo, in",253,10869,False
cf_6849,known,"Filmow ID, which is located in",253,40431,False
cf_6849,known,"Libreflix ID, in",253,18908,False
cf_2796,known,"Chevrolet Chevy 500, produced by",4214,49937,False
cf_2796,known,Chevrolet AK-Series is produced by,49937,49937,True
cf_2796,known,"Chevrolet AK-Series, developed by",49937,49937,True
cf_2796,known,Chevrolet Camaro ZL1 (fifth generation) is created by,49937,49937,True
cf_2796,known,"Chevrolet Camaro, developed by",253,49937,False
cf_2796,known,Chevrolet Chevy 500 is created by,253,49937,False
cf_2796,known,Chevrolet El Camino (3rd generation) is developed by,49937,49937,True
cf_2796,known,Chevrolet Engineering Research Vehicle is developed by,49937,49937,True
cf_2796,known,Chevrolet Chevy 500 is developed by,253,49937,False
cf_2796,known,Chevrolet Miray is produced by,253,49937,False
cf_1655,known,Windows 98 was created by,9664,9664,True
cf_1655,known,"Microsoft Silverlight, a product developed by",9664,9664,True
cf_1655,known,"Windows Me, a product created by",253,8217,False
cf_1655,known,"Microsoft Office 2010, developed by",9664,9664,True
cf_1655,known,"Visual Basic for Applications, a product of",253,9664,False
cf_1655,known,"Xenix, a product created by",253,9664,False
cf_1655,known,"Windows 2000, a product manufactured by",9664,9664,True
cf_1655,known,Windows 3.0 is a product of,253,9664,False
cf_1655,known,Windows Media Center is developed by,9664,9664,True
cf_1655,known,"F#, a product of",253,11988,False
cf_1819,known,"J.B.S. Haldane, who holds a citizenship from",253,6144,False
cf_1819,known,Buddhadeb Bose has a citizenship from,5427,5427,True
cf_1819,known,Rajneesh holds a citizenship from,5427,5427,True
cf_1819,known,"Zohra Sehgal, a citizen of",253,13115,False
cf_1819,known,Zakir Hussain has a citizenship from,13115,13115,True
cf_1819,known,Zohra Sehgal has a citizenship from,5427,13115,False
cf_1819,known,Mohammed Rafi holds a citizenship from,253,13115,False
cf_1819,known,"Saadat Hasan Manto, who holds a citizenship from",253,29310,False
cf_1819,known,"Ajay Devgn, a citizen of",5427,5427,True
cf_1819,known,Mahasweta Devi is a citizen of,5427,5427,True
cf_8449,known,2004 Nottingham Open is located in,48586,48586,True
cf_8449,known,The location of 2002 Samsung Open is,247,36546,False
cf_8449,known,Where is 2006 Nottingham Open? It is located in,48586,48586,True
cf_8449,known,The location of The Bramcote School is,247,21818,False
cf_8449,known,Where is 2005 Nottingham Open? It is located in,48586,48586,True
cf_8449,known,The location of Hempshill Hall Primary School is,275,4693,False
cf_8449,known,2004 Nottingham Open can be found in,48586,48586,True
cf_8449,known,2003 Samsung Open can be found in,253,36546,False
cf_8449,known,Alderman White School is in,253,21249,False
cf_8449,known,The location of 2005 Nottingham Open is,247,48586,False
cf_9319,known,Egypt is located in,253,7531,False
cf_9319,known,India is located in the continent,273,10497,False
cf_9319,known,Georgia is a part of the continent of,7531,7531,True
cf_9319,known,Egypt belongs to the continent of,7531,7531,True
cf_9319,known,Israel is a part of the continent of,7531,10497,False
cf_9319,known,Pakistan is located in the continent,273,10497,False
cf_9319,known,India is in,253,10497,False
cf_9319,known,"Nepal, in",253,5427,False
cf_9319,known,Russia is located in,253,3060,False
cf_9319,known,"People's Republic of China, in",253,10497,False
cf_15883,known,"In Ireland, an official language is",253,4383,False
cf_15883,known,"In European Union, the language spoken is",253,4383,False
cf_15883,known,"In Trinidad and Tobago, they understand",326,4383,False
cf_15883,known,The law in South Africa declares the language,273,3684,False
cf_15883,known,"In Belize, they understand",326,4383,False
cf_15883,known,"In South Africa, the language spoken is",3723,4383,False
cf_15883,known,The law in Belize declares the language,273,4383,False
cf_15883,known,The official language of European Union is,4383,5112,False
cf_15883,known,"In Ghana, the language spoken is",253,4383,False
cf_15883,known,"In Singapore, an official language is",18150,4383,False
cf_7705,known,Awake premiered on,253,22303,False
cf_7705,known,"Friends, season 7 is to debut on",25456,15501,False
cf_7705,known,The City on the Edge of Forever premiered on,27199,41069,False
cf_7705,known,"Friends, season 7 was released on",17509,25456,False
cf_7705,known,Miami Vice was released on,253,49244,False
cf_7705,known,Sisters premiered on,27199,21946,False
cf_7705,known,Miami Vice premieres on,253,22303,False
cf_7705,known,The Voice premieres on,253,22303,False
cf_7705,known,Patterns of Force was released on,253,17509,False
cf_7705,known,Medium debuted on,253,22303,False
cf_3330,known,Tim Duncan plays,247,24455,False
cf_3330,known,What sport does Hakeem Olajuwon play? They play,14648,14648,True
cf_3330,known,LeBron James plays,247,14648,False
cf_3330,known,Pau Gasol professionally plays the sport,273,14648,False
cf_3330,known,"Magic Johnson, the",3438,12609,False
cf_3330,known,Dennis Rodman is a professional,14623,14648,False
cf_3330,known,Kevin Durant is a professional,14648,14648,True
cf_3330,known,"Pau Gasol, the",3438,14648,False
cf_3330,known,Dennis Rodman professionally plays the sport,273,14648,False
cf_3330,known,What sport does Magic Johnson play? They play,15692,14648,False
cf_4693,known,Alcide De Gasperi worked in,253,12300,False
cf_4693,known,"Frederic Leighton, 1st Baron Leighton took up work in",253,4693,False
cf_4693,known,Georges Braque was employed in,253,7785,False
cf_4693,known,Clement IX found employment in,253,12300,False
cf_4693,known,J. M. W. Turner was employed in,253,4693,False
cf_4693,known,Cy Twombly worked in the city of,1457,8068,False
cf_4693,known,Eugene IV found employment in,253,12300,False
cf_4693,known,Ignazio Silone worked in,253,12300,False
cf_4693,known,Georges Braque used to work in,253,7785,False
cf_4693,known,Sixtus IV worked in,253,12300,False
cf_10026,known,"George Orwell, a native",273,4383,False
cf_10026,known,The mother tongue of George Orwell is,247,4383,False
cf_10026,known,Madonna spoke the language,273,5112,False
cf_10026,known,The mother tongue of Louis Armstrong is,253,4383,False
cf_10026,known,The native language of Michael Jackson is,4383,4383,True
cf_10026,known,Ella Fitzgerald spoke the language,273,4383,False
cf_10026,known,The native language of J. R. R. Tolkien is,253,4383,False
cf_10026,known,Madonna is a native speaker of,4383,5112,False
cf_10026,known,J. R. R. Tolkien is a native speaker of,4383,4383,True
cf_10026,known,Barack Obama spoke the language,273,4383,False
cf_4301,known,The official religion of Benazir Bhutto is,8033,8033,True
cf_4301,known,Bashar al-Assad follows the religion of,8033,8033,True
cf_4301,known,Omar Khayyám is follower of,253,8033,False
cf_4301,known,The official religion of Omar Khayyám is,8033,8033,True
cf_4301,known,The official religion of Johann Ludwig Burckhardt is,253,20242,False
cf_4301,known,Abd al-Malik ibn Marwan follows the religion of,253,8033,False
cf_4301,known,The official religion of saint is,253,8033,False
cf_4301,known,Rasul Gamzatov is follower of,253,8033,False
cf_4301,known,Mohammed Ali follows the religion of,8033,8033,True
cf_4301,known,Bashar al-Assad is follower of,253,8033,False
cf_8130,known,Islamic Republic News Agency is headquartered in,35889,37068,False
cf_8130,known,Quds Force's headquarters are in,253,17913,False
cf_8130,known,Chaldean Catholic Metropolitan Archdiocese of Tehran's headquarters are in,35889,35889,True
cf_8130,known,"Chaldean Catholic Metropolitan Archdiocese of Tehran, whose headquarters are in",35889,35889,True
cf_8130,known,The headquarter of Mahan Air is in,253,48771,False
cf_8130,known,Saipa's headquarters are in,253,48771,False
cf_8130,known,"Imam Hossein University, whose headquarters are in",35889,35889,True
cf_8130,known,The headquarter of SAVAK is located in,253,17913,False
cf_8130,known,National Iranian Oil Company is based in,35889,35889,True
cf_8130,known,The headquarter of Ministry of Health and Medical Education is located in,253,48771,False
cf_7135,known,"Sri Potti Sri Ramulu Nellore district, located in",253,5427,False
cf_7135,known,Guntur district is located in the country of,24206,5427,False
cf_7135,known,"East Godavari district, located in",253,5427,False
cf_7135,known,Sri Potti Sri Ramulu Nellore district is located in,253,5427,False
cf_7135,known,Warangal District is located in,253,5427,False
cf_7135,known,"Anantapuram district, in",253,5427,False
cf_7135,known,Nilgiris district is located in,253,17785,False
cf_7135,known,"Medak district, located in",253,35020,False
cf_7135,known,Vizianagaram district is located in,253,5427,False
cf_7135,known,"Tirunelveli district, in",253,34861,False
cf_8110,known,Toyota Harrier is developed by,32714,32714,True
cf_8110,known,Toyota Harrier is produced by,32714,32714,True
cf_8110,known,Toyota AE85 is a product of,253,32714,False
cf_8110,known,Toyota Sprinter is produced by,32714,32714,True
cf_8110,known,"Toyota AE85, developed by",32714,32714,True
cf_8110,known,Toyota Sprinter is created by,32714,32714,True
cf_8110,known,Toyota AD engine is developed by,32714,32714,True
cf_8110,known,Toyota Camry XV40 is created by,32714,32714,True
cf_8110,known,Toyota Corolla Spacio is produced by,253,32714,False
cf_8110,known,Lexus IS (XE20) is developed by,253,32714,False
cf_4248,known,Adobe AIR was developed by,33143,33143,True
cf_4248,known,"Adobe Bridge, a product of",253,33143,False
cf_4248,known,"Adobe PageMaker, created by",33143,33143,True
cf_4248,known,"Adobe Flash Player, developed by",33143,33143,True
cf_4248,known,"Adobe Audition, a product manufactured by",33143,33143,True
cf_4248,known,"Adobe Dreamweaver, a product created by",33143,33143,True
cf_4248,known,"Adobe InDesign, a product created by",33143,33143,True
cf_4248,known,"Adobe Fireworks, developed by",33143,33143,True
cf_4248,known,"Adobe Acrobat, created by",33143,33143,True
cf_4248,known,Adobe Dreamweaver is developed by,33143,33143,True
cf_1556,known,"Ichiro Suzuki, a citizen of",4047,4047,True
cf_1556,known,Shigeru Miyamoto holds a citizenship from,4047,4047,True
cf_1556,known,"Hisashi Inoue, who holds a citizenship from",4047,4047,True
cf_1556,known,Ichiro Suzuki has a citizenship from,253,4047,False
cf_1556,known,Nitobe Inazō is a citizen of,4047,4047,True
cf_1556,known,"Akira Kurosawa, who has a citizenship from",4047,4047,True
cf_1556,known,Futabatei Shimei is a citizen of,253,4047,False
cf_1556,known,"Shigeru Miyamoto, who has a citizenship from",4047,4047,True
cf_1556,known,Matsuo Bashō holds a citizenship from,4047,4047,True
cf_1556,known,"Koji Murofushi, who is a citizen of",4047,4047,True
cf_6201,known,Where is Grand Riviera Theatre? It is located in,253,16146,False
cf_6201,known,First Unitarian Church of Detroit can be found in,253,17372,False
cf_6201,known,Where is Grande Ballroom? It is located in,253,30647,False
cf_6201,known,The location of Grand Riviera Theatre is,4441,28792,False
cf_6201,known,The location of Gertrude Kasle Gallery is,4441,7785,False
cf_6201,known,Historic Trinity Lutheran Church is in,253,8068,False
cf_6201,known,Where is Historic Trinity Lutheran Church? It is located in,253,8068,False
cf_6201,known,Fort Washington Plaza can be found in,253,16335,False
cf_6201,known,The location of Fort Washington Plaza is,247,11637,False
cf_6201,known,Historic Trinity Lutheran Church can be found in,253,8068,False
cf_19028,known,Uganda is in,253,7531,False
cf_19028,known,Cameroon belongs to the continent of,7531,7531,True
cf_19028,known,Cameroon is in,253,7531,False
cf_19028,known,"Algeria, in",253,7531,False
cf_19028,known,Tanzania is a part of the continent of,7531,7531,True
cf_19028,known,South Africa belongs to the continent of,7531,7531,True
cf_19028,known,Egypt belongs to the continent of,7531,7531,True
cf_19028,known,"South Africa, in",253,7531,False
cf_19028,known,Zambia belongs to the continent of,7531,7531,True
cf_19028,known,Libya is located in the continent,273,3060,False
cf_8763,known,The official language of Francia is,5112,9890,False
cf_8763,known,The official language of Holy Roman Empire is,253,5685,False
cf_8763,known,The law in Republic of Venice declares the language,273,9890,False
cf_8763,known,"In Byzantine Empire, an official language is",253,11308,False
cf_8763,known,The official language of Kingdom of Mercia is,253,4383,False
cf_8763,known,"In Vatican City, they understand",326,12760,False
cf_8763,known,"In Crown of Aragon, they understand",326,9883,False
cf_8763,known,"In Duchy of Savoy, an official language is",13452,5112,False
cf_8763,known,"In Kingdom of Scotland, they understand",326,4383,False
cf_8763,known,The law in Armenian Kingdom of Cilicia declares the language,273,46657,False
cf_13526,known,Battle of the Gridiron Stars is to debut on,253,21946,False
cf_13526,known,30 for 30 is to debut on,253,22303,False
cf_13526,known,The Contender was originally aired on,253,22303,False
cf_13526,known,3: The Dale Earnhardt Story is to debut on,253,21946,False
cf_13526,known,Sunday Night Baseball premieres on,27478,27478,True
cf_13526,known,NBA on ESPN is to debut on,27478,27478,True
cf_13526,known,Nine for IX premiered on,253,22303,False
cf_13526,known,Hustle debuted on,253,22303,False
cf_13526,known,Sunday Night Baseball is to debut on,253,21946,False
cf_13526,known,College GameDay was originally aired on,253,21946,False
cf_3906,known,Jackie Robinson professionally plays the sport,273,14623,False
cf_3906,known,Lou Gehrig is a professional,14623,14623,True
cf_3906,known,"Stan Musial, the",3438,14623,False
cf_3906,known,Jim Thorpe is a professional,16972,19971,False
cf_3906,known,"Lou Gehrig, the",1270,14623,False
cf_3906,known,Danny Ainge is a professional,14648,14648,True
cf_3906,known,Roberto Clemente plays,247,20391,False
cf_3906,known,Jim Bunning professionally plays the sport,273,14623,False
cf_3906,known,"Mickey Mantle, the",806,24455,False
cf_3906,known,Chuck Connors professionally plays the sport,273,19971,False
cf_802,known,Joseph Schmitt worked in,253,12911,False
cf_802,known,Joan Huydecoper II found employment in,253,7785,False
cf_802,known,Jan Wils worked in the city of,411,8068,False
cf_802,known,Joseph Zaritsky was employed in,253,40431,False
cf_802,known,Jacob Christoph Le Blon worked in,253,12911,False
cf_802,known,Willem Doudijns worked in,253,26653,False
cf_802,known,Nikolaas Verkolje worked in,253,41577,False
cf_802,known,Nikolaas Verkolje took up work in,253,12911,False
cf_802,known,Fouad Laroui was employed in,253,7785,False
cf_802,known,Paul Friedrich Meyerheim found employment in,253,12911,False
cf_19606,known,"Melchior de Vogüé, speaker of",253,5112,False
cf_19606,known,"Michel Rocard, speaker of",253,5112,False
cf_19606,known,The mother tongue of Henri Barbusse is,253,5112,False
cf_19606,known,The native language of Jacques Chaban-Delmas is,5112,5112,True
cf_19606,known,"Raymond Barre, speaker of",253,5112,False
cf_19606,known,The mother tongue of François Bayrou is,247,5112,False
cf_19606,known,The mother tongue of Jean Gabin is,247,5112,False
cf_19606,known,"Léon Blum, a native",273,5112,False
cf_19606,known,Jean Auguste Dominique Ingres spoke the language,273,5112,False
cf_19606,known,"Jacques Chaban-Delmas, a native",273,5112,False
cf_16240,known,Joseph Unger is follower of,253,35702,False
cf_16240,known,Ludwig Philippson follows the religion of,253,43506,False
cf_16240,known,Emanuel Löwy follows the religion of,253,43506,False
cf_16240,known,Alfred Loewy follows the religion of,253,8033,False
cf_16240,known,The official religion of Benjamin Murmelstein is,43506,43506,True
cf_16240,known,Heinrich Auspitz is follower of,253,20242,False
cf_16240,known,Benjamin Murmelstein is follower of,253,35702,False
cf_16240,known,Moritz Gottlieb Saphir is affiliated with the religion,273,43506,False
cf_16240,known,Gila Lustiger is follower of,253,20242,False
cf_16240,known,The official religion of Erich Lessing is,253,20242,False
cf_334,known,The headquarter of The Sunday Business Post is located in,253,14296,False
cf_334,known,The headquarter of Accounting Technicians Ireland is in,24523,24523,True
cf_334,known,éirígí's headquarters are in,253,7785,False
cf_334,known,Department of Education and Skills is based in,253,4693,False
cf_334,known,"Department of Jobs, Enterprise and Innovation is headquartered in",253,5041,False
cf_334,known,AerCap is headquartered in,253,16335,False
cf_334,known,"Department of Communications, Energy and Natural Resources is headquartered in",253,29539,False
cf_334,known,"Department of Justice, whose headquarters are in",5041,5041,True
cf_334,known,"Department of Communications, Energy and Natural Resources, whose headquarters are in",253,29539,False
cf_334,known,The headquarter of ESB Group is located in,253,32000,False
cf_6274,known,"Vestfold, which is located in",253,20341,False
cf_6274,known,"Oppland, in",253,13944,False
cf_6274,known,Sogn og Fjordane is located in the country of,20341,20341,True
cf_6274,known,Nordland is located in the country of,22783,20341,False
cf_6274,known,Sortland is located in,253,6144,False
cf_6274,known,"Finnmark, located in",253,20341,False
cf_6274,known,"Akershus, located in",253,20341,False
cf_6274,known,Møre og Romsdal is located in the country of,22783,20341,False
cf_6274,known,Hordaland is located in,253,20341,False
cf_6274,known,Troms is located in the country of,308,20341,False
cf_16666,known,Virtual Boy is a product of,253,8217,False
cf_16666,known,Nintendo GameCube is developed by,26862,26862,True
cf_16666,known,Nintendo 3DS is produced by,26862,26862,True
cf_16666,known,Nintendo Entertainment System is produced by,26862,26862,True
cf_16666,known,"Virtual Boy, created by",253,8217,False
cf_16666,known,"Nintendo 64, created by",26862,26862,True
cf_16666,known,Family Computer Disk System is created by,253,21314,False
cf_16666,known,"Virtual Boy, developed by",253,8217,False
cf_16666,known,"Game Boy Color, developed by",26862,26862,True
cf_16666,known,Game & Watch series is a product of,253,9664,False
cf_6799,known,Adobe AIR was created by,33143,33143,True
cf_6799,known,"Adobe Acrobat, a product created by",33143,33143,True
cf_6799,known,Adobe Acrobat is developed by,33143,33143,True
cf_6799,known,Adobe Premiere Pro is a product of,33143,33143,True
cf_6799,known,Adobe Illustrator is developed by,33143,33143,True
cf_6799,known,"Adobe PageMaker, a product developed by",33143,33143,True
cf_6799,known,Adobe Photoshop Lightroom was developed by,33143,33143,True
cf_6799,known,"Adobe Creative Suite, a product manufactured by",33143,33143,True
cf_6799,known,"Adobe AIR, a product created by",33143,33143,True
cf_6799,known,"Adobe Audition, a product manufactured by",33143,33143,True
cf_9509,known,Nguyễn Phúc Khoát has a citizenship from,253,15732,False
cf_9509,known,Dong Sy Nguyen has a citizenship from,15732,15732,True
cf_9509,known,"Xuan Dieu, who is a citizen of",253,4135,False
cf_9509,known,Nguyễn Phúc Chu holds a citizenship from,15732,15732,True
cf_9509,known,Huy Can is a citizen of,253,6181,False
cf_9509,known,"Ngo Dinh Luyen, who holds a citizenship from",15732,15732,True
cf_9509,known,"Phan Huy Ích, who has a citizenship from",253,16842,False
cf_9509,known,"Nguyễn Phúc Thái, a citizen of",15732,15732,True
cf_9509,known,Xuan Dieu is a citizen of,253,4135,False
cf_9509,known,Nguyễn Phúc Thuần holds a citizenship from,15732,15732,True
cf_17411,known,South Korea is in,253,10497,False
cf_17411,known,Iran is in,253,16111,False
cf_17411,known,"Pakistan, in",253,10497,False
cf_17411,known,Indonesia is in,253,10497,False
cf_17411,known,Egypt is located in the continent,273,7531,False
cf_17411,known,"Russia, in",253,10497,False
cf_17411,known,Egypt belongs to the continent of,7531,7531,True
cf_17411,known,"Indonesia, in",253,10497,False
cf_17411,known,Georgia is in,253,12096,False
cf_17411,known,People's Republic of China belongs to the continent of,10497,10497,True
cf_16245,known,"In Châtillon, they understand",326,5112,False
cf_16245,known,The official language of Amnesty International is,4383,4383,True
cf_16245,known,"In International Criminal Court, the language spoken is",417,4383,False
cf_16245,known,"In Amnesty International, an official language is",253,4383,False
cf_16245,known,"In Aigle, the language spoken is",417,4383,False
cf_16245,known,The official language of Organisation for Economic Cooperation and Development is,253,4383,False
cf_16245,known,"In Organisation for Economic Cooperation and Development, the language spoken is",4383,4383,True
cf_16245,known,The law in New Caledonia declares the language,273,5112,False
cf_16245,known,The law in Châtillon declares the language,273,5112,False
cf_16245,known,The official language of European Space Agency is,4383,4383,True
cf_11414,known,NASCAR Countdown premiered on,253,22303,False
cf_11414,known,NBA on ESPN premieres on,27478,27478,True
cf_11414,known,Around the Horn is to debut on,253,21946,False
cf_11414,known,Around the Horn debuted on,253,22303,False
cf_11414,known,SportsCenter premieres on,27478,22303,False
cf_11414,known,3: The Dale Earnhardt Story was released on,17509,21946,False
cf_11414,known,Playmakers debuted on,253,27478,False
cf_11414,known,"Beg, Borrow & Deal was released on",253,49244,False
cf_11414,known,Outside the Lines was released on,17509,21946,False
cf_11414,known,SportsCenter debuted on,253,27478,False
cf_5951,known,What sport does Kevin Durant play? They play,14648,14648,True
cf_5951,known,"Kevin Durant, the",3438,14648,False
cf_5951,known,What sport does Pau Gasol play? They play,14648,14648,True
cf_5951,known,Dennis Rodman is a professional,14623,14648,False
cf_5951,known,Kevin Durant is a professional,14648,14648,True
cf_5951,known,Hakeem Olajuwon plays,323,14648,False
cf_5951,known,Larry Bird is a professional,14623,19971,False
cf_5951,known,What sport does Tim Duncan play? They play,5842,14648,False
cf_5951,known,Kevin Durant plays,323,14648,False
cf_5951,known,What sport does Michael Jordan play? They play,14648,14648,True
cf_11830,known,"Clementine Churchill, Baroness Spencer-Churchill worked in",253,4693,False
cf_11830,known,Graham Brady used to work in,253,4693,False
cf_11830,known,George Clarkson Stanfield took up work in,253,4693,False
cf_11830,known,Crispin Blunt was employed in,253,4693,False
cf_11830,known,Graham Brady was employed in,253,4693,False
cf_11830,known,Theresa May used to work in,253,4693,False
cf_11830,known,Crispin Blunt worked in,253,4693,False
cf_11830,known,Kevin Brennan was employed in,253,13533,False
cf_11830,known,David Blunkett was employed in,253,4693,False
cf_11830,known,Tom Brake was employed in,253,4693,False
cf_6956,known,The native language of Frédéric Bastiat is,5112,5112,True
cf_6956,known,Michel Rocard is a native speaker of,5112,5112,True
cf_6956,known,The native language of Jacques Chaban-Delmas is,5112,5112,True
cf_6956,known,Élisée Reclus is a native speaker of,5112,5112,True
cf_6956,known,The mother tongue of Frédéric Bastiat is,253,5112,False
cf_6956,known,"Élisée Reclus, speaker of",253,5112,False
cf_6956,known,The native language of Ferdinand de Saussure is,5112,9883,False
cf_6956,known,"Robert Schuman, speaker of",253,5112,False
cf_6956,known,The mother tongue of Léon Blum is,417,5112,False
cf_6956,known,The native language of Melchior de Vogüé is,253,5112,False
cf_15632,known,Mehmed the Conqueror is follower of,253,8033,False
cf_15632,known,The official religion of Rasul Gamzatov is,8033,8033,True
cf_15632,known,The official religion of Mehmed the Conqueror is,8033,8033,True
cf_15632,known,The official religion of saint is,253,8033,False
cf_15632,known,The official religion of Dave Chappelle is,20242,20242,True
cf_15632,known,Mehmed the Conqueror follows the religion of,253,8033,False
cf_15632,known,Mohammed Ali is affiliated with the religion,273,8033,False
cf_15632,known,Johann Ludwig Burckhardt follows the religion of,253,20242,False
cf_15632,known,Bashar al-Assad is follower of,253,8033,False
cf_15632,known,Hema Malini is affiliated with the religion,273,35702,False
cf_6017,known,The headquarter of Open Βionics is located in,253,14296,False
cf_6017,known,Saint-Gobain (United Kingdom) is based in,253,7785,False
cf_6017,known,Wiper and True's headquarters are in,253,14296,False
cf_6017,known,Land Use Consultants (United Kingdom) is based in,253,4693,False
cf_6017,known,The headquarters of The Vegetarian and Vegan Foundation is in,253,4693,False
cf_6017,known,Dr Fox Pharmacy's headquarters are in,253,14296,False
cf_6017,known,"SunLife, whose headquarters are in",253,14296,False
cf_6017,known,Oliver Crispin Robotics (United Kingdom) is based in,253,4693,False
cf_6017,known,The headquarter of Hewlett Packard (United Kingdom) is located in,253,4693,False
cf_6017,known,Boston Tea Party is based in,253,9693,False
cf_7151,known,"Mitsubishi A6M Zero, which is located in",253,4047,False
cf_7151,known,"Kōbe, which is located in",253,4047,False
cf_7151,known,"Tochigi, which is located in",253,4047,False
cf_7151,known,"2002 FIFA World Cup, located in",253,38075,False
cf_7151,known,Sony is located in the country of,4047,4047,True
cf_7151,known,Iwate Prefecture is located in,253,4047,False
cf_7151,known,"Kumagaya, which is located in",253,17413,False
cf_7151,known,"Kōbe, in",253,4047,False
cf_7151,known,"Obama, in",253,8672,False
cf_7151,known,Gifu is located in,253,4047,False
cf_9177,known,Toyota AE85 is developed by,32714,32714,True
cf_9177,known,Scion xA is produced by,253,9664,False
cf_9177,known,"Toyota Corolla Spacio, developed by",32714,32714,True
cf_9177,known,"Toyota Vitz, developed by",32714,32714,True
cf_9177,known,Toyota Vitz is produced by,32714,32714,True
cf_9177,known,Toyota Corolla Spacio is a product of,253,32714,False
cf_9177,known,"Toyota AZ engine, created by",32714,32714,True
cf_9177,known,Toyota Sprinter Carib is produced by,32714,32714,True
cf_9177,known,Toyota AR engine is produced by,32714,32714,True
cf_9177,known,"Toyota Camry XV30, produced by",32714,32714,True
cf_6596,known,Nexus One was a product of,253,8217,False
cf_6596,known,Picasa is developed by,253,8217,False
cf_6596,known,V8 is created by,253,33399,False
cf_6596,known,"Google Chrome, a product created by",5559,5559,True
cf_6596,known,Go was developed by,253,9664,False
cf_6596,known,Google Calendar was created by,5559,5559,True
cf_6596,known,"Chrome OS, developed by",5559,5559,True
cf_6596,known,"Nexus 7, a product of",253,8217,False
cf_6596,known,Google Maps was developed by,5559,5559,True
cf_6596,known,"Blogger, created by",187,9664,False
cf_9372,known,"Ajay Devgn, who is a citizen of",5427,5427,True
cf_9372,known,Kajol is a citizen of,253,25270,False
cf_9372,known,Ajay Devgn is a citizen of,5427,5427,True
cf_9372,known,Rajneesh holds a citizenship from,5427,5427,True
cf_9372,known,"J.B.S. Haldane, who has a citizenship from",253,6144,False
cf_9372,known,Saadat Hasan Manto is a citizen of,253,29310,False
cf_9372,known,Mohammed Rafi has a citizenship from,253,13115,False
cf_9372,known,Mohammed Rafi holds a citizenship from,253,13115,False
cf_9372,known,"Saadat Hasan Manto, a citizen of",253,29310,False
cf_9372,known,Sarvepalli Radhakrishnan is a citizen of,5427,5427,True
cf_13122,known,Egypt is located in,253,7531,False
cf_13122,known,Ghana belongs to the continent of,7531,7531,True
cf_13122,known,"Cameroon, in",253,7531,False
cf_13122,known,Cameroon is a part of the continent of,7531,7531,True
cf_13122,known,Nigeria is located in the continent,273,7531,False
cf_13122,known,Chad is located in the continent,273,3060,False
cf_13122,known,Burkina Faso is in,253,7531,False
cf_13122,known,Libya is a part of the continent of,7531,7531,True
cf_13122,known,Angola is located in,253,7531,False
cf_13122,known,Côte d'Ivoire belongs to the continent of,7531,7531,True
cf_3416,known,"In Kemijärvi, an official language is",908,36090,False
cf_3416,known,"In Lempäälä, an official language is",417,36090,False
cf_3416,known,The official language of Keuruu is,611,13986,False
cf_3416,known,"In Sundbyberg Municipality, the language spoken is",346,19688,False
cf_3416,known,"In Laitila, the language spoken is",253,34861,False
cf_3416,known,"In Pirkkala, an official language is",253,36090,False
cf_3416,known,The law in Viitasaari declares the language,273,36090,False
cf_3416,known,"In Vihti, the language spoken is",253,36090,False
cf_3416,known,"In Vihti, they understand",326,36090,False
cf_3416,known,"In Borås Municipality, the language spoken is",19688,19688,True
cf_18996,known,Baseball Tonight was released on,253,21946,False
cf_18996,known,Hustle premiered on,27199,22303,False
cf_18996,known,Saturday Primetime is to debut on,253,21946,False
cf_18996,known,The Contender is to debut on,253,27478,False
cf_18996,known,Outside the Lines is to debut on,253,21946,False
cf_18996,known,NBA on ESPN was originally aired on,27478,27478,True
cf_18996,known,"Beg, Borrow & Deal premiered on",253,22303,False
cf_18996,known,College GameDay debuted on,253,27478,False
cf_18996,known,College GameDay premiered on,253,27478,False
cf_18996,known,Sunday Night Baseball is to debut on,253,21946,False
cf_17913,known,What sport does Ty Cobb play? They play,14623,14623,True
cf_17913,known,Chuck Connors is a professional,16972,19971,False
cf_17913,known,What sport does Babe Ruth play? They play,14623,14623,True
cf_17913,known,"Chuck Connors, the",3438,22385,False
cf_17913,known,Barry Bonds professionally plays the sport,273,14623,False
cf_17913,known,Danny Ainge plays,253,14648,False
cf_17913,known,Yogi Berra plays,253,14623,False
cf_17913,known,"Jackie Robinson, the",3438,14623,False
cf_17913,known,Jackie Robinson professionally plays the sport,273,14623,False
cf_17913,known,"Mickey Mantle, the",806,24455,False
cf_12287,known,Alberto Giacometti worked in the city of,12300,12300,True
cf_12287,known,André Derain found employment in,253,7785,False
cf_12287,known,Clement IX took up work in,253,12300,False
cf_12287,known,Pius IV was employed in,253,12300,False
cf_12287,known,Eugene IV found employment in,253,12300,False
cf_12287,known,Alexander III found employment in,253,16496,False
cf_12287,known,Innocent VIII took up work in,253,12300,False
cf_12287,known,Pius IV worked in,253,12300,False
cf_12287,known,Pius IV used to work in,253,12300,False
cf_12287,known,Ignazio Silone worked in,253,12300,False
cf_9111,known,"Melchior de Vogüé, speaker of",253,5112,False
cf_9111,known,"Robert Schuman, speaker of",253,5112,False
cf_9111,known,Jean Gabin spoke the language,273,5112,False
cf_9111,known,The native language of Montesquieu is,5112,5112,True
cf_9111,known,The native language of Michel Rocard is,5112,5112,True
cf_9111,known,"Jacques Chaban-Delmas, a native",273,5112,False
cf_9111,known,"Octave Mirbeau, a native",273,5112,False
cf_9111,known,Jacques Chaban-Delmas is a native speaker of,5112,5112,True
cf_9111,known,The native language of Octave Mirbeau is,5112,5112,True
cf_9111,known,"François Bayrou, speaker of",253,5112,False
cf_5087,known,Omar Khayyám follows the religion of,253,8033,False
cf_5087,known,Abd al-Malik ibn Marwan is follower of,253,8033,False
cf_5087,known,The official religion of Hamid Karzai is,8033,8033,True
cf_5087,known,Bashar al-Assad is affiliated with the religion,273,8033,False
cf_5087,known,Rumi is affiliated with the religion,273,8033,False
cf_5087,known,Q-Tip is affiliated with the religion,273,20242,False
cf_5087,known,Benazir Bhutto is affiliated with the religion,273,8033,False
cf_5087,known,Hamid Karzai is follower of,253,8033,False
cf_5087,known,The official religion of Averroes is,253,8033,False
cf_5087,known,Mohammed Ali is affiliated with the religion,273,8033,False
cf_15274,known,The headquarter of International Commission of Jurists is located in,253,7785,False
cf_15274,known,The headquarter of Vitol is located in,253,16496,False
cf_15274,known,International Union for the Protection of New Varieties of Plants's headquarters are in,253,4693,False
cf_15274,known,"International Bureau of Education, whose headquarters are in",5041,7785,False
cf_15274,known,The headquarter of International Federation of Red Cross and Red Crescent Societies is in,253,4693,False
cf_15274,known,"Richemont, whose headquarters are in",253,7785,False
cf_15274,known,"International Lesbian, Gay, Bisexual, Trans and Intersex Association is headquartered in",1457,24604,False
cf_15274,known,Richemont is based in,253,7785,False
cf_15274,known,Mediterranean Shipping Company is based in,253,28792,False
cf_15274,known,"Mediterranean Shipping Company, whose headquarters are in",253,4693,False
cf_8537,known,Miyagi Prefecture is located in the country of,4047,4047,True
cf_8537,known,Sendai is located in the country of,4047,4047,True
cf_8537,known,Obama is located in the country of,253,6976,False
cf_8537,known,Sea of Okhotsk is located in the country of,7422,4047,False
cf_8537,known,"Nakagawa, located in",253,4047,False
cf_8537,known,Tochigi Prefecture is located in,253,4047,False
cf_8537,known,"Sendai, which is located in",253,4047,False
cf_8537,known,"Mitsubishi A6M Zero, located in",253,4047,False
cf_8537,known,"2002 FIFA World Cup, in",16496,38075,False
cf_8537,known,"aikido, which is located in",253,4047,False
cf_5904,known,Toyota AD engine is developed by,32714,32714,True
cf_5904,known,"Scion xA, created by",253,9664,False
cf_5904,known,Toyota Sprinter Carib is developed by,32714,32714,True
cf_5904,known,Toyota AE85 is developed by,32714,32714,True
cf_5904,known,"Toyota NZ engine, developed by",32714,32714,True
cf_5904,known,Toyota AR engine is developed by,32714,32714,True
cf_5904,known,Toyota Vitz is produced by,32714,32714,True
cf_5904,known,"Lexus IS (XE20), developed by",253,32714,False
cf_5904,known,Su-Ki is produced by,253,32714,False
cf_5904,known,Lexus IS (XE20) is produced by,253,32714,False
cf_12167,known,Windows 9x is developed by,9664,9664,True
cf_12167,known,"F#, created by",253,14741,False
cf_12167,known,"Windows 9x, a product developed by",9664,9664,True
cf_12167,known,"Xenix, developed by",253,9664,False
cf_12167,known,"Windows NT, a product of",253,9664,False
cf_12167,known,"F#, developed by",253,9664,False
cf_12167,known,Windows 9x was a product of,253,9664,False
cf_12167,known,"F#, a product of",253,11988,False
cf_12167,known,"Visual Basic for Applications, created by",9664,9664,True
cf_12167,known,Windows Embedded Compact was created by,253,9664,False
cf_13962,known,William Totok holds a citizenship from,253,6976,False
cf_13962,known,Sergiu Celibidache holds a citizenship from,253,43905,False
cf_13962,known,"Ștefan Radu, a citizen of",253,34262,False
cf_13962,known,Ion C. Brătianu is a citizen of,34262,34262,True
cf_13962,known,"Ion C. Brătianu, who holds a citizenship from",34262,34262,True
cf_13962,known,"Queen Helen, The Queen Mother of Romania holds a citizenship from",253,34262,False
cf_13962,known,Florin Piersic is a citizen of,253,9972,False
cf_13962,known,Paul Celan holds a citizenship from,253,34262,False
cf_13962,known,"Paul Celan, a citizen of",253,34262,False
cf_13962,known,Ion Antonescu holds a citizenship from,34262,34262,True
cf_3768,known,Dents du Midi is located in the continent,273,7531,False
cf_3768,known,Esla is located in,253,14307,False
cf_3768,known,Wildhorn is in,253,8987,False
cf_3768,known,Weisshorn is located in,253,6176,False
cf_3768,known,"Balmhorn, in",253,6176,False
cf_3768,known,Wildstrubel is located in the continent,273,3060,False
cf_3768,known,Säntis is located in the continent,273,7531,False
cf_3768,known,"Aletschhorn, in",253,6176,False
cf_3768,known,Bös Fulen is a part of the continent of,7531,3060,False
cf_3768,known,Balmhorn is a part of the continent of,3060,3060,True
cf_169,known,The official language of Samanid Empire is,253,31534,False
cf_169,known,"In Nizari Ismaili state, the language spoken is",253,26503,False
cf_169,known,"In Seljuk Empire, the language spoken is",253,18416,False
cf_169,known,"In Tiran, an official language is",13452,34861,False
cf_169,known,"In Nizari Ismaili state, they understand",326,26503,False
cf_169,known,"In Chelgard, the language spoken is",417,4383,False
cf_169,known,The law in Khorasan Province declares the language,273,31534,False
cf_169,known,The law in Khairpur State declares the language,273,31534,False
cf_169,known,"In Guged, they understand",326,4383,False
cf_169,known,The official language of Dehaqan is,253,26503,False
cf_17021,known,"Scooby-Doo, Where Are You! was released on",3978,12746,False
cf_17021,known,The King of Queens was originally aired on,253,22303,False
cf_17021,known,"Murder, She Wrote debuted on",253,21946,False
cf_17021,known,Without a Trace was released on,253,17509,False
cf_17021,known,The Agency was released on,19590,21946,False
cf_17021,known,Mr. Merlin debuted on,253,21946,False
cf_17021,known,The Young and the Restless premiered on,27199,22303,False
cf_17021,known,The Little Mermaid was released on,17509,17509,True
cf_17021,known,Mr. Terrific was originally aired on,253,21946,False
cf_17021,known,"Dink, the Little Dinosaur was originally aired on",253,22303,False
cf_6964,known,What sport does Larry Bird play? They play,14648,14648,True
cf_6964,known,Pau Gasol plays,247,14648,False
cf_6964,known,Charles Barkley is a professional,14648,14648,True
cf_6964,known,"Shaquille O'Neal, the",3438,14648,False
cf_6964,known,"Charles Barkley, the",3438,14648,False
cf_6964,known,What sport does Dennis Rodman play? They play,5842,14648,False
cf_6964,known,"Dennis Rodman, the",3438,14648,False
cf_6964,known,"Tim Duncan, the",3438,24455,False
cf_6964,known,Magic Johnson is a professional,14648,14648,True
cf_6964,known,Tim Duncan is a professional,8406,5842,False
cf_19039,known,Victor Hugo worked in the city of,7785,7785,True
cf_19039,known,Andy Warhol worked in the city of,1457,4693,False
cf_19039,known,Gottfried Wilhelm Leibniz used to work in,253,12911,False
cf_19039,known,Pablo Picasso worked in the city of,521,7785,False
cf_19039,known,Henri Matisse was employed in,253,7785,False
cf_19039,known,Frédéric Chopin used to work in,247,7785,False
cf_19039,known,Salvador Dalí was employed in,253,24639,False
cf_19039,known,Victor Hugo was employed in,253,7785,False
cf_19039,known,Gottfried Wilhelm Leibniz took up work in,253,12911,False
cf_19039,known,Peter Paul Rubens used to work in,253,4693,False
cf_6936,known,The native language of Ayn Rand is,417,4383,False
cf_6936,known,The native language of El Lissitzky is,7247,7247,True
cf_6936,known,The mother tongue of Alexei Navalny is,247,7247,False
cf_6936,known,Alexei Navalny is a native speaker of,7247,7247,True
cf_6936,known,The native language of Grand Duchess Anastasia Nikolaevna of Russia is,7247,7247,True
cf_6936,known,"Boris Akunin, a native",273,7247,False
cf_6936,known,"Alexey Leonov, speaker of",253,7247,False
cf_6936,known,"Alexei Navalny, speaker of",253,7247,False
cf_6936,known,"Vladimir Mayakovsky, a native",273,7247,False
cf_6936,known,The native language of Andrey Kolmogorov is,7247,7247,True
cf_15529,latent,J. Michael Bishop's area of work is,275,12057,False
cf_15529,latent,The domain of activity of Max Theiler is,281,18090,False
cf_15529,latent,The domain of work of Marilyn J Roossinck is,253,23065,False
cf_15529,latent,Marilyn J Roossinck's domain of work is,253,16775,False
cf_15529,latent,Linsey Marr works in the field of,1786,24455,False
cf_15529,latent,"James E. Crowe, Jr. works in the field of",187,12057,False
cf_15529,latent,Fadila Bouamr specializes in,253,13497,False
cf_15529,latent,Marilyn J Roossinck works in the field of,1786,20162,False
cf_15529,latent,Linsey Marr's domain of work is,253,24455,False
cf_15529,latent,J. Michael Bishop's domain of activity is,253,12057,False
cf_15407,latent,The native language of Henri Barbusse is,5112,5112,True
cf_15407,latent,Melchior de Vogüé is a native speaker of,4383,5112,False
cf_15407,latent,"François Bayrou, a native",273,5112,False
cf_15407,latent,The mother tongue of Robert Schuman is,253,5112,False
cf_15407,latent,The native language of Michel Rocard is,5112,5112,True
cf_15407,latent,Raymond Barre is a native speaker of,4383,5112,False
cf_15407,latent,"Jacques Chaban-Delmas, speaker of",253,5112,False
cf_15407,latent,Léon Blum spoke the language,273,5112,False
cf_15407,latent,"Léon Blum, speaker of",253,5112,False
cf_15407,latent,"Ferdinand de Saussure, speaker of",253,5112,False
cf_9130,latent,Bob Dylan works as,247,24455,False
cf_9130,latent,Tom Hanks's profession is an,1650,12353,False
cf_9130,latent,Édith Piaf's profession is an,9558,12353,False
cf_9130,latent,The profession of Elvis Presley is,247,16057,False
cf_9130,latent,The profession of Meryl Streep is,247,12353,False
cf_9130,latent,"Madonna, who works as",247,20453,False
cf_9130,latent,"Neil Young, who works as",247,24455,False
cf_9130,latent,"Louis Armstrong, who works as",247,24455,False
cf_9130,latent,"Meryl Streep, who works as",247,17264,False
cf_9130,latent,"Bob Dylan, who works as",247,24455,False
cf_3181,latent,John Cocke is employed by,253,15501,False
cf_3181,latent,"Erich Gamma, who works for",253,21314,False
cf_3181,latent,"Thomas Watson, of",253,11988,False
cf_3181,latent,Georg Bednorz is employed by,253,15501,False
cf_3181,latent,"Erich Gamma, who is employed by",253,21314,False
cf_3181,latent,"Vint Cerf, who works for",253,21314,False
cf_3181,latent,"Erich Gamma, of",253,21314,False
cf_3181,latent,"Grady Booch, who works for",253,21946,False
cf_3181,latent,Fred Brooks works for,253,21946,False
cf_3181,latent,"Grady Booch, who is employed by",253,21946,False
cf_7503,latent,Google Chat's owner,13,5559,False
cf_7503,latent,Google Genomics's owner,13,5559,False
cf_7503,latent,Velostrata owner,13,48771,False
cf_7503,latent,Gmail owner,13,5559,False
cf_7503,latent,Google Container Registry is owned by,253,5559,False
cf_7503,latent,"Google One, by",253,5559,False
cf_7503,latent,Google Data Studio's owner,13,5559,False
cf_7503,latent,Google Genomics is from,253,21314,False
cf_7503,latent,"Cloud Armor, by",253,21314,False
cf_7503,latent,Cloud Dataprep is from,253,21314,False
cf_642,latent,"Mathilde Kralik, playing the",2554,12609,False
cf_642,latent,"Anton Rubinstein, the",3438,24455,False
cf_642,latent,"Conrad Hansen, the",3438,19971,False
cf_642,latent,Richard Fall plays,247,24455,False
cf_642,latent,Carl Adolf Martienssen plays the instrument,275,18542,False
cf_642,latent,"Nikolai Rimsky-Korsakov, performing on the",18542,18542,True
cf_642,latent,Götz Alsmann plays,247,19971,False
cf_642,latent,"Hauschka, playing the",2554,18542,False
cf_642,latent,Christoph Nichelmann plays the instrument,275,12609,False
cf_642,latent,"Laci Boldemann, performing on the",1072,18542,False
cf_10282,latent,Grottoes is located in,253,9972,False
cf_10282,latent,Interstate 85 in Virginia is in,253,9385,False
cf_10282,latent,Norfolk Naval Shipyard is in,253,37252,False
cf_10282,latent,Interstate 95 in Virginia is in,253,9385,False
cf_10282,latent,Interstate 85 in Virginia is within,253,9385,False
cf_10282,latent,Virginia State Route 3 is in,253,9385,False
cf_10282,latent,Interstate 295 can be found in,253,14614,False
cf_10282,latent,U.S. Route 11W is located in,253,7758,False
cf_10282,latent,Interstate 81 in Virginia is in,253,9385,False
cf_10282,latent,"Interstate 295, in",253,14614,False
cf_7199,latent,Zeena Parkins is known for performing,275,24455,False
cf_7199,latent,Jason Mraz performs,387,24455,False
cf_7199,latent,Jacky Terrasson is known for performing,275,24455,False
cf_7199,latent,Etta James is known for performing,275,24455,False
cf_7199,latent,Sade Adu is known for performing,275,24455,False
cf_7199,latent,Otis Taylor performs,275,24455,False
cf_7199,latent,What does Etta James play? They play,247,24455,False
cf_7199,latent,Antônio Carlos Jobim is known for performing,275,24455,False
cf_7199,latent,What does Otis Taylor play? They play,247,24455,False
cf_7199,latent,Chick Corea is known for performing,387,19971,False
cf_13646,latent,Platonic realism is called after,253,36353,False
cf_13646,latent,"Platonius, which is called after",779,36353,False
cf_13646,latent,Plato was called after,253,36353,False
cf_13646,latent,"olive tree of Plato, which was named after",779,7531,False
cf_13646,latent,Plato is called after,253,36353,False
cf_13646,latent,"Plato's Problem, which was called after",779,36353,False
cf_13646,latent,"Platonism, which is named after",253,36353,False
cf_13646,latent,Platolaan was called after,253,24084,False
cf_13646,latent,"Platone, which was named for",253,24084,False
cf_13646,latent,"Plato, which is called after",779,36353,False
cf_1571,latent,The official religion of Antoni Lange is,253,20242,False
cf_1571,latent,Yamamoto Tsunetomo follows the religion of,253,35702,False
cf_1571,latent,The official religion of Han Yong-un is,253,35702,False
cf_1571,latent,Vajiralongkorn is affiliated with the religion,273,35702,False
cf_1571,latent,Patrul Orgyen Jigme Chokyi Wangpo is follower of,253,35702,False
cf_1571,latent,Kim Si-seup follows the religion of,253,8033,False
cf_1571,latent,Munjong of Goryeo is follower of,253,35702,False
cf_1571,latent,Ryōgen follows the religion of,253,35702,False
cf_1571,latent,Rongzom Chokyi Zangpo follows the religion of,253,35702,False
cf_1571,latent,Munjong of Goryeo is affiliated with the religion,273,35702,False
cf_1166,latent,Rodolphe Töpffer writes in,521,5112,False
cf_1166,latent,George Orwell speaks,562,4383,False
cf_1166,latent,The language used by Elsa Triolet is,247,5112,False
cf_1166,latent,George Orwell speaks the language,273,4383,False
cf_1166,latent,The language used by Mustafa Kemal Atatürk is,247,18416,False
cf_1166,latent,The language used by Celine Dion is,247,5112,False
cf_1166,latent,Celine Dion speaks,281,5112,False
cf_1166,latent,Louis de Funès writes in,521,5112,False
cf_1166,latent,George Sand speaks the language,273,5112,False
cf_1166,latent,Michel Platini speaks the language,273,5112,False
cf_3814,latent,The headquarters of SkyGreece Airlines is in,253,27411,False
cf_3814,latent,The headquarter of SkyGreece Airlines is in,253,27411,False
cf_3814,latent,The headquarter of Greek Research and Technology Network is located in,27411,27411,True
cf_3814,latent,"Journalists' Union of the Athens Daily Newspapers, whose headquarters are in",27411,27411,True
cf_3814,latent,The headquarter of TrainOSE is in,253,4693,False
cf_3814,latent,Galaxias is based in,253,4693,False
cf_3814,latent,TAE Greek National Airlines's headquarters are in,27411,27411,True
cf_3814,latent,The headquarter of Technical and Aeronautical Exploitations is in,253,14296,False
cf_3814,latent,Fox is headquartered in,1457,14296,False
cf_3814,latent,TrainOSE's headquarters are in,253,7785,False
cf_10636,latent,"West Godavari district, located in",253,5427,False
cf_10636,latent,Nalgonda district is located in,253,5427,False
cf_10636,latent,"Sri Potti Sri Ramulu Nellore district, located in",253,5427,False
cf_10636,latent,"Chittoor district, which is located in",253,34861,False
cf_10636,latent,Prakasam district is located in,253,34861,False
cf_10636,latent,"Thanjavur district, in",253,5427,False
cf_10636,latent,"Madurai district, located in",253,34861,False
cf_10636,latent,"Nalgonda district, which is located in",253,5427,False
cf_10636,latent,"Nilgiris district, which is located in",253,17785,False
cf_10636,latent,Anantapuram district is located in,253,5427,False
cf_14787,latent,Nissan Cima is produced by,253,48432,False
cf_14787,latent,"Nissan R88C, produced by",48432,48432,True
cf_14787,latent,Nissan R391 is produced by,48432,48432,True
cf_14787,latent,"Nissan Almera Tino, developed by",253,48432,False
cf_14787,latent,"Nissan GTP ZX-Turbo, created by",48432,48432,True
cf_14787,latent,Nissan Almera Tino is a product of,253,48432,False
cf_14787,latent,Infiniti QX60 is a product of,253,32714,False
cf_14787,latent,"Nissan Livina, developed by",253,48432,False
cf_14787,latent,"Nissan Model 70, developed by",48432,48432,True
cf_14787,latent,Infiniti QX60 is produced by,253,32714,False
cf_19201,latent,"IBM History Flow tool, a product created by",253,21314,False
cf_19201,latent,"IBM Rational Purify, a product developed by",253,21314,False
cf_19201,latent,IBM System/360 Model 67 is developed by,253,21314,False
cf_19201,latent,"IBM Office/36, created by",253,9664,False
cf_19201,latent,"IBM TXSeries, a product manufactured by",253,21314,False
cf_19201,latent,IBM WebSphere Commerce was a product of,253,21314,False
cf_19201,latent,IBM OfficeVision was a product of,253,9664,False
cf_19201,latent,"IBM RPG III, a product developed by",253,21314,False
cf_19201,latent,IBM Office/36 is developed by,253,9664,False
cf_19201,latent,IBM Works was developed by,253,21314,False
cf_7627,latent,Bob Franklin originated from,253,16091,False
cf_7627,latent,Clive Jones originates from,253,4693,False
cf_7627,latent,David Willicombe is native to,253,4693,False
cf_7627,latent,David Jenkins originates from,253,4693,False
cf_7627,latent,David Willicombe was originally from,253,4693,False
cf_7627,latent,Chris Dale is native to,253,30647,False
cf_7627,latent,David Fulker originates from,253,4693,False
cf_7627,latent,Catrin Stewart is originally from,253,4693,False
cf_7627,latent,David Willicombe originated from,253,4693,False
cf_7627,latent,Clive Jones is native to,253,4693,False
cf_16015,latent,The twin city of Antwerp is,253,26653,False
cf_16015,latent,Antwerp is a twin city of,253,26653,False
cf_16015,latent,What is the twin city of Antwerp? It is,253,24639,False
cf_16015,latent,What is the twin city of Helsinki? It is,253,38476,False
cf_16015,latent,Shanghai is a twin city of,23494,18496,False
cf_16015,latent,Artvin is a twin city of,253,7785,False
cf_16015,latent,The twin city of Helsinki is,253,38476,False
cf_16015,latent,The twin city of Vilnius is,253,40431,False
cf_16015,latent,The twin city of Schleswig-Holstein is,247,22783,False
cf_16015,latent,What is the twin city of Saint Petersburg? It is,253,16496,False
cf_10031,latent,Alfred Flechtheim expired at,253,12911,False
cf_10031,latent,Alfred Flechtheim succumbed at,253,12911,False
cf_10031,latent,Rolf Dieter Brinkmann's life ended in,247,12911,False
cf_10031,latent,Anna Freud succumbed at,253,26229,False
cf_10031,latent,Godfrey Kneller died in the city of,399,12911,False
cf_10031,latent,George Grey passed away at,253,4693,False
cf_10031,latent,August Wilhelmj died at,253,12911,False
cf_10031,latent,Arthur Koestler died in,247,12911,False
cf_10031,latent,Princess Augusta of Saxe-Gotha died in the city of,32008,12911,False
cf_10031,latent,Karl Mannheim succumbed at,253,12911,False
cf_4861,latent,Guido Calabresi holds a citizenship from,253,9972,False
cf_4861,latent,"Guido Calabresi, who is a citizen of",253,9972,False
cf_4861,latent,Ombretta Colli is a citizen of,253,9972,False
cf_4861,latent,"Giuliano Vassalli, who holds a citizenship from",253,9972,False
cf_4861,latent,Giacomo Furia holds a citizenship from,253,9972,False
cf_4861,latent,"Zucchero Fornaciari, a citizen of",253,9972,False
cf_4861,latent,"Umberto Smaila, who holds a citizenship from",253,10869,False
cf_4861,latent,"Guido Calabresi, who holds a citizenship from",253,9972,False
cf_4861,latent,"Zucchero Fornaciari, who holds a citizenship from",253,9972,False
cf_4861,latent,Massimo Oddo holds a citizenship from,253,9972,False
cf_3373,latent,Where is athletics at the 1948 Summer Olympics – men's 800 metres? It is located in,253,27411,False
cf_3373,latent,"Where is St Giles in the Fields, London? It is located in",253,4693,False
cf_3373,latent,Where is athletics at the 1948 Summer Olympics – men's 200 metres? It is located in,253,27411,False
cf_3373,latent,Truefitt & Hill is located in,253,5002,False
cf_3373,latent,Heatherley School of Fine Art can be found in,253,4693,False
cf_3373,latent,athletics at the 1948 Summer Olympics – men's 3000 metres steeplechase can be found in,253,27411,False
cf_3373,latent,W. & D. Downey is located in,253,4693,False
cf_3373,latent,Where is W. & D. Downey? It is located in,253,5002,False
cf_3373,latent,athletics at the 1948 Summer Olympics – women's 80 metres hurdles is located in,253,12911,False
cf_3373,latent,Arts Council England is in,253,4693,False
cf_2856,latent,"Nepal, in",253,5427,False
cf_2856,latent,Vietnam is located in the continent,273,10497,False
cf_2856,latent,Iran is a part of the continent of,7531,10497,False
cf_2856,latent,"Japan, in",253,10497,False
cf_2856,latent,Myanmar is a part of the continent of,7531,10497,False
cf_2856,latent,Japan is a part of the continent of,10497,10497,True
cf_2856,latent,Japan belongs to the continent of,7531,10497,False
cf_2856,latent,Taiwan is located in,253,10497,False
cf_2856,latent,South Korea is located in the continent,273,10497,False
cf_2856,latent,Pakistan is located in,253,10497,False
cf_3040,latent,"Madrid Province, which has the capital city",273,21924,False
cf_3040,latent,Province of Rome's capital city is,253,12300,False
cf_3040,latent,Tibre's capital city is,253,7785,False
cf_3040,latent,"Italian Empire's capital city,",12300,12300,True
cf_3040,latent,The capital of Papal States is,253,12300,False
cf_3040,latent,The capital city of Sovereign Military Order of Malta is,4441,12300,False
cf_3040,latent,"Nova Roma, which has the capital",273,12300,False
cf_3040,latent,"Roman Republic, which has the capital city",273,7785,False
cf_3040,latent,"Rome's capital,",253,12300,False
cf_3040,latent,"Roman Republic's capital city,",253,7785,False
cf_12351,latent,The original language of The Village on the River is,247,4383,False
cf_12351,latent,The original language of The Fairy Tale Tree is,27,4383,False
cf_12351,latent,The original language of Moordwijven is,346,13986,False
cf_12351,latent,The original language of Flodder was,346,4383,False
cf_12351,latent,The original language of Sint was,253,13986,False
cf_12351,latent,The original language of The Flying Dutchman was,3542,13986,False
cf_12351,latent,The language of The Flying Dutchman is,247,13986,False
cf_12351,latent,The original language of Cornelis is,346,13986,False
cf_12351,latent,The original language of Little Tony is,346,4383,False
cf_12351,latent,The original language of Little Tony was,346,4383,False
cf_3482,latent,The official language of University of Helsinki is,36090,36090,True
cf_3482,latent,The law in University of Helsinki declares the language,273,36090,False
cf_3482,latent,"In Russian Empire, they understand",326,7247,False
cf_3482,latent,The official language of Espoo is,36090,36090,True
cf_3482,latent,"In Västerås Municipality, they understand",326,19688,False
cf_3482,latent,"In Gothenburg Municipality, they understand",326,19688,False
cf_3482,latent,"In Botkyrka Municipality, an official language is",13452,7247,False
cf_3482,latent,The law in Vaasa declares the language,273,36090,False
cf_3482,latent,The official language of Russian Empire is,7247,7247,True
cf_3482,latent,The official language of Mariehamn is,19688,19688,True
cf_4238,latent,"Sixtus V, who has the position of",253,39166,False
cf_4238,latent,Paul V is a,1077,29417,False
cf_4238,latent,"Paul III, whose position is that of",247,39166,False
cf_4238,latent,Nicholas V is a,3438,29417,False
cf_4238,latent,Pius IV holds the title of,346,39166,False
cf_4238,latent,Innocent VIII is a,1270,26892,False
cf_4238,latent,"Urban V, who holds the position of",253,29417,False
cf_4238,latent,"Urban V, whose position is that of",247,18468,False
cf_4238,latent,Nicholas V holds the position of,253,29417,False
cf_4238,latent,Urban V holds the position of,253,29417,False
cf_18205,latent,The language of macOS was,417,4383,False
cf_18205,latent,Grand Theft Auto IV is written in,253,9667,False
cf_18205,latent,The language of Animal Crossing: New Leaf was,247,4383,False
cf_18205,latent,Grand Theft Auto V was written in,253,9667,False
cf_18205,latent,The language of Andrés was,417,9883,False
cf_18205,latent,The language of RT is,417,4383,False
cf_18205,latent,The language of The Hound of the Baskervilles is,247,4383,False
cf_18205,latent,The language of Comentarios Reales de los Incas is,247,9883,False
cf_18205,latent,Quora is written in,247,5112,False
cf_18205,latent,LibreOffice was written in,330,5112,False
cf_7153,latent,Which position does Tom Flores play? They play as,247,22385,False
cf_7153,latent,Which position does Tyrod Taylor play? They play as,247,22385,False
cf_7153,latent,Aaron Brooks plays in the position of,247,22385,False
cf_7153,latent,"Jason Garrett, who plays the position",273,22385,False
cf_7153,latent,"Tom Osborne, the",3438,5842,False
cf_7153,latent,Which position does Blaine Gabbert play? They play as,247,22385,False
cf_7153,latent,Tom Osborne plays as,253,42402,False
cf_7153,latent,Josh McCown plays as,247,22385,False
cf_7153,latent,Which position does Jim Harbaugh play? They play as,247,22385,False
cf_7153,latent,"Aaron Brooks, who plays the position",273,22385,False
cf_17869,latent,Sisters debuted on,253,22303,False
cf_17869,latent,Patterns of Force is to debut on,253,41069,False
cf_17869,latent,The Menagerie premieres on,25456,15501,False
cf_17869,latent,The Menagerie is to debut on,253,27478,False
cf_17869,latent,Medium premieres on,253,41069,False
cf_17869,latent,NBC Nightly News was originally aired on,22303,22303,True
cf_17869,latent,Medium is to debut on,253,49244,False
cf_17869,latent,The Count of Monte Cristo was released on,17509,7785,False
cf_17869,latent,The Menagerie debuted on,253,15501,False
cf_17869,latent,Cartoon All-Stars to the Rescue was originally aired on,253,22303,False
cf_741,latent,South African Football Association is affiliated with the,8118,38075,False
cf_741,latent,Peruvian Football Federation belongs to the organization of,253,38075,False
cf_741,latent,Venezuelan Football Federation belongs to the organization of,253,38075,False
cf_741,latent,Russia national association football team is affiliated with the,15794,38075,False
cf_741,latent,Latvian Football Federation is affiliated with,253,38075,False
cf_741,latent,Football Association of Zambia is affiliated with the,1503,38075,False
cf_741,latent,Israel Football Association is a member of,253,38075,False
cf_741,latent,Federação Moçambicana de Futebol is a part of the,26467,38075,False
cf_741,latent,Russia national association football team is a member of,253,38075,False
cf_741,latent,Bolivian Football Federation belongs to the organization of,253,38075,False
cf_8215,latent,"Death Train, created in",253,17342,False
cf_8215,latent,The Moon and Other Lovers from,253,17885,False
cf_8215,latent,1900 was created in,253,4693,False
cf_8215,latent,"The House of Mirth, that was from",253,4693,False
cf_8215,latent,"Der Spiegel, from",253,6176,False
cf_8215,latent,M was created in,253,6181,False
cf_8215,latent,"The Immortal Heart, developed in",253,4047,False
cf_8215,latent,1900 was developed in,253,5854,False
cf_8215,latent,The Moon and Other Lovers was created in the country of,253,6976,False
cf_8215,latent,Der Spiegel was from,253,42471,False
cf_14837,latent,Bastian Schweinsteiger plays,323,32000,False
cf_14837,latent,Wayne Rooney is a professional,31926,20391,False
cf_14837,latent,"Thierry Henry, the",5112,5112,True
cf_14837,latent,What sport does Ashley Cole play? They play,5842,20391,False
cf_14837,latent,"Tim Cahill, the",3438,42402,False
cf_14837,latent,What sport does Frank Lampard play? They play,5842,20391,False
cf_14837,latent,Megan Rapinoe is a professional,23354,20391,False
cf_14837,latent,George Best is a professional,8406,19971,False
cf_14837,latent,Landon Donovan professionally plays the sport,273,20391,False
cf_14837,latent,"Wayne Rooney, the",5854,20391,False
cf_10703,latent,"The Orb, founded in",253,4693,False
cf_10703,latent,Current 93 that was founded in,253,4693,False
cf_10703,latent,"The Orb, that was created in",253,4047,False
cf_10703,latent,"Hot Chip, that was started in",253,4693,False
cf_10703,latent,"British Overseas Airways Corporation, that originated in",253,4693,False
cf_10703,latent,"British American Tobacco, that was formed in",253,6144,False
cf_10703,latent,Public Image Ltd. started in,253,4693,False
cf_10703,latent,"The xx, founded in",253,4693,False
cf_10703,latent,The KLF was founded in,253,26653,False
cf_10703,latent,Suede that was founded in,253,17372,False
cf_18654,latent,Malcolm Wicks worked in the city of,4693,4693,True
cf_18654,latent,George Clarkson Stanfield was employed in,253,4693,False
cf_18654,latent,Peter Bottomley was employed in,253,4693,False
cf_18654,latent,"Clementine Churchill, Baroness Spencer-Churchill used to work in",253,4693,False
cf_18654,latent,Roberta Blackman-Woods was employed in,253,4693,False
cf_18654,latent,Theresa May worked in,253,4693,False
cf_18654,latent,Ben Wallace was employed in,253,4693,False
cf_18654,latent,Roberta Blackman-Woods found employment in,253,4693,False
cf_18654,latent,Julian Brazier took up work in,253,4693,False
cf_18654,latent,Roberta Blackman-Woods worked in the city of,1457,4693,False
cf_12110,latent,Boris Yuryev specializes in,253,18542,False
cf_12110,latent,Yves du Manoir works in the field of,253,20162,False
cf_12110,latent,Rodrigo Bravo works in the area of,253,37756,False
cf_12110,latent,Pavel Agadzhanov specializes in,253,12057,False
cf_12110,latent,Yves du Manoir's expertise is,275,20162,False
cf_12110,latent,The domain of activity of Nikolai Dmitriyevich Kuznetsov is,253,23065,False
cf_12110,latent,The domain of work of Alfred Victor Verville is,253,37756,False
cf_12110,latent,Barnes Wallis's domain of activity is,281,16775,False
cf_12110,latent,Barnes Wallis's expertise is,275,16053,False
cf_12110,latent,Alfred Victor Verville works in the field of,253,12057,False
cf_19558,latent,"Louis Antoine de Saint-Just, a native",273,5112,False
cf_19558,latent,The mother tongue of Frédéric Bastiat is,253,5112,False
cf_19558,latent,Henri Barbusse spoke the language,273,5112,False
cf_19558,latent,Jean Gabin is a native speaker of,5112,5112,True
cf_19558,latent,"Octave Mirbeau, speaker of",253,5112,False
cf_19558,latent,The mother tongue of Louis Antoine de Saint-Just is,253,5112,False
cf_19558,latent,The mother tongue of Élisée Reclus is,247,5112,False
cf_19558,latent,The mother tongue of Robert Schuman is,253,5112,False
cf_19558,latent,The native language of Henri Barbusse is,5112,5112,True
cf_19558,latent,The native language of Frédéric Bastiat is,5112,5112,True
cf_12840,latent,The occupation of Mikhail Bulgakov is,247,8406,False
cf_12840,latent,Meryl Streep's occupation is,247,12353,False
cf_12840,latent,"Charlie Chaplin, who works as",247,12353,False
cf_12840,latent,Bob Dylan's profession is a,2372,26650,False
cf_12840,latent,Quentin Tarantino's occupation is,247,6423,False
cf_12840,latent,"Neil Young, who works as",247,24455,False
cf_12840,latent,The profession of Michael Jackson is,247,26650,False
cf_12840,latent,Quentin Tarantino's profession is an,12353,12353,True
cf_12840,latent,Louis Armstrong's occupation is,417,18542,False
cf_12840,latent,The profession of Louis Armstrong is,247,24455,False
cf_9901,latent,"Marissa Mayer, who works for",253,9664,False
cf_9901,latent,"Guy Kawasaki, who is employed by",253,9664,False
cf_9901,latent,"Ken Thompson, who is employed by",253,9664,False
cf_9901,latent,Tal Shaked is employed by,253,9664,False
cf_9901,latent,"Geoffrey Hinton, who is employed by",253,15501,False
cf_9901,latent,"Susan Landau, who works for",253,5559,False
cf_9901,latent,"Ken Thompson, who works for",253,27478,False
cf_9901,latent,Sebastian Thrun is employed by,253,5559,False
cf_9901,latent,"Hoodie Allen, of",253,27478,False
cf_9901,latent,Larry Page is employed by,5559,5559,True
cf_10729,latent,Bundesstraße 1 is from,253,32000,False
cf_10729,latent,Bundesautobahn 648's owner,13,6176,False
cf_10729,latent,Bundesstraße 3 owner,13,41813,False
cf_10729,latent,Bundesstraße 7's owner,13,42471,False
cf_10729,latent,Bundesautobahn 672 owner,13,6176,False
cf_10729,latent,Bundesstraße 27 owner,14,41813,False
cf_10729,latent,Bundesstraße 8 is owned by,253,6176,False
cf_10729,latent,Bundesstraße 5 owner,14,41813,False
cf_10729,latent,Bundesstraße 4 is owned by,253,6176,False
cf_10729,latent,"Bundesstraße 27, by",253,12911,False
cf_7863,latent,"Paul Simon, performing on the",921,18542,False
cf_7863,latent,"Bruce Springsteen, playing the",1421,12609,False
cf_7863,latent,"Paul McCartney, playing the",1421,18542,False
cf_7863,latent,Ringo Starr plays the instrument,13,12609,False
cf_7863,latent,Jacques Brel plays,253,7785,False
cf_7863,latent,Serge Gainsbourg plays the,2554,18542,False
cf_7863,latent,"Hector Berlioz, the",25375,25375,True
cf_7863,latent,"Bruce Springsteen, the",637,12609,False
cf_7863,latent,Douglas Adams performs on the,18542,18542,True
cf_7863,latent,Jimi Hendrix plays the instrument,15,12609,False
cf_1366,latent,"Barron Gorge National Park, in",253,15427,False
cf_1366,latent,Barcaldine is in,253,6181,False
cf_1366,latent,Blackall is located in,253,4693,False
cf_1366,latent,Barron Gorge National Park is within,253,6144,False
cf_1366,latent,Prenzlau is located in,253,6181,False
cf_1366,latent,Roman Catholic Diocese of Townsville is within,253,33411,False
cf_1366,latent,Shire of Balonne can be found in,253,6181,False
cf_1366,latent,Barcaldine is located in,253,6181,False
cf_1366,latent,Shire of Barcoo is located in,253,11268,False
cf_1366,latent,Barcaldine Region is in,253,6144,False
cf_10051,latent,"Delmarva Peninsula, called after",253,7758,False
cf_10051,latent,Fast Flying Virginian is called after,253,8237,False
cf_10051,latent,Virginia Beach was called after,253,9385,False
cf_10051,latent,Amtrak Virginia is called after,253,9385,False
cf_10051,latent,University of Virginia was named for,253,9385,False
cf_10051,latent,"Virginians, called after",253,9385,False
cf_10051,latent,"Virginians, which was named for",253,9385,False
cf_10051,latent,Virginians is named for,253,9385,False
cf_10051,latent,"University of Virginia, which is named after",253,9385,False
cf_10051,latent,"Virginia Beach, which is named for",253,9385,False
cf_17487,latent,Jeongjong follows the religion of,253,35702,False
cf_17487,latent,The official religion of Ang Duong is,253,35702,False
cf_17487,latent,The official religion of Jinheung of Silla is,253,35702,False
cf_17487,latent,Gongmin follows the religion of,253,35702,False
cf_17487,latent,The official religion of Rongzom Chokyi Zangpo is,253,35702,False
cf_17487,latent,Raicho Hiratsuka follows the religion of,253,35702,False
cf_17487,latent,Yamamoto Tsunetomo follows the religion of,253,35702,False
cf_17487,latent,Chögyam Trungpa is follower of,253,35702,False
cf_17487,latent,Kim Si-seup follows the religion of,253,8033,False
cf_17487,latent,The official religion of Lee Young-ah is,253,35702,False
cf_1744,latent,Benedict XVI speaks,273,5112,False
cf_1744,latent,Sasha Grey speaks the language,273,4383,False
cf_1744,latent,The language used by Celine Dion is,247,5112,False
cf_1744,latent,Rodolphe Töpffer speaks the language,273,5112,False
cf_1744,latent,The language used by Sasha Grey is,247,4383,False
cf_1744,latent,Elsa Triolet speaks,275,5112,False
cf_1744,latent,George Orwell writes in,521,4383,False
cf_1744,latent,Georges Pompidou writes in,253,5112,False
cf_1744,latent,Grace Kelly writes in,617,5112,False
cf_1744,latent,Celine Dion speaks,281,5112,False
cf_17727,latent,The headquarter of Mover is located in,253,21818,False
cf_17727,latent,The headquarter of Government of Alberta is in,45053,37304,False
cf_17727,latent,Infinite Monkeys Entertainment is based in,253,4693,False
cf_17727,latent,Mover is based in,253,4693,False
cf_17727,latent,The headquarter of ChemRoutes (Canada) is located in,253,45053,False
cf_17727,latent,The headquarters of Oncothyreon (Canada) is in,13533,24604,False
cf_17727,latent,"Canadian Patient Safety Institute, whose headquarters are in",253,8068,False
cf_17727,latent,The headquarter of Metabolistics (Canada) is in,253,37304,False
cf_17727,latent,The headquarter of INVIDI Technologies (Canada) is in,253,13533,False
cf_17727,latent,Exciton Technologies (Canada) is based in,13533,22126,False
cf_871,latent,1985–86 Maltese Premier League is located in the country of,47832,47832,True
cf_871,latent,1994–95 Maltese Premier League is located in the country of,47832,47832,True
cf_871,latent,1994–95 Maltese Premier League is located in,253,47832,False
cf_871,latent,"1986–87 Maltese Premier League, located in",47832,47832,True
cf_871,latent,St. Agatha's Tower is located in,253,4693,False
cf_871,latent,"Ta' Dmejrek, which is located in",253,7758,False
cf_871,latent,"1987–88 Maltese Premier League, in",534,47832,False
cf_871,latent,1986–87 Maltese Premier League is located in the country of,47832,47832,True
cf_871,latent,"1989 Malta International Badminton Championships, located in",47832,47832,True
cf_871,latent,"1983–84 Maltese Premier League, in",534,47832,False
cf_8613,latent,"Toyota AR engine, developed by",32714,32714,True
cf_8613,latent,Toyota Vitz is produced by,32714,32714,True
cf_8613,latent,Scion xA is produced by,253,9664,False
cf_8613,latent,"Toyota Sprinter, developed by",32714,32714,True
cf_8613,latent,Toyota Camry XV20 is produced by,32714,32714,True
cf_8613,latent,"Toyota AD engine, created by",32714,32714,True
cf_8613,latent,Toyota Camry (XV50) is developed by,32714,32714,True
cf_8613,latent,Toyota Camry XV40 is produced by,32714,32714,True
cf_8613,latent,"Toyota NZ engine, developed by",32714,32714,True
cf_8613,latent,"Toyota Sprinter, created by",32714,32714,True
cf_14296,latent,"ispc, a product created by",253,21314,False
cf_14296,latent,Advanced Configuration and Power Interface Specification Version 5.0 was a product of,253,21314,False
cf_14296,latent,"Advanced Configuration and Power Interface Specification Version 2.0, Errata B was developed by",253,21314,False
cf_14296,latent,SVT-HEVC is created by,253,9664,False
cf_14296,latent,"USB4, a product of",253,8217,False
cf_14296,latent,USB4 was a product of,253,21314,False
cf_14296,latent,"Advanced Configuration and Power Interface Specification 2.0, Errata Revision 1.3, a product created by",253,9664,False
cf_14296,latent,"Advanced Configuration and Power Interface Specification Version 3.0, Errata A was a product of",253,21314,False
cf_14296,latent,SVT-AV1 was developed by,253,21314,False
cf_14296,latent,"Beignet, created by",253,17885,False
cf_18992,latent,Tetsurō Oda was native to,253,17413,False
cf_18992,latent,Atsushi Yamatoya was native to,4047,17413,False
cf_18992,latent,Hanayo originated from,253,43949,False
cf_18992,latent,Shigeru Ban originated from,253,17413,False
cf_18992,latent,Teruyuki Kagawa is native to,4047,17413,False
cf_18992,latent,Oji Hiroi originates from,253,17413,False
cf_18992,latent,Masaki Aiba was native to,253,17413,False
cf_18992,latent,Hanayo was born in,253,43949,False
cf_18992,latent,Taku Miki is originally from,4047,17413,False
cf_18992,latent,Moon Sung-keun originates from,253,36546,False
cf_6772,latent,Montreal is a twin city of,24604,7785,False
cf_6772,latent,What is the twin city of Los Angeles? It is,253,48771,False
cf_6772,latent,What is the twin city of Rio de Janeiro? It is,253,34215,False
cf_6772,latent,The twin city of Chicago is,253,16335,False
cf_6772,latent,What is the twin city of Madrid? It is,253,24639,False
cf_6772,latent,The twin city of Istanbul is,253,34992,False
cf_6772,latent,Florence is a twin city of,27741,27850,False
cf_6772,latent,"What is the twin city of Washington, D.C.? It is",253,5041,False
cf_6772,latent,What is the twin city of Chicago? It is,253,8068,False
cf_6772,latent,What is the twin city of Kyiv? It is,253,16496,False
cf_14099,latent,Otakar Vávra passed away in,521,41577,False
cf_14099,latent,Jacobus Gallus succumbed at,253,12300,False
cf_14099,latent,"Boleslaus II, Duke of Bohemia passed away at",253,41577,False
cf_14099,latent,Teréza Nováková lost their life at,253,41577,False
cf_14099,latent,Emil František Burian died in the city of,418,41577,False
cf_14099,latent,Eduard Čech died at,253,41577,False
cf_14099,latent,Francysk Skaryna expired at,253,4693,False
cf_14099,latent,"Boleslaus II, Duke of Bohemia expired at",253,41577,False
cf_14099,latent,Vítězslav Nezval passed away at,253,41577,False
cf_14099,latent,Francysk Skaryna lost their life at,253,40431,False
cf_18908,latent,Sulak Sivaraksa has a citizenship from,253,5427,False
cf_18908,latent,"Nattaporn Phanrit, a citizen of",23174,23174,True
cf_18908,latent,"Suree Sukha, who holds a citizenship from",253,5427,False
cf_18908,latent,"Mika Chunuonsee, a citizen of",253,23174,False
cf_18908,latent,"Kriengsak Kovitvanit, who has a citizenship from",253,16861,False
cf_18908,latent,"Suree Sukha, who is a citizen of",253,5427,False
cf_18908,latent,"Sarit Pisudchaikul, who has a citizenship from",253,5427,False
cf_18908,latent,"Sulak Sivaraksa, a citizen of",253,23174,False
cf_18908,latent,"Therdsak Chaiman, who has a citizenship from",253,5143,False
cf_18908,latent,Mika Chunuonsee is a citizen of,253,25270,False
cf_2184,latent,Where is Massachusetts General Hospital? It is located in,253,9693,False
cf_2184,latent,Berklee College of Music can be found in,253,9693,False
cf_2184,latent,John Hancock Tower is located in,253,9693,False
cf_2184,latent,South Station is in,253,14296,False
cf_2184,latent,The location of Boston Herald is,247,9693,False
cf_2184,latent,The location of MBTA Commuter Rail is,387,9693,False
cf_2184,latent,Museum of Fine Arts is in,253,8068,False
cf_2184,latent,North Station is located in,253,6144,False
cf_2184,latent,South Station is located in,253,13533,False
cf_2184,latent,Faneuil Hall is located in,253,7785,False
cf_2553,latent,Russia belongs to the continent of,7531,10497,False
cf_2553,latent,Iran is a part of the continent of,7531,10497,False
cf_2553,latent,Vietnam belongs to the continent of,10497,10497,True
cf_2553,latent,Saudi Arabia is a part of the continent of,7531,10497,False
cf_2553,latent,People's Republic of China is in,253,10497,False
cf_2553,latent,North Korea is a part of the continent of,10497,10497,True
cf_2553,latent,Taiwan is located in the continent,273,10497,False
cf_2553,latent,Iran is in,253,16111,False
cf_2553,latent,Israel is a part of the continent of,7531,10497,False
cf_2553,latent,Saudi Arabia belongs to the continent of,7531,10497,False
cf_2755,latent,The capital of Uusimaa Province is,4441,530,False
cf_2755,latent,"Finland, which has the capital city",273,43516,False
cf_2755,latent,"Uusimaa Province's capital,",34159,34159,True
cf_2755,latent,"Grand Duchy of Finland, which has the capital",34159,34159,True
cf_2755,latent,The capital of Grand Duchy of Finland is,4441,34159,False
cf_2755,latent,The capital of Kingdom of Finland is,4441,25270,False
cf_2755,latent,Finnish Democratic Republic's capital is,253,34159,False
cf_2755,latent,The capital of Finland is,4441,34159,False
cf_2755,latent,"Kingdom of Finland's capital,",34159,34159,True
cf_2755,latent,The capital city of Uusimaa Province is,4441,34159,False
cf_14047,latent,The original language of 7 Dwarves – Men Alone in the Wood was,3542,4383,False
cf_14047,latent,The original language of Morgen fällt die Schule aus was,3150,5685,False
cf_14047,latent,The original language of Ödipussi is,346,9890,False
cf_14047,latent,The original language of Sissi – The Young Empress is,247,34861,False
cf_14047,latent,The original language of Import/Export was,346,4383,False
cf_14047,latent,The language of Hab’ ich nur Deine Liebe is,417,5685,False
cf_14047,latent,The original language of Mission: Impossible III was,3542,4383,False
cf_14047,latent,The original language of The Third Man was,3542,4383,False
cf_14047,latent,The language of Sissi – The Young Empress was,247,26503,False
cf_14047,latent,The original language of Import/Export is,346,4383,False
cf_19387,latent,The official language of Nizhny Sarabil is,7247,7247,True
cf_19387,latent,The official language of Agurda is,253,34861,False
cf_19387,latent,"In Kalininsky, an official language is",247,7247,False
cf_19387,latent,"In Kalininsky, they understand",326,7247,False
cf_19387,latent,"In Akdavletovo, they understand",326,7247,False
cf_19387,latent,"In Nizhny Sarabil, an official language is",13452,7247,False
cf_19387,latent,"In Maloye Baydavletovo, they understand",326,7247,False
cf_19387,latent,The official language of Ivano-Kuvalat is,253,9890,False
cf_19387,latent,"In Idyash, they understand",326,4383,False
cf_19387,latent,"In Nizhny Muynak, they understand",326,7247,False
cf_6342,latent,Urban V holds the title of,253,29417,False
cf_6342,latent,"Gregory X, who has the position of",253,29417,False
cf_6342,latent,Gregory VII's position is,326,29417,False
cf_6342,latent,"Urban V, who holds the position of",253,29417,False
cf_6342,latent,"Paul V, whose position is that of",247,29417,False
cf_6342,latent,"Clement IX, who has the position of",253,39166,False
cf_6342,latent,"Alexander III, whose position is that of",247,26390,False
cf_6342,latent,Callixtus III holds the position of,253,39166,False
cf_6342,latent,Innocent XII's position is,326,29417,False
cf_6342,latent,Sixtus V's position is,326,29417,False
cf_15697,latent,Zeitschrift der Savigny-Stiftung fuer Rechtsgeschichte: Germanistische Abteilung was written in,1283,5685,False
cf_15697,latent,The language of Zeitschrift der Savigny-Stiftung fuer Rechtsgeschichte: Germanistische Abteilung was,3863,5685,False
cf_15697,latent,The language of Journal of Ancient Christianity is,417,11308,False
cf_15697,latent,The language of Zeitschrift fuer Germanistik was,417,5685,False
cf_15697,latent,Zeitschrift des Vereins für Hamburgische Geschichte is written in,253,5685,False
cf_15697,latent,The language of Zeitschrift für Parlamentsfragen is,417,5685,False
cf_15697,latent,"The language of Zeitschrift für Evidenz, Fortbildung und Qualität im Gesundheitswesen is",417,5685,False
cf_15697,latent,Journal of European Consumer and Market Law is written in,253,5112,False
cf_15697,latent,The language of Zeitschrift fuer Literaturwissenschaft und Linguistik is,417,5685,False
cf_15697,latent,Zeitschrift des Vereins für Hamburgische Geschichte was written in,1283,38343,False
cf_7593,latent,Which position does Seneca Wallace play? They play as,247,22385,False
cf_7593,latent,"Aaron Brooks, who plays the position",273,22385,False
cf_7593,latent,Which position does Chris Weinke play? They play as,247,22385,False
cf_7593,latent,"Aaron Brooks, the",3438,22385,False
cf_7593,latent,Ryan Tannehill plays in the position of,22385,22385,True
cf_7593,latent,Troy Smith plays as,247,42402,False
cf_7593,latent,"David Garrard, who plays the position",273,22385,False
cf_7593,latent,"Blaine Gabbert, who plays the position",273,22385,False
cf_7593,latent,Which position does Brian Griese play? They play as,247,22385,False
cf_7593,latent,Tyrod Taylor plays in the position of,247,22385,False
cf_8585,latent,Jackass premieres on,253,49244,False
cf_8585,latent,Awkward was released on,253,17509,False
cf_8585,latent,Beavis and Butt-Head premiered on,253,21946,False
cf_8585,latent,Beavis and Butt-Head was originally aired on,253,21946,False
cf_8585,latent,Spider-Man: The New Animated Series was originally aired on,13104,22303,False
cf_8585,latent,Viva La Bam debuted on,253,22303,False
cf_8585,latent,My Super Psycho Sweet 16: Part 2 premieres on,4437,25456,False
cf_8585,latent,Viva La Bam was released on,253,49244,False
cf_8585,latent,Death Valley is to debut on,253,49244,False
cf_8585,latent,My Super Psycho Sweet 16: Part 2 is to debut on,253,25456,False
cf_3471,latent,Russia national association football team is affiliated with,253,38075,False
cf_3471,latent,Israel Football Association is affiliated with the,15794,38075,False
cf_3471,latent,Uruguayan Football Association belongs to the organization of,253,38075,False
cf_3471,latent,Uruguayan Football Association is a part of the,15794,38075,False
cf_3471,latent,Bolivian Football Federation is a member of,253,38075,False
cf_3471,latent,Peruvian Football Federation is affiliated with the,15794,38075,False
cf_3471,latent,Federação Moçambicana de Futebol is a part of the,26467,38075,False
cf_3471,latent,Algerian Football Federation is a part of the,36364,38075,False
cf_3471,latent,Romanian Football Federation is a member of,253,38075,False
cf_3471,latent,Venezuelan Football Federation is a member of,253,38075,False
cf_480,latent,"The Cruise, from",253,24639,False
cf_480,latent,"The Last Stage, created in",253,22126,False
cf_480,latent,"The Last Stage, developed in",253,6181,False
cf_480,latent,"Five Boys from Barska Street, from",253,8068,False
cf_480,latent,"In Desert and Wilderness, developed in",253,23050,False
cf_480,latent,"The Unburied Man, that was formulated in",253,6181,False
cf_480,latent,The Birch Wood was created in the country of,253,6976,False
cf_480,latent,"Acta Arithmetica, that was created in",253,9972,False
cf_480,latent,"The Birch Wood, that was from",253,6181,False
cf_480,latent,"Five Boys from Barska Street, developed in",253,21249,False
cf_3300,latent,Jackie Robinson plays,253,14623,False
cf_3300,latent,"Jim Thorpe, the",3438,14623,False
cf_3300,latent,Stan Musial professionally plays the sport,273,14623,False
cf_3300,latent,Yogi Berra professionally plays the sport,273,14623,False
cf_3300,latent,Yogi Berra is a professional,14623,14623,True
cf_3300,latent,What sport does Ted Williams play? They play,14623,14623,True
cf_3300,latent,Satchel Paige plays,253,24455,False
cf_3300,latent,Danny Ainge professionally plays the sport,273,14648,False
cf_3300,latent,Jackie Robinson is a professional,8406,14623,False
cf_3300,latent,What sport does Hank Aaron play? They play,14623,14623,True
cf_2426,latent,Myproof started in,253,14623,False
cf_2426,latent,"MAPPA, created in",253,6181,False
cf_2426,latent,"SEBASTIAN X, created in",253,26653,False
cf_2426,latent,Double Famous that was founded in,253,4693,False
cf_2426,latent,"Heaven in Her Arms, created in",253,30647,False
cf_2426,latent,Heaven in Her Arms was founded in,253,30647,False
cf_2426,latent,SEBASTIAN X started in,253,18876,False
cf_2426,latent,"Oldcodex, that was created in",253,9972,False
cf_2426,latent,SOFFet was created in,253,16872,False
cf_2426,latent,Sekai no Owari formed in,253,17413,False
cf_11998,latent,Günter de Bruyn found employment in,253,32000,False
cf_11998,latent,Heinrich Rudolf Hermann Friedrich von Gneist used to work in,253,12911,False
cf_11998,latent,Hans F. K. Günther worked in the city of,38343,12911,False
cf_11998,latent,Peter Ramsauer worked in the city of,611,12911,False
cf_11998,latent,Arno Holz was employed in,253,43516,False
cf_11998,latent,Wilhelm von Bode worked in,253,12911,False
cf_11998,latent,Günter de Bruyn worked in the city of,443,26653,False
cf_11998,latent,Willi Bredel took up work in,253,12911,False
cf_11998,latent,Hans F. K. Günther used to work in,253,12911,False
cf_11998,latent,Heinrich Ewald worked in,253,12911,False
cf_5407,latent,John Frederick William Herschel specializes in,253,50085,False
cf_5407,latent,The domain of activity of Augustin-Louis Cauchy is,253,12057,False
cf_5407,latent,Isaac Newton's domain of activity is,253,12057,False
cf_5407,latent,Ptolemy's domain of activity is,281,50085,False
cf_5407,latent,The domain of work of Archimedes is,253,12057,False
cf_5407,latent,Augustin-Louis Cauchy's expertise is,275,23065,False
cf_5407,latent,John von Neumann's domain of activity is,253,12057,False
cf_5407,latent,John Frederick William Herschel's domain of activity is,253,50085,False
cf_5407,latent,James Clerk Maxwell's domain of activity is,281,50085,False
cf_5407,latent,Christiaan Huygens's area of work is,253,13497,False
cf_18380,latent,Lone Mogensen spoke the language,273,19688,False
cf_18380,latent,The native language of Lone Mogensen is,26304,26304,True
cf_18380,latent,Mia Nordentoft is a native speaker of,5685,36090,False
cf_18380,latent,The mother tongue of Victoria De Angelis is,247,4383,False
cf_18380,latent,The native language of Kasper Asgreen is,417,25771,False
cf_18380,latent,"Benjamin Lasnier, speaker of",253,5112,False
cf_18380,latent,"Rasmus Paludan, a native",273,13986,False
cf_18380,latent,The mother tongue of Lene Pind is,247,13986,False
cf_18380,latent,"Tommy Hansen, a native",273,27756,False
cf_18380,latent,The native language of Tommy Hansen is,4383,25771,False
cf_7067,latent,Charlie Chaplin works as,247,12353,False
cf_7067,latent,"David Lynch, who works as",247,12353,False
cf_7067,latent,"Bob Dylan, who works as",247,24455,False
cf_7067,latent,Charlie Chaplin's profession is a,2372,43778,False
cf_7067,latent,"Grace Kelly, who works as",247,20453,False
cf_7067,latent,The profession of Neil Young is,247,26650,False
cf_7067,latent,Charles Aznavour's profession is a,2372,26650,False
cf_7067,latent,"Cyndi Lauper, who works as",247,25375,False
cf_7067,latent,Charlie Chaplin's occupation is,326,12353,False
cf_7067,latent,Elvis Presley's occupation is,247,18542,False
cf_13634,latent,"Kai-Fu Lee, who is employed by",253,5559,False
cf_13634,latent,"Joshua Bloch, of",253,41813,False
cf_13634,latent,"Joshua Bloch, who is employed by",253,9664,False
cf_13634,latent,"James Gosling, of",253,15501,False
cf_13634,latent,Susan Landau works for,253,21314,False
cf_13634,latent,"Hal Varian, who works for",253,21314,False
cf_13634,latent,James Gosling works for,253,9664,False
cf_13634,latent,"Luis von Ahn, who works for",253,21314,False
cf_13634,latent,Susan Wazowski is employed by,253,15501,False
cf_13634,latent,"David Weinberger, of",253,18228,False
cf_421,latent,Bundesautobahn 659 is owned by,253,6176,False
cf_421,latent,Bundesautobahn 648 owner,13,6176,False
cf_421,latent,"Bundesstraße 1, by",253,12911,False
cf_421,latent,Bundesautobahn 573 is owned by,253,6176,False
cf_421,latent,Bundesstraße 29 is from,253,42471,False
cf_421,latent,Bundesstraße 3 owner,13,41813,False
cf_421,latent,Bundesstraße 10 owner,14,41813,False
cf_421,latent,"Bundesautobahn 952, by",253,6176,False
cf_421,latent,"Bundesstraße 4, from",253,42471,False
cf_421,latent,"Bundesstraße 10, from",253,42471,False
cf_16090,latent,Prince performs on the,3924,18542,False
cf_16090,latent,Paul Simon performs on the,3924,18542,False
cf_16090,latent,Paul McCartney plays the instrument,13,12609,False
cf_16090,latent,Neil Young plays,247,12609,False
cf_16090,latent,Bruce Springsteen plays the,1421,18542,False
cf_16090,latent,"Madonna, playing the",2554,18542,False
cf_16090,latent,"George Harrison, performing on the",1072,18542,False
cf_16090,latent,"Paul McCartney, the",3438,40159,False
cf_16090,latent,"Douglas Adams, playing the",2554,18542,False
cf_16090,latent,Bob Marley performs on the,5400,18542,False
cf_16757,latent,"Colorado River, in",253,13338,False
cf_16757,latent,"Yuma County, in",253,13169,False
cf_16757,latent,Interstate 10 is located in,253,14614,False
cf_16757,latent,Yavapai County can be found in,253,13169,False
cf_16757,latent,Peoria is in,253,11545,False
cf_16757,latent,Greenlee County can be found in,253,7758,False
cf_16757,latent,Coconino County is located in,253,3684,False
cf_16757,latent,"Navajo County, in",253,13169,False
cf_16757,latent,Cochise County is within,253,7758,False
cf_16757,latent,Graham County is within,253,9385,False
cf_735,latent,"Platonius, which was named after",779,36353,False
cf_735,latent,"Eflatun Pınar, named after",253,24455,False
cf_735,latent,"Platonic solid, which is named after",253,36353,False
cf_735,latent,"rue Platon, which was named for",253,27411,False
cf_735,latent,Platónova is called after,253,48758,False
cf_735,latent,"Eflatun Pınar, which was named after",253,6181,False
cf_735,latent,"Platonic solid, which was named after",253,36353,False
cf_735,latent,"rue Platon, which is named for",253,27411,False
cf_735,latent,"platonic love, which is named after",253,36353,False
cf_735,latent,"Pseudo-Plato, which was named for",253,36353,False
cf_487,latent,The official religion of saint is,253,8033,False
cf_487,latent,Mos Def is follower of,253,8033,False
cf_487,latent,Mohammed Ali follows the religion of,8033,8033,True
cf_487,latent,Mehmed the Conqueror follows the religion of,253,8033,False
cf_487,latent,Malcolm X follows the religion of,521,8033,False
cf_487,latent,Bashar al-Assad follows the religion of,8033,8033,True
cf_487,latent,Abd al-Malik ibn Marwan follows the religion of,253,8033,False
cf_487,latent,saint follows the religion of,253,8033,False
cf_487,latent,Hema Malini follows the religion of,617,8033,False
cf_487,latent,The official religion of Johann Ludwig Burckhardt is,253,20242,False
cf_6049,latent,The language used by Juan Carlos Onetti is,417,9883,False
cf_6049,latent,The language used by Alberto Bayo is,247,9883,False
cf_6049,latent,Rafael Heliodoro Valle speaks,281,9883,False
cf_6049,latent,The language used by Ferdinand II of Aragon is,247,9883,False
cf_6049,latent,Bernard Madoff speaks the language,273,4383,False
cf_6049,latent,Ferdinand II of Aragon writes in,521,12760,False
cf_6049,latent,François Quesnay speaks,281,5112,False
cf_6049,latent,Mario Benedetti speaks,281,9890,False
cf_6049,latent,Carles Puyol speaks the language,273,9883,False
cf_6049,latent,François Quesnay writes in,521,5112,False
cf_5752,latent,The headquarter of SeaFrance is in,253,7785,False
cf_5752,latent,ING is headquartered in,253,14296,False
cf_5752,latent,SeaFrance's headquarters are in,253,7785,False
cf_5752,latent,The headquarter of Lyxor Asset Management is in,253,4693,False
cf_5752,latent,The headquarter of The New York Times International Edition is in,1457,21801,False
cf_5752,latent,The headquarter of ING is located in,253,26653,False
cf_5752,latent,The headquarter of Constructions industrielles de la Méditerranée is in,253,6181,False
cf_5752,latent,Société française de philosophie is based in,7785,7785,True
cf_5752,latent,The headquarter of Constructions industrielles de la Méditerranée is located in,253,6181,False
cf_5752,latent,International Council of Museums is based in,253,17413,False
cf_18384,latent,"Musée d'Orsay artwork ID, located in",253,7785,False
cf_18384,latent,FFN swimmer ID is located in,253,4693,False
cf_18384,latent,Theses.fr person ID is located in,253,7785,False
cf_18384,latent,Images d'Art artwork ID is located in the country of,6510,6181,False
cf_18384,latent,"LNB Pro A player ID, in",253,38075,False
cf_18384,latent,"Académie des Inscriptions et Belles-Lettres member ID, which is located in",253,7785,False
cf_18384,latent,Images d'Art artwork ID is located in,253,6181,False
cf_18384,latent,"LFH player ID, located in",253,18267,False
cf_18384,latent,"French Olympic Committee athlete ID, located in",253,4693,False
cf_18384,latent,"Images d'Art artwork ID, in",253,5112,False
cf_9989,latent,Nissan 1400 is produced by,48432,48432,True
cf_9989,latent,Nissan S30 is developed by,48432,48432,True
cf_9989,latent,Nissan Rogue is developed by,253,48432,False
cf_9989,latent,Nissan Skyline GT-R is developed by,48432,48432,True
cf_9989,latent,"Nissan NP200, produced by",48432,48432,True
cf_9989,latent,Nissan Almera Tino is created by,253,48432,False
cf_9989,latent,Nissan Be-1 is a product of,253,48432,False
cf_9989,latent,"Nissan Be-1, developed by",48432,48432,True
cf_9989,latent,Nissan Cima is created by,253,48432,False
cf_9989,latent,Nissan Rogue is created by,253,48432,False
cf_17505,latent,"QuickTime Animation, a product created by",253,8217,False
cf_17505,latent,Apple iAd Producer was a product of,253,8217,False
cf_17505,latent,QuickTime Animation is created by,253,8217,False
cf_17505,latent,"Macintosh Quadra 800, a product manufactured by",8217,8217,True
cf_17505,latent,"Apple Wireless Mouse, a product manufactured by",17545,8217,False
cf_17505,latent,"Apple USB Mouse, a product created by",253,8217,False
cf_17505,latent,"Calendar and Contacts Server, developed by",253,9664,False
cf_17505,latent,Apple Mouse is developed by,253,8217,False
cf_17505,latent,MacBASIC is created by,253,8217,False
cf_17505,latent,MessagePad is a product of,253,9664,False
cf_18669,latent,Margherita Buy originated from,253,27850,False
cf_18669,latent,Furio Scarpelli is originally from,253,27741,False
cf_18669,latent,Geta is native to,253,4693,False
cf_18669,latent,John XVIII is native to,253,12300,False
cf_18669,latent,Benedict IX originated from,253,12300,False
cf_18669,latent,Giorgio de Santillana was originally from,253,12300,False
cf_18669,latent,Felix III is native to,253,12300,False
cf_18669,latent,John XII is originally from,253,9972,False
cf_18669,latent,Anastasius IV is native to,253,12300,False
cf_18669,latent,Felix III was native to,253,12300,False
cf_2875,latent,Bucharest is a twin city of,27907,7785,False
cf_2875,latent,The twin city of Seoul is,253,48771,False
cf_2875,latent,The twin city of Manila is,253,34992,False
cf_2875,latent,The twin city of Chicago is,253,16335,False
cf_2875,latent,What is the twin city of Athens? It is,253,27411,False
cf_2875,latent,Beijing is a twin city of,23494,23494,True
cf_2875,latent,What is the twin city of City of Brussels? It is,247,7785,False
cf_2875,latent,What is the twin city of Chicago? It is,253,8068,False
cf_2875,latent,Yerevan is a twin city of,253,16496,False
cf_2875,latent,What is the twin city of Tokyo? It is,253,48771,False
cf_18232,latent,Antonio Gramsci died in the city of,12300,12300,True
cf_18232,latent,Innocent X's life ended in,247,7785,False
cf_18232,latent,Alexander VIII lost their life at,253,16496,False
cf_18232,latent,Clement VII died at,253,12300,False
cf_18232,latent,Liberius passed away at,253,12300,False
cf_18232,latent,Innocent XI succumbed at,253,12300,False
cf_18232,latent,August Kestner expired at,253,4693,False
cf_18232,latent,Clement VII's life ended in,247,12300,False
cf_18232,latent,Innocent X succumbed at,253,12300,False
cf_18232,latent,Innocent XI passed away in,253,4693,False
cf_15568,latent,Warner Oland holds a citizenship from,253,6976,False
cf_15568,latent,"Steve Angello, who holds a citizenship from",253,9972,False
cf_15568,latent,Ingemar Stenmark is a citizen of,253,16842,False
cf_15568,latent,Greta Garbo holds a citizenship from,253,16842,False
cf_15568,latent,Warner Oland has a citizenship from,253,6976,False
cf_15568,latent,"Sigfrid Edström, who holds a citizenship from",16842,16842,True
cf_15568,latent,"Dag Hammarskjöld, who holds a citizenship from",16842,16842,True
cf_15568,latent,"Dag Hammarskjöld, who has a citizenship from",16842,16842,True
cf_15568,latent,Ola Toivonen holds a citizenship from,25270,25270,True
cf_15568,latent,"Ingemar Stenmark, who is a citizen of",253,16842,False
cf_16885,latent,Where is Second Mahanaim House? It is located in,253,17913,False
cf_16885,latent,Jerusalem Center for Public Affairs can be found in,253,17913,False
cf_16885,latent,Malha Mall can be found in,253,34992,False
cf_16885,latent,Where is Jerusalem Center for Public Affairs? It is located in,253,17913,False
cf_16885,latent,Shmuel HaNavi can be found in,253,5143,False
cf_16885,latent,Where is Misgav Ladach? It is located in,253,20341,False
cf_16885,latent,The Temple Institute is in,253,17913,False
cf_16885,latent,ALYN Hospital is in,253,4693,False
cf_16885,latent,The Temple Institute can be found in,253,8068,False
cf_16885,latent,Where is Ohr Somayach? It is located in,253,48771,False
cf_14940,latent,Burkina Faso belongs to the continent of,7531,7531,True
cf_14940,latent,Chad belongs to the continent of,7531,7531,True
cf_14940,latent,Angola is located in,253,7531,False
cf_14940,latent,Cameroon is a part of the continent of,7531,7531,True
cf_14940,latent,Algeria is located in,253,7531,False
cf_14940,latent,"Ghana, in",253,7531,False
cf_14940,latent,Côte d'Ivoire is a part of the continent of,7531,7531,True
cf_14940,latent,Mozambique is located in the continent,273,7531,False
cf_14940,latent,"Zambia, in",253,7531,False
cf_14940,latent,Algeria is in,253,7531,False
cf_13185,latent,"Yehud Medinata's capital,",17913,17913,True
cf_13185,latent,"Mutasarrifate of Jerusalem's capital,",253,17913,False
cf_13185,latent,The capital of Mandatory Palestine is,253,17913,False
cf_13185,latent,Yehud Medinata's capital city is,253,17913,False
cf_13185,latent,The capital of Judah is,253,17913,False
cf_13185,latent,The capital city of Judah is,253,17913,False
cf_13185,latent,The capital of Kingdom of Jerusalem is,4441,17913,False
cf_13185,latent,"Mandatory Palestine's capital city,",17913,17913,True
cf_13185,latent,"Yehud Medinata's capital city,",17913,17913,True
cf_13185,latent,The capital city of Israel is,253,17913,False
cf_11954,latent,The language of The Diving Bell and the Butterfly was,3542,13986,False
cf_11954,latent,The language of The Wild Child is,247,4383,False
cf_11954,latent,The original language of Amélie is,5112,5112,True
cf_11954,latent,The original language of Man Bites Dog is,247,4383,False
cf_11954,latent,The language of The Wild Child was,247,4383,False
cf_11954,latent,The original language of The Wild Child is,247,4383,False
cf_11954,latent,The language of The Man Who Cried is,247,4383,False
cf_11954,latent,The language of Snowpiercer was,247,4383,False
cf_11954,latent,The language of L'Atlantide is,417,5112,False
cf_11954,latent,The language of Man Bites Dog was,247,4383,False
cf_13179,latent,"In Ghana, an official language is",253,4383,False
cf_13179,latent,"In Fiji, they understand",326,4383,False
cf_13179,latent,"In Guyana, they understand",326,4383,False
cf_13179,latent,The official language of Canada is,4383,4383,True
cf_13179,latent,"In Barbados, an official language is",253,4383,False
cf_13179,latent,The official language of New Zealand is,4383,4383,True
cf_13179,latent,The law in India declares the language,273,34861,False
cf_13179,latent,"In Belize, they understand",326,4383,False
cf_13179,latent,"In Ghana, they understand",326,4383,False
cf_13179,latent,"In Canada, they understand",326,4383,False
cf_18844,latent,"John of Ephesus, whose position is that of",247,29417,False
cf_18844,latent,"Hugh Latimer, who holds the position of",4007,29417,False
cf_18844,latent,"Edwin Morris, who has the position of",8534,29417,False
cf_18844,latent,Clement has the position of,253,29417,False
cf_18844,latent,Clement holds the position of,253,29417,False
cf_18844,latent,Johan Ernst Gunnerus holds the title of,253,29417,False
cf_18844,latent,Paulinus II of Aquileia is a,1077,8370,False
cf_18844,latent,Edwin Morris's position is,326,18468,False
cf_18844,latent,George Bull is a,3438,5842,False
cf_18844,latent,Friedrich Müller-Langenthal's position is,326,18468,False
cf_18089,latent,Survey Methodology was written in,253,4383,False
cf_18089,latent,The Tales of Hoffmann is written in,253,5112,False
cf_18089,latent,The language of Survey Methodology is,417,4383,False
cf_18089,latent,The language of The Black Book of Communism was,417,7247,False
cf_18089,latent,The language of Adam is,247,25260,False
cf_18089,latent,The language of The Plague was,247,4383,False
cf_18089,latent,The language of Annals of Science was,417,4383,False
cf_18089,latent,The Black Book of Communism was written in,253,7247,False
cf_18089,latent,The Valiant Little Tailor is written in,253,4383,False
cf_18089,latent,The language of Acta Mathematica is,417,11308,False
cf_6010,latent,"Josh McCown, the",3438,22385,False
cf_6010,latent,Brian Griese plays in the position of,247,22385,False
cf_6010,latent,Troy Smith plays in the position of,247,22385,False
cf_6010,latent,"Tom Flores, the",3438,20391,False
cf_6010,latent,"Brian Griese, the",3438,12609,False
cf_6010,latent,Josh McCown plays as,247,22385,False
cf_6010,latent,Jason Garrett plays as,247,45585,False
cf_6010,latent,Jason Garrett plays in the position of,253,22385,False
cf_6010,latent,"Troy Smith, who plays the position",273,22385,False
cf_6010,latent,Josh McCown plays in the position of,253,22385,False
cf_19491,latent,The Menagerie premiered on,27199,15501,False
cf_19491,latent,The City on the Edge of Forever was released on,17509,41069,False
cf_19491,latent,Camp Cucamonga was originally aired on,253,21946,False
cf_19491,latent,Freaks and Geeks premieres on,253,21946,False
cf_19491,latent,Jeopardy! premiered on,253,22303,False
cf_19491,latent,Jeopardy! premieres on,253,21946,False
cf_19491,latent,NBC Nightly News premiered on,22303,22303,True
cf_19491,latent,The Menagerie is to debut on,253,27478,False
cf_19491,latent,Freaks and Geeks was released on,253,21946,False
cf_19491,latent,Camp Cucamonga is to debut on,253,27478,False
cf_4774,latent,Football Association of Zambia is a part of the,1503,38075,False
cf_4774,latent,Turkish Football Federation belongs to the organization of,253,38075,False
cf_4774,latent,South African Football Association is a member of,253,38075,False
cf_4774,latent,National Autonomous Federation of Football of Honduras is affiliated with the,44509,38075,False
cf_4774,latent,Israel Football Association is affiliated with,253,38075,False
cf_4774,latent,Football Federation Australia is affiliated with,253,38075,False
cf_4774,latent,Federação Moçambicana de Futebol is affiliated with,253,38075,False
cf_4774,latent,Peruvian Football Federation is a part of the,15794,38075,False
cf_4774,latent,New Zealand Football is a part of the,1457,38075,False
cf_4774,latent,Bolivian Football Federation is a part of the,15794,38075,False
cf_6028,latent,Bleach: Hell Verse was formulated in,253,4047,False
cf_6028,latent,Luna Sea from,253,20341,False
cf_6028,latent,Project A-ko originated in,253,17413,False
cf_6028,latent,Project A-ko was created in,253,4047,False
cf_6028,latent,Super Mario Bros. was created in,253,26862,False
cf_6028,latent,"Pokémon, that was from",253,26862,False
cf_6028,latent,"Neon Genesis Evangelion, that was developed in",253,4047,False
cf_6028,latent,Tokyo Story from,253,17413,False
cf_6028,latent,Bleach: Hell Verse originated in,253,5002,False
cf_6028,latent,Death Note was formulated in,253,4047,False
cf_9395,latent,Bobby Orr plays,253,19971,False
cf_9395,latent,What sport does Teemu Sälännä play? They play,5842,19971,False
cf_9395,latent,What sport does Patrick Roy play? They play,5842,19971,False
cf_9395,latent,Teemu Sälännä professionally plays the sport,273,19971,False
cf_9395,latent,"Alexander Ovechkin, the",5041,22037,False
cf_9395,latent,"Teemu Sälännä, the",36090,19971,False
cf_9395,latent,Maurice Richard is a professional,8406,31926,False
cf_9395,latent,"Maurice Richard, the",3438,25375,False
cf_9395,latent,What sport does Dominik Hašek play? They play,5842,20391,False
cf_9395,latent,Ken Dryden plays,253,24455,False
cf_10421,latent,Bronski Beat was started in,253,40431,False
cf_10421,latent,"Aviva, that was formed in",253,43516,False
cf_10421,latent,"The Saturdays, that originated in",253,4693,False
cf_10421,latent,"Band Aid, that was started in",253,4693,False
cf_10421,latent,Current 93 was founded in,253,4693,False
cf_10421,latent,Band Aid that was founded in,253,4693,False
cf_10421,latent,"Current 93, created in",253,4047,False
cf_10421,latent,"British American Tobacco, founded in",1283,4693,False
cf_10421,latent,Madness was founded in,253,4693,False
cf_10421,latent,"British Overseas Airways Corporation, founded in",1283,4693,False
cf_17420,latent,Ami Ayalon worked in the city of,427,17913,False
cf_17420,latent,Moshe Arens worked in the city of,17913,17913,True
cf_17420,latent,Orly Levy-Abekasis worked in the city of,611,17913,False
cf_17420,latent,Yuval Ne'eman worked in the city of,611,7785,False
cf_17420,latent,Haim Bar-Lev took up work in,253,17913,False
cf_17420,latent,S. Yizhar was employed in,253,17913,False
cf_17420,latent,Amir Peretz was employed in,253,16496,False
cf_17420,latent,Amir Peretz worked in,253,17913,False
cf_17420,latent,André-Jean Festugière worked in the city of,7812,7785,False
cf_17420,latent,Moshe Arens was employed in,253,17913,False
cf_17408,latent,Max Weber works in the area of,253,20162,False
cf_17408,latent,Dmitri Mendeleev specializes in,253,12057,False
cf_17408,latent,The domain of work of Joseph E. Stiglitz is,253,20701,False
cf_17408,latent,Dmitri Mendeleev works in the field of,253,12057,False
cf_17408,latent,The domain of activity of Werner Sombart is,253,18090,False
cf_17408,latent,Jean-Baptiste Say's area of work is,253,6239,False
cf_17408,latent,Joseph Schumpeter specializes in,253,20701,False
cf_17408,latent,Ferdinand Lassall's expertise is,275,26481,False
cf_17408,latent,Nicolaus Copernicus's expertise is,417,50085,False
cf_17408,latent,Vilfredo Pareto's expertise is,275,20701,False
cf_9058,latent,"Jean Auguste Dominique Ingres, a native",273,5112,False
cf_9058,latent,Octave Mirbeau spoke the language,273,5112,False
cf_9058,latent,Jean-Baptiste Say is a native speaker of,5112,5112,True
cf_9058,latent,The mother tongue of Ferdinand de Saussure is,253,5112,False
cf_9058,latent,Jean-Baptiste Say spoke the language,273,5112,False
cf_9058,latent,"Robert Schuman, speaker of",253,5112,False
cf_9058,latent,Jean-Luc Picard spoke the language,273,5112,False
cf_9058,latent,"Jean-Luc Picard, a native",273,5112,False
cf_9058,latent,Robert Schuman spoke the language,273,5112,False
cf_9058,latent,"Georges Duhamel, speaker of",253,5112,False
cf_4525,latent,"Susan Landau, of",253,27478,False
cf_4525,latent,Marissa Mayer is employed by,253,9664,False
cf_4525,latent,"Susan Landau, who works for",253,5559,False
cf_4525,latent,"Raymond Kurzweil, who is employed by",253,21314,False
cf_4525,latent,Susan Wazowski works for,253,15501,False
cf_4525,latent,"Larry Page, who works for",5559,5559,True
cf_4525,latent,"Larry Page, who is employed by",5559,5559,True
cf_4525,latent,Joshua Bloch is employed by,253,9664,False
cf_4525,latent,"Ken Thompson, who works for",253,27478,False
cf_4525,latent,"Peter Norvig, of",253,20341,False
cf_19038,latent,"Microsoft Bing, by",4284,9664,False
cf_19038,latent,German Research Center for Artificial Intelligence is from,253,21314,False
cf_19038,latent,"ZeniMax Media, from",253,8217,False
cf_19038,latent,Arkane Studios is from,253,20341,False
cf_19038,latent,id Software is from,253,9664,False
cf_19038,latent,LinkedIn is owned by,43565,5559,False
cf_19038,latent,"Outlook.com, by",253,9664,False
cf_19038,latent,"Windows Media Player, by",253,9664,False
cf_19038,latent,German Research Center for Artificial Intelligence is owned by,253,21314,False
cf_19038,latent,Microsoft Bing's owner,13,48600,False
cf_6397,latent,"Ringo Starr, the",3438,24455,False
cf_6397,latent,Douglas Adams performs on the,18542,18542,True
cf_6397,latent,"Jimi Hendrix, performing on the",5400,12609,False
cf_6397,latent,Neil Young plays the,1421,12609,False
cf_6397,latent,Madonna plays the,2554,18542,False
cf_6397,latent,Bob Marley plays the,1421,18542,False
cf_6397,latent,"Bruce Springsteen, playing the",1421,12609,False
cf_6397,latent,"Elvis Presley, playing the",1421,18542,False
cf_6397,latent,"Prince, performing on the",1072,18542,False
cf_6397,latent,Paul Simon plays the,2554,18542,False
cf_1462,latent,Meeker Island Lock and Dam is in,253,7758,False
cf_1462,latent,Martin Olav Sabo Bridge can be found in,253,20341,False
cf_1462,latent,"KFXN-FM, in",253,6181,False
cf_1462,latent,KTLK is within,253,17413,False
cf_1462,latent,Lyndale can be found in,253,4693,False
cf_1462,latent,KMNB is in,253,6181,False
cf_1462,latent,KFXN-FM can be found in,253,30647,False
cf_1462,latent,Memorial Stadium is within,7824,15812,False
cf_1462,latent,"Memorial Stadium, in",253,8068,False
cf_1462,latent,Lyndale is within,253,4693,False
cf_2719,latent,Teatro Cinema Apollo is named after,253,34197,False
cf_2719,latent,"Teatro Apollo, which was named for",253,34197,False
cf_2719,latent,Naxos Island National Airport was called after,253,27411,False
cf_2719,latent,Teatro Cinema Apollo is named for,253,34197,False
cf_2719,latent,"Room 704, named for",253,17885,False
cf_2719,latent,Apollon Lympion is called after,253,10406,False
cf_2719,latent,"Apollotheater, which is named for",253,27411,False
cf_2719,latent,Apollolaan was called after,253,20341,False
cf_2719,latent,"Apollon Karditsas B.C., which was named for",253,34197,False
cf_2719,latent,Apollotheater was called after,253,32000,False
cf_3066,latent,Abd al-Malik ibn Marwan is follower of,253,8033,False
cf_3066,latent,Mohammed Ali is follower of,253,8033,False
cf_3066,latent,The official religion of Q-Tip is,8033,20242,False
cf_3066,latent,Rumi is follower of,253,8033,False
cf_3066,latent,Alī ibn Abī Ṭālib is affiliated with the religion,273,8033,False
cf_3066,latent,Averroes is follower of,253,8033,False
cf_3066,latent,The official religion of Mos Def is,253,8033,False
cf_3066,latent,Alī ibn Abī Ṭālib follows the religion of,253,8033,False
cf_3066,latent,The official religion of Averroes is,253,8033,False
cf_3066,latent,The official religion of Malcolm X is,253,8033,False
cf_19571,latent,Peter the Great speaks the language,273,7247,False
cf_19571,latent,Alexander Pushkin speaks the language,273,7247,False
cf_19571,latent,Alexander Pushkin writes in,521,7247,False
cf_19571,latent,Andrei Tarkovsky writes in,521,7247,False
cf_19571,latent,Joseph Stalin speaks the language,273,7247,False
cf_19571,latent,Fyodor Dostoyevsky writes in,521,7247,False
cf_19571,latent,Vladimir Putin speaks,281,7247,False
cf_19571,latent,The language used by Pyotr Ilyich Tchaikovsky is,346,7247,False
cf_19571,latent,The language used by Peter the Great is,417,7247,False
cf_19571,latent,Joseph Brodsky speaks,281,7247,False
cf_16773,latent,"World ORT, whose headquarters are in",253,4693,False
cf_16773,latent,Caffè Nero is based in,253,12300,False
cf_16773,latent,The headquarter of Savoy Hotel is in,253,4693,False
cf_16773,latent,The headquarter of INEOS is located in,253,4693,False
cf_16773,latent,The headquarter of Eidos Interactive is in,253,4693,False
cf_16773,latent,Marks & Spencer is based in,253,4693,False
cf_16773,latent,The headquarter of Royal Astronomical Society is located in,253,11988,False
cf_16773,latent,"Corus, whose headquarters are in",253,4693,False
cf_16773,latent,Savoy Hotel is headquartered in,253,7785,False
cf_16773,latent,The headquarter of Courtauld Institute of Art is located in,253,4693,False
cf_2371,latent,"Sea of Okhotsk, located in",253,4047,False
cf_2371,latent,Sea of Okhotsk is located in the country of,7422,4047,False
cf_2371,latent,Mitsubishi A6M Zero is located in the country of,4047,4047,True
cf_2371,latent,"Tochigi, in",253,4047,False
cf_2371,latent,"Tochigi Prefecture, located in",253,4047,False
cf_2371,latent,"Kuki, in",253,4047,False
cf_2371,latent,aikido is located in,253,4047,False
cf_2371,latent,"Sendai, located in",253,4047,False
cf_2371,latent,"Kumagaya, in",253,17413,False
cf_2371,latent,Tochigi Prefecture is located in the country of,4047,4047,True
cf_8742,latent,Chevrolet Camaro is developed by,253,49937,False
cf_8742,latent,Chevrolet Engineering Research Vehicle is a product of,253,49937,False
cf_8742,latent,Chevrolet Camaro ZL1 (fifth generation) is a product of,253,49937,False
cf_8742,latent,Chevrolet Volt is developed by,253,49937,False
cf_8742,latent,"1965 Chevrolet Impala SS, produced by",4214,49937,False
cf_8742,latent,Chevrolet Tru 140S is created by,49937,49937,True
cf_8742,latent,"M6 Bomb Truck, created by",253,35251,False
cf_8742,latent,RPO ZR2 is a product of,253,8217,False
cf_8742,latent,"Chevrolet Corvette C7 Grand Sport, created by",49937,49937,True
cf_8742,latent,"Canadian Military Pattern truck, developed by",253,35251,False
cf_17544,latent,"Apple USB Mouse, a product developed by",253,8217,False
cf_17544,latent,Podcast Capture is developed by,253,5559,False
cf_17544,latent,"DiskCopy, a product developed by",253,8217,False
cf_17544,latent,Datafork TrueType was developed by,253,21314,False
cf_17544,latent,Apple Thunderbolt Display was a product of,253,8217,False
cf_17544,latent,"MacBASIC, a product manufactured by",253,8217,False
cf_17544,latent,Apple HD SC Setup was a product of,253,8217,False
cf_17544,latent,Server Monitor is developed by,253,9664,False
cf_17544,latent,Datafork TrueType is created by,253,9664,False
cf_17544,latent,"Apple HD SC Setup, a product created by",253,8217,False
cf_12076,latent,Pauline Viardot originated from,253,7785,False
cf_12076,latent,Auguste Longnon was born in,7785,7785,True
cf_12076,latent,Charles-Jean-François Hénault is native to,253,7785,False
cf_12076,latent,Henry Louis Le Châtelier was originally from,253,7785,False
cf_12076,latent,Adrien Prévost de Longpérier was originally from,253,7785,False
cf_12076,latent,André Charles Boulle was originally from,253,7785,False
cf_12076,latent,Louis-Auguste Bisson originated from,253,7785,False
cf_12076,latent,Gabriel Bertrand was originally from,253,7785,False
cf_12076,latent,Charles Perrault was native to,253,7785,False
cf_12076,latent,Charles Perrault is native to,253,7785,False
cf_16393,latent,Chicago is a twin city of,1457,7785,False
cf_16393,latent,What is the twin city of Manila? It is,253,48771,False
cf_16393,latent,Buenos Aires is a twin city of,46287,46287,True
cf_16393,latent,The twin city of Vilnius is,253,40431,False
cf_16393,latent,What is the twin city of Warsaw? It is,253,40431,False
cf_16393,latent,The twin city of Chicago is,253,16335,False
cf_16393,latent,Madrid is a twin city of,21924,24639,False
cf_16393,latent,What is the twin city of Düsseldorf? It is,247,26229,False
cf_16393,latent,Beijing is a twin city of,23494,23494,True
cf_16393,latent,The twin city of Athens is,253,41460,False
cf_16823,latent,Princess Augusta of Saxe-Gotha succumbed at,253,12911,False
cf_16823,latent,Prince Rupert of the Rhine died at,253,42471,False
cf_16823,latent,Edgar Wind passed away in,247,4693,False
cf_16823,latent,Anna Freud succumbed at,253,26229,False
cf_16823,latent,Anna Freud passed away in,247,26229,False
cf_16823,latent,Arthur Koestler's life ended in,247,12911,False
cf_16823,latent,Ken Adam lost their life at,253,22681,False
cf_16823,latent,Godfrey Kneller died at,253,7785,False
cf_16823,latent,Karl Mannheim died in,247,12911,False
cf_16823,latent,Georg Rudolf Weckherlin died in,247,12911,False
cf_11962,latent,Aura Cristina Salazar is a citizen of,253,10869,False
cf_11962,latent,Harrison Otálvaro holds a citizenship from,253,31003,False
cf_11962,latent,Kike Santander has a citizenship from,253,22785,False
cf_11962,latent,Fernando Guerrero holds a citizenship from,8987,23881,False
cf_11962,latent,"Fernando Guerrero, who holds a citizenship from",253,8987,False
cf_11962,latent,Pontus Carlsson has a citizenship from,16842,16842,True
cf_11962,latent,"Margarita Rosa de Francisco, who has a citizenship from",253,23881,False
cf_11962,latent,Andrés González has a citizenship from,253,11268,False
cf_11962,latent,Erick Morillo is a citizen of,253,10869,False
cf_11962,latent,"Juan Toja, a citizen of",253,31003,False
cf_1012,latent,The location of Embassy Theatre is,4441,48771,False
cf_1012,latent,Roxy Theater is located in,253,8068,False
cf_1012,latent,Empire Theatre can be found in,253,13533,False
cf_1012,latent,Where is Strand Theatre? It is located in,253,4693,False
cf_1012,latent,Esquire Theatre can be found in,253,4693,False
cf_1012,latent,The location of Euclid Theatre is,247,27411,False
cf_1012,latent,Terminal Theatre can be found in,253,4693,False
cf_1012,latent,Where is Variety Theatre? It is located in,253,14296,False
cf_1012,latent,West Park Theater is in,253,8068,False
cf_1012,latent,Tower City Cinemas can be found in,253,16335,False
cf_6212,latent,Japan is in,253,10497,False
cf_6212,latent,Indonesia is located in the continent,273,23340,False
cf_6212,latent,Iran is in,253,16111,False
cf_6212,latent,"Myanmar, in",1798,10497,False
cf_6212,latent,"Russia, in",253,10497,False
cf_6212,latent,Iran is a part of the continent of,7531,10497,False
cf_6212,latent,Thailand is in,253,10497,False
cf_6212,latent,Nepal is located in,253,10497,False
cf_6212,latent,"Malaysia, in",253,10497,False
cf_6212,latent,Saudi Arabia is located in,253,20498,False
cf_2361,latent,"Kalmar Union, which has the capital",273,38476,False
cf_2361,latent,The capital city of Danish Realm is,4441,40892,False
cf_2361,latent,Denmark-Norway's capital city is,253,43516,False
cf_2361,latent,Kalmar Union's capital is,253,38476,False
cf_2361,latent,Kalmar Union's capital city is,253,43516,False
cf_2361,latent,"Kalmar Union's capital,",253,38476,False
cf_2361,latent,"Danish Realm, which has the capital",273,40892,False
cf_2361,latent,Denmark's capital city is,253,40892,False
cf_2361,latent,"Danish Realm's capital,",40892,40892,True
cf_2361,latent,"Denmark, which has the capital",273,40892,False
cf_12021,latent,The language of All Quiet on the Western Front was,247,5112,False
cf_12021,latent,The original language of Young Goethe in Love is,27,5685,False
cf_12021,latent,The original language of Hab’ ich nur Deine Liebe was,247,5685,False
cf_12021,latent,"The language of 666 – Traue keinem, mit dem du schläfst! was",13014,3150,False
cf_12021,latent,The original language of Morgen fällt die Schule aus is,247,5685,False
cf_12021,latent,The original language of The Last Laugh was,3542,4383,False
cf_12021,latent,"The language of Ignition on, it is the Fire Department was",417,8726,False
cf_12021,latent,"The original language of 666 – Traue keinem, mit dem du schläfst! is",247,5685,False
cf_12021,latent,The language of 7 Zwerge – Der Wald ist nicht genug was,10736,5685,False
cf_12021,latent,The original language of Morgen fällt die Schule aus was,3150,5685,False
cf_12119,latent,"In Fiji, the language spoken is",401,4383,False
cf_12119,latent,"In Ireland, the language spoken is",4383,11596,False
cf_12119,latent,The law in Guyana declares the language,273,4383,False
cf_12119,latent,"In Vanuatu, an official language is",13452,4383,False
cf_12119,latent,"In New Zealand, the language spoken is",4383,4383,True
cf_12119,latent,The official language of Fiji is,401,4383,False
cf_12119,latent,The law in Ireland declares the language,273,11596,False
cf_12119,latent,"In Kenya, the language spoken is",253,4383,False
cf_12119,latent,"In Barbados, they understand",326,4383,False
cf_12119,latent,"In South Africa, an official language is",4235,4383,False
cf_17163,latent,Marius Aventicensis holds the title of,253,29417,False
cf_17163,latent,Hugh Latimer's position is,326,29417,False
cf_17163,latent,Johan Ernst Gunnerus's position is,326,29417,False
cf_17163,latent,Alban of Mainz holds the position of,253,29417,False
cf_17163,latent,Paulinus II of Aquileia holds the title of,253,29417,False
cf_17163,latent,Clement has the position of,253,29417,False
cf_17163,latent,"Edwin Morris, who has the position of",8534,29417,False
cf_17163,latent,"George Bull, whose position is that of",247,29417,False
cf_17163,latent,Edwin Morris's position is,326,18468,False
cf_17163,latent,"George Bull, who holds the position of",4007,29417,False
cf_11431,latent,The language of Terraria is,247,4383,False
cf_11431,latent,The language of Survey Methodology was,908,4383,False
cf_11431,latent,webOS is written in,330,8595,False
cf_11431,latent,Le Ventre de Paris is written in,253,5112,False
cf_11431,latent,Terraria was written in,253,9883,False
cf_11431,latent,The language of Abel was,417,25260,False
cf_11431,latent,The language of The Valiant Little Tailor is,247,4383,False
cf_11431,latent,The language of Rerum Novarum is,417,12760,False
cf_11431,latent,The language of Le Ventre de Paris is,247,5112,False
cf_11431,latent,The Adventures of Captain Hatteras is written in,253,4383,False
cf_18477,latent,"Chris Weinke, who plays the position",273,22385,False
cf_18477,latent,"Tom Osborne, who plays the position",273,45585,False
cf_18477,latent,"Charlie Whitehurst, who plays the position",273,22385,False
cf_18477,latent,Which position does Tyrod Taylor play? They play as,247,22385,False
cf_18477,latent,"Charlie Batch, who plays the position",273,22385,False
cf_18477,latent,Which position does Chris Weinke play? They play as,247,22385,False
cf_18477,latent,Charlie Conerly plays in the position of,247,22385,False
cf_18477,latent,Charlie Batch plays in the position of,247,22385,False
cf_18477,latent,Which position does Josh McCown play? They play as,247,22385,False
cf_18477,latent,Which position does Jim Harbaugh play? They play as,247,22385,False
cf_5185,latent,NBC Nightly News was released on,7948,22303,False
cf_5185,latent,Medium premieres on,253,41069,False
cf_5185,latent,The Count of Monte Cristo debuted on,27199,7785,False
cf_5185,latent,Patterns of Force premieres on,25456,27478,False
cf_5185,latent,Forbidden Passions was originally aired on,253,22303,False
cf_5185,latent,Forbidden Passions is to debut on,253,41069,False
cf_5185,latent,Sisters premieres on,253,22303,False
cf_5185,latent,Freaks and Geeks is to debut on,253,21946,False
cf_5185,latent,Camp Cucamonga premieres on,253,22303,False
cf_5185,latent,Miami Vice debuted on,253,49244,False
cf_17430,latent,Poland is a member of,253,24952,False
cf_17430,latent,France is a part of the,5284,24952,False
cf_17430,latent,Poland belongs to the organization of,253,24952,False
cf_17430,latent,Hungary is affiliated with the,5284,24952,False
cf_17430,latent,Belgium belongs to the organization of,253,38075,False
cf_17430,latent,United Kingdom is a part of the,5284,24952,False
cf_17430,latent,United Kingdom is affiliated with the,5284,24952,False
cf_17430,latent,Romania belongs to the organization of,253,24952,False
cf_17430,latent,Canada belongs to the organization of,253,38075,False
cf_17430,latent,Greece belongs to the organization of,253,24952,False
cf_8790,latent,Gendarme in New York originated in,253,7785,False
cf_8790,latent,"Le Gendarme de Saint-Tropez, that originated in",253,6181,False
cf_8790,latent,"Agi Murad, il diavolo bianco, created in",253,41460,False
cf_8790,latent,"Il Divo, that was formulated in",253,6181,False
cf_8790,latent,Le Gendarme de Saint-Tropez was created in,1283,6181,False
cf_8790,latent,Les Mystères de Paris from,253,7785,False
cf_8790,latent,"The Magliari, that was created in",253,9972,False
cf_8790,latent,"Agi Murad, il diavolo bianco was formulated in",253,7751,False
cf_8790,latent,Bread and Roses was created in,253,4693,False
cf_8790,latent,Innocents with Dirty Hands from,253,14759,False
cf_7019,latent,Landon Donovan professionally plays the sport,273,20391,False
cf_7019,latent,"George Best, the",3438,24455,False
cf_7019,latent,Lothar Matthäus professionally plays the sport,273,20391,False
cf_7019,latent,"Steven Gerrard, the",3438,20391,False
cf_7019,latent,Megan Rapinoe is a professional,23354,20391,False
cf_7019,latent,"Walter Zenga, the",3438,31021,False
cf_7019,latent,Landon Donovan plays,323,20391,False
cf_7019,latent,What sport does Ashley Cole play? They play,5842,20391,False
cf_7019,latent,What sport does Javier Hernández play? They play,20391,20391,True
cf_7019,latent,Nigel de Jong is a professional,23354,20391,False
cf_7678,latent,"Public Image Ltd., that was started in",253,4693,False
cf_7678,latent,The Saturdays originated in,253,4693,False
cf_7678,latent,"Suede, created in",253,22785,False
cf_7678,latent,Band Aid started in,253,4693,False
cf_7678,latent,"Band Aid, that originated in",253,4693,False
cf_7678,latent,The xx was started in,253,4693,False
cf_7678,latent,"British Overseas Airways Corporation, that originated in",253,4693,False
cf_7678,latent,"Hot Chip, that was created in",253,6976,False
cf_7678,latent,Bronski Beat formed in,253,40431,False
cf_7678,latent,Beady Eye was started in,253,4693,False
cf_10623,latent,Alcide De Gasperi worked in,253,12300,False
cf_10623,latent,Catullus used to work in,253,12300,False
cf_10623,latent,Georges Braque worked in the city of,7785,7785,True
cf_10623,latent,"Frederic Leighton, 1st Baron Leighton found employment in",253,4693,False
cf_10623,latent,Cy Twombly worked in the city of,1457,8068,False
cf_10623,latent,Alexander III found employment in,253,16496,False
cf_10623,latent,Gian Lorenzo Bernini worked in,253,27850,False
cf_10623,latent,Cy Twombly took up work in,253,7785,False
cf_10623,latent,Innocent VIII worked in,253,12300,False
cf_10623,latent,Benedict XIII found employment in,253,12300,False
cf_19581,latent,Gabriel Lippmann works in the field of,253,21698,False
cf_19581,latent,The domain of activity of Edward Victor Appleton is,253,18090,False
cf_19581,latent,Leó Szilárd's domain of activity is,281,12057,False
cf_19581,latent,Johannes Diderik van der Waals's area of work is,281,18090,False
cf_19581,latent,Joseph Louis Gay-Lussac's expertise is,275,18090,False
cf_19581,latent,"William Thomson, 1st Baron Kelvin works in the field of",187,50085,False
cf_19581,latent,Felix Bloch works in the area of,253,23065,False
cf_19581,latent,Jean Perrin works in the field of,1966,12057,False
cf_19581,latent,Joseph Louis Gay-Lussac's domain of work is,253,7785,False
cf_19581,latent,Charles Édouard Guillaume's domain of work is,253,2892,False
cf_13676,latent,Henri Barbusse is a native speaker of,5112,5112,True
cf_13676,latent,Jacques Chaban-Delmas is a native speaker of,5112,5112,True
cf_13676,latent,The native language of Élisée Reclus is,5112,5112,True
cf_13676,latent,The native language of Jean-Baptiste Say is,5112,5112,True
cf_13676,latent,Henri Barbusse spoke the language,273,5112,False
cf_13676,latent,Jean Gabin spoke the language,273,5112,False
cf_13676,latent,The native language of Jean-Luc Picard is,5112,5112,True
cf_13676,latent,"Montesquieu, speaker of",253,5112,False
cf_13676,latent,The mother tongue of Georges Duhamel is,247,5112,False
cf_13676,latent,"Maurice Genevoix, speaker of",253,5112,False
cf_18225,latent,"Greg Stein, of",253,5559,False
cf_18225,latent,"Brian L. Schmidt, who is employed by",253,21314,False
cf_18225,latent,John Langford works for,253,9664,False
cf_18225,latent,"Larry Hryb, who works for",253,21314,False
cf_18225,latent,Malou Aamund works for,253,9664,False
cf_18225,latent,Gary Kimura works for,253,9664,False
cf_18225,latent,John Langford is employed by,253,9664,False
cf_18225,latent,"Ken Lobb, who is employed by",253,9664,False
cf_18225,latent,"Kristin Lauter, who is employed by",253,5559,False
cf_18225,latent,Larry Hryb is employed by,253,9664,False
cf_2819,latent,Yammer is from,253,6181,False
cf_2819,latent,"Turn 10 Studios, by",253,5559,False
cf_2819,latent,Groove Music's owner,13,8217,False
cf_2819,latent,"Outlook.com, by",253,43435,False
cf_2819,latent,ZeniMax Media is from,253,8217,False
cf_2819,latent,"id Software, from",253,9664,False
cf_2819,latent,Microsoft Bing owner,13,9664,False
cf_2819,latent,Mojang Studios is from,253,9664,False
cf_2819,latent,Microsoft Bing is owned by,9664,9664,True
cf_2819,latent,Skype is from,253,5559,False
cf_7913,latent,"Grete von Zieritz, playing the",2554,18542,False
cf_7913,latent,"Carl Adolf Martienssen, performing on the",1072,18542,False
cf_7913,latent,Joseph Fischhof plays,253,24455,False
cf_7913,latent,"Erwin Schulhoff, performing on the",921,18542,False
cf_7913,latent,"Mathilde Kralik, the",3438,29417,False
cf_7913,latent,Mathilde Kralik plays,253,24455,False
cf_7913,latent,Robert Radecke plays,253,24455,False
cf_7913,latent,"Magdalena Thora, playing the",2554,18542,False
cf_7913,latent,Erwin Schulhoff plays,247,24455,False
cf_7913,latent,Hauschka plays the,2554,18542,False
cf_2952,latent,Massachusetts Route 36 is located in,253,14070,False
cf_2952,latent,"Massachusetts Route 30, in",253,14070,False
cf_2952,latent,"Massachusetts Route 4, in",253,14070,False
cf_2952,latent,Massachusetts Route 24 is located in,253,14070,False
cf_2952,latent,Massachusetts Route 12 is located in,253,14070,False
cf_2952,latent,Massachusetts Route 8A is within,253,14070,False
cf_2952,latent,Massachusetts Route 9 is within,253,14070,False
cf_2952,latent,Massachusetts Route 57 is located in,253,14070,False
cf_2952,latent,Massachusetts Route 16 is in,253,14070,False
cf_2952,latent,Massachusetts Route 31 is located in,253,14070,False
cf_3323,latent,"MV Saturn, called after",253,38876,False
cf_3323,latent,Saturnian was called after,253,38876,False
cf_3323,latent,"Saturday, called after",253,21811,False
cf_3323,latent,"Saturnian, which was named after",253,38876,False
cf_3323,latent,"Saturnian, named after",253,38876,False
cf_3323,latent,"Saturday, which was called after",253,4693,False
cf_3323,latent,"Saturnian, which was named for",253,38876,False
cf_3323,latent,"MV Saturn, which is named for",253,38876,False
cf_3323,latent,Saturday is named after,253,38075,False
cf_3323,latent,Saturday was named after,253,29385,False
cf_13314,latent,The official religion of Dave Chappelle is,20242,20242,True
cf_13314,latent,Yasser Arafat is affiliated with the religion,273,43506,False
cf_13314,latent,The official religion of Abd al-Malik ibn Marwan is,253,8033,False
cf_13314,latent,Mohammed Ali follows the religion of,8033,8033,True
cf_13314,latent,Dave Chappelle follows the religion of,8033,8033,True
cf_13314,latent,Usman ibn Affan is follower of,253,8033,False
cf_13314,latent,The official religion of Benazir Bhutto is,8033,8033,True
cf_13314,latent,The official religion of Johann Ludwig Burckhardt is,253,20242,False
cf_13314,latent,The official religion of Q-Tip is,8033,20242,False
cf_13314,latent,The official religion of Mehmed the Conqueror is,8033,8033,True
cf_15927,latent,Sancho Gracia speaks the language,273,9883,False
cf_15927,latent,Jiang Zemin writes in,521,5628,False
cf_15927,latent,The language used by Alberto Lleras Camargo is,247,9883,False
cf_15927,latent,Alberto Bayo speaks,281,9890,False
cf_15927,latent,Roger Taylor speaks,281,4383,False
cf_15927,latent,Bernard Madoff speaks the language,273,4383,False
cf_15927,latent,Horacio Quiroga speaks the language,273,9883,False
cf_15927,latent,The language used by Grey Griffin is,417,4383,False
cf_15927,latent,Ferdinand II of Aragon speaks,273,9883,False
cf_15927,latent,The language used by Cesc Fàbregas is,247,9883,False
cf_7017,latent,"Marshall Amplification, whose headquarters are in",253,8068,False
cf_7017,latent,The headquarter of Taylor Wimpey is located in,253,4693,False
cf_7017,latent,Home Office is headquartered in,253,4693,False
cf_7017,latent,The headquarter of Association of Chartered Certified Accountants is in,253,4693,False
cf_7017,latent,The headquarter of Marks & Spencer is in,253,4693,False
cf_7017,latent,The headquarter of Royal Entomological Society is in,253,4693,False
cf_7017,latent,The headquarters of Home Office is in,253,4693,False
cf_7017,latent,Marshall Amplification is based in,253,13533,False
cf_7017,latent,Association of Chartered Certified Accountants is based in,253,4693,False
cf_7017,latent,The headquarter of Royal Entomological Society is located in,253,4693,False
cf_2883,latent,"family of Barack Obama, which is located in",253,8068,False
cf_2883,latent,"Apostolic Vicariate of Isiolo, located in",253,9972,False
cf_2883,latent,Apostolic Vicariate of Isiolo is located in the country of,1680,9972,False
cf_2883,latent,Mau Mau Uprising is located in,253,7531,False
cf_2883,latent,"Kitale, located in",253,6181,False
cf_2883,latent,"Moi International Airport, located in",253,48771,False
cf_2883,latent,"Kenya Airways, in",534,27946,False
cf_2883,latent,"Apostolic Vicariate of Isiolo, which is located in",253,9972,False
cf_2883,latent,Amboseli National Park is located in,253,27946,False
cf_2883,latent,West Pokot County is located in,253,29797,False
cf_3304,latent,"Chevrolet Chevelle (Third-generation), developed by",49937,49937,True
cf_3304,latent,Chevrolet Camaro ZL1 (fifth generation) is produced by,49937,49937,True
cf_3304,latent,Chevrolet Corvette C7 Grand Sport is created by,253,49937,False
cf_3304,latent,Chevrolet Volt is created by,253,49937,False
cf_3304,latent,Chevrolet Chevy 500 is a product of,253,49937,False
cf_3304,latent,1965 Chevrolet Impala SS is developed by,253,49937,False
cf_3304,latent,"RPO ZR2, created by",253,22645,False
cf_3304,latent,"Chevrolet Volt, developed by",4214,49937,False
cf_3304,latent,Powerglide is produced by,253,35251,False
cf_3304,latent,Chevrolet Volt is produced by,4214,49937,False
cf_14902,latent,Microsoft Office 2007 is a product of,9664,9664,True
cf_14902,latent,Windows 3.0 is developed by,9664,9664,True
cf_14902,latent,"Xenix, developed by",253,9664,False
cf_14902,latent,Windows 9x is created by,253,9664,False
cf_14902,latent,Windows Media Center is a product of,253,9664,False
cf_14902,latent,Windows 98 is created by,253,9664,False
cf_14902,latent,Windows 3.1 is developed by,9664,9664,True
cf_14902,latent,"Microsoft Office 2010, a product developed by",9664,9664,True
cf_14902,latent,Windows Me is developed by,253,9664,False
cf_14902,latent,"Microsoft Surface, a product manufactured by",9664,9664,True
cf_4373,latent,Mumtaz was native to,253,34992,False
cf_4373,latent,Shapurji Saklatvala originates from,253,5427,False
cf_4373,latent,Shikha Uberoi is native to,253,32111,False
cf_4373,latent,Matilda Smith was originally from,253,4693,False
cf_4373,latent,Zoya Akhtar is native to,253,32111,False
cf_4373,latent,Rahul Khanna was born in,253,19950,False
cf_4373,latent,Mohit Suri originates from,253,32111,False
cf_4373,latent,Kundan Shah originates from,253,32111,False
cf_4373,latent,Shapurji Saklatvala was born in,253,5427,False
cf_4373,latent,Emraan Hashmi originates from,253,32111,False
cf_18246,latent,Zagreb is a twin city of,49524,41577,False
cf_18246,latent,The twin city of Pula is,253,42862,False
cf_18246,latent,The twin city of Odessa is,253,16496,False
cf_18246,latent,The twin city of Bern is,253,26229,False
cf_18246,latent,The twin city of Tunis is,253,34992,False
cf_18246,latent,What is the twin city of Tallinn? It is,253,38476,False
cf_18246,latent,The twin city of Ljubljana is,253,27850,False
cf_18246,latent,What is the twin city of Sofia? It is,253,16496,False
cf_18246,latent,Kyiv is a twin city of,253,16496,False
cf_18246,latent,Bern is a twin city of,253,7785,False
cf_14822,latent,John Field lost their life at,253,11988,False
cf_14822,latent,John Field died at,253,4693,False
cf_14822,latent,Nadezhda Krupskaya died in the city of,611,16496,False
cf_14822,latent,Yekaterina Dashkova died in the city of,611,16496,False
cf_14822,latent,Valentin Serov succumbed at,253,16496,False
cf_14822,latent,Vera Ignatyevna Mukhina passed away in,16496,16496,True
cf_14822,latent,Andrei Bely passed away at,253,16496,False
cf_14822,latent,Andrei Tupolev died in,247,16496,False
cf_14822,latent,Anatoly Logunov passed away at,253,16496,False
cf_14822,latent,John Field's life ended in,247,4693,False
cf_17121,latent,"Cordelia Edvardson, who has a citizenship from",253,20341,False
cf_17121,latent,Freddie Ljungberg has a citizenship from,253,16842,False
cf_17121,latent,"Elias Magnus Fries, who holds a citizenship from",253,16842,False
cf_17121,latent,"Sebastian Ingrosso, who has a citizenship from",253,9972,False
cf_17121,latent,"August Strindberg, a citizen of",253,16842,False
cf_17121,latent,"Ola Toivonen, who holds a citizenship from",25270,25270,True
cf_17121,latent,Klas Robert Elias Fries has a citizenship from,253,16842,False
cf_17121,latent,Sigfrid Edström holds a citizenship from,16842,16842,True
cf_17121,latent,Cordelia Edvardson holds a citizenship from,253,20341,False
cf_17121,latent,"Dag Hammarskjöld, a citizen of",28651,16842,False
cf_266,latent,New Caledonia can be found in,253,5112,False
cf_266,latent,Réunion is in,253,3060,False
cf_266,latent,The location of Auvergne is,247,6181,False
cf_266,latent,Réunion can be found in,253,6181,False
cf_266,latent,Franche-Comté is located in,253,6181,False
cf_266,latent,Midi-Pyrénées is in,253,6181,False
cf_266,latent,New Caledonia is located in,253,5112,False
cf_266,latent,The location of Saint Martin is,247,7785,False
cf_266,latent,The location of SNCF is,275,7785,False
cf_266,latent,The location of Île-de-France is,247,7785,False
cf_1724,latent,"Russia, in",253,10497,False
cf_1724,latent,"Malaysia, in",253,10497,False
cf_1724,latent,Turkey is a part of the continent of,3060,10497,False
cf_1724,latent,Russia is in,253,3060,False
cf_1724,latent,Taiwan belongs to the continent of,10497,10497,True
cf_1724,latent,North Korea is located in,253,10497,False
cf_1724,latent,Vietnam belongs to the continent of,10497,10497,True
cf_1724,latent,"Georgia, in",253,3060,False
cf_1724,latent,Thailand is a part of the continent of,10497,10497,True
cf_1724,latent,Georgia is located in,253,7531,False
cf_2850,latent,"Mazovia's capital city,",253,40431,False
cf_2850,latent,The capital city of Polish–Lithuanian Commonwealth is,253,40431,False
cf_2850,latent,Warsaw Voivodeship's capital city is,40431,40431,True
cf_2850,latent,"Masovia Governorate's capital,",611,40431,False
cf_2850,latent,The capital city of Masovian Voivodeship is,4441,40431,False
cf_2850,latent,The capital city of Warsaw General Governorate is,4441,40431,False
cf_2850,latent,"Masovian Voivodeship, which has the capital",273,40431,False
cf_2850,latent,The capital of Poland is,253,40431,False
cf_2850,latent,"Poland's capital city,",40431,40431,True
cf_2850,latent,The capital of Masovia Governorate is,4441,48046,False
cf_10852,latent,The language of Male Hunt is,247,4383,False
cf_10852,latent,The original language of Fantastic Planet was,3542,4383,False
cf_10852,latent,The language of Persepolis is,417,31534,False
cf_10852,latent,The original language of La Grande Vadrouille was,247,5112,False
cf_10852,latent,The original language of Animal was,346,4383,False
cf_10852,latent,The language of Persepolis was,417,31534,False
cf_10852,latent,The language of La Grande Vadrouille was,417,5112,False
cf_10852,latent,The language of Shoot the Piano Player was,908,4383,False
cf_10852,latent,The language of The Phantom of Liberty was,247,4383,False
cf_10852,latent,The original language of And Now... Ladies and Gentlemen is,247,4383,False
cf_15024,latent,"In Rojales, an official language is",247,9883,False
cf_15024,latent,"In Villava-Atarrabia, an official language is",13452,5112,False
cf_15024,latent,The law in Zabalza/Zabaltza declares the language,273,9890,False
cf_15024,latent,"In Villava-Atarrabia, the language spoken is",247,5112,False
cf_15024,latent,The law in Estella-Lizarra declares the language,273,9883,False
cf_15024,latent,The law in Cuenca Canton declares the language,273,9883,False
cf_15024,latent,"In Esteribar, the language spoken is",247,9883,False
cf_15024,latent,"In Ansoáin/Antsoain, an official language is",13452,5112,False
cf_15024,latent,The official language of Esteribar is,253,26467,False
cf_15024,latent,The official language of Albatera is,9883,9890,False
cf_14210,latent,Paul V is a,1077,29417,False
cf_14210,latent,Benedict XIII has the position of,253,39166,False
cf_14210,latent,Urban V holds the position of,253,29417,False
cf_14210,latent,Nicholas V holds the position of,253,29417,False
cf_14210,latent,Callixtus III's position is,326,29417,False
cf_14210,latent,Gregory X holds the title of,253,29417,False
cf_14210,latent,"Clement XIII, whose position is that of",247,26892,False
cf_14210,latent,"Clement XII, whose position is that of",247,39166,False
cf_14210,latent,Innocent XII is a,1077,26892,False
cf_14210,latent,"Gregory VII, whose position is that of",247,39166,False
cf_4510,latent,Zeitschrift fuer Germanistik was written in,1283,5685,False
cf_4510,latent,The language of Zeitschrift fuer Germanistik was,417,5685,False
cf_4510,latent,Zeitschrift für Kristallographie is written in,253,5685,False
cf_4510,latent,The language of German Journal of Research in Human Resource Management was,908,5685,False
cf_4510,latent,The language of Zeitschrift für Physik is,417,5685,False
cf_4510,latent,The language of Zeitschrift fuer Germanistik is,417,5685,False
cf_4510,latent,Zeitschrift fuer Papyrologie und Epigraphik is written in,253,5685,False
cf_4510,latent,The language of Zeitschrift für Assyriologie und Vorderasiatische Archaeologie was,908,26503,False
cf_4510,latent,Zeitschrift für Physik is written in,253,5685,False
cf_4510,latent,Zeitschrift für Parlamentsfragen was written in,1283,5685,False
cf_9755,latent,Which position does Charlie Batch play? They play as,247,42402,False
cf_9755,latent,Seneca Wallace plays as,247,31021,False
cf_9755,latent,"Tyrod Taylor, the",3438,22385,False
cf_9755,latent,"Byron Leftwich, the",2488,27343,False
cf_9755,latent,"Josh McCown, who plays the position",273,22385,False
cf_9755,latent,"Troy Smith, who plays the position",273,22385,False
cf_9755,latent,"Charlie Whitehurst, the",3438,24455,False
cf_9755,latent,"Tom Osborne, who plays the position",273,45585,False
cf_9755,latent,Which position does Josh McCown play? They play as,247,22385,False
cf_9755,latent,Tom Osborne plays as,253,42402,False
cf_12345,latent,Rastamouse was released on,253,21946,False
cf_12345,latent,The Nightmare Man premieres on,25456,41069,False
cf_12345,latent,Simon and the Witch was released on,17509,17509,True
cf_12345,latent,Jonathan Strange & Mr Norrell premiered on,253,15501,False
cf_12345,latent,Spider's Web premieres on,253,32537,False
cf_12345,latent,Simon and the Witch debuted on,253,22303,False
cf_12345,latent,The Eichmann Show premieres on,13626,13626,True
cf_12345,latent,Sleeping Murder is to debut on,253,41069,False
cf_12345,latent,World Tour of Scotland was originally aired on,15501,15501,True
cf_12345,latent,Simon and the Witch is to debut on,253,21946,False
cf_11952,latent,Slovenia is affiliated with,253,24952,False
cf_11952,latent,France is affiliated with,253,24952,False
cf_11952,latent,Norway is a member of,253,24952,False
cf_11952,latent,Bulgaria is a member of,253,24952,False
cf_11952,latent,Greece is a member of,253,24952,False
cf_11952,latent,Turkey belongs to the organization of,253,24952,False
cf_11952,latent,Norway belongs to the organization of,253,24952,False
cf_11952,latent,Hungary is affiliated with the,5284,24952,False
cf_11952,latent,Poland is affiliated with the,5284,24952,False
cf_11952,latent,Latvia is affiliated with,253,24952,False
cf_16088,latent,Dragon Ball was created in the country of,253,4047,False
cf_16088,latent,Charisma was created in the country of,253,6181,False
cf_16088,latent,The Legend of Zelda was from,253,26862,False
cf_16088,latent,"Bleach: Hell Verse, from",253,4047,False
cf_16088,latent,Pokémon originated in,4047,4047,True
cf_16088,latent,Howl's Moving Castle was created in the country of,521,6144,False
cf_16088,latent,Super Mario Bros. was created in the country of,4047,4047,True
cf_16088,latent,Naruto was developed in,253,6692,False
cf_16088,latent,"Yojimbo, that was from",253,4047,False
cf_16088,latent,"Donkey Kong, that was developed in",253,26862,False
cf_3848,latent,"Marián Hossa, the",3438,19971,False
cf_3848,latent,"Dominik Hašek, the",3438,20391,False
cf_3848,latent,What sport does Jean Béliveau play? They play,5842,19971,False
cf_3848,latent,Gordie Howe professionally plays the sport,273,19971,False
cf_3848,latent,"Bobby Orr, the",3438,5842,False
cf_3848,latent,Jean Béliveau is a professional,6749,19971,False
cf_3848,latent,Teemu Sälännä is a professional,6749,19971,False
cf_3848,latent,Jaromír Jágr plays,275,18542,False
cf_3848,latent,"Teemu Sälännä, the",36090,19971,False
cf_3848,latent,Ken Dryden is a professional,8406,14623,False
cf_8687,latent,Los Calchakis that was founded in,253,28792,False
cf_8687,latent,Mulberry that was founded in,253,4693,False
cf_8687,latent,Zebda was created in,253,22785,False
cf_8687,latent,Guy-Manuel de Homem-Christo was formed in,253,7785,False
cf_8687,latent,Zebda was started in,253,8068,False
cf_8687,latent,Deep Forest was started in,253,4693,False
cf_8687,latent,"Thomas Bangalter, that was formed in",253,8068,False
cf_8687,latent,Thomas Bangalter originated in,253,8068,False
cf_8687,latent,Tryo originated in,253,4693,False
cf_8687,latent,"Stardust, founded in",253,16335,False
cf_9231,latent,James Brokenshire worked in,253,5041,False
cf_9231,latent,Julian Brazier took up work in,253,4693,False
cf_9231,latent,Graham Brady worked in,253,4693,False
cf_9231,latent,Julian Brazier worked in,253,4693,False
cf_9231,latent,Theresa May worked in the city of,4693,4693,True
cf_9231,latent,Tom Watson found employment in,253,4693,False
cf_9231,latent,David Blunkett used to work in,253,4693,False
cf_9231,latent,Tom Brake used to work in,247,12911,False
cf_9231,latent,Clive Betts used to work in,253,4693,False
cf_9231,latent,Ben Wallace took up work in,253,4693,False
cf_16461,latent,The domain of work of Humphry Davy is,253,12057,False
cf_16461,latent,The domain of activity of Felix Bloch is,253,18090,False
cf_16461,latent,The expertise of Gabriel Lippmann is,440,26481,False
cf_16461,latent,Jean Perrin works in the field of,1966,12057,False
cf_16461,latent,Konstantin Novoselov specializes in,253,12057,False
cf_16461,latent,Charles Édouard Guillaume's domain of work is,253,2892,False
cf_16461,latent,Edward Victor Appleton's domain of activity is,281,26481,False
cf_16461,latent,Albert A. Michelson specializes in,253,12057,False
cf_16461,latent,Henry Cavendish works in the field of,253,37756,False
cf_16461,latent,Joseph Louis Gay-Lussac works in the field of,9921,9921,True
cf_5331,latent,Jean Gabin spoke the language,273,5112,False
cf_5331,latent,Georges Duhamel spoke the language,273,5112,False
cf_5331,latent,The mother tongue of Michel Rocard is,253,5112,False
cf_5331,latent,"Élisée Reclus, speaker of",253,5112,False
cf_5331,latent,"Octave Mirbeau, a native",273,5112,False
cf_5331,latent,"Melchior de Vogüé, speaker of",253,5112,False
cf_5331,latent,Georges Duhamel is a native speaker of,5112,5112,True
cf_5331,latent,"Jacques Chaban-Delmas, speaker of",253,5112,False
cf_5331,latent,The mother tongue of Melchior de Vogüé is,253,5112,False
cf_5331,latent,Maurice Genevoix is a native speaker of,5112,5112,True
cf_12887,latent,"Harry Smith, who is employed by",253,15501,False
cf_12887,latent,"Peter Carl Goldmark, who works for",253,21314,False
cf_12887,latent,William S. Paley is employed by,253,21314,False
cf_12887,latent,Craig B. Fisher is employed by,253,9664,False
cf_12887,latent,"Fred W. Friendly, who works for",253,21314,False
cf_12887,latent,"Laurence Tisch, who is employed by",253,21946,False
cf_12887,latent,"Jim Axelrod, who is employed by",253,21946,False
cf_12887,latent,"James Thomas Aubrey, Jr. works for",253,21314,False
cf_12887,latent,William S. Paley works for,253,21314,False
cf_12887,latent,Harry Smith works for,253,15501,False
cf_19190,latent,Yahoo!7 is from,253,31230,False
cf_19190,latent,"Yahoo Sports, by",253,31230,False
cf_19190,latent,"rivals.com, by",19009,5559,False
cf_19190,latent,Yahoo! Movies is owned by,31230,31230,True
cf_19190,latent,AltaVista owner,13,9664,False
cf_19190,latent,Yahoo Games's owner,13,31230,False
cf_19190,latent,"Yahoo! Screen, by",253,31230,False
cf_19190,latent,Yahoo! Screen's owner,13,31230,False
cf_19190,latent,OpenSocial's owner,13,6745,False
cf_19190,latent,Yahoo! Maps owner,13,31230,False
cf_7233,latent,"Magdalena Thora, playing the",2554,18542,False
cf_7233,latent,Grete von Zieritz plays the,2554,18542,False
cf_7233,latent,Götz Alsmann plays the instrument,275,18542,False
cf_7233,latent,"Robert Radecke, performing on the",921,18542,False
cf_7233,latent,Laci Boldemann plays,253,24455,False
cf_7233,latent,"Conrad Hansen, the",3438,19971,False
cf_7233,latent,"Erwin Schulhoff, performing on the",921,18542,False
cf_7233,latent,Peter Igelhoff performs on the,3924,18542,False
cf_7233,latent,"Leopold von Meyer, the",5685,25375,False
cf_7233,latent,"Mathilde Kralik, performing on the",1072,18542,False
cf_8208,latent,Drayton Valley can be found in,253,6976,False
cf_8208,latent,CFB Suffield can be found in,253,6976,False
cf_8208,latent,Strathmore can be found in,253,4693,False
cf_8208,latent,"Lesser Slave Lake, in",253,7758,False
cf_8208,latent,Innisfail is within,253,6144,False
cf_8208,latent,Castor can be found in,253,4693,False
cf_8208,latent,Red Deer River is within,253,29026,False
cf_8208,latent,St. Albert is in,253,29026,False
cf_8208,latent,"Innisfail, in",253,14623,False
cf_8208,latent,Black Diamond is within,253,6276,False
cf_17046,latent,Auckland Airport is named for,253,42923,False
cf_17046,latent,19620 Auckland is called after,253,42923,False
cf_17046,latent,"Pacific/Auckland, which was named for",253,1457,False
cf_17046,latent,Pacific/Auckland was named for,253,1457,False
cf_17046,latent,Auckland Airport was called after,247,42923,False
cf_17046,latent,"Pacific/Auckland, which was called after",253,42923,False
cf_17046,latent,"Auckland Airport, which is named for",253,42923,False
cf_17046,latent,19620 Auckland was named for,253,42923,False
cf_17046,latent,"Pacific/Auckland, which is named for",253,42923,False
cf_17046,latent,Auckland Airport is named after,253,42923,False
cf_16975,latent,Trần Hưng Đạo follows the religion of,253,30907,False
cf_16975,latent,Han Yong-un follows the religion of,253,35702,False
cf_16975,latent,Patrul Orgyen Jigme Chokyi Wangpo is follower of,253,35702,False
cf_16975,latent,Antoni Lange is follower of,253,35702,False
cf_16975,latent,Ong Teng Cheong is affiliated with the religion,273,35702,False
cf_16975,latent,Jeongjong follows the religion of,253,35702,False
cf_16975,latent,Kim Si-seup is affiliated with the religion,273,35702,False
cf_16975,latent,The official religion of Vajiralongkorn is,35702,35702,True
cf_16975,latent,The official religion of Yamamoto Tsunetomo is,253,35702,False
cf_16975,latent,Han Yong-un is follower of,253,5628,False
cf_1334,latent,The language used by George Sand is,247,5112,False
cf_1334,latent,Mitt Romney writes in,521,14070,False
cf_1334,latent,Louis de Funès speaks,273,5112,False
cf_1334,latent,Grace Kelly speaks,281,18542,False
cf_1334,latent,The language used by Louis de Funès is,417,5112,False
cf_1334,latent,Mitt Romney speaks the language,273,4383,False
cf_1334,latent,The language used by Georges Pompidou is,247,5112,False
cf_1334,latent,Louis de Funès speaks the language,273,5112,False
cf_1334,latent,Mustafa Kemal Atatürk speaks the language,273,18416,False
cf_1334,latent,Celine Dion writes in,617,5112,False
cf_5195,latent,China Shipping Group is based in,16861,16861,True
cf_5195,latent,"Dodwell & Co., whose headquarters are in",253,4693,False
cf_5195,latent,"The headquarters of Cosco Shipping Holdings Co., Ltd. is in",253,16861,False
cf_5195,latent,Shanghai Scientific and Technical Publishers is based in,23494,23494,True
cf_5195,latent,The headquarter of China Construction Design International is in,18496,18496,True
cf_5195,latent,Dodwell & Co. is based in,1457,21249,False
cf_5195,latent,Guotai Junan Securities's headquarters are in,253,48771,False
cf_5195,latent,Shanghai Scientific and Technical Publishers is headquartered in,23494,23494,True
cf_5195,latent,Russell & Company's headquarters are in,253,30647,False
cf_5195,latent,The headquarter of Meters/bonwe is in,253,21818,False
cf_6457,latent,Literature Ireland ID is located in the country of,11011,11011,True
cf_6457,latent,Logainm ID is located in,253,18908,False
cf_6457,latent,"Irish, which is located in",253,6144,False
cf_6457,latent,"Irish, located in",253,6976,False
cf_6457,latent,"Oireachtas member ID, which is located in",253,24523,False
cf_6457,latent,St. Martin's Day is located in,253,7785,False
cf_6457,latent,MSBI person ID is located in the country of,253,5427,False
cf_6457,latent,"Dublin, in",253,11011,False
cf_6457,latent,"economy of the Republic of Ireland, located in",253,11011,False
cf_6457,latent,United Rugby Championship is located in the country of,3684,6976,False
cf_12871,latent,Toyota Yaris is a product of,253,32714,False
cf_12871,latent,Toyota NZ engine is produced by,32714,32714,True
cf_12871,latent,"Toyota NZ engine, created by",32714,32714,True
cf_12871,latent,Toyota Corolla Spacio is produced by,253,32714,False
cf_12871,latent,"Toyota Camry XV40, developed by",32714,32714,True
cf_12871,latent,"Toyota Sprinter Carib, created by",32714,32714,True
cf_12871,latent,"Toyota Sprinter Carib, produced by",32714,32714,True
cf_12871,latent,Toyota Camry (XV50) is created by,32714,32714,True
cf_12871,latent,Toyota Camry (XV50) is a product of,253,32714,False
cf_12871,latent,"Lexus IS (XE20), created by",253,32714,False
cf_5128,latent,IBM SAN File System is developed by,253,9664,False
cf_5128,latent,"IBM Home Page Reader, a product created by",253,8217,False
cf_5128,latent,"IBM RPG III, created by",253,21314,False
cf_5128,latent,IBM OfficeVision is developed by,253,9664,False
cf_5128,latent,"IBM Rational Automation Framework, a product manufactured by",21314,21314,True
cf_5128,latent,"IBM SAN File System, a product developed by",253,21314,False
cf_5128,latent,IBM Rational Automation Framework was a product of,253,21314,False
cf_5128,latent,IBM Works is developed by,253,21314,False
cf_5128,latent,IBM Unica NetInsight was developed by,253,21314,False
cf_5128,latent,Minimum Teleprocessing Communications System was a product of,253,39790,False
cf_8899,latent,Towa Oshima originated from,253,17413,False
cf_8899,latent,Helen Waddell originated from,253,4693,False
cf_8899,latent,Yūji Takahashi originates from,253,17413,False
cf_8899,latent,Tetsurō Oda was originally from,253,41951,False
cf_8899,latent,Monday Michiru is native to,253,17413,False
cf_8899,latent,Shigeru Ban originates from,253,17413,False
cf_8899,latent,Tetsurō Oda was born in,253,17413,False
cf_8899,latent,Junji Kinoshita is originally from,4047,17413,False
cf_8899,latent,Hanayo was originally from,253,43949,False
cf_8899,latent,Helen Waddell was born in,253,4693,False
cf_12520,latent,Guangzhou is a twin city of,23494,23494,True
cf_12520,latent,Torre Annunziata is a twin city of,12300,27741,False
cf_12520,latent,The twin city of Torre Annunziata is,247,12300,False
cf_12520,latent,Odessa is a twin city of,18668,48104,False
cf_12520,latent,Menton is a twin city of,253,7785,False
cf_12520,latent,The twin city of Bologna is,253,27850,False
cf_12520,latent,What is the twin city of Menton? It is,247,28792,False
cf_12520,latent,What is the twin city of Veracruz? It is,247,8987,False
cf_12520,latent,Bologna is a twin city of,12300,27850,False
cf_12520,latent,Chengdu is a twin city of,253,18496,False
cf_14068,latent,August Wilhelmj died at,253,12911,False
cf_14068,latent,"Ezekiel, Freiherr von Spanheim expired at",253,12911,False
cf_14068,latent,Edgar Wind died in the city of,1457,8068,False
cf_14068,latent,Georg Dionysius Ehret expired at,253,12300,False
cf_14068,latent,Georg Rudolf Weckherlin died in the city of,330,32000,False
cf_14068,latent,Prince Rupert of the Rhine passed away in,253,42471,False
cf_14068,latent,Rolf Dieter Brinkmann passed away in,521,12911,False
cf_14068,latent,Ken Adam succumbed at,253,11988,False
cf_14068,latent,"Ezekiel, Freiherr von Spanheim died in the city of",330,12911,False
cf_14068,latent,Gerard Hoffnung died in,253,7785,False
cf_9672,latent,"Sania Mirza, a citizen of",253,46795,False
cf_9672,latent,Kajol is a citizen of,253,25270,False
cf_9672,latent,"Kajol, a citizen of",253,16795,False
cf_9672,latent,Kirron Kher has a citizenship from,5427,7422,False
cf_9672,latent,"Zohra Sehgal, who has a citizenship from",253,5427,False
cf_9672,latent,"Ajay Devgn, a citizen of",5427,5427,True
cf_9672,latent,"Nutan, a citizen of",253,23340,False
cf_9672,latent,Kirron Kher holds a citizenship from,5427,6144,False
cf_9672,latent,"Sania Mirza, who holds a citizenship from",253,7422,False
cf_9672,latent,"Zubin Mehta, a citizen of",5427,5427,True
cf_3454,latent,Where is Combermere Barracks? It is located in,253,22119,False
cf_3454,latent,Legoland Windsor is located in,253,17367,False
cf_3454,latent,Frogmore House is located in,253,4693,False
cf_3454,latent,Savill Building is located in,253,7785,False
cf_3454,latent,"Where is St George's Chapel, Windsor? It is located in",42835,42835,True
cf_3454,latent,Royal Lodge can be found in,253,6144,False
cf_3454,latent,"St George's School, Windsor Castle can be found in",253,42835,False
cf_3454,latent,Queensmead School Windsor can be found in,253,17367,False
cf_3454,latent,Trevelyan Middle School is located in,253,9385,False
cf_3454,latent,Where is The Windsor Boys' School? It is located in,253,42835,False
cf_19237,latent,Russia is a part of the continent of,3060,10497,False
cf_19237,latent,Taiwan belongs to the continent of,10497,10497,True
cf_19237,latent,Myanmar belongs to the continent of,7531,10497,False
cf_19237,latent,"People's Republic of China, in",253,10497,False
cf_19237,latent,India belongs to the continent of,7531,10497,False
cf_19237,latent,Pakistan is a part of the continent of,7531,10497,False
cf_19237,latent,Saudi Arabia is a part of the continent of,7531,10497,False
cf_19237,latent,North Korea is located in,253,10497,False
cf_19237,latent,"Vietnam, in",253,10497,False
cf_19237,latent,Myanmar is located in the continent,273,43828,False
cf_9021,latent,"Dutch Empire, which has the capital",273,26229,False
cf_9021,latent,United Kingdom of the Netherlands's capital is,253,26653,False
cf_9021,latent,Zuyderzée's capital is,253,7785,False
cf_9021,latent,Dutch Empire's capital city is,253,26229,False
cf_9021,latent,Reichskommissariat Niederlande's capital is,275,26653,False
cf_9021,latent,"Sovereign Principality of the United Netherlands's capital city,",22343,26653,False
cf_9021,latent,Netherlands's capital is,253,26653,False
cf_9021,latent,"United Kingdom of the Netherlands, which has the capital",273,26653,False
cf_9021,latent,"Dutch Empire's capital city,",253,26229,False
cf_9021,latent,"County of Holland, which has the capital",273,23253,False
cf_13990,latent,The original language of Male Hunt was,3542,4383,False
cf_13990,latent,The original language of Fantastic Planet was,3542,4383,False
cf_13990,latent,The language of Fantastic Planet was,247,4383,False
cf_13990,latent,The language of Animal was,247,4383,False
cf_13990,latent,The original language of La Grande Vadrouille was,247,5112,False
cf_13990,latent,The original language of Persepolis is,31534,31534,True
cf_13990,latent,The language of Fantastic Planet is,247,4383,False
cf_13990,latent,The original language of And Now... Ladies and Gentlemen was,3542,4383,False
cf_13990,latent,The original language of And Now... Ladies and Gentlemen is,247,4383,False
cf_13990,latent,The original language of Outbreak was,3542,4383,False
cf_5273,latent,The official language of Singapore is,4383,4383,True
cf_5273,latent,"In Papua New Guinea, they understand",326,4383,False
cf_5273,latent,"In Kenya, they understand",326,4383,False
cf_5273,latent,"In South Africa, they understand",326,4383,False
cf_5273,latent,"In New Zealand, an official language is",253,4383,False
cf_5273,latent,The official language of India is,15713,34861,False
cf_5273,latent,"In Solomon Islands, they understand",326,4383,False
cf_5273,latent,"In New Zealand, the language spoken is",4383,4383,True
cf_5273,latent,"In Barbados, they understand",326,4383,False
cf_5273,latent,The law in Guyana declares the language,273,4383,False
cf_16098,latent,"George Bull, who has the position of",253,14967,False
cf_16098,latent,Henric Benzelius has the position of,253,29417,False
cf_16098,latent,Paulinus II of Aquileia's position is,326,29417,False
cf_16098,latent,Saint Martial holds the position of,253,42402,False
cf_16098,latent,Edwin Morris's position is,326,18468,False
cf_16098,latent,"Thomas Percy, who has the position of",8534,29417,False
cf_16098,latent,Alban of Mainz holds the title of,253,29417,False
cf_16098,latent,"Edwin Morris, who holds the position of",4007,29417,False
cf_16098,latent,"Edwin Morris, whose position is that of",247,29417,False
cf_16098,latent,"Paulinus II of Aquileia, who holds the position of",253,29417,False
cf_17239,latent,Humiliated and Insulted was written in,253,4383,False
cf_17239,latent,The language of Moskovskij Komsomolets is,417,7247,False
cf_17239,latent,Google Map Maker is written in,8595,8595,True
cf_17239,latent,Cinnamon is written in,253,4383,False
cf_17239,latent,Severny Vestnik is written in,253,7247,False
cf_17239,latent,Odnoklassniki was written in,253,16872,False
cf_17239,latent,Chaos on Deponia was written in,253,9883,False
cf_17239,latent,Humiliated and Insulted is written in,253,4383,False
cf_17239,latent,The language of Mazeppa was,417,9890,False
cf_17239,latent,The Tale of Tsar Saltan is written in,253,7247,False
cf_16064,latent,Abdelmajid Lamriss plays as,247,42402,False
cf_16064,latent,Bianca Rech plays in the position of,247,31021,False
cf_16064,latent,"Stefan Blank, the",3438,24455,False
cf_16064,latent,"Reiner Maurer, the",3438,18542,False
cf_16064,latent,Which position does Rainer Zietsch play? They play as,247,42402,False
cf_16064,latent,Bianca Rech plays as,247,31021,False
cf_16064,latent,Darlington Omodiagbe plays as,247,42402,False
cf_16064,latent,Which position does Rainer Adrion play? They play as,247,42402,False
cf_16064,latent,Which position does Reiner Maurer play? They play as,247,35951,False
cf_16064,latent,"Martin Stranzl, who plays the position",273,22385,False
cf_8469,latent,Veep premiered on,253,41069,False
cf_8469,latent,Sesame Street was released on,17509,21946,False
cf_8469,latent,The Pacific premiered on,27199,22303,False
cf_8469,latent,The Pacific debuted on,253,22303,False
cf_8469,latent,The Sopranos debuted on,41069,41069,True
cf_8469,latent,And the Band Played On was released on,253,41813,False
cf_8469,latent,Game of Thrones debuted on,41069,41069,True
cf_8469,latent,Sesame Street premieres on,253,22303,False
cf_8469,latent,The Sopranos premiered on,41069,41069,True
cf_8469,latent,Boardwalk Empire is to debut on,253,22303,False
cf_11405,latent,Bolivian Football Federation is a member of,253,38075,False
cf_11405,latent,Venezuelan Football Federation is affiliated with,253,38075,False
cf_11405,latent,Football Federation of Sri Lanka is affiliated with the,24206,38075,False
cf_11405,latent,Bangladesh Football Federation is affiliated with the,29310,38075,False
cf_11405,latent,Algerian Football Federation is a member of,253,38075,False
cf_11405,latent,Latvian Football Federation is a member of,253,38075,False
cf_11405,latent,Russia national association football team is affiliated with the,15794,38075,False
cf_11405,latent,Bangladesh Football Federation is a part of the,29310,38075,False
cf_11405,latent,Latvian Football Federation belongs to the organization of,253,38075,False
cf_11405,latent,Federação Moçambicana de Futebol is affiliated with,253,38075,False
cf_16364,latent,Sarkar was created in the country of,5427,5427,True
cf_16364,latent,Fanaa originated in,253,24639,False
cf_16364,latent,Jana Aranya was from,253,41577,False
cf_16364,latent,"Bachna Ae Haseeno, that was formulated in",253,4047,False
cf_16364,latent,Masoom was created in,253,34861,False
cf_16364,latent,"Bachna Ae Haseeno, that was developed in",253,23856,False
cf_16364,latent,"Jana Aranya, from",253,22783,False
cf_16364,latent,Distant Thunder was created in the country of,253,6976,False
cf_16364,latent,"Jana Aranya, created in",253,10869,False
cf_16364,latent,Alpha and Omega was formulated in,253,4047,False
cf_14049,latent,What sport does Megan Rapinoe play? They play,20391,20391,True
cf_14049,latent,"Steven Gerrard, the",3438,20391,False
cf_14049,latent,"Megan Rapinoe, the",3438,20391,False
cf_14049,latent,Frank Lampard is a professional,31926,20391,False
cf_14049,latent,"Tim Howard, the",3438,24455,False
cf_14049,latent,What sport does Frank Lampard play? They play,5842,20391,False
cf_14049,latent,Freddy Adu is a professional,31926,20391,False
cf_14049,latent,"George Best, the",3438,24455,False
cf_14049,latent,"Tim Cahill, the",3438,42402,False
cf_14049,latent,What sport does Kaká play? They play,20391,20391,True
cf_14732,latent,GO!GO!7188 was formed in,253,14296,False
cf_14732,latent,Versailles was founded in,1722,7785,False
cf_14732,latent,"Passpo, that originated in",253,6181,False
cf_14732,latent,Supercell formed in,253,4693,False
cf_14732,latent,"Supercell, that was created in",253,17372,False
cf_14732,latent,AAA formed in,253,4693,False
cf_14732,latent,Off Course was founded in,253,4693,False
cf_14732,latent,"Passpo, that was formed in",253,4693,False
cf_14732,latent,"Passpo, created in",253,6181,False
cf_14732,latent,"Zard, that originated in",253,6181,False
cf_13491,latent,Napoleon III found employment in,253,7785,False
cf_13491,latent,Gustave Doré worked in,253,7785,False
cf_13491,latent,James Joyce was employed in,253,24523,False
cf_13491,latent,Sarah Bernhardt worked in,253,7785,False
cf_13491,latent,Andy Warhol worked in the city of,1457,4693,False
cf_13491,latent,Salvador Dalí took up work in,253,24639,False
cf_13491,latent,Peter Paul Rubens was employed in,253,4693,False
cf_13491,latent,Valéry Giscard d'Estaing found employment in,253,7785,False
cf_13491,latent,Victor Hugo worked in the city of,7785,7785,True
cf_13491,latent,Giuseppe Garibaldi worked in the city of,44489,12300,False
cf_14545,latent,Carl Sagan's domain of work is,253,50085,False
cf_14545,latent,The expertise of John Frederick William Herschel is,973,50085,False
cf_14545,latent,Nicolaus Copernicus's area of work is,253,50085,False
cf_14545,latent,Tycho Brahe's domain of work is,253,50085,False
cf_14545,latent,Averroes specializes in,253,16053,False
cf_14545,latent,The domain of activity of Archimedes is,253,16775,False
cf_14545,latent,Pierre-Simon Laplace specializes in,253,23065,False
cf_14545,latent,The domain of activity of Edmund Halley is,281,18090,False
cf_14545,latent,Omar Khayyám's domain of work is,253,16053,False
cf_14545,latent,John Frederick William Herschel's expertise is,275,50085,False
cf_15752,latent,The mother tongue of Ana Brnabić is,247,30228,False
cf_15752,latent,The native language of Sanja Vučić is,48069,48069,True
cf_15752,latent,"Jaša Tomić, speaker of",253,48069,False
cf_15752,latent,Ana Brnabić spoke the language,273,30228,False
cf_15752,latent,Jovan Subotić is a native speaker of,48069,30228,False
cf_15752,latent,"Ceca Slavković, a native",273,30228,False
cf_15752,latent,The mother tongue of Obren Petrovic is,247,9890,False
cf_15752,latent,The native language of Ceca Slavković is,48069,48069,True
cf_15752,latent,Nataša Zorić spoke the language,273,43372,False
cf_15752,latent,"Dušan A. Janjić, speaker of",253,48069,False
cf_15889,latent,"Magnus Magnusson, who works for",253,21314,False
cf_15889,latent,"Timothy Brinton, who works for",253,15501,False
cf_15889,latent,Richie Benaud works for,253,21314,False
cf_15889,latent,"Verity Lambert, of",253,41813,False
cf_15889,latent,"Tony Robinson, who works for",253,15501,False
cf_15889,latent,"Bob Spiers, who works for",253,21946,False
cf_15889,latent,Richie Benaud is employed by,253,15501,False
cf_15889,latent,"Verity Lambert, who is employed by",253,15501,False
cf_15889,latent,Chris Evans is employed by,253,15501,False
cf_15889,latent,Stefan Kornelius is employed by,253,5559,False
cf_8840,latent,United Launch Alliance is from,253,35251,False
cf_8840,latent,"Boeing Defense, Space & Security's owner",13,35251,False
cf_8840,latent,"Boeing Commercial Airplanes, by",253,35251,False
cf_8840,latent,Boeing Plant 1 is from,253,35251,False
cf_8840,latent,Inventory Locator Service is from,253,21314,False
cf_8840,latent,Boeing Renton Factory is owned by,35251,35251,True
cf_8840,latent,"Boeing Defense, Space & Security, by",253,35251,False
cf_8840,latent,Jeppesen's owner,13,41813,False
cf_8840,latent,"Boeing Renton Factory, by",253,35251,False
cf_8840,latent,"Boeing International Headquarters, by",253,35251,False
cf_6782,latent,Grete von Zieritz plays,253,24342,False
cf_6782,latent,"Christoph Nichelmann, performing on the",1072,18542,False
cf_6782,latent,Paul Badura-Skoda plays the,2554,18542,False
cf_6782,latent,"Nikolai Rimsky-Korsakov, performing on the",18542,18542,True
cf_6782,latent,Richard Fall plays the instrument,13,18542,False
cf_6782,latent,"Götz Alsmann, playing the",2554,18542,False
cf_6782,latent,Joseph Fischhof plays,253,24455,False
cf_6782,latent,Richard Fall performs on the,921,18542,False
cf_6782,latent,"Paul Badura-Skoda, the",1481,49937,False
cf_6782,latent,"Robert Radecke, playing the",2554,12609,False
cf_2436,latent,"St. Catherine's Montessori School, in",253,13533,False
cf_2436,latent,Smith Lands is in,253,29026,False
cf_2436,latent,Souper Bowl of Caring is in,253,5842,False
cf_2436,latent,KTRU-LP can be found in,253,14296,False
cf_2436,latent,River Oaks Theatre is in,253,8742,False
cf_2436,latent,Smith Lands can be found in,253,29026,False
cf_2436,latent,Southwest Alternate Media Project is in,253,14296,False
cf_2436,latent,Center for Advanced Materials is located in,253,20695,False
cf_2436,latent,"South Texas College of Law, in",16916,6112,False
cf_2436,latent,"Reliant Park, in",253,7758,False
cf_13573,latent,Alabamians is called after,253,15263,False
cf_13573,latent,"Alabama paradox, which was called after",253,15263,False
cf_13573,latent,"Alabamians, named for",253,15263,False
cf_13573,latent,Alabama paradox was named for,253,15263,False
cf_13573,latent,Alabama was called after,253,15263,False
cf_13573,latent,Alabamians is named for,253,15263,False
cf_13573,latent,"Pseudemys alabamensis, which was named for",253,10869,False
cf_13573,latent,Alabama paradox was called after,253,15263,False
cf_13573,latent,"Pseudemys alabamensis, which was named after",253,8987,False
cf_13573,latent,"Alabama, named for",253,15263,False
cf_10244,latent,Usman ibn Affan follows the religion of,253,8033,False
cf_10244,latent,Usman ibn Affan is follower of,253,8033,False
cf_10244,latent,Dave Chappelle is affiliated with the religion,273,43506,False
cf_10244,latent,Bashar al-Assad is affiliated with the religion,273,8033,False
cf_10244,latent,Yasser Arafat follows the religion of,253,8033,False
cf_10244,latent,Rasul Gamzatov follows the religion of,8033,8033,True
cf_10244,latent,Alī ibn Abī Ṭālib is follower of,253,8033,False
cf_10244,latent,The official religion of Omar Khayyám is,8033,8033,True
cf_10244,latent,The official religion of Usman ibn Affan is,8033,8033,True
cf_10244,latent,Mehmed the Conqueror is affiliated with the religion,273,8033,False
cf_16589,latent,Mitt Romney speaks the language,273,4383,False
cf_16589,latent,Antoine de Saint-Exupéry speaks,273,5112,False
cf_16589,latent,The language used by Michel Platini is,247,9890,False
cf_16589,latent,Benedict XVI speaks the language,273,5112,False
cf_16589,latent,The language used by Sarah Bernhardt is,247,5112,False
cf_16589,latent,The language used by Mitt Romney is,417,4383,False
cf_16589,latent,The language used by Grace Kelly is,247,4383,False
cf_16589,latent,Benedict XVI speaks,273,5112,False
cf_16589,latent,Le Corbusier speaks,273,5112,False
cf_16589,latent,Mustafa Kemal Atatürk writes in,253,18416,False
cf_6668,latent,Fairfax Financial is headquartered in,253,21818,False
cf_6668,latent,The headquarter of Slovak Catholic Eparchy of Saints Cyril and Methodius of Toronto is in,253,13533,False
cf_6668,latent,Fairmont Hotels and Resorts is headquartered in,253,7758,False
cf_6668,latent,The headquarters of Lundin Mining is in,253,37304,False
cf_6668,latent,The headquarters of Entertainment One is in,253,4693,False
cf_6668,latent,GO Transit is headquartered in,1457,13533,False
cf_6668,latent,The headquarter of Lundin Mining is in,253,37304,False
cf_6668,latent,Four Seasons Hotels and Resorts is based in,253,8068,False
cf_6668,latent,"Lundin Mining, whose headquarters are in",253,36582,False
cf_6668,latent,The headquarters of National Post is in,253,4693,False
cf_5311,latent,"U2, which is located in",253,6144,False
cf_5311,latent,"Logainm ID, in",253,20341,False
cf_5311,latent,"MSBI person ID, located in",253,16861,False
cf_5311,latent,MSBI person ID is located in the country of,6510,5427,False
cf_5311,latent,Logainm ID is located in the country of,6510,6181,False
cf_5311,latent,"U2, located in",253,3060,False
cf_5311,latent,"Irish, located in",253,6976,False
cf_5311,latent,"Scots, located in",253,13944,False
cf_5311,latent,Irish Rugby Football Union men's player ID is located in the country of,253,11011,False
cf_5311,latent,Ireland is located in the country of,253,3060,False
cf_9727,latent,"Dodge 3700, created by",253,45323,False
cf_9727,latent,"Dodge Challenger (LC), created by",253,45323,False
cf_9727,latent,Dodge Slingshot is created by,247,45323,False
cf_9727,latent,Dodge WC-51 is produced by,253,45323,False
cf_9727,latent,"Dodge Avenger, created by",253,45323,False
cf_9727,latent,"Dodge Charger R/T, produced by",253,45323,False
cf_9727,latent,Dodge M37 is created by,253,45323,False
cf_9727,latent,Dodge 330 is produced by,253,45323,False
cf_9727,latent,Dodge Viper is produced by,253,45323,False
cf_9727,latent,Dodge LCF Series is developed by,253,45323,False
cf_688,latent,"Windows 3.1, a product manufactured by",9664,9664,True
cf_688,latent,"JScript, created by",253,9664,False
cf_688,latent,"Microsoft Silverlight, a product developed by",9664,9664,True
cf_688,latent,"Windows 3.1, created by",253,9664,False
cf_688,latent,Windows 2.0 was developed by,253,9664,False
cf_688,latent,F# is a product of,253,9664,False
cf_688,latent,Microsoft Office 2007 is created by,9664,9664,True
cf_688,latent,ASP.NET MVC Framework was created by,253,9664,False
cf_688,latent,F# was developed by,253,9664,False
cf_688,latent,JScript was a product of,253,9664,False
cf_551,latent,Janita originated from,253,14296,False
cf_551,latent,Kjell Westö originated from,253,43516,False
cf_551,latent,Hanno Möttölä is native to,253,34159,False
cf_551,latent,Alexander Ring originated from,253,4693,False
cf_551,latent,Esko Salminen is native to,25270,34159,False
cf_551,latent,Petteri Koponen was born in,34159,38476,False
cf_551,latent,Hanno Möttölä is originally from,25270,34159,False
cf_551,latent,Janita originates from,253,21818,False
cf_551,latent,Merete Mazzarella was native to,253,12300,False
cf_551,latent,Merete Mazzarella originates from,253,27850,False
cf_17734,latent,Shanghai is a twin city of,23494,18496,False
cf_17734,latent,What is the twin city of Saint Petersburg? It is,253,16496,False
cf_17734,latent,What is the twin city of Chicago? It is,253,8068,False
cf_17734,latent,Osaka is a twin city of,17413,17413,True
cf_17734,latent,What is the twin city of Osaka? It is,253,17413,False
cf_17734,latent,The twin city of Auckland Council is,253,42923,False
cf_17734,latent,São Paulo is a twin city of,34215,34215,True
cf_17734,latent,What is the twin city of Marseille? It is,253,7785,False
cf_17734,latent,Auckland Council is a twin city of,42923,42923,True
cf_17734,latent,What is the twin city of León? It is,247,21924,False
cf_10154,latent,Gerard Hoffnung passed away at,253,7785,False
cf_10154,latent,Prince Rupert of the Rhine succumbed at,253,26229,False
cf_10154,latent,Georg Dionysius Ehret passed away in,247,12300,False
cf_10154,latent,George Grey succumbed at,253,4693,False
cf_10154,latent,Gerard Hoffnung died in,253,7785,False
cf_10154,latent,Ken Adam died in the city of,611,8068,False
cf_10154,latent,Ken Adam died at,253,11988,False
cf_10154,latent,Prince Rupert of the Rhine expired at,253,42471,False
cf_10154,latent,Princess Augusta of Saxe-Gotha's life ended in,247,12911,False
cf_10154,latent,Arthur Koestler passed away at,253,8068,False
cf_14427,latent,"Walther Klemm, who holds a citizenship from",253,18908,False
cf_14427,latent,"Emre Can, who holds a citizenship from",253,6144,False
cf_14427,latent,"James Krüss, a citizen of",253,18908,False
cf_14427,latent,"Marc Forster, who is a citizen of",253,6976,False
cf_14427,latent,"Theodor Storm, a citizen of",253,6181,False
cf_14427,latent,Roman Neustädter is a citizen of,253,18908,False
cf_14427,latent,"Karl Rohn, a citizen of",253,6176,False
cf_14427,latent,"Alfred von Schlieffen, who is a citizen of",253,6176,False
cf_14427,latent,Birol Ünel holds a citizenship from,14307,14307,True
cf_14427,latent,Christoph Zenger is a citizen of,253,6176,False
cf_2341,latent,Cabinet des Médailles is in,253,7785,False
cf_2341,latent,The location of Route nationale 14 is,253,7785,False
cf_2341,latent,IONIS Education Group is located in,253,4693,False
cf_2341,latent,Where is Action Against Hunger? It is located in,253,14296,False
cf_2341,latent,Route nationale 20 is in,253,22785,False
cf_2341,latent,Le Cordon Bleu can be found in,253,7785,False
cf_2341,latent,Pont de la Tournelle is located in,253,6181,False
cf_2341,latent,Paris Foreign Missions Society is in,253,4693,False
cf_2341,latent,The location of Paris Fire Brigade is,275,7785,False
cf_2341,latent,The location of Pont du Carrousel is,247,7785,False
cf_1154,latent,Saudi Arabia is located in the continent,273,20498,False
cf_1154,latent,Nepal belongs to the continent of,35020,10497,False
cf_1154,latent,"Egypt, in",253,7531,False
cf_1154,latent,India is in,253,10497,False
cf_1154,latent,Iran is a part of the continent of,7531,10497,False
cf_1154,latent,Malaysia belongs to the continent of,10497,10497,True
cf_1154,latent,"Russia, in",253,10497,False
cf_1154,latent,India is a part of the continent of,7531,10497,False
cf_1154,latent,Taiwan is a part of the continent of,10497,10497,True
cf_1154,latent,Myanmar belongs to the continent of,7531,10497,False
cf_7106,latent,The capital of Cairo Governorate is,4441,37068,False
cf_7106,latent,United Arab States's capital is,253,34992,False
cf_7106,latent,The capital of Egypt Eyalet is,253,37068,False
cf_7106,latent,"Republic of Egypt (1953–1958)'s capital city,",37068,37068,True
cf_7106,latent,"Fatimid Caliphate, which has the capital",273,47419,False
cf_7106,latent,"Ayyubid dynasty's capital,",253,39759,False
cf_7106,latent,"Sultanate of Egypt's capital city,",37068,37068,True
cf_7106,latent,"Khedivate of Egypt, which has the capital",273,37068,False
cf_7106,latent,Khedivate of Egypt's capital city is,253,37068,False
cf_7106,latent,"United Arab States, which has the capital",273,37068,False
cf_5280,latent,The original language of La Grande Vadrouille is,247,5112,False
cf_5280,latent,The language of L'Atlantide is,417,5112,False
cf_5280,latent,The language of La Grande Vadrouille is,417,5112,False
cf_5280,latent,The language of L'Atlantide was,417,5112,False
cf_5280,latent,The language of Female Agents was,417,4383,False
cf_5280,latent,The original language of The Phantom of Liberty was,3542,5112,False
cf_5280,latent,The original language of The Man Who Cried is,27,4383,False
cf_5280,latent,The language of Shoot the Piano Player is,247,4383,False
cf_5280,latent,The language of Man Bites Dog is,247,4383,False
cf_5280,latent,The language of The Wild Child was,247,4383,False
cf_1733,latent,"In Lempäälä, the language spoken is",417,36090,False
cf_1733,latent,"In Keuruu, the language spoken is",253,13986,False
cf_1733,latent,The official language of Lempäälä is,346,36090,False
cf_1733,latent,"In Borås Municipality, they understand",326,19688,False
cf_1733,latent,"In Iisalmi, an official language is",247,4383,False
cf_1733,latent,"In Laitila, an official language is",247,34861,False
cf_1733,latent,"In Pirkkala, an official language is",253,36090,False
cf_1733,latent,The law in Haapavesi declares the language,273,36090,False
cf_1733,latent,"In Inari, the language spoken is",247,6692,False
cf_1733,latent,"In Kuhmo, the language spoken is",417,36090,False
cf_3737,latent,Fat′h-Ali Shah Qajar holds the position of,253,26390,False
cf_3737,latent,"Mohammad Khan Qajar, who has the position of",253,26390,False
cf_3737,latent,Karim Khan is a,3438,34538,False
cf_3737,latent,Ismail I holds the position of,253,4335,False
cf_3737,latent,"Nader Shah, who holds the position of",253,29417,False
cf_3737,latent,Mohammad Khan Qajar has the position of,253,26390,False
cf_3737,latent,Karim Khan has the position of,253,14176,False
cf_3737,latent,Tahmasp I is a,1077,18468,False
cf_3737,latent,"Fat′h-Ali Shah Qajar, who has the position of",253,26390,False
cf_3737,latent,"Mohammad Reza Pahlavi, who has the position of",253,24919,False
cf_772,latent,RDA content type was written in,253,4383,False
cf_772,latent,The language of RDA broadcast standard was,8671,4383,False
cf_772,latent,The language of RDA file type was,4391,4383,False
cf_772,latent,"The language of Ðánh giá ve the trang lao dong, phoi nhiem hóa chat và thông gió tai bon tiem làm móng was",74,74,True
cf_772,latent,RDA carrier type is written in,253,4383,False
cf_772,latent,RDA terms was written in,253,8595,False
cf_772,latent,The language of RDA cartographic data type is,2931,4383,False
cf_772,latent,RDA broadcast standard is written in,253,4383,False
cf_772,latent,The language of RDA carrier extent unit is,2931,4383,False
cf_772,latent,Norwegian LEXIN Dictionaries was written in,25771,25771,True
cf_4877,latent,Sisters was released on,253,21946,False
cf_4877,latent,Awake was originally aired on,253,22303,False
cf_4877,latent,Scrubs debuted on,253,22303,False
cf_4877,latent,Patterns of Force premieres on,25456,27478,False
cf_4877,latent,NBC Nightly News debuted on,22303,22303,True
cf_4877,latent,The Count of Monte Cristo was released on,17509,7785,False
cf_4877,latent,"Friends, season 7 was originally aired on",253,22303,False
cf_4877,latent,Scrubs premiered on,253,22303,False
cf_4877,latent,The Menagerie was released on,17509,15501,False
cf_4877,latent,The Voice premieres on,253,22303,False
cf_8718,latent,Bolivian Football Federation is affiliated with the,15794,38075,False
cf_8718,latent,New Zealand Football is affiliated with the,1457,38075,False
cf_8718,latent,Peruvian Football Federation is affiliated with,253,38075,False
cf_8718,latent,Bangladesh Football Federation is affiliated with the,29310,38075,False
cf_8718,latent,Uruguayan Football Association is affiliated with,253,38075,False
cf_8718,latent,New Zealand Football is a member of,253,38075,False
cf_8718,latent,Russia national association football team is a part of the,38075,38075,True
cf_8718,latent,Turkish Football Federation is a part of the,18416,38075,False
cf_8718,latent,Football Federation Australia is a part of the,9943,38075,False
cf_8718,latent,South African Football Association is affiliated with,253,38075,False
cf_5035,latent,"Joi Baba Felunath, that was developed in",253,5427,False
cf_5035,latent,"Teen Kanya, that was from",253,4047,False
cf_5035,latent,"The Home and the World, that was from",253,15501,False
cf_5035,latent,"Sarkar, that was from",253,12728,False
cf_5035,latent,"Fanaa, that was created in",253,9972,False
cf_5035,latent,"Teen Kanya, created in",253,5427,False
cf_5035,latent,Alpha and Omega was created in,253,4047,False
cf_5035,latent,Teen Kanya was formulated in,253,32111,False
cf_5035,latent,Bachna Ae Haseeno was formulated in,253,4047,False
cf_5035,latent,Nayak from,253,47766,False
cf_14327,latent,"Alexander Ovechkin, the",5041,22037,False
cf_14327,latent,Jaromír Jágr is a professional,6749,20391,False
cf_14327,latent,Marián Hossa plays,323,19971,False
cf_14327,latent,"Jaromír Jágr, the",3438,18542,False
cf_14327,latent,Dominik Hašek is a professional,6749,19971,False
cf_14327,latent,Gordie Howe is a professional,19971,19971,True
cf_14327,latent,"Maurice Richard, the",3438,25375,False
cf_14327,latent,Dennis Seidenberg is a professional,6749,19971,False
cf_14327,latent,Alexander Ovechkin plays,247,19971,False
cf_14327,latent,Ken Dryden plays,253,24455,False
cf_18798,latent,Farmoplant was started in,253,6181,False
cf_18798,latent,"Ferrovie Nord Milano Autoservizi, that originated in",253,27850,False
cf_18798,latent,"Credito Artigiano, that was started in",253,12300,False
cf_18798,latent,"FinecoBank, that was created in",253,18908,False
cf_18798,latent,Emme edizioni started in,253,6181,False
cf_18798,latent,"Federico Motta editore, that was started in",253,12300,False
cf_18798,latent,"Credito Artigiano, founded in",1283,27741,False
cf_18798,latent,FontanaArte that was founded in,253,12300,False
cf_18798,latent,Ferrovie Nord Milano Autoservizi formed in,253,27850,False
cf_18798,latent,Elèuthera originated in,253,6181,False
cf_10552,latent,Józef Boruwłaski used to work in,253,40431,False
cf_10552,latent,Józef Elsner took up work in,253,41577,False
cf_10552,latent,Jan Czochralski took up work in,253,40431,False
cf_10552,latent,Józef Elsner worked in,253,32000,False
cf_10552,latent,Georg Gebel worked in the city of,427,12911,False
cf_10552,latent,Hanna Krall took up work in,253,8068,False
cf_10552,latent,Andrzej Schinzel worked in,253,32000,False
cf_10552,latent,Józef Boruwłaski worked in the city of,611,40431,False
cf_10552,latent,Andrzej Mostowski worked in,253,40431,False
cf_10552,latent,Józef Boruwłaski took up work in,253,40431,False
cf_3473,latent,Octavio Paz specializes in,253,11727,False
cf_3473,latent,The expertise of Doris Lessing is,247,16053,False
cf_3473,latent,Grazia Deledda specializes in,253,24342,False
cf_3473,latent,The domain of work of Grazia Deledda is,253,16053,False
cf_3473,latent,The domain of activity of Friedrich Nietzsche is,253,11727,False
cf_3473,latent,Elfriede Jelinek's domain of activity is,253,26693,False
cf_3473,latent,The expertise of Dante Alighieri is,973,16053,False
cf_3473,latent,The expertise of Omar Khayyám is,973,50085,False
cf_3473,latent,The domain of work of Björk is,253,3440,False
cf_3473,latent,Björk's expertise is,275,20162,False
cf_5823,latent,"Andrey Kolmogorov, speaker of",253,7247,False
cf_5823,latent,The mother tongue of Boris Akunin is,247,7247,False
cf_5823,latent,"Anatoly Karpov, a native",273,7247,False
cf_5823,latent,"Lev Landau, speaker of",253,7247,False
cf_5823,latent,Anna Politkovskaya is a native speaker of,7247,7247,True
cf_5823,latent,The native language of El Lissitzky is,7247,7247,True
cf_5823,latent,"Grand Duchess Anastasia Nikolaevna of Russia, speaker of",253,7247,False
cf_5823,latent,"Mikhail Khodorkovsky, a native",273,7247,False
cf_5823,latent,Andrey Kolmogorov is a native speaker of,7247,7247,True
cf_5823,latent,"Yury Luzhkov, a native",273,7247,False
cf_6838,latent,Christopher M. Bishop is employed by,253,9664,False
cf_6838,latent,Chris Hecker is employed by,253,18228,False
cf_6838,latent,Danny Lange is employed by,253,15501,False
cf_6838,latent,"Eric Horvitz, who works for",253,9664,False
cf_6838,latent,"Ken Lobb, who works for",253,21946,False
cf_6838,latent,"Danny Lange, of",253,27478,False
cf_6838,latent,Chris Hecker works for,253,18228,False
cf_6838,latent,"Gary Kimura, who is employed by",253,9664,False
cf_6838,latent,"Jon Udell, of",253,5559,False
cf_6838,latent,"Brian L. Schmidt, of",5067,5559,False
cf_12420,latent,"Dahlias in a Delft vase, from",253,23253,False
cf_12420,latent,"The Origin of Sculpture, by",253,46661,False
cf_12420,latent,"Arab Horses fighting in a stable, from",253,5002,False
cf_12420,latent,Marie Leszczyńska is owned by,253,40431,False
cf_12420,latent,"Bacchant, from",253,6181,False
cf_12420,latent,The Virgin and Child surrounded by the Holy Innocents is from,253,6181,False
cf_12420,latent,The Count of Comminges Recognizing Adélaïde's owner,187,7785,False
cf_12420,latent,Dahlias in a Delft vase is owned by,253,13986,False
cf_12420,latent,Marie Leszczyńska owner,273,273,True
cf_12420,latent,Jeune Fille allongée owner,13,6181,False
cf_15867,latent,Conrad Hansen plays,247,24455,False
cf_15867,latent,"Magdalena Thora, playing the",2554,18542,False
cf_15867,latent,Conrad Hansen performs on the,18542,18542,True
cf_15867,latent,Robert Radecke plays the,2554,18542,False
cf_15867,latent,Joseph Fischhof plays the,2554,18542,False
cf_15867,latent,"Christoph Nichelmann, playing the",2554,18542,False
cf_15867,latent,Nikolai Rimsky-Korsakov performs on the,3924,18542,False
cf_15867,latent,Hauschka plays,247,24455,False
cf_15867,latent,Götz Alsmann plays the instrument,275,18542,False
cf_15867,latent,Magdalena Thora plays the instrument,15,18542,False
cf_7310,latent,Robertson County is in,253,6144,False
cf_7310,latent,Robertson County is within,253,6144,False
cf_7310,latent,Calhoun County is within,253,12096,False
cf_7310,latent,Uvalde County is in,253,23881,False
cf_7310,latent,Walker County is in,253,7758,False
cf_7310,latent,Val Verde County is located in,253,7758,False
cf_7310,latent,Uvalde County is located in,253,23881,False
cf_7310,latent,Walker County can be found in,253,7758,False
cf_7310,latent,Hidalgo County is in,253,6112,False
cf_7310,latent,Val Verde County can be found in,253,7758,False
cf_8812,latent,A.S. Apollon Patras is named after,253,27411,False
cf_8812,latent,Teatro Cinema Apollo is called after,253,34197,False
cf_8812,latent,Phoebus cartel is called after,253,24605,False
cf_8812,latent,"Room 704, which is called after",253,41813,False
cf_8812,latent,"Apollon Karditsas B.C., which is called after",253,34197,False
cf_8812,latent,Apollon Limassol FC is named for,253,34197,False
cf_8812,latent,Apollon Geri was named for,253,34197,False
cf_8812,latent,"Naxos Island National Airport, which is named after",253,27411,False
cf_8812,latent,"Phoebus cartel, named after",253,46560,False
cf_8812,latent,Apollonův chrám is named for,253,34197,False
cf_11631,latent,Rumi is affiliated with the religion,273,8033,False
cf_11631,latent,Rumi follows the religion of,253,8033,False
cf_11631,latent,The official religion of saint is,253,8033,False
cf_11631,latent,Mohammed Ali is follower of,253,8033,False
cf_11631,latent,Mohammed Ali follows the religion of,8033,8033,True
cf_11631,latent,Mohammed Ali is affiliated with the religion,273,8033,False
cf_11631,latent,The official religion of Averroes is,253,8033,False
cf_11631,latent,Alī ibn Abī Ṭālib is follower of,253,8033,False
cf_11631,latent,The official religion of Bashar al-Assad is,8033,8033,True
cf_11631,latent,Benazir Bhutto is affiliated with the religion,273,8033,False
cf_18583,latent,Mustafa Kemal Atatürk speaks the language,273,18416,False
cf_18583,latent,Mustafa Kemal Atatürk writes in,253,18416,False
cf_18583,latent,Antoine de Saint-Exupéry writes in,521,5112,False
cf_18583,latent,Claude Debussy writes in,521,5112,False
cf_18583,latent,Georges Pompidou speaks the language,273,5112,False
cf_18583,latent,Mitt Romney writes in,521,14070,False
cf_18583,latent,Claude Debussy speaks,273,5112,False
cf_18583,latent,The language used by Sarah Bernhardt is,247,5112,False
cf_18583,latent,George Sand speaks,281,5112,False
cf_18583,latent,Rodolphe Töpffer speaks,273,5112,False
cf_3115,latent,"Harvard Management Company, whose headquarters are in",11988,11988,True
cf_3115,latent,The headquarters of Greek Orthodox Metropolis of Boston is in,253,27411,False
cf_3115,latent,The headquarters of GasBuddy is in,253,14296,False
cf_3115,latent,The headquarters of Health Leads is in,253,4693,False
cf_3115,latent,The headquarter of Foley Hoag is located in,253,4693,False
cf_3115,latent,The headquarter of Health Effects Institute is located in,253,41813,False
cf_3115,latent,The headquarters of Foley Hoag is in,253,9693,False
cf_3115,latent,The headquarter of Fenway Health is located in,253,9693,False
cf_3115,latent,The headquarters of Gay & Lesbian Advocates & Defenders is in,5041,4693,False
cf_3115,latent,Gay & Lesbian Advocates & Defenders is based in,1457,22126,False
cf_18469,latent,Wanfried is located in,253,6176,False
cf_18469,latent,"Thuringia, in",253,6176,False
cf_18469,latent,"Thuringia, which is located in",253,6176,False
cf_18469,latent,"Uetersen, which is located in",253,20341,False
cf_18469,latent,Thuringia is located in the country of,6176,6176,True
cf_18469,latent,"Eschwege, in",253,6176,False
cf_18469,latent,Eschwege is located in the country of,253,6176,False
cf_18469,latent,"Lower Saxony, which is located in",253,6176,False
cf_18469,latent,Lower Saxony is located in the country of,32008,6176,False
cf_18469,latent,"Felsberg, in",253,22783,False
cf_18515,latent,Jeep Wagoneer (WS) is developed by,253,32714,False
cf_18515,latent,"Dodge Viper (VX I), created by",253,45323,False
cf_18515,latent,Chrysler Laser is developed by,253,46599,False
cf_18515,latent,"M8, produced by",253,34379,False
cf_18515,latent,Ram Pickup is developed by,253,49937,False
cf_18515,latent,Chrysler ETV-1 is created by,253,46599,False
cf_18515,latent,Chrysler Stratus is developed by,253,46599,False
cf_18515,latent,"Chrysler CA, developed by",253,46599,False
cf_18515,latent,"Jeep Gladiator, developed by",253,32714,False
cf_18515,latent,"M8, developed by",253,34379,False
cf_1867,latent,Windows 3.0 is developed by,9664,9664,True
cf_1867,latent,"Microsoft Office 2007, a product manufactured by",9664,9664,True
cf_1867,latent,"Microsoft Surface, a product manufactured by",9664,9664,True
cf_1867,latent,Microsoft Surface is created by,9664,9664,True
cf_1867,latent,Microsoft Office 2010 is a product of,9664,9664,True
cf_1867,latent,"JScript, created by",253,9664,False
cf_1867,latent,"Windows Embedded Compact, developed by",253,9664,False
cf_1867,latent,Windows 3.0 is created by,253,9664,False
cf_1867,latent,"Rich Text Format, a product of",253,9664,False
cf_1867,latent,Windows 3.0 was a product of,253,9664,False
cf_3186,latent,Satoko Fujii originates from,253,17413,False
cf_3186,latent,Matsunaga Teitoku is native to,253,17413,False
cf_3186,latent,Monday Michiru was native to,253,17413,False
cf_3186,latent,Jonathan Meese originated from,253,8068,False
cf_3186,latent,Taku Miki is originally from,4047,17413,False
cf_3186,latent,Satoko Fujii is native to,4047,17413,False
cf_3186,latent,Yūji Takahashi originates from,253,17413,False
cf_3186,latent,Teruyuki Kagawa originated from,253,17413,False
cf_3186,latent,Oji Hiroi was native to,4047,17413,False
cf_3186,latent,Seira Kagami was native to,253,17413,False
cf_5425,latent,Ankara is a twin city of,253,34992,False
cf_5425,latent,The twin city of Málaga is,253,24639,False
cf_5425,latent,The twin city of Yerevan is,253,41460,False
cf_5425,latent,What is the twin city of Florence? It is,247,28792,False
cf_5425,latent,What is the twin city of Cairo? It is,253,37068,False
cf_5425,latent,The twin city of Baghdad is,253,34992,False
cf_5425,latent,Baghdad is a twin city of,39759,34992,False
cf_5425,latent,What is the twin city of Budapest? It is,253,26229,False
cf_5425,latent,What is the twin city of Madrid? It is,253,24639,False
cf_5425,latent,What is the twin city of Toronto? It is,253,22126,False
cf_4621,latent,Otto Grautoff's life ended in,247,7785,False
cf_4621,latent,Berthe Morisot's life ended in,247,7785,False
cf_4621,latent,Jean-Baptiste Philibert Vaillant died in the city of,7785,7785,True
cf_4621,latent,Charles-Antoine Coypel died in the city of,418,7785,False
cf_4621,latent,Berthe Morisot died in,1283,7785,False
cf_4621,latent,Urbain Le Verrier's life ended in,247,7785,False
cf_4621,latent,Sergei Prokudin-Gorskii died at,253,16496,False
cf_4621,latent,Horace François Bastien Sébastiani de La Porta passed away at,253,7785,False
cf_4621,latent,Wanda von Sacher-Masoch died in,247,12911,False
cf_4621,latent,Otto Grautoff succumbed at,253,12300,False
cf_3911,latent,Rodney Brooks has a citizenship from,253,6976,False
cf_3911,latent,Mark Webber is a citizen of,253,18908,False
cf_3911,latent,Errol Flynn holds a citizenship from,253,6976,False
cf_3911,latent,"Dymphna Cusack, who has a citizenship from",253,6144,False
cf_3911,latent,"Harry Seidler, who holds a citizenship from",253,6144,False
cf_3911,latent,"Ashleigh Barty, who is a citizen of",253,6976,False
cf_3911,latent,"Prince Henry, Duke of Gloucester holds a citizenship from",253,5854,False
cf_3911,latent,"John Brack, who holds a citizenship from",253,6144,False
cf_3911,latent,"Sam Worthington, who holds a citizenship from",253,6976,False
cf_3911,latent,"Errol Flynn, who is a citizen of",253,6976,False
cf_1628,latent,Where is Heatherley School of Fine Art? It is located in,253,11988,False
cf_1628,latent,Royal Historical Society can be found in,253,4693,False
cf_1628,latent,Where is athletics at the 1948 Summer Olympics – women's 100 metres? It is located in,253,27411,False
cf_1628,latent,Where is athletics at the 1948 Summer Olympics – men's 800 metres? It is located in,253,27411,False
cf_1628,latent,athletics at the 1948 Summer Olympics – women's 100 metres is located in,253,27411,False
cf_1628,latent,athletics at the 1948 Summer Olympics – men's 100 metres is located in,253,27411,False
cf_1628,latent,athletics at the 1948 Summer Olympics – men's decathlon can be found in,253,11916,False
cf_1628,latent,athletics at the 1948 Summer Olympics – men's decathlon is in,253,14648,False
cf_1628,latent,Where is athletics at the 1948 Summer Olympics – men's 400 metres hurdles? It is located in,253,27411,False
cf_1628,latent,The location of athletics at the 1948 Summer Olympics – women's 100 metres is,4441,36546,False
cf_14039,latent,Morocco is located in the continent,273,7531,False
cf_14039,latent,Angola belongs to the continent of,7531,7531,True
cf_14039,latent,Cameroon is in,253,7531,False
cf_14039,latent,Uganda belongs to the continent of,7531,7531,True
cf_14039,latent,Kenya is located in,253,7531,False
cf_14039,latent,Angola is located in,253,7531,False
cf_14039,latent,Tanzania is located in,253,7531,False
cf_14039,latent,Zambia belongs to the continent of,7531,7531,True
cf_14039,latent,"Angola, in",253,7531,False
cf_14039,latent,Algeria is located in,253,7531,False
cf_7661,latent,Salamieh District 00963's capital is,253,8068,False
cf_7661,latent,"Arab Kingdom of Syria's capital,",47419,47419,True
cf_7661,latent,"State of Syria, which has the capital city",273,47419,False
cf_7661,latent,"Syrian Federation's capital city,",47419,47419,True
cf_7661,latent,"State of Syria's capital city,",47419,47419,True
cf_7661,latent,The capital of Damascus Governorate is,4441,47419,False
cf_7661,latent,The capital city of Damascus Eyalet is,253,47419,False
cf_7661,latent,Umayyad Caliphate's capital is,253,37068,False
cf_7661,latent,"State of Damascus's capital city,",47419,47419,True
cf_7661,latent,French Mandate for Syria and the Lebanon's capital city is,253,47419,False
cf_4498,latent,The language of Rob-B-Hood was,417,4383,False
cf_4498,latent,The language of The Banquet was,247,5112,False
cf_4498,latent,The original language of The Number 23 was,346,4383,False
cf_4498,latent,The original language of China Heavyweight is,346,5628,False
cf_4498,latent,The language of Epoch is,247,11308,False
cf_4498,latent,The original language of In the Beginning There Was Light was,3542,4383,False
cf_4498,latent,The language of Assembly was,13799,4383,False
cf_4498,latent,The original language of The Thieves is,247,4383,False
cf_4498,latent,The language of The Domino Effect is,247,9890,False
cf_4498,latent,The language of Chinese Puzzle was,908,5628,False
cf_13907,latent,"In Tarazona, the language spoken is",247,9883,False
cf_13907,latent,"In Zabalza/Zabaltza, an official language is",13452,9883,False
cf_13907,latent,The official language of Alcalá la Real is,9883,9883,True
cf_13907,latent,"In Coca, they understand",326,4383,False
cf_13907,latent,The official language of Grañén is,9883,9883,True
cf_13907,latent,The official language of Aracena is,9883,9883,True
cf_13907,latent,"In Estella-Lizarra, an official language is",247,9883,False
cf_13907,latent,"In Ansoáin/Antsoain, an official language is",13452,5112,False
cf_13907,latent,"In Tarazona, an official language is",13452,9883,False
cf_13907,latent,"In Baztan, they understand",326,4383,False
cf_745,latent,"Paul III, who has the position of",253,39166,False
cf_745,latent,"Gregory VII, who holds the position of",4222,39166,False
cf_745,latent,Boniface VIII holds the title of,13936,39166,False
cf_745,latent,"Adrian IV, whose position is that of",247,26390,False
cf_745,latent,"Gregory X, whose position is that of",247,29417,False
cf_745,latent,Clement XIII's position is,326,29417,False
cf_745,latent,"Gregory X, who has the position of",253,29417,False
cf_745,latent,Benedict XIII's position is,326,29417,False
cf_745,latent,Innocent XII holds the position of,253,39166,False
cf_745,latent,Boniface VIII is a,1077,39166,False
cf_7360,latent,Animal Crossing: New Leaf was written in,253,6692,False
cf_7360,latent,The language of RT is,417,4383,False
cf_7360,latent,Maastricht Treaty was written in,253,3060,False
cf_7360,latent,La que se avecina was written in,253,9883,False
cf_7360,latent,The language of Radio France Internationale was,417,5112,False
cf_7360,latent,Grand Theft Auto IV is written in,253,9667,False
cf_7360,latent,The language of Quora is,417,4383,False
cf_7360,latent,Android is written in,330,8595,False
cf_7360,latent,LibreOffice is written in,330,5112,False
cf_7360,latent,The language of Andrés is,247,9883,False
cf_13873,latent,Salem's Lot debuted on,253,22303,False
cf_13873,latent,Salem's Lot was originally aired on,253,22303,False
cf_13873,latent,Without a Trace was originally aired on,253,22303,False
cf_13873,latent,CBS News was originally aired on,21946,21946,True
cf_13873,latent,"Scooby-Doo, Where Are You! was released on",3978,12746,False
cf_13873,latent,Golden Boy was released on,253,41069,False
cf_13873,latent,The Little Mermaid was released on,17509,17509,True
cf_13873,latent,Candles on Bay Street debuted on,253,22303,False
cf_13873,latent,Golden Boy premiered on,27199,41069,False
cf_13873,latent,Mr. Terrific was released on,253,21946,False
cf_13877,latent,Algerian Football Federation is a member of,253,38075,False
cf_13877,latent,Football Association of Zambia is affiliated with,253,38075,False
cf_13877,latent,Football Association of Serbia is a member of,253,38075,False
cf_13877,latent,National Autonomous Federation of Football of Honduras is a part of the,44509,38075,False
cf_13877,latent,Football Association of Zambia is affiliated with the,1503,38075,False
cf_13877,latent,Bolivian Football Federation is affiliated with the,15794,38075,False
cf_13877,latent,Venezuelan Football Federation belongs to the organization of,253,38075,False
cf_13877,latent,Venezuelan Football Federation is affiliated with the,22283,38075,False
cf_13877,latent,Football Association of Serbia is affiliated with,253,38075,False
cf_13877,latent,Turkish Football Federation belongs to the organization of,253,38075,False
cf_13481,latent,"The Profession of Arms, from",253,6181,False
cf_13481,latent,Scent of a Woman was created in the country of,253,6976,False
cf_13481,latent,Last Days of Mussolini was developed in,253,9972,False
cf_13481,latent,Grace of Monaco was from,253,6181,False
cf_13481,latent,"Agi Murad, il diavolo bianco was developed in",253,14307,False
cf_13481,latent,Thieves and Robbers originated in,253,4693,False
cf_13481,latent,"Thieves and Robbers, formulated in",253,5854,False
cf_13481,latent,"Agi Murad, il diavolo bianco, formulated in",253,26503,False
cf_13481,latent,"Agi Murad, il diavolo bianco was created in the country of",253,9972,False
cf_13481,latent,"The Profession of Arms, created in",253,6181,False
cf_17980,latent,Andrea Pirlo is a professional,5842,20391,False
cf_17980,latent,George Best is a professional,8406,19971,False
cf_17980,latent,Landon Donovan is a professional,20391,20391,True
cf_17980,latent,Steven Gerrard plays,323,20391,False
cf_17980,latent,What sport does Lothar Matthäus play? They play,5842,20391,False
cf_17980,latent,Tim Howard plays,253,24455,False
cf_17980,latent,Steven Gerrard is a professional,31926,20391,False
cf_17980,latent,"Freddy Adu, the",3438,24455,False
cf_17980,latent,What sport does Tim Howard play? They play,5842,20391,False
cf_17980,latent,Walter Zenga is a professional,8406,20391,False
cf_12664,latent,"The Orb, that was formed in",253,4693,False
cf_12664,latent,"The KLF, founded in",253,11988,False
cf_12664,latent,British Overseas Airways Corporation formed in,253,4693,False
cf_12664,latent,"The Saturdays, founded in",253,4693,False
cf_12664,latent,Madness was formed in,253,4693,False
cf_12664,latent,Public Image Ltd. was created in,253,4693,False
cf_12664,latent,The KLF started in,253,7758,False
cf_12664,latent,British Overseas Airways Corporation started in,253,4693,False
cf_12664,latent,Klaxons started in,253,4693,False
cf_12664,latent,Beady Eye was started in,253,4693,False
cf_10849,latent,Tom Brake found employment in,253,4693,False
cf_10849,latent,James Brokenshire took up work in,253,4693,False
cf_10849,latent,Peter Bottomley worked in the city of,4693,4693,True
cf_10849,latent,John Whittingdale found employment in,253,15420,False
cf_10849,latent,George Clarkson Stanfield worked in,253,4693,False
cf_10849,latent,Tom Watson found employment in,253,4693,False
cf_10849,latent,Crispin Blunt took up work in,253,4693,False
cf_10849,latent,Malcolm Wicks was employed in,253,4693,False
cf_10849,latent,Ben Wallace found employment in,253,4693,False
cf_10849,latent,Roberta Blackman-Woods was employed in,253,4693,False
cf_7537,latent,"Maurice Genevoix, speaker of",253,5112,False
cf_7537,latent,Jacques Chaban-Delmas is a native speaker of,5112,5112,True
cf_7537,latent,Jean-Luc Picard spoke the language,273,5112,False
cf_7537,latent,The native language of Octave Mirbeau is,5112,5112,True
cf_7537,latent,"François Bayrou, a native",273,5112,False
cf_7537,latent,The mother tongue of Jacques Chaban-Delmas is,253,5112,False
cf_7537,latent,Jean Gabin is a native speaker of,5112,5112,True
cf_7537,latent,"Léon Blum, speaker of",253,5112,False
cf_7537,latent,François Bayrou is a native speaker of,5112,5112,True
cf_7537,latent,"Octave Mirbeau, a native",273,5112,False
cf_7739,latent,"Ken Lobb, who is employed by",253,9664,False
cf_7739,latent,"Christopher M. Bishop, who works for",253,9664,False
cf_7739,latent,Greg Stein is employed by,253,5559,False
cf_7739,latent,"Chris Hecker, who works for",253,21946,False
cf_7739,latent,Jon Udell works for,253,9664,False
cf_7739,latent,Greg Stein works for,253,9664,False
cf_7739,latent,"Mike Pondsmith, who is employed by",253,9664,False
cf_7739,latent,"Christopher M. Bishop, of",253,11988,False
cf_7739,latent,Erik Meijer works for,253,21314,False
cf_7739,latent,"Erik Meijer, who works for",253,21314,False
cf_16237,latent,PD – Berater der öffentlichen Hand owner,13,24342,False
cf_16237,latent,Stadion am Bornheimer Hang's owner,13,42471,False
cf_16237,latent,"Mainova, by",253,17885,False
cf_16237,latent,Dominican Monastery's owner,13,29417,False
cf_16237,latent,"Rhein-Main-Verkehrsverbund, by",253,6176,False
cf_16237,latent,"PD – Berater der öffentlichen Hand, from",253,6176,False
cf_16237,latent,"Waldstadion, by",253,32000,False
cf_16237,latent,Palais Thurn und Taxis's owner,13,33399,False
cf_16237,latent,"Palais Thurn und Taxis, by",253,33399,False
cf_16237,latent,PD – Berater der öffentlichen Hand is owned by,253,12911,False
cf_3908,latent,"Christoph Nichelmann, the",3438,25375,False
cf_3908,latent,Leopold von Meyer plays,247,18542,False
cf_3908,latent,"Leopold von Meyer, the",5685,25375,False
cf_3908,latent,"Richard Fall, the",3438,24455,False
cf_3908,latent,"Erwin Schulhoff, playing the",2554,18542,False
cf_3908,latent,Anton Rubinstein plays the instrument,15,18542,False
cf_3908,latent,"Ingrid Haebler, playing the",2554,12609,False
cf_3908,latent,Joseph Fischhof plays the instrument,13,12609,False
cf_3908,latent,"Peter Igelhoff, playing the",2554,18542,False
cf_3908,latent,"Götz Alsmann, performing on the",1072,18542,False
cf_6979,latent,Boone County is located in,253,7758,False
cf_6979,latent,Appalachian Mountains is within,253,14614,False
cf_6979,latent,Green County can be found in,253,6144,False
cf_6979,latent,Clinton County is within,253,15812,False
cf_6979,latent,"Mason County, in",253,10128,False
cf_6979,latent,Cumberland County is within,253,15812,False
cf_6979,latent,Mason County is located in,253,16301,False
cf_6979,latent,"Boone County, in",253,7758,False
cf_6979,latent,Clark County can be found in,253,5002,False
cf_6979,latent,Appalachian Mountains can be found in,253,18370,False
cf_7611,latent,"Solomon's knot, which was named after",779,31049,False
cf_7611,latent,Acts of Solomon was named after,253,7670,False
cf_7611,latent,salomon was called after,779,6181,False
cf_7611,latent,Solomon's knot is called after,779,31049,False
cf_7611,latent,Solomon's knot is named after,779,31049,False
cf_7611,latent,"Order of Solomon, named for",253,31049,False
cf_7611,latent,Psalms of Solomon was named for,253,31049,False
cf_7611,latent,Order of Solomon is named after,253,31049,False
cf_7611,latent,Judgment of Solomon was named after,253,31049,False
cf_7611,latent,"Acts of Solomon, which is named for",253,31049,False
cf_15244,latent,Gila Lustiger is follower of,253,20242,False
cf_15244,latent,Heinrich Auspitz is follower of,253,20242,False
cf_15244,latent,Michel Friedman follows the religion of,253,8033,False
cf_15244,latent,Ferdinand Gumbert follows the religion of,253,8033,False
cf_15244,latent,The official religion of Moritz Gottlieb Saphir is,253,20242,False
cf_15244,latent,Michel Friedman is follower of,253,35702,False
cf_15244,latent,Emanuel Löwy follows the religion of,253,43506,False
cf_15244,latent,The official religion of Franz Skutsch is,253,8033,False
cf_15244,latent,The official religion of Nachman Krochmal is,253,43506,False
cf_15244,latent,The official religion of Emil Bessels is,253,20242,False
cf_8337,latent,Thiago Alcântara writes in,521,26467,False
cf_8337,latent,Juan Carlos Onetti speaks,281,9883,False
cf_8337,latent,Alberto Lleras Camargo writes in,521,9883,False
cf_8337,latent,Mario Benedetti speaks the language,273,9890,False
cf_8337,latent,The language used by Joan Saura Laporta is,247,9883,False
cf_8337,latent,The language used by Carles Puyol is,247,9883,False
cf_8337,latent,The language used by Grey Griffin is,417,4383,False
cf_8337,latent,The language used by Roger Taylor is,417,4383,False
cf_8337,latent,Bernard Madoff writes in,521,7785,False
cf_8337,latent,Josep Puig i Cadafalch speaks the language,273,9883,False
cf_14381,latent,China Mobile is headquartered in,16861,16861,True
cf_14381,latent,Chinese Academy of Sciences's headquarters are in,18496,18496,True
cf_14381,latent,The headquarters of Air China is in,18496,18496,True
cf_14381,latent,The headquarter of Industrial and Commercial Bank of China is located in,18496,18496,True
cf_14381,latent,The headquarter of Shanghai Cooperation Organisation is in,253,18496,False
cf_14381,latent,"Central Committee of the Communist Party of China, whose headquarters are in",18496,18496,True
cf_14381,latent,The headquarters of Baidu is in,18496,18496,True
cf_14381,latent,"China National Petroleum Corporation, whose headquarters are in",14296,45053,False
cf_14381,latent,Chinese Academy of Sciences is headquartered in,18496,18496,True
cf_14381,latent,The headquarters of Central Committee of the Communist Party of China is in,18496,18496,True
cf_98,latent,"LNH player ID, in",253,38075,False
cf_98,latent,LFH player ID is located in the country of,6510,6976,False
cf_98,latent,"FINESS ID, located in",253,4693,False
cf_98,latent,"Theses.fr person ID, located in",253,6181,False
cf_98,latent,Images d'Art artwork ID is located in the country of,6510,6181,False
cf_98,latent,Musée d'Orsay artwork ID is located in the country of,6181,6181,True
cf_98,latent,LesBiographies.com ID is located in,253,16335,False
cf_98,latent,FFF male player ID (former scheme) is located in,253,4693,False
cf_98,latent,Académie française member ID is located in the country of,6181,6181,True
cf_98,latent,"Theses.fr person ID, which is located in",253,7785,False
cf_11710,latent,"Ferrari 288 GTO, created by",44152,44152,True
cf_11710,latent,Ferrari F399 is developed by,44152,44152,True
cf_11710,latent,"Ferrari F430, produced by",253,44152,False
cf_11710,latent,Enzo Ferrari is developed by,253,44152,False
cf_11710,latent,Ferrari 250 GTO is produced by,253,44152,False
cf_11710,latent,Ferrari F2003-GA is produced by,253,44152,False
cf_11710,latent,Ferrari F50 is developed by,253,44152,False
cf_11710,latent,Ferrari 250 GTO is developed by,44152,44152,True
cf_11710,latent,"Enzo Ferrari, developed by",253,44152,False
cf_11710,latent,Ferrari F310 is created by,253,44152,False
cf_4464,latent,"AppleSingle and AppleDouble formats, a product manufactured by",8217,8217,True
cf_4464,latent,"AppleSingle and AppleDouble formats, a product created by",8217,8217,True
cf_4464,latent,"Datafork TrueType, a product created by",253,9664,False
cf_4464,latent,Podcast Capture is developed by,253,5559,False
cf_4464,latent,Apple Thunderbolt Display was developed by,17545,8217,False
cf_4464,latent,Apple Pro Mouse is created by,253,8217,False
cf_4464,latent,Server Monitor was a product of,253,21314,False
cf_4464,latent,Apple iAd Producer was developed by,253,8217,False
cf_4464,latent,"Server Monitor, a product manufactured by",253,9664,False
cf_4464,latent,"QuickTime Animation, a product created by",253,8217,False
cf_14204,latent,Tetsurō Oda is native to,253,17413,False
cf_14204,latent,Oji Hiroi was born in,17413,17413,True
cf_14204,latent,Sho Kosugi was native to,253,17413,False
cf_14204,latent,Helen Waddell was native to,253,21818,False
cf_14204,latent,Satoko Fujii originated from,253,17413,False
cf_14204,latent,Matsunaga Teitoku originates from,253,4047,False
cf_14204,latent,Masayuki Takayanagi originates from,253,17413,False
cf_14204,latent,Oji Hiroi originated from,253,17413,False
cf_14204,latent,Hanayo is originally from,253,43949,False
cf_14204,latent,Matsunaga Teitoku is originally from,253,17413,False
cf_13343,latent,The twin city of New York City is,253,8068,False
cf_13343,latent,New York City is a twin city of,1457,4693,False
cf_13343,latent,What is the twin city of Houston? It is,253,14296,False
cf_13343,latent,The twin city of Algiers is,253,37068,False
cf_13343,latent,What is the twin city of Beijing? It is,253,23494,False
cf_13343,latent,The twin city of Damascus is,253,41460,False
cf_13343,latent,Houston is a twin city of,253,4693,False
cf_13343,latent,The twin city of Grenoble is,247,7785,False
cf_13343,latent,Stuttgart is a twin city of,253,32000,False
cf_13343,latent,Buenos Aires is a twin city of,46287,46287,True
cf_8654,latent,Ahmad ibn Arabshah passed away in,253,37068,False
cf_8654,latent,Ibn Hajar al-Asqalani succumbed at,253,39759,False
cf_8654,latent,Nour El-Sherif died at,253,37068,False
cf_8654,latent,Al-Hakim bi-Amr Allah passed away in,253,47419,False
cf_8654,latent,Ibn Hajar al-Asqalani passed away in,253,39759,False
cf_8654,latent,"Anne Blunt, 15th Baroness Wentworth died in",1283,4693,False
cf_8654,latent,Bernard Lyot's life ended in,247,7785,False
cf_8654,latent,Edwar al-Kharrat passed away at,253,39759,False
cf_8654,latent,Ahmad ibn Arabshah died in,253,37068,False
cf_8654,latent,Ahmad ibn Muhammad ibn Kathīr al-Farghānī's life ended in,247,39759,False
cf_892,latent,Kate del Castillo has a citizenship from,253,8987,False
cf_892,latent,"Ángel Zárraga, who holds a citizenship from",253,23881,False
cf_892,latent,"Laurette Séjourné, who has a citizenship from",253,6181,False
cf_892,latent,Ángeles Mastretta is a citizen of,253,10869,False
cf_892,latent,"Inés Efron, who holds a citizenship from",253,6181,False
cf_892,latent,"Kate del Castillo, who is a citizen of",253,8987,False
cf_892,latent,"Ángel Pleititos Reyna, a citizen of",253,23881,False
cf_892,latent,Dr. Atl holds a citizenship from,253,6144,False
cf_892,latent,"Antonio Carbajal, who is a citizen of",253,8987,False
cf_892,latent,"Ángeles Mastretta, who has a citizenship from",253,23881,False
cf_2887,latent,'Amran Governorate can be found in,253,12728,False
cf_2887,latent,Where is Ad Dali' Governorate? It is located in,253,5427,False
cf_2887,latent,The location of Al Mahrah Governorate is,4441,48771,False
cf_2887,latent,Shabwah Governorate is in,253,16158,False
cf_2887,latent,Hadhramaut Governorate can be found in,253,16111,False
cf_2887,latent,Ad Dali' Governorate is located in,253,23340,False
cf_2887,latent,Al Mahwit Governorate is located in,253,5427,False
cf_2887,latent,Al Mahwit Governorate can be found in,253,5427,False
cf_2887,latent,Sana'a Governorate is in,253,27412,False
cf_2887,latent,Sanaa can be found in,253,34992,False
cf_10120,latent,"Pakistan, in",253,10497,False
cf_10120,latent,"Taiwan, in",253,10497,False
cf_10120,latent,Indonesia belongs to the continent of,10497,10497,True
cf_10120,latent,Thailand is in,253,10497,False
cf_10120,latent,Vietnam is located in the continent,273,10497,False
cf_10120,latent,Georgia is a part of the continent of,7531,7531,True
cf_10120,latent,"North Korea, in",253,10497,False
cf_10120,latent,Israel is in,253,3060,False
cf_10120,latent,Japan belongs to the continent of,7531,10497,False
cf_10120,latent,Taiwan is in,253,10497,False
cf_2418,latent,"Pest County's capital,",285,25380,False
cf_2418,latent,The capital city of Government of National Unity is,4441,40431,False
cf_2418,latent,"Budakörnyék District, which has the capital",273,26229,False
cf_2418,latent,"Military Ordinariate of Hungary's capital city,",50086,50086,True
cf_2418,latent,Military Ordinariate of Hungary's capital is,253,50086,False
cf_2418,latent,Pest-Pilis-Solt-Kiskun County's capital city is,253,8068,False
cf_2418,latent,Republic of Hungary's capital is,253,50086,False
cf_2418,latent,The capital city of People's Republic of Hungary is,4441,50086,False
cf_2418,latent,"Roman Catholic Archdiocese of Esztergom-Budapest, which has the capital",387,50086,False
cf_2418,latent,"People's Republic of Hungary, which has the capital city",273,50086,False
cf_13065,latent,The language of Comrade was,1077,7247,False
cf_13065,latent,The original language of Love Inventory was,3542,4383,False
cf_13065,latent,The original language of Looking for Moshe Guez is,27,25260,False
cf_13065,latent,The language of Joseph the Dreamer was,247,25260,False
cf_13065,latent,The original language of She's Got It was,3542,4383,False
cf_13065,latent,The language of No Exit was,247,4383,False
cf_13065,latent,The language of Foul Gesture is,247,5112,False
cf_13065,latent,The language of Franco & Spector is,417,9883,False
cf_13065,latent,The original language of Janem Janem is,247,13986,False
cf_13065,latent,The language of Janem Janem was,247,13986,False
cf_9626,latent,"In Elda, an official language is",247,4383,False
cf_9626,latent,The law in Elda declares the language,273,25260,False
cf_9626,latent,"In Odieta, they understand",326,5112,False
cf_9626,latent,"In Alcalá la Real, the language spoken is",253,9883,False
cf_9626,latent,The law in Cuenca Canton declares the language,273,9883,False
cf_9626,latent,"In Cuenca Canton, an official language is",13452,9883,False
cf_9626,latent,The official language of Albatera is,9883,9890,False
cf_9626,latent,The official language of Esteribar is,253,26467,False
cf_9626,latent,"In Grañén, an official language is",247,9883,False
cf_9626,latent,"In Alcalá la Real, an official language is",13452,9883,False
cf_14368,latent,Clement XII is a,1077,39166,False
cf_14368,latent,"Adrian IV, who holds the position of",253,39166,False
cf_14368,latent,Gregory XV holds the position of,253,39166,False
cf_14368,latent,"Nicholas V, who has the position of",253,29417,False
cf_14368,latent,"Gregory X, who has the position of",253,29417,False
cf_14368,latent,Honorius III is a,1077,29417,False
cf_14368,latent,Sixtus V is a,3438,29417,False
cf_14368,latent,"Callixtus III, who has the position of",253,29417,False
cf_14368,latent,Clement XII's position is,326,29417,False
cf_14368,latent,Sixtus V's position is,326,29417,False
cf_709,latent,The language of Radio France Internationale was,417,5112,False
cf_709,latent,The language of LibreOffice was,417,5112,False
cf_709,latent,The language of Grand Theft Auto V is,247,4383,False
cf_709,latent,iOS was written in,330,16872,False
cf_709,latent,The language of The Hound of the Baskervilles is,247,4383,False
cf_709,latent,RT is written in,253,4383,False
cf_709,latent,Android was written in,330,8595,False
cf_709,latent,La que se avecina was written in,253,9883,False
cf_709,latent,The language of The Pirate Bay was,417,4383,False
cf_709,latent,The Hound of the Baskervilles is written in,253,22024,False
cf_4574,latent,Miami Vice premieres on,253,22303,False
cf_4574,latent,Medium premieres on,253,41069,False
cf_4574,latent,The New Normal is to debut on,253,22303,False
cf_4574,latent,The New Normal was released on,4437,21946,False
cf_4574,latent,The Count of Monte Cristo premieres on,41069,41069,True
cf_4574,latent,The Count of Monte Cristo was released on,17509,7785,False
cf_4574,latent,Miami Vice debuted on,253,49244,False
cf_4574,latent,Patterns of Force was released on,253,17509,False
cf_4574,latent,The City on the Edge of Forever premiered on,27199,41069,False
cf_4574,latent,Freaks and Geeks premiered on,27199,21946,False
cf_12783,latent,Latvia is affiliated with the,5284,24952,False
cf_12783,latent,France belongs to the organization of,253,38075,False
cf_12783,latent,Denmark is a member of,253,24952,False
cf_12783,latent,Belgium is a part of the,5284,24952,False
cf_12783,latent,Belgium is a member of,253,24952,False
cf_12783,latent,Denmark is affiliated with the,5284,24952,False
cf_12783,latent,Hungary is affiliated with,253,24952,False
cf_12783,latent,Czech Republic is a member of,253,24952,False
cf_12783,latent,Spain is a member of,253,24952,False
cf_12783,latent,Netherlands belongs to the organization of,253,38075,False
cf_15691,latent,The Criminal Life of Archibaldo de la Cruz was formulated in,253,24084,False
cf_15691,latent,Rossana was developed in,253,10869,False
cf_15691,latent,"Matando Cabos, that originated in",253,10869,False
cf_15691,latent,"The Orphanage, that originated in",253,4693,False
cf_15691,latent,Viridiana was from,253,6181,False
cf_15691,latent,"Strawberry and Chocolate, that was created in",253,6181,False
cf_15691,latent,Viridiana was created in,253,9972,False
cf_15691,latent,The Criminal Life of Archibaldo de la Cruz was created in,253,24084,False
cf_15691,latent,"Cuca, that was from",253,6181,False
cf_15691,latent,Rubí originated in,253,8987,False
cf_5473,latent,What sport does Terry Crews play? They play,5842,20391,False
cf_5473,latent,"Carl Weathers, the",3438,14623,False
cf_5473,latent,George Plimpton professionally plays the sport,273,14623,False
cf_5473,latent,Bill Goldberg plays,253,24455,False
cf_5473,latent,What sport does O. J. Simpson play? They play,5842,20391,False
cf_5473,latent,O. J. Simpson is a professional,27799,5842,False
cf_5473,latent,Pat Tillman is a professional,5842,5842,True
cf_5473,latent,Pat Tillman plays,247,5842,False
cf_5473,latent,"Byron White, the",3438,24455,False
cf_5473,latent,"O. J. Simpson, the",3438,14648,False
cf_5814,latent,Compagnie des chemins de fer Bône-Guelma was started in,1283,6181,False
cf_5814,latent,Carrefour de l'horloge formed in,253,7785,False
cf_5814,latent,Calmann-Lévy that was founded in,1283,7785,False
cf_5814,latent,Compagnie française pour l'exploitation des procédés Thomson Houston started in,253,14296,False
cf_5814,latent,Jean-Paul Gaultier was created in,253,6181,False
cf_5814,latent,"Jean-Paul Gaultier, that was formed in",253,7785,False
cf_5814,latent,International Association of Democratic Lawyers started in,253,4693,False
cf_5814,latent,"Patou, that originated in",253,6181,False
cf_5814,latent,"Carrefour de l'horloge, created in",253,7785,False
cf_5814,latent,Genepi was created in,253,22785,False
cf_18986,latent,Max Raabe found employment in,253,34992,False
cf_18986,latent,Günter de Bruyn found employment in,253,32000,False
cf_18986,latent,Henrik Steffens used to work in,253,43516,False
cf_18986,latent,Günter de Bruyn was employed in,253,12911,False
cf_18986,latent,Robert von Mohl found employment in,253,12911,False
cf_18986,latent,Willi Bredel took up work in,253,12911,False
cf_18986,latent,Hans F. K. Günther found employment in,253,12911,False
cf_18986,latent,Max Raabe worked in the city of,1457,34992,False
cf_18986,latent,Paul Löbe used to work in,253,12911,False
cf_18986,latent,Willi Bredel used to work in,253,12911,False
cf_3914,latent,"Georges Duhamel, a native",273,5112,False
cf_3914,latent,"Jean Auguste Dominique Ingres, speaker of",253,5112,False
cf_3914,latent,Robert Schuman spoke the language,273,5112,False
cf_3914,latent,The native language of Montesquieu is,5112,5112,True
cf_3914,latent,"Louis Antoine de Saint-Just, speaker of",253,5112,False
cf_3914,latent,Montesquieu is a native speaker of,5112,5112,True
cf_3914,latent,"Élisée Reclus, speaker of",253,5112,False
cf_3914,latent,"Michel Rocard, speaker of",253,5112,False
cf_3914,latent,The mother tongue of Jean Auguste Dominique Ingres is,253,5112,False
cf_3914,latent,Jean-Luc Picard is a native speaker of,5112,5112,True
cf_3709,latent,Christopher M. Bishop works for,253,21314,False
cf_3709,latent,Greg Stein is employed by,253,5559,False
cf_3709,latent,Mike Pondsmith is employed by,253,15501,False
cf_3709,latent,"John Langford, of",253,24455,False
cf_3709,latent,"Mike Pondsmith, of",253,27478,False
cf_3709,latent,Krzysztof Cwalina is employed by,253,9664,False
cf_3709,latent,Gary Kimura works for,253,9664,False
cf_3709,latent,Eric Horvitz is employed by,253,9664,False
cf_3709,latent,Darcy Burner works for,253,15501,False
cf_3709,latent,Kristin Lauter is employed by,253,15501,False
cf_12051,latent,Sony Mobile Communications is from,253,22645,False
cf_12051,latent,The Orchard's owner,13,310,False
cf_12051,latent,DVD's owner,13,22645,False
cf_12051,latent,TriStar Pictures's owner,13,16194,False
cf_12051,latent,"Sony Music Entertainment Japan, from",253,22645,False
cf_12051,latent,"Funimation, from",253,4047,False
cf_12051,latent,"Sony Pictures Classics, from",253,22645,False
cf_12051,latent,Digital Audio Tape's owner,13,22645,False
cf_12051,latent,"compact disc, from",534,22645,False
cf_12051,latent,Sony Pictures is owned by,22645,22645,True
cf_15787,latent,"Neil Young, the",3438,12609,False
cf_15787,latent,Prince plays the instrument,13,12609,False
cf_15787,latent,"Madonna, the",954,18542,False
cf_15787,latent,"Ringo Starr, the",3438,24455,False
cf_15787,latent,"Patti Smith, playing the",2554,18542,False
cf_15787,latent,John Lennon plays,253,18542,False
cf_15787,latent,Ringo Starr plays the,1421,18542,False
cf_15787,latent,"Patti Smith, the",2488,18542,False
cf_15787,latent,"Bruce Springsteen, performing on the",3924,18542,False
cf_15787,latent,"Jacques Brel, the",5112,25375,False
cf_3764,latent,Hoyts Bankstown is within,253,17361,False
cf_3764,latent,Hoyts Arncliffe is located in,253,5854,False
cf_3764,latent,Amusu Theatre is located in,253,10869,False
cf_3764,latent,Hoyts Civic Theatre is within,7824,7824,True
cf_3764,latent,Hoyts Bankstown is located in,253,17361,False
cf_3764,latent,United Cinemas Avalon can be found in,253,16335,False
cf_3764,latent,"Hoyts Arncliffe, in",253,34421,False
cf_3764,latent,Olympia De-Luxe Theatre is located in,253,4693,False
cf_3764,latent,"Hoyts Casula Drive-In, in",253,7758,False
cf_3764,latent,Reading Auburn is in,253,49433,False
cf_1184,latent,USS Cleveland is called after,253,19802,False
cf_1184,latent,"Cleveland Hopkins International Airport, called after",253,19802,False
cf_1184,latent,6296 Cleveland was called after,247,19802,False
cf_1184,latent,"USS Cleveland, which is called after",253,19802,False
cf_1184,latent,Cleveland Hopkins International Airport is called after,253,19802,False
cf_1184,latent,USS Cleveland was named after,253,19802,False
cf_1184,latent,"USS Cleveland, called after",253,19802,False
cf_1184,latent,"Cleveland Shale, named after",253,19802,False
cf_1184,latent,"Cleveland Shale, which is named for",253,19802,False
cf_1184,latent,USS Cleveland was called after,253,19802,False
cf_15993,latent,Averroes is follower of,253,8033,False
cf_15993,latent,The official religion of Benazir Bhutto is,8033,8033,True
cf_15993,latent,saint follows the religion of,253,8033,False
cf_15993,latent,Hema Malini is affiliated with the religion,273,35702,False
cf_15993,latent,Hamid Karzai follows the religion of,8033,8033,True
cf_15993,latent,Averroes is affiliated with the religion,273,20242,False
cf_15993,latent,Alī ibn Abī Ṭālib is affiliated with the religion,273,8033,False
cf_15993,latent,Johann Ludwig Burckhardt is affiliated with the religion,273,20242,False
cf_15993,latent,Mos Def is follower of,253,8033,False
cf_15993,latent,The official religion of Q-Tip is,8033,20242,False
cf_1707,latent,Aon plc is headquartered in,4693,4693,True
cf_1707,latent,Corus's headquarters are in,253,4693,False
cf_1707,latent,The headquarter of Arup is located in,253,32111,False
cf_1707,latent,The headquarter of World ORT is located in,253,4693,False
cf_1707,latent,The headquarters of INEOS is in,253,7785,False
cf_1707,latent,The headquarter of INEOS is in,253,4693,False
cf_1707,latent,The headquarter of Aon plc is in,253,4693,False
cf_1707,latent,The headquarters of Courtauld Institute of Art is in,4693,4693,True
cf_1707,latent,The headquarter of Home Office is located in,253,4693,False
cf_1707,latent,Association of Chartered Certified Accountants is headquartered in,4693,4693,True
cf_6821,latent,"Konami, located in",253,4047,False
cf_6821,latent,"Mount Fuji, which is located in",253,4047,False
cf_6821,latent,"Kasuga, located in",253,4047,False
cf_6821,latent,"Kuki, located in",253,4047,False
cf_6821,latent,Kōbe is located in the country of,4047,4047,True
cf_6821,latent,Nakagawa is located in the country of,4047,4047,True
cf_6821,latent,"Gifu, located in",253,4047,False
cf_6821,latent,Kumagaya is located in,253,17413,False
cf_6821,latent,Mount Fuji is located in the country of,4047,4047,True
cf_6821,latent,"Mount Fuji, located in",253,4047,False
cf_18978,latent,"iPod Touch, created by",8217,8217,True
cf_18978,latent,"iPhone 11 Pro, developed by",23061,8217,False
cf_18978,latent,iPhone is a product of,253,8217,False
cf_18978,latent,iPhone XR is a product of,253,8217,False
cf_18978,latent,"iPhone 8, produced by",8217,8217,True
cf_18978,latent,iPhone XR is developed by,8217,8217,True
cf_18978,latent,iPhone 12 Pro is developed by,253,8217,False
cf_18978,latent,iPhone SE (2nd generation) is produced by,23061,23061,True
cf_18978,latent,"server, developed by",253,9664,False
cf_18978,latent,iPod Touch is a product of,253,8217,False
cf_13473,latent,IBM Office/36 is a product of,253,9664,False
cf_13473,latent,"IBM Rational AppScan, created by",253,21314,False
cf_13473,latent,"IBM Home Page Reader, a product of",253,8217,False
cf_13473,latent,"IBM TXSeries, developed by",253,21314,False
cf_13473,latent,IBM WebSphere Application Server Community Edition is created by,253,9664,False
cf_13473,latent,IBM WebSphere Application Server Community Edition was developed by,253,9664,False
cf_13473,latent,IBM Unica NetInsight was created by,253,21314,False
cf_13473,latent,IBM Unica NetInsight was developed by,253,21314,False
cf_13473,latent,"IBM Rational ClearQuest, a product of",253,21314,False
cf_13473,latent,IBM OfficeVision is created by,253,9664,False
cf_766,latent,Richard Johnson is native to,253,4693,False
cf_766,latent,Louise of Great Britain was born in,1722,7785,False
cf_766,latent,Alfonso de Portago was native to,253,24639,False
cf_766,latent,"Princess Louise, Duchess of Argyll was originally from",253,31127,False
cf_766,latent,William Huggins originated from,253,9693,False
cf_766,latent,William Hogarth originated from,253,4693,False
cf_766,latent,"Quintin Hogg, Baron Hailsham of St Marylebone was native to",253,4693,False
cf_766,latent,William Shockley was born in,4693,4693,True
cf_766,latent,"Princess Louise, Duchess of Argyll is originally from",253,31127,False
cf_766,latent,Richard Bentley originated from,253,4693,False
cf_7350,latent,The twin city of Helsinki is,253,38476,False
cf_7350,latent,The twin city of Naples is,253,28792,False
cf_7350,latent,What is the twin city of Helsinki? It is,253,38476,False
cf_7350,latent,The twin city of Madrid is,253,41460,False
cf_7350,latent,What is the twin city of City of Brussels? It is,247,7785,False
cf_7350,latent,The twin city of Shanghai is,253,34992,False
cf_7350,latent,What is the twin city of Buenos Aires? It is,253,46287,False
cf_7350,latent,Beijing is a twin city of,23494,23494,True
cf_7350,latent,Naples is a twin city of,253,16146,False
cf_7350,latent,Shanghai is a twin city of,23494,18496,False
cf_17446,latent,Jalal al-Din al-Suyuti expired at,253,41460,False
cf_17446,latent,Nour El-Sherif's life ended in,22820,16158,False
cf_17446,latent,Ahmed Shawqi died at,253,37068,False
cf_17446,latent,Jalal al-Din al-Suyuti died in the city of,1219,39759,False
cf_17446,latent,Ahmad al-Qalqashandi's life ended in,247,47419,False
cf_17446,latent,Ibn Taghribirdi expired at,253,37068,False
cf_17446,latent,Ibn Hajar al-Asqalani died in,247,39759,False
cf_17446,latent,"Robert Crewe-Milnes, 1st Marquess of Crewe expired at",253,4693,False
cf_17446,latent,Al-Hakim bi-Amr Allah succumbed at,253,47419,False
cf_17446,latent,Mohammed Abdel Wahab passed away in,247,37068,False
cf_16107,latent,"Atahualpa Yupanqui, who is a citizen of",253,8987,False
cf_16107,latent,"Carlos Pellegrini, who is a citizen of",253,10869,False
cf_16107,latent,Inés Efron holds a citizenship from,253,6181,False
cf_16107,latent,"Bernarda Fink, who is a citizen of",253,6181,False
cf_16107,latent,"José Evaristo Uriburu, a citizen of",253,23881,False
cf_16107,latent,Carlos Pellegrini has a citizenship from,253,23881,False
cf_16107,latent,Ariel Fernández is a citizen of,253,31003,False
cf_16107,latent,Darío Grandinetti is a citizen of,253,8987,False
cf_16107,latent,"Carlos Pellegrini, who has a citizenship from",253,23881,False
cf_16107,latent,"Elisa Carrió, who is a citizen of",253,23881,False
cf_15265,latent,Frankfurt Ostendstraße station is in,253,42471,False
cf_15265,latent,Where is Bockenheimer Warte? It is located in,253,26229,False
cf_15265,latent,Frankfurt Mühlberg station can be found in,253,42471,False
cf_15265,latent,Frankfurt West station can be found in,253,42471,False
cf_15265,latent,Dornbusch can be found in,253,26229,False
cf_15265,latent,Frankfurt Taunusanlage station is located in,253,6181,False
cf_15265,latent,The location of Bockenheimer Warte is,247,12911,False
cf_15265,latent,Dornbusch is located in,253,22785,False
cf_15265,latent,The location of Fechenheim is,247,12911,False
cf_15265,latent,Frankfurt West station is located in,253,42471,False
cf_16158,latent,Taiwan is in,253,10497,False
cf_16158,latent,South Korea is a part of the continent of,10497,10497,True
cf_16158,latent,"South Korea, in",253,10497,False
cf_16158,latent,Iran is located in the continent,273,10497,False
cf_16158,latent,People's Republic of China is located in the continent,273,10497,False
cf_16158,latent,North Korea is a part of the continent of,10497,10497,True
cf_16158,latent,Pakistan is located in the continent,273,10497,False
cf_16158,latent,Malaysia belongs to the continent of,10497,10497,True
cf_16158,latent,Egypt is a part of the continent of,7531,7531,True
cf_16158,latent,Nepal is located in,253,10497,False
cf_15458,latent,The capital of Habsburg Monarchy is,4441,26229,False
cf_15458,latent,"Kingdom of Hungary's capital city,",50086,50086,True
cf_15458,latent,"Federal State of Austria, which has the capital city",273,26229,False
cf_15458,latent,"Cisleithania's capital city,",330,13533,False
cf_15458,latent,Habsburg Monarchy's capital is,275,26229,False
cf_15458,latent,"Cisleithania's capital,",253,13533,False
cf_15458,latent,"Federal State of Austria's capital,",26229,26229,True
cf_15458,latent,Austria-Hungary's capital is,253,26229,False
cf_15458,latent,Austria-Hungary's capital city is,253,26229,False
cf_15458,latent,The capital city of Duchy of Austria is,4441,26229,False
cf_7373,latent,The official language of Trinidad and Tobago is,4383,4383,True
cf_7373,latent,"In Kenya, the language spoken is",253,4383,False
cf_7373,latent,"In Malta, the language spoken is",1925,4383,False
cf_7373,latent,"In Ghana, they understand",326,4383,False
cf_7373,latent,The law in South Africa declares the language,273,3684,False
cf_7373,latent,"In United Kingdom, the language spoken is",4383,4383,True
cf_7373,latent,The official language of Malta is,4383,4383,True
cf_7373,latent,"In United Kingdom, an official language is",4383,4383,True
cf_7373,latent,"In South Africa, they understand",326,4383,False
cf_7373,latent,"In Fiji, they understand",326,4383,False
cf_19544,latent,pytest was written in,13814,13814,True
cf_19544,latent,The language of PyScripter was,417,13814,False
cf_19544,latent,The language of pytesseract (python package) is,27,15548,False
cf_19544,latent,The language of Uncomplicated Firewall was,417,4383,False
cf_19544,latent,Uncomplicated Firewall is written in,247,14741,False
cf_19544,latent,pytesseract (python package) was written in,13814,13814,True
cf_19544,latent,pytesseract (python package) is written in,13814,15548,False
cf_19544,latent,The language of PyScripter is,417,13814,False
cf_19544,latent,pytest is written in,13814,13814,True
cf_19544,latent,The language of pytesseract (python package) was,4391,15548,False
cf_19498,latent,The Young and the Restless was released on,3919,21946,False
cf_19498,latent,The Beverly Hillbillies debuted on,15599,21946,False
cf_19498,latent,"Murder, She Wrote premieres on",25456,41069,False
cf_19498,latent,Mr. Terrific was released on,253,21946,False
cf_19498,latent,Mr. Merlin debuted on,253,21946,False
cf_19498,latent,Latin Grammy Awards was released on,4565,22303,False
cf_19498,latent,The Little Mermaid premiered on,27199,16590,False
cf_19498,latent,"Dink, the Little Dinosaur was released on",17509,17509,True
cf_19498,latent,Mr. Merlin premieres on,253,21946,False
cf_19498,latent,The Agency was originally aired on,253,22303,False
cf_10384,latent,Greece is affiliated with,253,24952,False
cf_10384,latent,Latvia is a part of the,5284,24952,False
cf_10384,latent,Netherlands is a part of the,5284,24952,False
cf_10384,latent,Norway belongs to the organization of,253,24952,False
cf_10384,latent,United States of America is affiliated with the,1986,24952,False
cf_10384,latent,United Kingdom is a part of the,5284,24952,False
cf_10384,latent,Bulgaria is a part of the,5284,24952,False
cf_10384,latent,Italy is a part of the,5284,24952,False
cf_10384,latent,Hungary is affiliated with,253,24952,False
cf_10384,latent,France belongs to the organization of,253,38075,False
cf_90,latent,Nayak was created in the country of,5427,5427,True
cf_90,latent,"Fanaa, created in",253,9972,False
cf_90,latent,"Joi Baba Felunath, that was developed in",253,5427,False
cf_90,latent,"Goopy Gyne Bagha Byne, developed in",253,5427,False
cf_90,latent,"Seemabaddha, from",253,5427,False
cf_90,latent,Gupt: The Hidden Truth was from,253,4047,False
cf_90,latent,"Alpha and Omega, that originated in",253,4693,False
cf_90,latent,Sarkar was created in the country of,5427,5427,True
cf_90,latent,Fanaa was developed in,253,9972,False
cf_90,latent,"Charulata, that originated in",253,10869,False
cf_13603,latent,Frank Lampard plays,323,20391,False
cf_13603,latent,What sport does Freddy Adu play? They play,5842,20391,False
cf_13603,latent,Freddy Adu is a professional,31926,20391,False
cf_13603,latent,What sport does Walter Zenga play? They play,5842,20391,False
cf_13603,latent,Wayne Rooney is a professional,31926,20391,False
cf_13603,latent,David Beckham plays,247,5842,False
cf_13603,latent,David Beckham is a professional,31926,20391,False
cf_13603,latent,Steven Gerrard plays,323,20391,False
cf_13603,latent,Javier Hernández plays,323,20391,False
cf_13603,latent,Frank Lampard professionally plays the sport,273,20391,False
cf_1835,latent,"American Legislative Exchange Council, created in",253,8068,False
cf_1835,latent,My Life with the Thrill Kill Kult originated in,253,17372,False
cf_1835,latent,Usurper formed in,253,4693,False
cf_1835,latent,"Veruca Salt, that was created in",253,10869,False
cf_1835,latent,"Camille and Kennerly Kitt, created in",253,6181,False
cf_1835,latent,Ace Hardware originated in,253,8068,False
cf_1835,latent,1000 Homo DJs that was founded in,253,4693,False
cf_1835,latent,Crucial Conflict was founded in,253,4693,False
cf_1835,latent,"Usurper, that was formed in",253,4693,False
cf_1835,latent,Pigface was founded in,253,4693,False
cf_4816,latent,Napoleon III worked in the city of,7785,7785,True
cf_4816,latent,Pablo Picasso worked in,253,7785,False
cf_4816,latent,Henri Matisse used to work in,253,7785,False
cf_4816,latent,Andy Warhol worked in the city of,1457,4693,False
cf_4816,latent,Frédéric Chopin worked in,253,7785,False
cf_4816,latent,Andy Warhol used to work in,247,7785,False
cf_4816,latent,Gustave Doré found employment in,253,7785,False
cf_4816,latent,Salvador Dalí took up work in,253,24639,False
cf_4816,latent,Claude Monet took up work in,253,7785,False
cf_4816,latent,Henri Matisse worked in the city of,7785,7785,True
cf_7715,latent,"Léon Blum, a native",273,5112,False
cf_7715,latent,"Jean-Luc Picard, a native",273,5112,False
cf_7715,latent,"Frédéric Bastiat, speaker of",253,5112,False
cf_7715,latent,The mother tongue of Robert Schuman is,253,5112,False
cf_7715,latent,Montesquieu spoke the language,273,5112,False
cf_7715,latent,François Bayrou spoke the language,273,5112,False
cf_7715,latent,The native language of Georges Duhamel is,5112,5112,True
cf_7715,latent,Robert Schuman spoke the language,273,5112,False
cf_7715,latent,Jean Auguste Dominique Ingres is a native speaker of,5112,5112,True
cf_7715,latent,The native language of Melchior de Vogüé is,253,5112,False
cf_7586,latent,"Stefan Kornelius, who works for",253,21314,False
cf_7586,latent,Bob Spiers works for,253,9664,False
cf_7586,latent,Jameela Jamil is employed by,253,5559,False
cf_7586,latent,Verity Lambert is employed by,253,15501,False
cf_7586,latent,"Chris Evans, of",253,15501,False
cf_7586,latent,"Richard Ryder, Baron Ryder of Wensum works for",253,15501,False
cf_7586,latent,"Andrea Barbato, who works for",253,5559,False
cf_7586,latent,Stefan Kornelius is employed by,253,5559,False
cf_7586,latent,Stefan Kornelius works for,253,21314,False
cf_7586,latent,"Bob Spiers, who is employed by",253,5559,False
cf_17613,latent,Microsoft Bing's owner,13,48600,False
cf_17613,latent,Outlook.com is owned by,9664,9664,True
cf_17613,latent,Yammer is from,253,6181,False
cf_17613,latent,ZeniMax Media is owned by,253,26862,False
cf_17613,latent,ZeniMax Media's owner,13,8217,False
cf_17613,latent,Digital Anvil's owner,13,21314,False
cf_17613,latent,"Skype, from",253,5559,False
cf_17613,latent,Mojang Studios owner,13,26862,False
cf_17613,latent,"Turn 10 Studios, from",253,5559,False
cf_17613,latent,"GitHub, from",253,5559,False
cf_15607,latent,"Thomas Zehetmair, the",3438,25375,False
cf_15607,latent,Friedrich Benda plays the,2554,18542,False
cf_15607,latent,Giacomo Casanova performs on the,3924,18542,False
cf_15607,latent,"Giacomo Casanova, playing the",2554,18542,False
cf_15607,latent,Arabella Steinbacher plays the,2554,18542,False
cf_15607,latent,"Erika Morini, performing on the",921,18542,False
cf_15607,latent,Friedrich Benda plays the instrument,13,18542,False
cf_15607,latent,Arabella Steinbacher performs on the,3924,18542,False
cf_15607,latent,Viktor Tretiakov performs on the,3924,18542,False
cf_15607,latent,Heinrich Panofka plays the,2554,18542,False
cf_992,latent,"Bang Khun Thian, in",253,48771,False
cf_992,latent,Bang Sue is in,253,16861,False
cf_992,latent,Ratchathewi is located in,253,6976,False
cf_992,latent,"Phasi Charoen, in",253,23174,False
cf_992,latent,Bang Rak is in,253,48771,False
cf_992,latent,Bangkok Yai can be found in,253,48771,False
cf_992,latent,"Khlong San, in",253,41984,False
cf_992,latent,Phasi Charoen is in,253,41984,False
cf_992,latent,Mahidol University is in,253,23174,False
cf_992,latent,"Bang Khen, in",253,23174,False
cf_13739,latent,Eve is called after,253,17363,False
cf_13739,latent,"eveite, named after",253,6181,False
cf_13739,latent,Eve is named for,253,17363,False
cf_13739,latent,"Nova Eva, which was named after",253,41577,False
cf_13739,latent,eveite was named for,253,6181,False
cf_13739,latent,"Eve, which is named after",253,17363,False
cf_13739,latent,"eveite, which was called after",253,27411,False
cf_13739,latent,eveite is named after,253,7785,False
cf_13739,latent,"Nova Eva, named after",253,41577,False
cf_13739,latent,"Eve, named after",253,17363,False
cf_12740,latent,The official religion of Bashar al-Assad is,8033,8033,True
cf_12740,latent,Yasser Arafat follows the religion of,253,8033,False
cf_12740,latent,Hamid Karzai follows the religion of,8033,8033,True
cf_12740,latent,saint follows the religion of,253,8033,False
cf_12740,latent,Usman ibn Affan is affiliated with the religion,273,8033,False
cf_12740,latent,Mehmed the Conqueror follows the religion of,253,8033,False
cf_12740,latent,Benazir Bhutto is follower of,253,8033,False
cf_12740,latent,The official religion of Johann Ludwig Burckhardt is,253,20242,False
cf_12740,latent,Benazir Bhutto follows the religion of,8033,8033,True
cf_12740,latent,Benazir Bhutto is affiliated with the religion,273,8033,False
cf_6748,latent,Royal Astronomical Society's headquarters are in,11988,11988,True
cf_6748,latent,MUBI is headquartered in,253,7785,False
cf_6748,latent,The headquarter of Kingfisher plc is located in,253,4693,False
cf_6748,latent,International Bar Association is headquartered in,1457,4693,False
cf_6748,latent,The headquarter of Courtauld Institute of Art is located in,253,4693,False
cf_6748,latent,The headquarter of Arup is in,253,32111,False
cf_6748,latent,"Taylor Wimpey, whose headquarters are in",253,4693,False
cf_6748,latent,Arup is based in,253,4693,False
cf_6748,latent,Marks & Spencer's headquarters are in,253,4693,False
cf_6748,latent,Warburg Institute's headquarters are in,253,12911,False
cf_2620,latent,"Perm Krai, in",253,46936,False
cf_2620,latent,Izhevsk is located in,253,7422,False
cf_2620,latent,"Stavropol Krai, in",253,7422,False
cf_2620,latent,"Yoshkar-Ola, in",253,25270,False
cf_2620,latent,"Chechen Republic, located in",253,7422,False
cf_2620,latent,"Orenburg Oblast, which is located in",253,7422,False
cf_2620,latent,"Orenburg Oblast, in",253,7422,False
cf_2620,latent,"Vladikavkaz, located in",253,46936,False
cf_2620,latent,"Stavropol Krai, located in",253,7422,False
cf_2620,latent,Kirov is located in the country of,12096,7422,False
cf_13767,latent,"BMW M60, produced by",253,33399,False
cf_13767,latent,BMW M62 is produced by,253,33399,False
cf_13767,latent,BMW M30 is created by,253,33399,False
cf_13767,latent,"BMW M62, created by",253,33399,False
cf_13767,latent,"BMW M54, created by",253,33399,False
cf_13767,latent,"BMW M52, developed by",253,33399,False
cf_13767,latent,"BMW M3 DTM, developed by",253,33399,False
cf_13767,latent,BMW N47 is created by,253,33399,False
cf_13767,latent,BMW M67 is developed by,253,33399,False
cf_13767,latent,"BMW M30, produced by",253,33399,False
cf_15214,latent,Windows Media Center was created by,9664,9664,True
cf_15214,latent,Windows 3.1 is created by,253,9664,False
cf_15214,latent,"Windows 98, a product created by",9664,9664,True
cf_15214,latent,"Microsoft Office 2010, a product developed by",9664,9664,True
cf_15214,latent,"JScript, a product manufactured by",253,9664,False
cf_15214,latent,"Microsoft Surface, a product created by",9664,9664,True
cf_15214,latent,Windows 2000 is created by,253,9664,False
cf_15214,latent,"Windows 9x, a product of",9664,9664,True
cf_15214,latent,Windows 2000 was developed by,253,9664,False
cf_15214,latent,Microsoft Silverlight is a product of,9664,9664,True
cf_1959,latent,Adrien Prévost de Longpérier was native to,253,7785,False
cf_1959,latent,Adrien Prévost de Longpérier originated from,253,7785,False
cf_1959,latent,Boniface de Castellane is originally from,253,7785,False
cf_1959,latent,Marie-Guillemine Benoist originated from,253,7785,False
cf_1959,latent,Henry E. Sigerist was born in,1457,8068,False
cf_1959,latent,Gabriel Bertrand was native to,253,7785,False
cf_1959,latent,Henry E. Sigerist was originally from,253,8068,False
cf_1959,latent,Alphonse Pyramus de Candolle was born in,7785,7785,True
cf_1959,latent,Charles Jacque was born in,253,7785,False
cf_1959,latent,Charles Jacque was native to,253,24604,False
cf_14965,latent,The twin city of Seoul is,253,48771,False
cf_14965,latent,What is the twin city of Vilnius? It is,253,40431,False
cf_14965,latent,What is the twin city of Bucharest? It is,253,7785,False
cf_14965,latent,What is the twin city of Yerevan? It is,253,16496,False
cf_14965,latent,Tokyo is a twin city of,17413,17413,True
cf_14965,latent,What is the twin city of Seoul? It is,253,48771,False
cf_14965,latent,The twin city of Buenos Aires is,253,46287,False
cf_14965,latent,The twin city of Athens is,253,41460,False
cf_14965,latent,What is the twin city of Kyiv? It is,253,16496,False
cf_14965,latent,The twin city of Riga is,253,38476,False
cf_15169,latent,Giovanni Papini passed away at,253,12300,False
cf_15169,latent,Giuseppe Bezzuoli died in,247,27741,False
cf_15169,latent,Pedro Américo passed away at,253,21924,False
cf_15169,latent,Alesso Baldovinetti passed away at,253,27741,False
cf_15169,latent,Giuseppe Bezzuoli succumbed at,253,12300,False
cf_15169,latent,Mino da Fiesole died at,253,27741,False
cf_15169,latent,Francesco Curradi died at,253,12300,False
cf_15169,latent,Violet Keppel Trefusis died in the city of,611,8068,False
cf_15169,latent,Ambrose Traversari's life ended in,247,4693,False
cf_15169,latent,Giovanni Papini lost their life at,253,12300,False
cf_1181,latent,"Jacob Steinhardt, who is a citizen of",253,10869,False
cf_1181,latent,"Zeruya Shalev, a citizen of",253,7422,False
cf_1181,latent,Zeruya Shalev is a citizen of,253,7422,False
cf_1181,latent,Dana International is a citizen of,253,6144,False
cf_1181,latent,Moshe Dayan has a citizenship from,253,5143,False
cf_1181,latent,Yuri Ahronovitch has a citizenship from,253,7422,False
cf_1181,latent,Dana International holds a citizenship from,253,20341,False
cf_1181,latent,"Zeev Sternhell, who is a citizen of",253,5143,False
cf_1181,latent,"David Rubinger, who is a citizen of",253,10869,False
cf_1181,latent,Zeev Sternhell has a citizenship from,253,5143,False
cf_14494,latent,Singapore Women's Hall of Fame can be found in,253,16861,False
cf_14494,latent,Singapore Women's Hall of Fame is in,253,16861,False
cf_14494,latent,Ajax Shoal can be found in,253,7758,False
cf_14494,latent,The location of Ajax Shoal is,247,20904,False
cf_14494,latent,"Embassy of Poland, Singapore is located in",253,40431,False
cf_14494,latent,National Research Foundation is located in,253,6144,False
cf_14494,latent,Asia Oceania Geosciences Society can be found in,253,42337,False
cf_14494,latent,Singapore Stem Cell Consortium is located in,16861,16861,True
cf_14494,latent,Tuas Bay is located in,253,6181,False
cf_14494,latent,Alang Perimbi is in,253,23340,False
cf_9411,latent,"Thailand, in",253,10497,False
cf_9411,latent,"People's Republic of China, in",253,10497,False
cf_9411,latent,Nepal is located in the continent,273,10497,False
cf_9411,latent,Malaysia is located in the continent,273,23799,False
cf_9411,latent,Vietnam is in,253,10497,False
cf_9411,latent,Georgia is located in the continent,273,7531,False
cf_9411,latent,Japan is a part of the continent of,10497,10497,True
cf_9411,latent,"North Korea, in",253,10497,False
cf_9411,latent,Taiwan is located in the continent,273,10497,False
cf_9411,latent,Myanmar is a part of the continent of,7531,10497,False
cf_12914,latent,The capital of France is,253,7785,False
cf_12914,latent,The capital city of France is,253,7785,False
cf_12914,latent,"Paris Commune, which has the capital",434,7785,False
cf_12914,latent,"Vichy France's capital,",7785,7785,True
cf_12914,latent,"Francia's capital,",285,48104,False
cf_12914,latent,"French Second Republic's capital city,",7785,7785,True
cf_12914,latent,The capital of Francia is,253,6181,False
cf_12914,latent,The capital city of Metropolitan France is,253,7785,False
cf_12914,latent,The capital city of French Second Republic is,253,7785,False
cf_12914,latent,The capital city of Hundred Days is,247,7785,False
cf_3250,latent,"In ASEAN, they understand",326,30907,False
cf_3250,latent,"In Guilin, an official language is",13452,5628,False
cf_3250,latent,The official language of World Health Organization is,4383,4383,True
cf_3250,latent,The law in ASEAN declares the language,273,30907,False
cf_3250,latent,"In International Atomic Energy Agency, they understand",326,12057,False
cf_3250,latent,The law in UNESCO declares the language,273,5112,False
cf_3250,latent,"In Ming dynasty, the language spoken is",1925,5628,False
cf_3250,latent,The law in Asgardia declares the language,273,28651,False
cf_3250,latent,"In International Atomic Energy Agency, an official language is",253,4383,False
cf_3250,latent,"In UNESCO, an official language is",253,5112,False
cf_1036,latent,The House of the Dead was written in,253,5112,False
cf_1036,latent,The language of Humiliated and Insulted is,247,4383,False
cf_1036,latent,Sovremennik is written in,253,7247,False
cf_1036,latent,The Tale of Tsar Saltan was written in,253,7247,False
cf_1036,latent,The language of Cancer Ward is,247,4383,False
cf_1036,latent,Google Map Maker is written in,8595,8595,True
cf_1036,latent,The language of Mazeppa was,417,9890,False
cf_1036,latent,The language of Warface was,247,4383,False
cf_1036,latent,The Snow Maiden is written in,253,4383,False
cf_1036,latent,The language of Chaser is,417,4383,False
cf_9267,latent,Forbidden Passions premieres on,25456,41069,False
cf_9267,latent,Law & Order: LA is to debut on,25456,22303,False
cf_9267,latent,Jeopardy! was released on,253,21946,False
cf_9267,latent,Freaks and Geeks debuted on,253,21946,False
cf_9267,latent,Jeopardy! is to debut on,253,27478,False
cf_9267,latent,Camp Cucamonga was released on,253,22303,False
cf_9267,latent,The City on the Edge of Forever was released on,17509,41069,False
cf_9267,latent,Noah's Ark is to debut on,253,22303,False
cf_9267,latent,Law & Order: LA premieres on,25456,22303,False
cf_9267,latent,The Voice premiered on,253,22303,False
cf_13114,latent,Germany is affiliated with,253,24952,False
cf_13114,latent,Poland belongs to the organization of,253,24952,False
cf_13114,latent,Norway belongs to the organization of,253,24952,False
cf_13114,latent,Netherlands is a member of,253,24952,False
cf_13114,latent,Italy is a part of the,5284,24952,False
cf_13114,latent,Italy is affiliated with,253,24952,False
cf_13114,latent,Denmark belongs to the organization of,253,24952,False
cf_13114,latent,Hungary belongs to the organization of,253,24952,False
cf_13114,latent,Italy belongs to the organization of,253,38075,False
cf_13114,latent,Bulgaria is a part of the,5284,24952,False
cf_3290,latent,"margarine, developed in",253,4693,False
cf_3290,latent,"8½, from",253,8068,False
cf_3290,latent,"A Gang Story, that was formulated in",253,30647,False
cf_3290,latent,Despicable Me was developed in,253,6181,False
cf_3290,latent,8½ was created in the country of,6510,6181,False
cf_3290,latent,Sud Aviation Caravelle originated in,253,24604,False
cf_3290,latent,"Workers Leaving the Lumière Factory, formulated in",253,24604,False
cf_3290,latent,The Petit Paumé was developed in,253,6181,False
cf_3290,latent,"Sud Aviation Caravelle, developed in",253,6181,False
cf_3290,latent,"A350, formulated in",253,10869,False
cf_2467,latent,Javier Hernández plays,323,20391,False
cf_2467,latent,Kaká plays,253,24455,False
cf_2467,latent,Steven Gerrard is a professional,31926,20391,False
cf_2467,latent,Steven Gerrard plays,323,20391,False
cf_2467,latent,"Javier Hernández, the",3438,42402,False
cf_2467,latent,"Andrea Pirlo, the",9890,9890,True
cf_2467,latent,Thierry Henry is a professional,31926,20391,False
cf_2467,latent,Ashley Cole professionally plays the sport,273,20391,False
cf_2467,latent,David Beckham professionally plays the sport,273,20391,False
cf_2467,latent,"Steven Gerrard, the",3438,20391,False
cf_4431,latent,Librairie philosophique J. Vrin started in,253,7785,False
cf_4431,latent,"Genepi, founded in",253,27850,False
cf_4431,latent,Carrefour de l'horloge formed in,253,7785,False
cf_4431,latent,Librairie Joseph Gibert that was founded in,1283,24604,False
cf_4431,latent,"Groupe Flammarion, that was created in",253,7785,False
cf_4431,latent,"Blasphème, created in",253,6181,False
cf_4431,latent,"Lilly Wood and the Prick, that originated in",253,4693,False
cf_4431,latent,Patou was started in,253,6181,False
cf_4431,latent,"Librairie Joseph Gibert, that originated in",253,24604,False
cf_4431,latent,"Librairie Joseph Gibert, that was created in",1283,24604,False
cf_5674,latent,Arno Holz was employed in,253,43516,False
cf_5674,latent,Willi Bredel used to work in,253,12911,False
cf_5674,latent,Paul Löbe used to work in,253,12911,False
cf_5674,latent,Heinrich Ewald found employment in,253,12911,False
cf_5674,latent,Henrik Steffens worked in,253,12911,False
cf_5674,latent,"Ernst II, Prince of Hohenlohe-Langenburg was employed in",253,42471,False
cf_5674,latent,Hermann Usener used to work in,253,12911,False
cf_5674,latent,Hans F. K. Günther worked in,253,12911,False
cf_5674,latent,"Ernst II, Prince of Hohenlohe-Langenburg took up work in",253,12911,False
cf_5674,latent,Peter Ramsauer found employment in,253,26229,False
cf_1172,latent,"Alexander III of Russia, speaker of",253,7247,False
cf_1172,latent,Boris Akunin spoke the language,273,7247,False
cf_1172,latent,"Lev Gumilyov, a native",273,7247,False
cf_1172,latent,Vladimir Mayakovsky is a native speaker of,7247,7247,True
cf_1172,latent,The mother tongue of Anton Ivanovich Denikin is,253,7247,False
cf_1172,latent,"Lev Landau, speaker of",253,7247,False
cf_1172,latent,Anna Politkovskaya is a native speaker of,7247,7247,True
cf_1172,latent,"Leonid Kantorovich, a native",273,7247,False
cf_1172,latent,"Alexei Navalny, speaker of",253,7247,False
cf_1172,latent,Lev Gumilyov spoke the language,273,7247,False
cf_17277,latent,Daniel A. Reed works for,253,21314,False
cf_17277,latent,Krzysztof Cwalina is employed by,253,9664,False
cf_17277,latent,Gary William Flake works for,253,21314,False
cf_17277,latent,Gary Kimura is employed by,253,9664,False
cf_17277,latent,Erik Meijer is employed by,253,21314,False
cf_17277,latent,"Erik Meijer, who is employed by",253,9664,False
cf_17277,latent,Greg Stein works for,253,9664,False
cf_17277,latent,"John Langford, who is employed by",253,21946,False
cf_17277,latent,"Greg Stein, who works for",253,5559,False
cf_17277,latent,"Eric Horvitz, who is employed by",253,9664,False
cf_17449,latent,Winnipeg Route 20 is owned by,253,48046,False
cf_17449,latent,Winnipeg Route 145 is from,253,48046,False
cf_17449,latent,Pan Am Pool is from,253,6181,False
cf_17449,latent,Osborne Stadium owner,13,5842,False
cf_17449,latent,Winnipeg Route 150 is from,253,48046,False
cf_17449,latent,"Winnipeg Route 70, by",253,48046,False
cf_17449,latent,Winnipeg Route 165 is owned by,253,48046,False
cf_17449,latent,Winnipeg Route 57's owner,13,48046,False
cf_17449,latent,"Winnipeg Route 155, by",253,48046,False
cf_17449,latent,Winnipeg Route 135 is from,253,48046,False
cf_15759,latent,"Erika Morini, the",6423,18542,False
cf_15759,latent,"Miska Hauser, performing on the",1072,18542,False
cf_15759,latent,Heinrich Christoph Koch performs on the,18542,18542,True
cf_15759,latent,Franz Schalk plays the,2554,18542,False
cf_15759,latent,Josef Krips plays,323,18542,False
cf_15759,latent,"Wilhelm Joseph von Wasielewski, the",5685,37138,False
cf_15759,latent,"Josef Krips, the",3438,25375,False
cf_15759,latent,Robert Radecke plays,253,24455,False
cf_15759,latent,"Viktor Tretiakov, performing on the",3924,18542,False
cf_15759,latent,Thomas Zehetmair performs on the,3924,18542,False
cf_10593,latent,Robotics Institute can be found in,253,14296,False
cf_10593,latent,Point Park University is located in,253,7758,False
cf_10593,latent,Point Park University is within,7824,17361,False
cf_10593,latent,"Pittsburgh Institute of Mortuary Science, in",253,22119,False
cf_10593,latent,"Scaife Foundations, in",11696,4693,False
cf_10593,latent,Pittsburgh Institute of Mortuary Science is located in,253,22119,False
cf_10593,latent,Pittsburgh Supercomputing Center can be found in,253,22119,False
cf_10593,latent,Pittsburgh Glass Center can be found in,253,22119,False
cf_10593,latent,Senator Robert D. Fleming Bridge is located in,253,11637,False
cf_10593,latent,Shadyside is located in,253,15812,False
cf_14860,latent,"Seacouver, which was named for",253,7758,False
cf_14860,latent,"Seattleweg, which is named after",253,16335,False
cf_14860,latent,Seacouver is named for,253,41813,False
cf_14860,latent,"Seacouver, which is named for",253,7758,False
cf_14860,latent,"Seattle metropolitan area, which was named for",253,16335,False
cf_14860,latent,Seacouver was named for,253,16335,False
cf_14860,latent,Seacouver was named after,253,13944,False
cf_14860,latent,"Seattleites, which was called after",253,16335,False
cf_14860,latent,Seattle metropolitan area is called after,253,16335,False
cf_14860,latent,"Seattleweg, which was named for",253,16335,False
cf_15192,latent,Mos Def follows the religion of,253,8033,False
cf_15192,latent,Omar Khayyám is follower of,253,8033,False
cf_15192,latent,Averroes follows the religion of,253,8033,False
cf_15192,latent,Hema Malini is affiliated with the religion,273,35702,False
cf_15192,latent,Mos Def is affiliated with the religion,273,43506,False
cf_15192,latent,Abd al-Malik ibn Marwan is follower of,253,8033,False
cf_15192,latent,The official religion of Malcolm X is,253,8033,False
cf_15192,latent,Bashar al-Assad is follower of,253,8033,False
cf_15192,latent,The official religion of Mohammed Ali is,253,8033,False
cf_15192,latent,The official religion of Hamid Karzai is,8033,8033,True
cf_392,latent,Amar Chitra Katha's headquarters are in,253,32111,False
cf_392,latent,Sony Entertainment Television is based in,8742,17413,False
cf_392,latent,Chandamama is headquartered in,253,32111,False
cf_392,latent,UTV Software Communications is based in,253,22126,False
cf_392,latent,The headquarter of Chandamama is in,253,32111,False
cf_392,latent,The headquarters of Chandamama is in,253,32111,False
cf_392,latent,UTV Software Communications is headquartered in,5003,22126,False
cf_392,latent,Tinkle is based in,253,22126,False
cf_392,latent,"Bharatiya Vidya Bhavan, whose headquarters are in",32111,19950,False
cf_392,latent,Bisleri is headquartered in,253,7785,False
cf_17251,latent,"Lattes Platform number, located in",253,5002,False
cf_17251,latent,"Tainacan MAI ID, which is located in",253,6181,False
cf_17251,latent,"São Paulo, in",253,10869,False
cf_17251,latent,ClassInd rating is located in the country of,253,6976,False
cf_17251,latent,São Paulo is located in,253,10869,False
cf_17251,latent,Brazil is located in the country of,253,10869,False
cf_17251,latent,"Itaú Cultural ID, located in",253,23881,False
cf_17251,latent,"Lattes Platform number, in",253,3060,False
cf_17251,latent,Tainacan MAI ID is located in,253,6144,False
cf_17251,latent,"ClassInd rating, which is located in",253,7758,False
cf_8106,latent,"Canadian Military Pattern truck, created by",253,35251,False
cf_8106,latent,"Chevrolet Tru 140S, produced by",49937,49937,True
cf_8106,latent,Daytona 500 is developed by,253,49937,False
cf_8106,latent,Canadian Military Pattern truck is a product of,253,24952,False
cf_8106,latent,"Chevrolet Miray, developed by",253,49937,False
cf_8106,latent,"Chevrolet Series F, created by",49937,49937,True
cf_8106,latent,Chevrolet Camaro is a product of,253,49937,False
cf_8106,latent,"M6 Bomb Truck, developed by",253,35251,False
cf_8106,latent,Chevrolet Engineering Research Vehicle is created by,49937,49937,True
cf_8106,latent,Chevrolet Chevy 500 is developed by,49937,49937,True
cf_15575,latent,"Windows Me, a product developed by",253,8217,False
cf_15575,latent,"Microsoft Office 2010, a product of",9664,9664,True
cf_15575,latent,Windows NT is created by,253,9664,False
cf_15575,latent,F# is a product of,253,9664,False
cf_15575,latent,"F#, developed by",253,9664,False
cf_15575,latent,"Windows 3.0, created by",253,9664,False
cf_15575,latent,JScript is created by,253,16872,False
cf_15575,latent,Rich Text Format is developed by,253,9664,False
cf_15575,latent,"Windows 2.0, a product developed by",9664,9664,True
cf_15575,latent,"Windows NT, a product developed by",9664,9664,True
cf_15030,latent,Germaine de Staël was born in,7785,7785,True
cf_15030,latent,Franz Theodor Doflein was born in,26229,12911,False
cf_15030,latent,Charles Perrault was born in,253,7785,False
cf_15030,latent,Auguste Longnon was originally from,253,7785,False
cf_15030,latent,Henry Louis Le Châtelier is originally from,253,7785,False
cf_15030,latent,Charles Perrault is originally from,253,7785,False
cf_15030,latent,Louis-Auguste Bisson is originally from,253,7785,False
cf_15030,latent,Pauline Viardot originated from,253,7785,False
cf_15030,latent,Auguste Longnon is originally from,253,7785,False
cf_15030,latent,Charles Perrault is native to,253,7785,False
cf_16358,latent,Giacomo Meyerbeer died at,253,26229,False
cf_16358,latent,Urbain Le Verrier passed away in,247,7785,False
cf_16358,latent,Horace François Bastien Sébastiani de La Porta died in the city of,378,7785,False
cf_16358,latent,"Camille d'Hostun, duc de Tallard passed away in",1722,7785,False
cf_16358,latent,André Guinier succumbed at,253,24639,False
cf_16358,latent,Giacomo Meyerbeer expired at,253,26229,False
cf_16358,latent,Urbain Le Verrier's life ended in,247,7785,False
cf_16358,latent,Henri Moissan died in the city of,7785,7785,True
cf_16358,latent,Charles-Antoine Coypel died at,253,7785,False
cf_16358,latent,"Camille d'Hostun, duc de Tallard died in",1722,7785,False
cf_11498,latent,"Anatoliy Demyanenko, who has a citizenship from",253,7422,False
cf_11498,latent,"Oleksiy Byelik, who has a citizenship from",253,7422,False
cf_11498,latent,"Volodymyr Bezsonov, who holds a citizenship from",253,7422,False
cf_11498,latent,Anatoliy Skorokhod has a citizenship from,253,7422,False
cf_11498,latent,"Anatoliy Solovyanenko, who is a citizen of",253,7422,False
cf_11498,latent,Anatoliy Demyanenko is a citizen of,253,7422,False
cf_11498,latent,Pavel Sudoplatov is a citizen of,253,7422,False
cf_11498,latent,Anatolii Kocherha is a citizen of,253,43905,False
cf_11498,latent,Anatolii Bondarchuk is a citizen of,253,7422,False
cf_11498,latent,Natasha Yarovenko is a citizen of,17111,17111,True
cf_5570,latent,"St Giles in the Fields, London is in",253,4693,False
cf_5570,latent,Open Rights Group is located in,5041,22126,False
cf_5570,latent,athletics at the 1948 Summer Olympics – men's 5000 metres is in,253,49402,False
cf_5570,latent,"Saint Sophia Cathedral, London is in",253,4693,False
cf_5570,latent,athletics at the 1948 Summer Olympics – men's 1500 metres is located in,253,27411,False
cf_5570,latent,The location of athletics at the 1948 Summer Olympics – men's 200 metres is,275,19898,False
cf_5570,latent,"Saint Sophia Cathedral, London is located in",253,4693,False
cf_5570,latent,"The location of St Giles in the Fields, London is",247,4693,False
cf_5570,latent,Open Rights Group can be found in,253,5041,False
cf_5570,latent,athletics at the 1948 Summer Olympics – men's 200 metres can be found in,253,19898,False
cf_698,latent,"Malaysia, in",253,10497,False
cf_698,latent,Pakistan is in,253,10497,False
cf_698,latent,Israel is in,253,3060,False
cf_698,latent,Pakistan is located in the continent,273,10497,False
cf_698,latent,"Myanmar, in",1798,10497,False
cf_698,latent,Pakistan is located in,253,10497,False
cf_698,latent,Japan belongs to the continent of,7531,10497,False
cf_698,latent,Nepal belongs to the continent of,35020,10497,False
cf_698,latent,Saudi Arabia belongs to the continent of,7531,10497,False
cf_698,latent,Taiwan is located in the continent,273,10497,False
cf_9416,latent,Portuguese Empire's capital city is,253,48104,False
cf_9416,latent,The capital of Grande Lisboa Subregion is,253,48104,False
cf_9416,latent,"Taifa of Lisbon, which has the capital",434,48104,False
cf_9416,latent,The capital city of Grande Lisboa Subregion is,4441,48104,False
cf_9416,latent,"Lisbon's capital city,",253,48104,False
cf_9416,latent,"Taifa of Lisbon's capital,",285,48104,False
cf_9416,latent,"Portuguese Empire, which has the capital",273,34215,False
cf_9416,latent,The capital of Estremadura is,4441,21924,False
cf_9416,latent,The capital city of First Portuguese Republic is,4441,48104,False
cf_9416,latent,"Taifa of Lisbon, which has the capital city",273,48104,False
cf_17787,latent,The law in Schwarzenberg declares the language,273,5685,False
cf_17787,latent,"In Schwarzenberg, an official language is",247,5685,False
cf_17787,latent,The official language of Horw is,247,4383,False
cf_17787,latent,The official language of Schötz is,5685,5685,True
cf_17787,latent,"In Schötz, they understand",326,5112,False
cf_17787,latent,The official language of Werthenstein is,5685,5685,True
cf_17787,latent,"In Hasle, the language spoken is",417,4383,False
cf_17787,latent,"In Rebstein, an official language is",417,4383,False
cf_17787,latent,"In Schötz, the language spoken is",417,5685,False
cf_17787,latent,"In Kriens, an official language is",247,4383,False
cf_17402,latent,Le Ventre de Paris was written in,253,5112,False
cf_17402,latent,The language of Bel Ami was,247,5112,False
cf_17402,latent,The language of Rerum Novarum is,417,12760,False
cf_17402,latent,The language of The Plague was,247,4383,False
cf_17402,latent,The language of Iron Man: Armored Adventures is,247,4383,False
cf_17402,latent,The language of Louise is,417,5112,False
cf_17402,latent,Acta Mathematica is written in,253,22718,False
cf_17402,latent,The language of Le Ventre de Paris was,417,5112,False
cf_17402,latent,webOS is written in,330,8595,False
cf_17402,latent,Abel was written in,253,5112,False
cf_1055,latent,Awake debuted on,253,21946,False
cf_1055,latent,Medium was released on,253,21946,False
cf_1055,latent,Cartoon All-Stars to the Rescue is to debut on,253,22303,False
cf_1055,latent,Camp Cucamonga was released on,253,22303,False
cf_1055,latent,The City on the Edge of Forever was released on,17509,41069,False
cf_1055,latent,Noah's Ark was originally aired on,253,21946,False
cf_1055,latent,Patterns of Force premieres on,25456,27478,False
cf_1055,latent,Patterns of Force debuted on,253,22303,False
cf_1055,latent,Scrubs was released on,253,21946,False
cf_1055,latent,The New Normal is to debut on,253,22303,False
cf_15048,latent,New Zealand Football is a part of the,1457,38075,False
cf_15048,latent,New Zealand Football is affiliated with the,1457,38075,False
cf_15048,latent,Football Federation Australia belongs to the organization of,253,38075,False
cf_15048,latent,New Zealand Football is affiliated with,253,38075,False
cf_15048,latent,Turkish Football Federation is a part of the,18416,38075,False
cf_15048,latent,Romanian Football Federation belongs to the organization of,253,38075,False
cf_15048,latent,Football Association of Serbia belongs to the organization of,253,38075,False
cf_15048,latent,South African Football Association is affiliated with,253,38075,False
cf_15048,latent,Venezuelan Football Federation is a member of,253,38075,False
cf_15048,latent,Turkish Football Federation belongs to the organization of,253,38075,False
cf_10037,latent,"Scorpions, that was created in",253,6976,False
cf_10037,latent,"Der Spiegel, from",253,6176,False
cf_10037,latent,"Anno 2070, developed in",253,9972,False
cf_10037,latent,"2 Days in Paris, created in",253,6181,False
cf_10037,latent,"Death Train, that was from",253,22303,False
cf_10037,latent,Der Spiegel was formulated in,253,42471,False
cf_10037,latent,"2 Days in Paris, that was created in",253,6181,False
cf_10037,latent,Scorpions was formulated in,253,6976,False
cf_10037,latent,"Gran Torino, formulated in",253,9972,False
cf_10037,latent,2 Days in Paris originated in,253,7785,False
cf_9632,latent,"Tim Cahill, the",3438,42402,False
cf_9632,latent,"Lothar Matthäus, the",806,27343,False
cf_9632,latent,Javier Hernández plays,323,20391,False
cf_9632,latent,Megan Rapinoe plays,323,20391,False
cf_9632,latent,Thierry Henry is a professional,31926,20391,False
cf_9632,latent,"George Best, the",3438,24455,False
cf_9632,latent,Walter Zenga is a professional,8406,20391,False
cf_9632,latent,Nigel de Jong is a professional,23354,20391,False
cf_9632,latent,Javier Hernández is a professional,31926,20391,False
cf_9632,latent,George Best is a professional,8406,19971,False
cf_8618,latent,"The Saturdays, that originated in",253,4693,False
cf_8618,latent,"British Overseas Airways Corporation, founded in",1283,4693,False
cf_8618,latent,Morcheeba formed in,253,7785,False
cf_8618,latent,Hot Chip that was founded in,253,4693,False
cf_8618,latent,Morcheeba originated in,253,6181,False
cf_8618,latent,"The Orb, that was formed in",253,4693,False
cf_8618,latent,The KLF was created in,253,16872,False
cf_8618,latent,Aviva that was founded in,253,43516,False
cf_8618,latent,Public Image Ltd. originated in,253,4693,False
cf_8618,latent,"Beady Eye, that originated in",253,4693,False
cf_8279,latent,Tom Watson used to work in,253,4693,False
cf_8279,latent,David Blunkett worked in,253,4693,False
cf_8279,latent,David Blunkett took up work in,253,4693,False
cf_8279,latent,Kevin Brennan found employment in,253,8068,False
cf_8279,latent,Nick Boles took up work in,253,4693,False
cf_8279,latent,Julian Brazier used to work in,253,4693,False
cf_8279,latent,Nick Boles worked in the city of,1457,8068,False
cf_8279,latent,Julian Brazier was employed in,253,4693,False
cf_8279,latent,John Whittingdale worked in,253,15420,False
cf_8279,latent,Ben Bradshaw worked in the city of,4693,4693,True
cf_6947,latent,Alexey Leonov spoke the language,273,7247,False
cf_6947,latent,Mikhail Khodorkovsky is a native speaker of,7247,7247,True
cf_6947,latent,Lev Gumilyov is a native speaker of,7247,7247,True
cf_6947,latent,The mother tongue of Nicholas I of Russia is,253,7247,False
cf_6947,latent,The native language of Leonid Kantorovich is,7247,7247,True
cf_6947,latent,Grand Duchess Anastasia Nikolaevna of Russia spoke the language,273,7247,False
cf_6947,latent,Dmitri Kabalevsky spoke the language,273,7247,False
cf_6947,latent,"Vladimir Mayakovsky, a native",273,7247,False
cf_6947,latent,"Anna Politkovskaya, a native",273,7247,False
cf_6947,latent,"Vladimir Smirnov, a native",273,7247,False
cf_11772,latent,"Katsuya Eguchi, of",253,32714,False
cf_11772,latent,Koji Kondo is employed by,253,32714,False
cf_11772,latent,Hajime Wakai works for,253,26862,False
cf_11772,latent,"Shigeru Miyamoto, who is employed by",253,26862,False
cf_11772,latent,"Kosuke Yabuki, of",253,26862,False
cf_11772,latent,Takaya Imamura is employed by,253,26862,False
cf_11772,latent,"Hisashi Nogami, who is employed by",253,26862,False
cf_11772,latent,"Kenta Nagata, who works for",253,26862,False
cf_11772,latent,"Aya Kyogoku, of",253,14623,False
cf_11772,latent,Sarah Knappik works for,253,9664,False
cf_4450,latent,Outlook.com's owner,13,9664,False
cf_4450,latent,"Digital Anvil, by",253,8217,False
cf_4450,latent,"id Software, by",253,21314,False
cf_4450,latent,"Xbox Game Studios, from",253,9664,False
cf_4450,latent,German Research Center for Artificial Intelligence owner,273,5559,False
cf_4450,latent,Microsoft Bing owner,13,9664,False
cf_4450,latent,Arkane Studios's owner,13,9664,False
cf_4450,latent,Mojang Studios is from,253,9664,False
cf_4450,latent,Windows Media Player is from,253,9664,False
cf_4450,latent,"Bethesda Softworks, from",253,15812,False
cf_7251,latent,"Hauschka, performing on the",1072,18542,False
cf_7251,latent,Robert Radecke plays the instrument,275,12609,False
cf_7251,latent,Conrad Hansen performs on the,18542,18542,True
cf_7251,latent,Mathilde Kralik performs on the,18542,18542,True
cf_7251,latent,"Carl Adolf Martienssen, performing on the",1072,18542,False
cf_7251,latent,Leopold von Meyer performs on the,18542,18542,True
cf_7251,latent,Anton Rubinstein plays the,2554,18542,False
cf_7251,latent,Mathilde Kralik plays,253,24455,False
cf_7251,latent,"Magdalena Thora, the",6122,18542,False
cf_7251,latent,Magdalena Thora plays the,2554,18542,False
cf_18095,latent,Albin Moser Boathouse is within,7824,7785,False
cf_18095,latent,"E.M. Loew's Providence Drive-In, in",534,35258,False
cf_18095,latent,RKO Albee Theatre can be found in,253,14289,False
cf_18095,latent,Shipyard Drive-In is in,253,7758,False
cf_18095,latent,Louis Family Restaurant is in,253,8068,False
cf_18095,latent,Taste of India can be found in,253,5427,False
cf_18095,latent,Nickel Theatre can be found in,253,4693,False
cf_18095,latent,"World War I Monument, in",253,12911,False
cf_18095,latent,Louis Family Restaurant is within,7824,7824,True
cf_18095,latent,"Rose & Sands, in",253,4693,False
cf_14060,latent,"Israel–United Arab Emirates normalization agreement, called after",253,10253,False
cf_14060,latent,Bosom of Abraham was named after,253,24958,False
cf_14060,latent,"Apocalypse of Abraham, which is named after",253,24958,False
cf_14060,latent,"Avraham Avinu, called after",253,5143,False
cf_14060,latent,"Apocalypse of Abraham, which was called after",253,24958,False
cf_14060,latent,"Israel–United Arab Emirates normalization agreement, which was named after",253,10253,False
cf_14060,latent,"Israel–United Arab Emirates normalization agreement, which is named after",253,10253,False
cf_14060,latent,"Bosom of Abraham, which was named for",253,24958,False
cf_14060,latent,Apocalypse of Abraham was named after,253,24958,False
cf_14060,latent,"Abraham Path, which was named after",779,24958,False
cf_16533,latent,Mehmed the Conqueror is follower of,253,8033,False
cf_16533,latent,The official religion of Abd al-Malik ibn Marwan is,253,8033,False
cf_16533,latent,Omar Khayyám is follower of,253,8033,False
cf_16533,latent,Benazir Bhutto is affiliated with the religion,273,8033,False
cf_16533,latent,Yasser Arafat follows the religion of,8033,8033,True
cf_16533,latent,Averroes is affiliated with the religion,273,20242,False
cf_16533,latent,Hamid Karzai is follower of,253,8033,False
cf_16533,latent,Benazir Bhutto follows the religion of,8033,8033,True
cf_16533,latent,Mos Def follows the religion of,253,8033,False
cf_16533,latent,The official religion of Rumi is,8033,8033,True
cf_4524,latent,Wayne State University's headquarters are in,253,14614,False
cf_4524,latent,Cadillac is based in,253,17372,False
cf_4524,latent,The headquarters of Detroit Institute of Arts is in,253,17372,False
cf_4524,latent,"GMC, whose headquarters are in",253,8987,False
cf_4524,latent,The headquarter of Packard is in,253,17372,False
cf_4524,latent,Packard is based in,253,34413,False
cf_4524,latent,Roman Catholic Archdiocese of Detroit is headquartered in,17372,17372,True
cf_4524,latent,The headquarter of General Motors is located in,17372,17372,True
cf_4524,latent,"Ally Financial, whose headquarters are in",253,4693,False
cf_4524,latent,Detroit Pistons is based in,17372,17372,True
cf_6294,latent,Caspian Sea is located in,253,10497,False
cf_6294,latent,Arabic is located in,253,10497,False
cf_6294,latent,Georgian is located in the country of,12096,12096,True
cf_6294,latent,Persian is located in the country of,7751,7751,True
cf_6294,latent,"Persian, which is located in",253,7751,False
cf_6294,latent,"Avestan, in",253,31534,False
cf_6294,latent,"Hamadan, located in",253,7751,False
cf_6294,latent,Middle Persian is located in the country of,7751,7751,True
cf_6294,latent,Helmand River is located in,253,16111,False
cf_6294,latent,"Helmand River, located in",253,16111,False
cf_8747,latent,Honda G engine is a product of,253,34379,False
cf_8747,latent,Honda CB1100R is developed by,34379,34379,True
cf_8747,latent,"Honda SFX, produced by",253,34379,False
cf_8747,latent,"Honda Bravo, produced by",253,34379,False
cf_8747,latent,"Honda G engine, created by",34379,34379,True
cf_8747,latent,"Honda NSR500V, produced by",34379,34379,True
cf_8747,latent,Honda Bali is a product of,34379,34379,True
cf_8747,latent,"Honda Bravo, created by",253,34379,False
cf_8747,latent,Honda CB650SC is produced by,34379,34379,True
cf_8747,latent,Honda Rafaga is a product of,253,34379,False
cf_12895,latent,Nexus 7 is developed by,253,5559,False
cf_12895,latent,Google Drive is created by,5559,5559,True
cf_12895,latent,Google Maps was developed by,5559,5559,True
cf_12895,latent,Nexus One was a product of,253,8217,False
cf_12895,latent,"V8, a product developed by",253,5559,False
cf_12895,latent,Google Play was a product of,253,5559,False
cf_12895,latent,Gmail was developed by,5559,5559,True
cf_12895,latent,Picasa is developed by,253,8217,False
cf_12895,latent,V8 is created by,253,33399,False
cf_12895,latent,"Nexus 7, a product developed by",253,8217,False
cf_12224,latent,William Shockley is native to,253,4693,False
cf_12224,latent,Kathryn Newton is originally from,253,9693,False
cf_12224,latent,Jony ive was originally from,253,26653,False
cf_12224,latent,Louise of Great Britain was originally from,253,7785,False
cf_12224,latent,Richard Johnson is originally from,253,4693,False
cf_12224,latent,E. Phillips Oppenheim was native to,253,8068,False
cf_12224,latent,Alfonso de Portago originates from,253,24639,False
cf_12224,latent,Alfonso de Portago was originally from,253,24639,False
cf_12224,latent,Daniel Day-Lewis is originally from,253,4693,False
cf_12224,latent,"Angela Smith, Baroness Smith of Basildon was born in",4693,4693,True
cf_11103,latent,Joseph B. Soloveitchik expired at,253,16496,False
cf_11103,latent,Alexander Rich's life ended in,247,4693,False
cf_11103,latent,John Winthrop the Younger's life ended in,253,9693,False
cf_11103,latent,Isabella Stewart Gardner died in the city of,617,4693,False
cf_11103,latent,Andrei Zelevinsky lost their life at,253,16496,False
cf_11103,latent,John Thomas Dunlop expired at,253,4693,False
cf_11103,latent,Alexander Rich died at,253,4693,False
cf_11103,latent,Isabella Stewart Gardner passed away in,617,4693,False
cf_11103,latent,Susan Lindquist expired at,2363,16335,False
cf_11103,latent,Lucy Stone died in,247,4693,False
cf_2344,latent,"Paul Doumer, who is a citizen of",253,6181,False
cf_2344,latent,"Joseph Fourier, who is a citizen of",253,6181,False
cf_2344,latent,Alfred Jarry is a citizen of,253,6181,False
cf_2344,latent,"Jules Hardouin-Mansart, who is a citizen of",6181,6181,True
cf_2344,latent,"Manuel Valls, who is a citizen of",253,6181,False
cf_2344,latent,"Jean-Paul Sartre, who holds a citizenship from",253,6181,False
cf_2344,latent,Alan Stivell has a citizenship from,253,5854,False
cf_2344,latent,Augustin-Louis Cauchy holds a citizenship from,253,6181,False
cf_2344,latent,Jules Hardouin-Mansart has a citizenship from,253,6181,False
cf_2344,latent,"David Guetta, a citizen of",253,6181,False
cf_12477,latent,IONIS Education Group is in,253,6144,False
cf_12477,latent,RATP bus network is located in,253,4693,False
cf_12477,latent,The location of Académie des sciences d'outre-mer is,275,7785,False
cf_12477,latent,Where is Congress for Cultural Freedom? It is located in,253,5041,False
cf_12477,latent,Paris Foreign Missions Society is in,253,4693,False
cf_12477,latent,Académie des sciences d'outre-mer is located in,253,7785,False
cf_12477,latent,Route nationale 14 can be found in,253,6181,False
cf_12477,latent,The location of Paris-Sorbonne University - Paris IV is,247,7785,False
cf_12477,latent,Paris Fire Brigade is in,253,7785,False
cf_12477,latent,Pont du Carrousel can be found in,253,7785,False
cf_8220,latent,Nepal is a part of the continent of,35020,10497,False
cf_8220,latent,Iran belongs to the continent of,7531,10497,False
cf_8220,latent,Japan is a part of the continent of,10497,10497,True
cf_8220,latent,Iran is in,253,16111,False
cf_8220,latent,Saudi Arabia is located in the continent,273,20498,False
cf_8220,latent,Pakistan is in,253,10497,False
cf_8220,latent,South Korea is located in the continent,273,10497,False
cf_8220,latent,Nepal is located in the continent,273,10497,False
cf_8220,latent,North Korea is located in the continent,273,10497,False
cf_8220,latent,People's Republic of China is located in the continent,273,10497,False
cf_457,latent,"Grand Duchy of Finland's capital,",34159,34159,True
cf_457,latent,Finnish Democratic Republic's capital city is,253,34159,False
cf_457,latent,"Grand Duchy of Finland, which has the capital",34159,34159,True
cf_457,latent,Uusimaa Province's capital city is,253,34159,False
cf_457,latent,The capital city of Grand Duchy of Finland is,4441,34159,False
cf_457,latent,The capital of Finnish Socialist Workers' Republic is,4441,34159,False
cf_457,latent,"Finnish Socialist Workers' Republic's capital city,",34159,34159,True
cf_457,latent,"Kingdom of Finland, which has the capital",34159,34159,True
cf_457,latent,"Finnish Socialist Workers' Republic, which has the capital",275,34159,False
cf_457,latent,"Finnish Socialist Workers' Republic's capital,",34159,34159,True
cf_14843,latent,"In Australia, they understand",326,4383,False
cf_14843,latent,The official language of European Union is,4383,5112,False
cf_14843,latent,"In Australia, an official language is",253,4383,False
cf_14843,latent,"In Solomon Islands, they understand",326,4383,False
cf_14843,latent,"In Papua New Guinea, the language spoken is",17206,4383,False
cf_14843,latent,"In United Kingdom, the language spoken is",4383,4383,True
cf_14843,latent,"In Guyana, the language spoken is",253,4383,False
cf_14843,latent,The law in Papua New Guinea declares the language,273,43113,False
cf_14843,latent,"In Fiji, they understand",326,4383,False
cf_14843,latent,The law in Fiji declares the language,273,4383,False
cf_3973,latent,Survey Methodology was written in,253,4383,False
cf_3973,latent,The language of Discipline and Punish is,247,4383,False
cf_3973,latent,The language of The Plague was,247,4383,False
cf_3973,latent,The language of Le Ventre de Paris is,247,5112,False
cf_3973,latent,Annals of Science is written in,253,4383,False
cf_3973,latent,The language of Survey Methodology is,417,4383,False
cf_3973,latent,The language of The Black Book of Communism is,247,7247,False
cf_3973,latent,Le Ventre de Paris was written in,253,5112,False
cf_3973,latent,The language of Le Ventre de Paris was,417,5112,False
cf_3973,latent,Iron Man: Armored Adventures was written in,253,6692,False
cf_3023,latent,Awake premiered on,253,22303,False
cf_3023,latent,Awake is to debut on,253,27478,False
cf_3023,latent,Cartoon All-Stars to the Rescue was originally aired on,253,22303,False
cf_3023,latent,Patterns of Force debuted on,253,22303,False
cf_3023,latent,Miami Vice premieres on,253,22303,False
cf_3023,latent,Miami Vice premiered on,253,49244,False
cf_3023,latent,The Count of Monte Cristo premiered on,27199,7785,False
cf_3023,latent,Miami Vice was originally aired on,253,22303,False
cf_3023,latent,Scrubs premiered on,253,22303,False
cf_3023,latent,The Menagerie debuted on,253,15501,False
cf_1472,latent,New Zealand Football is a part of the,1457,38075,False
cf_1472,latent,New Zealand Football is affiliated with the,1457,38075,False
cf_1472,latent,Peruvian Football Federation belongs to the organization of,253,38075,False
cf_1472,latent,National Autonomous Federation of Football of Honduras is a part of the,44509,38075,False
cf_1472,latent,Bolivian Football Federation is a member of,253,38075,False
cf_1472,latent,Peruvian Football Federation is affiliated with,253,38075,False
cf_1472,latent,National Autonomous Federation of Football of Honduras belongs to the organization of,253,38075,False
cf_1472,latent,Bangladesh Football Federation is a part of the,29310,38075,False
cf_1472,latent,New Zealand Football is affiliated with,253,38075,False
cf_1472,latent,Romanian Football Federation is affiliated with,253,38075,False
cf_9852,latent,"Donkey Kong, that originated in",253,13591,False
cf_9852,latent,Naruto from,253,26417,False
cf_9852,latent,Visions of Light from,253,6112,False
cf_9852,latent,"Yojimbo, that was created in",253,4047,False
cf_9852,latent,"Gurren Lagann, that was created in",253,23340,False
cf_9852,latent,Donkey Kong was developed in,253,26862,False
cf_9852,latent,Yojimbo was developed in,253,4047,False
cf_9852,latent,"Neon Genesis Evangelion, created in",253,4047,False
cf_9852,latent,Death Note was formulated in,253,4047,False
cf_9852,latent,Pokémon from,253,26862,False
cf_12314,latent,What sport does Dennis Seidenberg play? They play,247,19971,False
cf_12314,latent,Ivan Hlinka plays,253,19971,False
cf_12314,latent,Alexander Ovechkin is a professional,6749,19971,False
cf_12314,latent,Teemu Sälännä is a professional,6749,19971,False
cf_12314,latent,Evgeni Malkin is a professional,6749,19971,False
cf_12314,latent,Viacheslav Fetisov is a professional,6749,19971,False
cf_12314,latent,Teemu Sälännä plays,253,24455,False
cf_12314,latent,What sport does Marián Hossa play? They play,19971,19971,True
cf_12314,latent,Ivan Hlinka is a professional,6749,19971,False
cf_12314,latent,Mario Lemieux plays,253,19971,False
cf_15571,latent,"Scottish Chamber Orchestra, founded in",1283,25990,False
cf_15571,latent,Runrig originated in,253,4693,False
cf_15571,latent,Blair Cowan was created in,253,9693,False
cf_15571,latent,The Aliens was created in,253,14759,False
cf_15571,latent,"Cocteau Twins, created in",253,24604,False
cf_15571,latent,"Royal Scottish National Orchestra, that originated in",253,4693,False
cf_15571,latent,"Blair Cowan, that was started in",253,8068,False
cf_15571,latent,JSD Band started in,253,8068,False
cf_15571,latent,BBC Scottish Symphony Orchestra that was founded in,1283,25990,False
cf_15571,latent,"Blazin' Fiddles, founded in",253,8068,False
cf_2589,latent,Graham Brady worked in,253,4693,False
cf_2589,latent,Tom Watson was employed in,253,4693,False
cf_2589,latent,Ben Wallace took up work in,253,4693,False
cf_2589,latent,George Clarkson Stanfield worked in the city of,4693,4693,True
cf_2589,latent,Julian Brazier worked in the city of,4693,4693,True
cf_2589,latent,Peter Bottomley used to work in,253,4693,False
cf_2589,latent,Malcolm Wicks took up work in,253,4693,False
cf_2589,latent,Peter Bottomley worked in,253,4693,False
cf_2589,latent,Tom Watson worked in,253,4693,False
cf_2589,latent,Clive Betts found employment in,253,4693,False
cf_16696,latent,"François Bayrou, a native",273,5112,False
cf_16696,latent,The native language of Henri Barbusse is,5112,5112,True
cf_16696,latent,"Louis Antoine de Saint-Just, a native",273,5112,False
cf_16696,latent,Jean-Baptiste Say is a native speaker of,5112,5112,True
cf_16696,latent,The native language of Jacques Chaban-Delmas is,5112,5112,True
cf_16696,latent,Henri Barbusse spoke the language,273,5112,False
cf_16696,latent,The mother tongue of Louis Antoine de Saint-Just is,253,5112,False
cf_16696,latent,"Élisée Reclus, a native",273,5112,False
cf_16696,latent,Frédéric Bastiat is a native speaker of,5112,5112,True
cf_16696,latent,The native language of Maurice Genevoix is,5112,5112,True
cf_3305,latent,"Christian, who works for",253,5559,False
cf_3305,latent,"Test, who is employed by",253,5559,False
cf_3305,latent,"Beth Phoenix, of",253,27478,False
cf_3305,latent,"Howard Finkel, of",253,41813,False
cf_3305,latent,Mike Rome is employed by,253,9664,False
cf_3305,latent,Lena Yada is employed by,253,9664,False
cf_3305,latent,Ric Flair is employed by,253,37888,False
cf_3305,latent,"Tyrus, who is employed by",253,9664,False
cf_3305,latent,"Triple H, who works for",253,9664,False
cf_3305,latent,"Test, who works for",253,9664,False
cf_14944,latent,Bundesautobahn 659 is owned by,253,6176,False
cf_14944,latent,"Bundesautobahn 952, from",253,6176,False
cf_14944,latent,Bundesautobahn 659's owner,13,6176,False
cf_14944,latent,Bundesautobahn 831 is owned by,253,6176,False
cf_14944,latent,Bundesautobahn 620's owner,13,6176,False
cf_14944,latent,"Bundesstraße 2, from",253,42471,False
cf_14944,latent,Bundesautobahn 643 owner,13,6176,False
cf_14944,latent,Bundesstraße 4 is owned by,253,6176,False
cf_14944,latent,Bundesautobahn 620 owner,13,6176,False
cf_14944,latent,"Bundesstraße 4, from",253,42471,False
cf_16401,latent,"Christoph Nichelmann, playing the",2554,18542,False
cf_16401,latent,Anton Rubinstein plays the,2554,18542,False
cf_16401,latent,Richard Fall performs on the,921,18542,False
cf_16401,latent,Peter Igelhoff performs on the,3924,18542,False
cf_16401,latent,Erwin Schulhoff plays the,2554,18542,False
cf_16401,latent,Richard Fall plays the,2554,18542,False
cf_16401,latent,"Carl Adolf Martienssen, playing the",2554,18542,False
cf_16401,latent,Joseph Fischhof plays the,2554,18542,False
cf_16401,latent,Laci Boldemann performs on the,18542,18542,True
cf_16401,latent,Nikolai Rimsky-Korsakov performs on the,3924,18542,False
cf_3155,latent,Matanuska-Susitna Borough is located in,253,20829,False
cf_3155,latent,Katmai National Park and Preserve can be found in,253,20829,False
cf_3155,latent,Matanuska-Susitna Borough is within,253,20829,False
cf_3155,latent,Nunivak Island is in,253,6144,False
cf_3155,latent,North Slope Borough is in,253,20829,False
cf_3155,latent,Bettles Airport is in,253,7758,False
cf_3155,latent,Valdez–Cordova Census Area can be found in,253,10869,False
cf_3155,latent,Bettles Airport is within,253,6144,False
cf_3155,latent,Kluane / Wrangell – St. Elias / Glacier Bay / Tatshenshini-Alsek is within,253,20829,False
cf_3155,latent,Northwest Arctic Borough is located in,253,6144,False
cf_17997,latent,Manchester Central railway station was called after,253,17427,False
cf_17997,latent,"Harris Manchester College, which is called after",253,17427,False
cf_17997,latent,"758 Mancunia, which was named for",253,9972,False
cf_17997,latent,"Avro Manchester, named for",697,17427,False
cf_17997,latent,Harris Manchester College is named after,253,17427,False
cf_17997,latent,758 Mancunia is called after,253,27741,False
cf_17997,latent,"Manchester, which was named for",253,17427,False
cf_17997,latent,Manchester Central railway station is called after,253,17427,False
cf_17997,latent,"Manchester, which is named after",253,17427,False
cf_17997,latent,Rue de Manchester - Manchesterstraat is named after,253,17427,False
cf_18590,latent,Mos Def follows the religion of,253,8033,False
cf_18590,latent,Benazir Bhutto is affiliated with the religion,273,8033,False
cf_18590,latent,Alī ibn Abī Ṭālib is follower of,253,8033,False
cf_18590,latent,The official religion of Omar Khayyám is,8033,8033,True
cf_18590,latent,Mos Def is affiliated with the religion,273,8033,False
cf_18590,latent,Mohammed Ali is follower of,253,8033,False
cf_18590,latent,Usman ibn Affan is affiliated with the religion,273,8033,False
cf_18590,latent,Dave Chappelle is follower of,253,35702,False
cf_18590,latent,Averroes follows the religion of,253,8033,False
cf_18590,latent,Mohammed Ali is affiliated with the religion,273,8033,False
cf_2935,latent,International Council of Museums is headquartered in,1457,8068,False
cf_2935,latent,"People's Mujahedin of Iran, whose headquarters are in",35889,35889,True
cf_2935,latent,Gobelins Tapestry Manufactory's headquarters are in,253,8068,False
cf_2935,latent,Gobelins Tapestry Manufactory is based in,253,8068,False
cf_2935,latent,The headquarter of Gameloft is located in,253,4693,False
cf_2935,latent,Société française de philosophie is headquartered in,7785,7785,True
cf_2935,latent,RATP is headquartered in,253,8068,False
cf_2935,latent,Financial Action Task Force on Money Laundering is based in,253,4693,False
cf_2935,latent,Veolia Water is based in,253,4693,False
cf_2935,latent,International Council of Museums's headquarters are in,253,4693,False
cf_11572,latent,"L'Armentera, which is located in",253,9972,False
cf_11572,latent,"Lugo, located in",253,9972,False
cf_11572,latent,Sant Climent Sescebes is located in,253,40906,False
cf_11572,latent,L'Armentera is located in,253,6181,False
cf_11572,latent,"Bàscara, in",253,6181,False
cf_11572,latent,"Sant Climent Sescebes, in",253,40906,False
cf_11572,latent,Borrassà is located in the country of,253,9972,False
cf_11572,latent,"Sant Climent Sescebes, located in",253,40906,False
cf_11572,latent,"la Garrotxa, which is located in",253,10869,False
cf_11572,latent,Elche is located in the country of,8987,11268,False
cf_13392,latent,"Nissan Rogue, developed by",253,48432,False
cf_13392,latent,"Nissan Almera Tino, produced by",48432,48432,True
cf_13392,latent,Nissan S30 is created by,48432,48432,True
cf_13392,latent,"Nissan NPT-90, produced by",48432,48432,True
cf_13392,latent,Nissan Be-1 is created by,253,48432,False
cf_13392,latent,"Nissan Livina, produced by",253,48432,False
cf_13392,latent,"Nissan NX, created by",48432,48432,True
cf_13392,latent,"Nissan NP200, developed by",253,48432,False
cf_13392,latent,Nissan Be-1 is a product of,253,48432,False
cf_13392,latent,Nissan R391 is developed by,48432,48432,True
cf_11682,latent,Dart was developed by,253,5559,False
cf_11682,latent,Google Play is a product of,253,5559,False
cf_11682,latent,Go is created by,253,9664,False
cf_11682,latent,"Nexus One, created by",5559,5559,True
cf_11682,latent,Google Earth was a product of,253,5559,False
cf_11682,latent,Google Chrome is created by,5559,5559,True
cf_11682,latent,"Blogger, developed by",253,9664,False
cf_11682,latent,"Blogger, a product created by",253,5559,False
cf_11682,latent,"Android, developed by",253,8217,False
cf_11682,latent,Google Web Toolkit was created by,253,9664,False
cf_12433,latent,Gunnar Björnstrand originates from,253,38476,False
cf_12433,latent,Jacob Bjerknes was originally from,253,40892,False
cf_12433,latent,Ann Zacharias is originally from,253,14289,False
cf_12433,latent,Jonatan Johansson is originally from,16842,38476,False
cf_12433,latent,Gustaf Skarsgård was originally from,16842,38476,False
cf_12433,latent,Klara Lidén was born in,253,38476,False
cf_12433,latent,Marcus Schenkenberg originated from,253,32000,False
cf_12433,latent,Yvonne Hirdman was native to,253,7785,False
cf_12433,latent,Yvonne Hirdman originated from,253,24604,False
cf_12433,latent,Lena Anderson originates from,253,8068,False
cf_12102,latent,Ken Adam died in,253,4693,False
cf_12102,latent,Georg Rudolf Weckherlin expired at,2363,12911,False
cf_12102,latent,Prince Rupert of the Rhine died in the city of,330,42471,False
cf_12102,latent,Godfrey Kneller passed away in,247,7785,False
cf_12102,latent,Gerard Hoffnung expired at,253,30167,False
cf_12102,latent,Gerard Hoffnung died in the city of,399,7785,False
cf_12102,latent,Gerard Hoffnung passed away at,253,7785,False
cf_12102,latent,Arthur Koestler expired at,253,12911,False
cf_12102,latent,"Ezekiel, Freiherr von Spanheim succumbed at",253,12911,False
cf_12102,latent,Georg Rudolf Weckherlin died in,247,12911,False
cf_15380,latent,Erich von Stroheim holds a citizenship from,253,6176,False
cf_15380,latent,"Anna Freud, who is a citizen of",253,18908,False
cf_15380,latent,"Ernő Dohnányi, a citizen of",253,29171,False
cf_15380,latent,Gustav Meyrink is a citizen of,253,16842,False
cf_15380,latent,Richard Nikolaus von Coudenhove-Kalergi holds a citizenship from,253,6176,False
cf_15380,latent,"Paul Feyerabend, who holds a citizenship from",253,6976,False
cf_15380,latent,"Joseph Roth, who has a citizenship from",253,6176,False
cf_15380,latent,Paul Feyerabend is a citizen of,253,8068,False
cf_15380,latent,"Erich von Stroheim, who is a citizen of",253,6181,False
cf_15380,latent,Ernst Gombrich is a citizen of,253,6176,False
cf_8446,latent,Uusimaa can be found in,253,25270,False
cf_8446,latent,The location of Southern Finland Regional State Administrative Agency is,4441,34159,False
cf_8446,latent,Where is Lapland? It is located in,253,25270,False
cf_8446,latent,Where is Jongunjoki? It is located in,253,48771,False
cf_8446,latent,Lapland can be found in,253,7531,False
cf_8446,latent,Uusimaa Province is in,253,25270,False
cf_8446,latent,Eastern Finland Province is located in,253,25270,False
cf_8446,latent,social worker is in,253,6144,False
cf_8446,latent,Tavastia Proper is in,253,6144,False
cf_8446,latent,Tavastia Proper is located in,253,6144,False
cf_15601,latent,Myanmar is in,253,10497,False
cf_15601,latent,Japan is in,253,10497,False
cf_15601,latent,Egypt is located in the continent,273,7531,False
cf_15601,latent,Georgia is located in the continent,273,7531,False
cf_15601,latent,Vietnam belongs to the continent of,10497,10497,True
cf_15601,latent,Egypt belongs to the continent of,7531,7531,True
cf_15601,latent,"Iran, in",253,10497,False
cf_15601,latent,Israel is located in the continent,273,3060,False
cf_15601,latent,Japan is located in,253,10497,False
cf_15601,latent,Japan is a part of the continent of,10497,10497,True
cf_6751,latent,"Patria Nueva, which has the capital city",273,21924,False
cf_6751,latent,The capital city of Santiago province is,253,38436,False
cf_6751,latent,Socialist Republic of Chile's capital city is,253,38436,False
cf_6751,latent,"Socialist Republic of Chile, which has the capital city",273,38436,False
cf_6751,latent,"Captaincy General of Chile's capital city,",38436,38436,True
cf_6751,latent,"Santiago Province, which has the capital city",273,38436,False
cf_6751,latent,"Captaincy General of Chile's capital,",38436,38436,True
cf_6751,latent,"Patria Nueva, which has the capital",273,24639,False
cf_6751,latent,Patria Nueva's capital is,253,47137,False
cf_6751,latent,"Santiago province, which has the capital city",273,38436,False
cf_15926,latent,The law in Belgrade declares the language,273,48069,False
cf_15926,latent,The official language of Niš is,253,30228,False
cf_15926,latent,The official language of Verdis is,253,4383,False
cf_15926,latent,"In Republic of Ragusa, they understand",326,4383,False
cf_15926,latent,The official language of Kingdom of Montenegro is,7812,30228,False
cf_15926,latent,The law in Republika Srpska declares the language,273,48069,False
cf_15926,latent,"In North Kosovo, an official language is",253,4383,False
cf_15926,latent,"In Belgrade, the language spoken is",253,48069,False
cf_15926,latent,"In Autonomous Province of Kosovo and Metohija, the language spoken is",31208,48069,False
cf_15926,latent,"In Republic of Ragusa, the language spoken is",253,9890,False
cf_19723,latent,Akinator is written in,253,16872,False
cf_19723,latent,The language of Psalms of Solomon is,417,25260,False
cf_19723,latent,NeoOffice is written in,330,16872,False
cf_19723,latent,The language of Open University of Israel was,8671,25260,False
cf_19723,latent,Schocken Books is written in,253,5685,False
cf_19723,latent,The language of Someone to Run With is,247,4383,False
cf_19723,latent,The language of Israel Hayom was,908,25260,False
cf_19723,latent,The language of HaMerotz LaMillion is,247,5112,False
cf_19723,latent,Google Map Maker is written in,8595,8595,True
cf_19723,latent,Yedioth Ahronoth was written in,253,11308,False
cf_11238,latent,Pimp My Ride debuted on,253,21946,False
cf_11238,latent,The Challenge is to debut on,253,21946,False
cf_11238,latent,Jackass premieres on,253,49244,False
cf_11238,latent,Real World is to debut on,253,27478,False
cf_11238,latent,Beavis and Butt-Head debuted on,253,21946,False
cf_11238,latent,My Super Psycho Sweet 16: Part 2 is to debut on,253,25456,False
cf_11238,latent,Viva La Bam premiered on,253,22303,False
cf_11238,latent,My Super Psycho Sweet 16 debuted on,253,49244,False
cf_11238,latent,The Osbournes debuted on,253,22303,False
cf_11238,latent,Æon Flux premiered on,253,7785,False
cf_18781,latent,Football Association of Zambia is a member of,253,38075,False
cf_18781,latent,Latvian Football Federation belongs to the organization of,253,38075,False
cf_18781,latent,Bangladesh Football Federation is affiliated with,253,38075,False
cf_18781,latent,Peruvian Football Federation is a member of,253,38075,False
cf_18781,latent,Football Federation Australia is affiliated with,253,38075,False
cf_18781,latent,Italy national association football team belongs to the organization of,253,38075,False
cf_18781,latent,Algerian Football Federation is affiliated with the,36364,38075,False
cf_18781,latent,Peruvian Football Federation is affiliated with the,15794,38075,False
cf_18781,latent,Uruguayan Football Association belongs to the organization of,253,38075,False
cf_18781,latent,Football Federation of Sri Lanka is affiliated with the,24206,38075,False
cf_3984,latent,"Project A-ko, that was developed in",253,4047,False
cf_3984,latent,"Super Mario Bros., that was formulated in",253,4047,False
cf_3984,latent,The Legend of Zelda from,253,26862,False
cf_3984,latent,"Howl's Moving Castle, that originated in",253,4693,False
cf_3984,latent,"Charisma, created in",253,12300,False
cf_3984,latent,"Dragon Ball, that was developed in",253,4047,False
cf_3984,latent,"The Plot of the Fuma Clan, that was developed in",253,4047,False
cf_3984,latent,"Dragon Ball, that was from",253,26862,False
cf_3984,latent,"The Tale of Genji, that was formulated in",253,4047,False
cf_3984,latent,"The Legend of Zelda, developed in",253,4047,False
cf_18874,latent,Steven Gerrard is a professional,31926,20391,False
cf_18874,latent,"David Beckham, the",3438,20391,False
cf_18874,latent,"Tim Howard, the",3438,24455,False
cf_18874,latent,What sport does Nigel de Jong play? They play,5842,20391,False
cf_18874,latent,"Nigel de Jong, the",3438,20391,False
cf_18874,latent,What sport does George Best play? They play,5842,20391,False
cf_18874,latent,Bastian Schweinsteiger professionally plays the sport,273,20391,False
cf_18874,latent,What sport does Lothar Matthäus play? They play,5842,20391,False
cf_18874,latent,What sport does Frank Lampard play? They play,5842,20391,False
cf_18874,latent,George Best professionally plays the sport,273,14623,False
cf_14945,latent,Jun Sky Walkers formed in,253,4693,False
cf_14945,latent,Line Corporation formed in,253,8068,False
cf_14945,latent,"Pre-school, created in",253,4693,False
cf_14945,latent,"Pre-school, that was started in",253,4693,False
cf_14945,latent,"MAPPA, that was formed in",253,8068,False
cf_14945,latent,Exile Tribe originated in,253,5002,False
cf_14945,latent,"Jun Sky Walkers, created in",253,6976,False
cf_14945,latent,The Privates was formed in,1283,4693,False
cf_14945,latent,"SOFFet, that originated in",253,14296,False
cf_14945,latent,Myproof was founded in,7544,8068,False
cf_14842,latent,James Joyce was employed in,253,24523,False
cf_14842,latent,Pablo Picasso was employed in,253,7785,False
cf_14842,latent,Frédéric Chopin worked in the city of,7785,7785,True
cf_14842,latent,Claude Monet found employment in,253,7785,False
cf_14842,latent,Henri Matisse worked in the city of,7785,7785,True
cf_14842,latent,Peter Paul Rubens was employed in,253,4693,False
cf_14842,latent,Marcel Duchamp took up work in,253,7785,False
cf_14842,latent,Gottfried Wilhelm Leibniz found employment in,253,26229,False
cf_14842,latent,François Mitterrand worked in,253,7785,False
cf_14842,latent,Gustave Doré took up work in,253,7785,False
cf_19636,latent,Jean-Baptiste Say is a native speaker of,5112,5112,True
cf_19636,latent,The native language of Octave Mirbeau is,5112,5112,True
cf_19636,latent,"Ferdinand de Saussure, a native",273,5112,False
cf_19636,latent,The mother tongue of Frédéric Bastiat is,253,5112,False
cf_19636,latent,"Maurice Genevoix, speaker of",253,5112,False
cf_19636,latent,Jean-Baptiste Say spoke the language,273,5112,False
cf_19636,latent,The mother tongue of Jean-Luc Picard is,253,5112,False
cf_19636,latent,The native language of Montesquieu is,5112,5112,True
cf_19636,latent,Maurice Genevoix spoke the language,273,5112,False
cf_19636,latent,The mother tongue of Jean-Baptiste Say is,247,5112,False
cf_15008,latent,"Kristin Lauter, who works for",253,5559,False
cf_15008,latent,"Brian L. Schmidt, who works for",253,21314,False
cf_15008,latent,"George Varghese, who works for",253,15501,False
cf_15008,latent,"Jon Udell, of",253,5559,False
cf_15008,latent,Darcy Burner works for,253,15501,False
cf_15008,latent,"Kristin Lauter, of",253,5559,False
cf_15008,latent,Ken Lobb works for,253,21314,False
cf_15008,latent,Eric Horvitz is employed by,253,9664,False
cf_15008,latent,Eric Horvitz works for,253,9664,False
cf_15008,latent,"John Langford, who works for",253,21314,False
cf_16753,latent,"Mojang Studios, by",253,26862,False
cf_16753,latent,"Skype, from",253,5559,False
cf_16753,latent,Microsoft Bing owner,13,9664,False
cf_16753,latent,Mojang Studios's owner,13,9664,False
cf_16753,latent,"Yammer, from",253,6181,False
cf_16753,latent,"OneDrive, from",253,9664,False
cf_16753,latent,Digital Anvil is from,253,33143,False
cf_16753,latent,Digital Anvil's owner,13,21314,False
cf_16753,latent,MSN owner,13,9664,False
cf_16753,latent,id Software owner,13,21314,False
cf_8443,latent,"Magdalena Thora, performing on the",1072,18542,False
cf_8443,latent,Peter Igelhoff plays the instrument,13,18542,False
cf_8443,latent,"Peter Igelhoff, performing on the",1072,18542,False
cf_8443,latent,"Grete von Zieritz, the",4475,25375,False
cf_8443,latent,"Conrad Hansen, performing on the",921,18542,False
cf_8443,latent,"Götz Alsmann, performing on the",1072,18542,False
cf_8443,latent,"Erwin Schulhoff, playing the",2554,18542,False
cf_8443,latent,Hauschka plays the,2554,18542,False
cf_8443,latent,Ingrid Haebler plays the,2554,18542,False
cf_8443,latent,Paul Badura-Skoda plays,253,18542,False
cf_18425,latent,Maryland Route 236 is in,253,15812,False
cf_18425,latent,Maryland Route 275 can be found in,253,15812,False
cf_18425,latent,"Maryland Route 223, in",253,15812,False
cf_18425,latent,"Maryland Route 216, in",253,15812,False
cf_18425,latent,Maryland Route 227 is located in,253,15812,False
cf_18425,latent,Maryland Route 227 can be found in,253,15812,False
cf_18425,latent,Maryland Route 213 is within,253,15812,False
cf_18425,latent,Maryland Route 177 can be found in,253,15812,False
cf_18425,latent,"Maryland Route 267, in",253,15812,False
cf_18425,latent,Maryland Route 214 is within,253,15812,False
cf_9634,latent,"Norwave, which was called after",253,20341,False
cf_9634,latent,"Norway Township, which was named after",253,20341,False
cf_9634,latent,"HNoMS Norge, which is named for",253,20341,False
cf_9634,latent,"Norská, called after",253,20341,False
cf_9634,latent,"norite, which was named for",253,24084,False
cf_9634,latent,"norite, called after",253,20341,False
cf_9634,latent,norite is named for,253,20341,False
cf_9634,latent,"HNoMS Norge, which was named after",253,20341,False
cf_9634,latent,"Noorwegenstraat, which was named after",253,16333,False
cf_9634,latent,"Norway Township, which was named for",253,20341,False
cf_17517,latent,The official religion of Moby is,253,20242,False
cf_17517,latent,Marilyn Monroe is follower of,253,20242,False
cf_17517,latent,Nicolas Sarkozy follows the religion of,253,8033,False
cf_17517,latent,Nicolas Sarkozy is follower of,253,8033,False
cf_17517,latent,Dwayne Johnson follows the religion of,521,8033,False
cf_17517,latent,Dwayne Johnson is follower of,253,35702,False
cf_17517,latent,The official religion of Ringo Starr is,253,20242,False
cf_17517,latent,Chiang Kai-shek is follower of,253,35702,False
cf_17517,latent,The official religion of Nicolas Sarkozy is,253,20242,False
cf_17517,latent,The official religion of Chiang Kai-shek is,253,35702,False
cf_15400,latent,"Alliance française, whose headquarters are in",7785,7785,True
cf_15400,latent,Gobelins Tapestry Manufactory is headquartered in,253,8068,False
cf_15400,latent,Gameloft's headquarters are in,253,4693,False
cf_15400,latent,The headquarter of People's Mujahedin of Iran is in,35889,35889,True
cf_15400,latent,The headquarters of International Federation for Human Rights is in,31955,31955,True
cf_15400,latent,The headquarter of Aérospatiale is in,7785,7785,True
cf_15400,latent,The headquarters of Alliance française is in,7785,7785,True
cf_15400,latent,"Gobelins Tapestry Manufactory, whose headquarters are in",253,8068,False
cf_15400,latent,Alliance française is headquartered in,7785,7785,True
cf_15400,latent,The headquarter of International Federation for Human Rights is in,253,31955,False
cf_4413,latent,Thanjavur district is located in the country of,5427,5427,True
cf_4413,latent,"Chittoor district, in",253,5427,False
cf_4413,latent,Madurai district is located in,253,34861,False
cf_4413,latent,"Sri Potti Sri Ramulu Nellore district, which is located in",253,5427,False
cf_4413,latent,"Anantapuram district, in",253,5427,False
cf_4413,latent,"Prakasam district, in",253,34861,False
cf_4413,latent,"Vizianagaram district, located in",253,5427,False
cf_4413,latent,"Nilgiris district, which is located in",253,17785,False
cf_4413,latent,"Thanjavur district, which is located in",253,5427,False
cf_4413,latent,"Nilgiris district, located in",253,17785,False
cf_4961,latent,IBM 6150 RT is created by,253,21314,False
cf_4961,latent,server is developed by,253,9664,False
cf_4961,latent,IBM Roadrunner is a product of,253,21314,False
cf_4961,latent,SuperMUC is produced by,253,21314,False
cf_4961,latent,Intel 80386 is produced by,17545,17545,True
cf_4961,latent,Intel 80386 is developed by,17545,17545,True
cf_4961,latent,MareNostrum is produced by,253,21946,False
cf_4961,latent,"IBM Roadrunner, developed by",253,21314,False
cf_4961,latent,"IBM 704, produced by",253,21314,False
cf_4961,latent,"MareNostrum, created by",253,17885,False
cf_6450,latent,Galaxy Nexus was a product of,253,5559,False
cf_6450,latent,Dart is created by,253,5559,False
cf_6450,latent,Google Maps was developed by,5559,5559,True
cf_6450,latent,Google Earth is developed by,253,5559,False
cf_6450,latent,"Apache Wave, developed by",253,14325,False
cf_6450,latent,"Google Calendar, developed by",5559,5559,True
cf_6450,latent,"Google Web Toolkit, developed by",253,5559,False
cf_6450,latent,Nexus 7 is created by,253,5559,False
cf_6450,latent,V8 is a product of,253,9664,False
cf_6450,latent,"Android, developed by",253,8217,False
cf_11746,latent,Georg Malmstén originates from,253,22783,False
cf_11746,latent,Esko Salminen originates from,253,38476,False
cf_11746,latent,Esko Salminen was born in,34159,38476,False
cf_11746,latent,Göran Schildt originated from,253,38476,False
cf_11746,latent,Antti Reini originated from,253,34159,False
cf_11746,latent,Janita was born in,253,4693,False
cf_11746,latent,Outi Mäenpää is originally from,25270,34159,False
cf_11746,latent,Petteri Koponen was native to,253,38476,False
cf_11746,latent,Vesa-Matti Loiri was originally from,253,34159,False
cf_11746,latent,Göran Schildt was originally from,253,16842,False
cf_9480,latent,Diane de France expired at,253,7785,False
cf_9480,latent,Diane de France passed away in,247,7785,False
cf_9480,latent,Willy Maywald's life ended in,247,8068,False
cf_9480,latent,Urbain Le Verrier succumbed at,253,7785,False
cf_9480,latent,Otto Grautoff died in,253,7785,False
cf_9480,latent,Maurice Chevalier passed away at,253,7785,False
cf_9480,latent,Henri Moissan's life ended in,247,7785,False
cf_9480,latent,Sergei Prokudin-Gorskii succumbed at,253,16496,False
cf_9480,latent,Adolphe Niel succumbed at,253,7785,False
cf_9480,latent,Berthe Morisot expired at,253,12911,False
cf_2900,latent,Elisa Carrió holds a citizenship from,253,23881,False
cf_2900,latent,Bernarda Fink holds a citizenship from,253,6181,False
cf_2900,latent,"Javier Pastore, a citizen of",253,8987,False
cf_2900,latent,Natalia Verbeke has a citizenship from,253,22785,False
cf_2900,latent,"Ariel Fernández, who is a citizen of",253,31003,False
cf_2900,latent,Marcelo Gallardo is a citizen of,253,10869,False
cf_2900,latent,"Carlos Pellegrini, a citizen of",253,10869,False
cf_2900,latent,"Ezequiel Lavezzi, who holds a citizenship from",253,23881,False
cf_2900,latent,Carlos Pellegrini has a citizenship from,253,23881,False
cf_2900,latent,Claudia Amura holds a citizenship from,253,9972,False
cf_8276,latent,The location of Lesser Poland Voivodeship is,253,16795,False
cf_8276,latent,Kuyavian-Pomeranian Voivodeship is in,253,16795,False
cf_8276,latent,Where is West Pomeranian Voivodeship? It is located in,253,6176,False
cf_8276,latent,Where is Włocławek Voivodeship? It is located in,253,16795,False
cf_8276,latent,Greek Catholic Eparchy of Wrocław-Koszalin can be found in,253,16795,False
cf_8276,latent,Where is Polish Armed Forces? It is located in,253,16795,False
cf_8276,latent,Podkarpackie Voivodeship is in,253,16795,False
cf_8276,latent,Lubusz Voivodeship is in,253,16795,False
cf_8276,latent,Silesian Voivodeship is located in,253,3060,False
cf_8276,latent,Opole Voivodeship can be found in,253,22785,False
cf_6469,latent,Democratic Republic of the Congo is in,253,7531,False
cf_6469,latent,Tanzania is located in the continent,273,7531,False
cf_6469,latent,Democratic Republic of the Congo belongs to the continent of,7531,7531,True
cf_6469,latent,Uganda belongs to the continent of,7531,7531,True
cf_6469,latent,Chad is located in the continent,273,3060,False
cf_6469,latent,Mozambique belongs to the continent of,7531,7531,True
cf_6469,latent,Kenya belongs to the continent of,7531,7531,True
cf_6469,latent,Angola is located in the continent,273,7531,False
cf_6469,latent,Algeria belongs to the continent of,7531,7531,True
cf_6469,latent,Ghana is a part of the continent of,7531,7531,True
cf_18952,latent,"In Kalajoki, an official language is",13452,34861,False
cf_18952,latent,"In Iisalmi, an official language is",247,4383,False
cf_18952,latent,"In Pudasjärvi, an official language is",13452,36090,False
cf_18952,latent,The law in Loimaa declares the language,273,36090,False
cf_18952,latent,"In Inari, an official language is",247,6692,False
cf_18952,latent,"In Salla, they understand",326,4383,False
cf_18952,latent,The law in Loviisa declares the language,273,36090,False
cf_18952,latent,The law in Iisalmi declares the language,273,18416,False
cf_18952,latent,"In Keuruu, they understand",326,6692,False
cf_18952,latent,The law in Viitasaari declares the language,273,36090,False
cf_985,latent,The language of The Adventures of Captain Hatteras is,247,4383,False
cf_985,latent,The language of Louise is,417,5112,False
cf_985,latent,The language of La Juive was,417,5112,False
cf_985,latent,The Valiant Little Tailor was written in,253,5112,False
cf_985,latent,The language of wikiHow was,11797,4383,False
cf_985,latent,The language of Le Ventre de Paris is,247,5112,False
cf_985,latent,Acta Mathematica was written in,253,22718,False
cf_985,latent,Discipline and Punish is written in,253,4383,False
cf_985,latent,Annals of Science is written in,253,4383,False
cf_985,latent,The language of Iron Man: Armored Adventures was,247,17826,False
cf_12791,latent,Barnaby Jones is to debut on,253,5842,False
cf_12791,latent,Latin Grammy Awards premiered on,5080,22303,False
cf_12791,latent,Blue Bloods premiered on,27199,22303,False
cf_12791,latent,Cybill debuted on,253,22303,False
cf_12791,latent,CBS News was originally aired on,21946,21946,True
cf_12791,latent,Latin Grammy Awards was released on,4565,22303,False
cf_12791,latent,"Dink, the Little Dinosaur was originally aired on",253,22303,False
cf_12791,latent,Mr. Terrific premieres on,253,22303,False
cf_12791,latent,Mr. Merlin was released on,19590,21946,False
cf_12791,latent,CBS News was released on,8216,21946,False
cf_9796,latent,Romanian Football Federation is affiliated with,253,38075,False
cf_9796,latent,National Autonomous Federation of Football of Honduras is affiliated with the,44509,38075,False
cf_9796,latent,Football Federation Australia is a part of the,9943,38075,False
cf_9796,latent,Football Federation of Sri Lanka is a part of the,24206,38075,False
cf_9796,latent,Turkish Football Federation belongs to the organization of,253,38075,False
cf_9796,latent,Bangladesh Football Federation is a member of,253,38075,False
cf_9796,latent,Latvian Football Federation is a part of the,15794,38075,False
cf_9796,latent,National Autonomous Federation of Football of Honduras is a part of the,44509,38075,False
cf_9796,latent,National Autonomous Federation of Football of Honduras is a member of,253,38075,False
cf_9796,latent,Football Association of Zambia is affiliated with,253,38075,False
cf_11743,latent,"Democritus meditating on the seat of the soul, formulated in",253,11308,False
cf_11743,latent,"Le Monde, that was from",253,6181,False
cf_11743,latent,"Les Rougon-Macquart, that was from",253,6181,False
cf_11743,latent,"A350, created in",253,18267,False
cf_11743,latent,"Despicable Me, from",253,16590,False
cf_11743,latent,"margarine, developed in",253,4693,False
cf_11743,latent,"The Intouchables, created in",253,4047,False
cf_11743,latent,"Messier object, from",253,6181,False
cf_11743,latent,Orchestre National de Lyon was created in the country of,6510,6181,False
cf_11743,latent,"The Intouchables, that originated in",253,5427,False
cf_18872,latent,Ken Dryden plays,253,24455,False
cf_18872,latent,"Jean Béliveau, the",3438,24604,False
cf_18872,latent,"Maurice Richard, the",3438,25375,False
cf_18872,latent,"Alexander Ovechkin, the",5041,22037,False
cf_18872,latent,What sport does Teemu Sälännä play? They play,5842,19971,False
cf_18872,latent,What sport does Dennis Seidenberg play? They play,23354,19971,False
cf_18872,latent,What sport does Ivan Hlinka play? They play,5842,19971,False
cf_18872,latent,What sport does Jaromír Jágr play? They play,5842,20391,False
cf_18872,latent,Gordie Howe professionally plays the sport,273,19971,False
cf_18872,latent,Jaromír Jágr is a professional,6749,20391,False
cf_7953,latent,"The KLF, that was formed in",253,14296,False
cf_7953,latent,"Haken, that was created in",253,6176,False
cf_7953,latent,"The xx, that was formed in",253,4693,False
cf_7953,latent,Bronski Beat was started in,253,40431,False
cf_7953,latent,Madness was founded in,253,4693,False
cf_7953,latent,The Saturdays was formed in,253,4693,False
cf_7953,latent,"British American Tobacco, founded in",1283,4693,False
cf_7953,latent,"Current 93, created in",253,4047,False
cf_7953,latent,Haken was started in,253,12911,False
cf_7953,latent,The xx formed in,253,4693,False
cf_11798,latent,Pyotr Fyodorovich Sokolov used to work in,253,16496,False
cf_11798,latent,Vladimir Medinsky used to work in,253,16496,False
cf_11798,latent,Ivan Kliun worked in,253,16496,False
cf_11798,latent,Pyotr Fyodorovich Sokolov found employment in,253,16496,False
cf_11798,latent,Igor Rodionov worked in,253,16496,False
cf_11798,latent,Igor Rodionov was employed in,253,16496,False
cf_11798,latent,Nikolai Gubenko found employment in,253,16496,False
cf_11798,latent,Moisei Ginzburg worked in,253,7785,False
cf_11798,latent,Sergey Ivanov found employment in,253,16496,False
cf_11798,latent,Nikolay Nikolayevich Zhukov worked in,253,16496,False
cf_11367,latent,The mother tongue of Jan Hendrik Waszink is,247,13986,False
cf_11367,latent,"Henk van Woerden, a native",273,13986,False
cf_11367,latent,Rob Birza is a native speaker of,4383,5112,False
cf_11367,latent,Gerrit Achterberg is a native speaker of,5685,13986,False
cf_11367,latent,"Arend Lijphart, speaker of",253,13986,False
cf_11367,latent,The native language of Henk van Woerden is,13986,13986,True
cf_11367,latent,The mother tongue of Johan Daisne is,247,13986,False
cf_11367,latent,The mother tongue of Gerrit Achterberg is,247,13986,False
cf_11367,latent,The mother tongue of Arend Lijphart is,247,13986,False
cf_11367,latent,"Hendrik Brugmans, a native",273,13986,False
cf_14524,latent,"Guillaume Lopez, who is employed by",253,15501,False
cf_14524,latent,"Shinichiro Sakurai, who is employed by",253,26862,False
cf_14524,latent,Yutaka Kume is employed by,253,5559,False
cf_14524,latent,"Makoto Uchida, who works for",253,26862,False
cf_14524,latent,"Andres F Badel, who works for",253,15501,False
cf_14524,latent,"Takashi Ishihara, who is employed by",253,26862,False
cf_14524,latent,Makoto Uchida is employed by,253,26862,False
cf_14524,latent,"Yoshisuke Aikawa, who works for",253,26862,False
cf_14524,latent,Javier Pacheco works for,253,34599,False
cf_14524,latent,"Carlos Tavares, who works for",253,27478,False
cf_2301,latent,Museo del Novecento's owner,13,12300,False
cf_2301,latent,Institute civic Alessandro Manzoni owner,273,27850,False
cf_2301,latent,Arch of Peace is from,253,43516,False
cf_2301,latent,La Scala's owner,13,27850,False
cf_2301,latent,"Palazzo Marino, from",253,27850,False
cf_2301,latent,"La Scala, from",253,27850,False
cf_2301,latent,Museum of Musical Instruments's owner,13,310,False
cf_2301,latent,Parco Sempione Library's owner,13,310,False
cf_2301,latent,Parco Sempione Library is owned by,253,12126,False
cf_2301,latent,Sforza Castle Civic Museums is owned by,253,9972,False
cf_11312,latent,Franz Schalk performs on the,18542,18542,True
cf_11312,latent,Giacomo Casanova plays the instrument,15,18542,False
cf_11312,latent,Heinrich Panofka plays the,2554,18542,False
cf_11312,latent,Alice Harnoncourt plays,253,18542,False
cf_11312,latent,"Josef Krips, the",3438,25375,False
cf_11312,latent,Thomas Hengelbrock performs on the,18542,18542,True
cf_11312,latent,Franz Welser-Möst plays,323,18542,False
cf_11312,latent,"Wilhelm Joseph von Wasielewski, playing the",2554,18542,False
cf_11312,latent,"Erika Morini, the",6423,18542,False
cf_11312,latent,"Heinrich Christoph Koch, the",5685,5685,True
cf_12525,latent,rue Desbordes-Valmore is located in,253,6181,False
cf_12525,latent,Société géologique de France can be found in,253,7785,False
cf_12525,latent,rue de la Chaussée-d'Antin is located in,253,6181,False
cf_12525,latent,rue du 8-Mai-1945 is located in,253,7785,False
cf_12525,latent,Paris Chamber of Commerce is in,253,7785,False
cf_12525,latent,Abbey of St. Victor is located in,253,6181,False
cf_12525,latent,Paris Chamber of Commerce is within,253,7785,False
cf_12525,latent,rue Desbordes-Valmore can be found in,253,6181,False
cf_12525,latent,rue du 8-Mai-1945 can be found in,253,7785,False
cf_12525,latent,"Institut supérieur du commerce de Paris, in",7785,7785,True
cf_8145,latent,"Teatro Apollo, which was called after",253,34197,False
cf_8145,latent,Parnassius apollo was named for,253,12300,False
cf_8145,latent,Naxos Island National Airport is named for,253,27411,False
cf_8145,latent,Phoebus cartel was called after,253,24605,False
cf_8145,latent,"Apollo-Optik, named after",253,34197,False
cf_8145,latent,"Teatro Cinema Apollo, named after",253,34197,False
cf_8145,latent,"Phoebus cartel, which is called after",253,24605,False
cf_8145,latent,Apollo-Optik is named for,253,34197,False
cf_8145,latent,"Teatro Apollo, which was named for",253,34197,False
cf_8145,latent,Apollon Lympion is called after,253,10406,False
cf_3216,latent,Mos Def follows the religion of,253,8033,False
cf_3216,latent,Malcolm X is follower of,253,35702,False
cf_3216,latent,Dave Chappelle is affiliated with the religion,273,43506,False
cf_3216,latent,Alī ibn Abī Ṭālib is follower of,253,8033,False
cf_3216,latent,Dave Chappelle is follower of,253,35702,False
cf_3216,latent,Hamid Karzai is follower of,253,8033,False
cf_3216,latent,Rumi is affiliated with the religion,273,8033,False
cf_3216,latent,Mos Def is affiliated with the religion,273,43506,False
cf_3216,latent,The official religion of Hamid Karzai is,8033,8033,True
cf_3216,latent,Rasul Gamzatov follows the religion of,8033,8033,True
cf_10349,latent,The headquarters of Ionwerks (United States) is in,253,14296,False
cf_10349,latent,The headquarter of Par Pacific Holdings is in,253,22126,False
cf_10349,latent,Tascon Industries (United States)'s headquarters are in,253,22119,False
cf_10349,latent,The headquarter of Par Pacific Holdings is located in,253,22126,False
cf_10349,latent,The headquarter of Research Partnership to Secure Energy for America is in,253,14296,False
cf_10349,latent,The headquarter of Fugro (United States) is in,253,14296,False
cf_10349,latent,Radiant Creative Group is based in,253,16335,False
cf_10349,latent,Fusion (United States)'s headquarters are in,253,14296,False
cf_10349,latent,The headquarter of Alliance of Community Assistance Ministries is in,253,14296,False
cf_10349,latent,"Radiant Creative Group, whose headquarters are in",253,16335,False
cf_8488,latent,"MLS player ID, located in",253,16335,False
cf_8488,latent,"NBA.com player ID, in",253,19305,False
cf_8488,latent,"USL Championship player ID, located in",253,33894,False
cf_8488,latent,"Basketball Reference NBA player ID, located in",253,18267,False
cf_8488,latent,"ESRB rating, which is located in",253,6144,False
cf_8488,latent,"Sports-Reference.com college basketball player ID, located in",253,18267,False
cf_8488,latent,"Federal Heritage Buildings ID (Canada), which is located in",253,22126,False
cf_8488,latent,"Canada, in",253,10497,False
cf_8488,latent,"Heritage Lighthouse of Canada ID, located in",253,13533,False
cf_8488,latent,"Heritage Lighthouse of Canada ID, which is located in",253,29539,False
cf_2504,latent,Nissan NX is created by,253,48432,False
cf_2504,latent,"Nissan Model 70, created by",48432,48432,True
cf_2504,latent,Sileighty is produced by,253,41813,False
cf_2504,latent,Nissan Almera Tino is produced by,48432,48432,True
cf_2504,latent,Infiniti QX60 is a product of,253,32714,False
cf_2504,latent,Infiniti QX60 is produced by,253,32714,False
cf_2504,latent,Nissan GTP ZX-Turbo is created by,48432,48432,True
cf_2504,latent,Nissan Model 70 is created by,48432,48432,True
cf_2504,latent,Nissan Skyline GT-R is produced by,48432,48432,True
cf_2504,latent,"Nissan Primera P12, developed by",48432,48432,True
cf_9000,latent,Windows 3.1 is developed by,9664,9664,True
cf_9000,latent,Windows 9x was a product of,253,9664,False
cf_9000,latent,"Windows NT, developed by",9664,9664,True
cf_9000,latent,Windows Media Center is developed by,9664,9664,True
cf_9000,latent,Microsoft Office 2007 was created by,9664,9664,True
cf_9000,latent,Windows Media Center was created by,9664,9664,True
cf_9000,latent,F# was developed by,253,9664,False
cf_9000,latent,"Microsoft Silverlight, a product of",9664,9664,True
cf_9000,latent,"Windows 2000, a product of",9664,9664,True
cf_9000,latent,Windows Media Center is a product of,253,9664,False
cf_18292,latent,Robert Bourassa is originally from,253,24604,False
cf_18292,latent,Daniel Turp originated from,253,8068,False
cf_18292,latent,Gabriel Nadeau-Dubois was native to,253,7785,False
cf_18292,latent,Dollard St. Laurent is native to,253,7785,False
cf_18292,latent,Ernie Vandeweghe originated from,253,4693,False
cf_18292,latent,Gabriel Nadeau-Dubois originates from,253,24604,False
cf_18292,latent,Daniel Turp was born in,253,8068,False
cf_18292,latent,Gabriel Nadeau-Dubois was born in,253,7785,False
cf_18292,latent,Poirier originates from,253,7785,False
cf_18292,latent,Pierre Falardeau was originally from,253,7785,False
cf_17889,latent,Alois Hudal passed away at,253,7785,False
cf_17889,latent,Alois Hudal succumbed at,253,7785,False
cf_17889,latent,Alois Hudal died in the city of,308,7785,False
cf_17889,latent,Gregory XIII died at,253,12300,False
cf_17889,latent,Clement VII expired at,253,12300,False
cf_17889,latent,Innocent X died in,247,7785,False
cf_17889,latent,Gisela Richter died at,253,32000,False
cf_17889,latent,August Kestner lost their life at,253,12911,False
cf_17889,latent,Gregory XIII expired at,253,12300,False
cf_17889,latent,Clement VII lost their life at,253,12300,False
cf_5720,latent,Ion C. Brătianu holds a citizenship from,34262,34262,True
cf_5720,latent,"Daniel Spoerri, a citizen of",253,9972,False
cf_5720,latent,Dumitru Stăniloae is a citizen of,34262,34262,True
cf_5720,latent,Eugenio Coșeriu is a citizen of,34262,34262,True
cf_5720,latent,"Daniel Spoerri, who is a citizen of",253,9972,False
cf_5720,latent,"Florin Piersic, who has a citizenship from",253,9972,False
cf_5720,latent,"György Ligeti, who has a citizenship from",253,29171,False
cf_5720,latent,Sorin Ghionea is a citizen of,253,23174,False
cf_5720,latent,"Angela Gheorghiu, who is a citizen of",253,43905,False
cf_5720,latent,Sergiu Celibidache has a citizenship from,253,43905,False
cf_10805,latent,Where is CNIB? It is located in,253,24604,False
cf_10805,latent,Where is The Royal Conservatory of Music? It is located in,253,4693,False
cf_10805,latent,504 King can be found in,253,34992,False
cf_10805,latent,Christie Pits can be found in,253,7758,False
cf_10805,latent,The location of Christie Pits is,247,28792,False
cf_10805,latent,Where is Beaches—East York? It is located in,253,17367,False
cf_10805,latent,Toronto Public Library is in,253,13533,False
cf_10805,latent,The Royal Conservatory of Music is located in,253,4693,False
cf_10805,latent,Exhibition GO Station can be found in,253,17413,False
cf_10805,latent,Beaches—East York can be found in,253,13533,False
cf_18730,latent,Uganda is located in the continent,273,7531,False
cf_18730,latent,Democratic Republic of the Congo is located in the continent,273,7531,False
cf_18730,latent,"South Africa, in",253,7531,False
cf_18730,latent,"Tanzania, in",253,7531,False
cf_18730,latent,Uganda belongs to the continent of,7531,7531,True
cf_18730,latent,Angola is in,253,7531,False
cf_18730,latent,Angola is located in the continent,273,7531,False
cf_18730,latent,Nigeria is a part of the continent of,7531,7531,True
cf_18730,latent,Morocco is a part of the continent of,7531,7531,True
cf_18730,latent,Zambia is a part of the continent of,7531,7531,True
cf_18948,latent,"In Malta, they understand",326,4383,False
cf_18948,latent,"In Vanuatu, they understand",326,4383,False
cf_18948,latent,The law in Australia declares the language,273,4383,False
cf_18948,latent,"In Guyana, they understand",326,4383,False
cf_18948,latent,"In Singapore, an official language is",18150,4383,False
cf_18948,latent,The law in Singapore declares the language,273,16861,False
cf_18948,latent,"In South Africa, they understand",326,4383,False
cf_18948,latent,The law in Belize declares the language,273,4383,False
cf_18948,latent,"In Trinidad and Tobago, the language spoken is",4383,4383,True
cf_18948,latent,The official language of Australia is,4383,4383,True
cf_7086,latent,Comentarios Reales de los Incas is written in,253,9883,False
cf_7086,latent,Inkscape was written in,253,8595,False
cf_7086,latent,Android was written in,330,8595,False
cf_7086,latent,Andrés was written in,253,9883,False
cf_7086,latent,The language of Opera is,417,9890,False
cf_7086,latent,The language of Android is,417,4383,False
cf_7086,latent,Android is written in,330,8595,False
cf_7086,latent,LibreOffice is written in,330,5112,False
cf_7086,latent,Opera was written in,253,9890,False
cf_7086,latent,RT is written in,253,4383,False
cf_9391,latent,College GameDay is to debut on,253,27478,False
cf_9391,latent,College GameDay premieres on,21946,27478,False
cf_9391,latent,30 for 30 premiered on,253,22303,False
cf_9391,latent,Outside the Lines was originally aired on,253,21946,False
cf_9391,latent,NBA on ESPN was originally aired on,27478,27478,True
cf_9391,latent,ESPY Award is to debut on,253,21946,False
cf_9391,latent,30 for 30 is to debut on,253,22303,False
cf_9391,latent,Baseball Tonight was originally aired on,22303,22303,True
cf_9391,latent,Playmakers debuted on,253,27478,False
cf_9391,latent,SportsCenter debuted on,253,27478,False
cf_12460,latent,Football Association of Zambia is a part of the,1503,38075,False
cf_12460,latent,Bolivian Football Federation is affiliated with the,15794,38075,False
cf_12460,latent,Latvian Football Federation is affiliated with,253,38075,False
cf_12460,latent,Federação Moçambicana de Futebol is affiliated with the,26467,38075,False
cf_12460,latent,Football Association of Serbia is affiliated with,253,38075,False
cf_12460,latent,Federação Moçambicana de Futebol belongs to the organization of,253,38075,False
cf_12460,latent,Bangladesh Football Federation is affiliated with the,29310,38075,False
cf_12460,latent,Football Federation of Sri Lanka is a part of the,24206,38075,False
cf_12460,latent,Russia national association football team belongs to the organization of,253,38075,False
cf_12460,latent,New Zealand Football is a part of the,1457,38075,False
cf_8162,latent,"Yojimbo, that originated in",4047,4047,True
cf_8162,latent,Tokyo Story was developed in,253,4047,False
cf_8162,latent,"Yojimbo, that was formulated in",253,4047,False
cf_8162,latent,"Tokyo Story, created in",253,4047,False
cf_8162,latent,Donkey Kong was developed in,253,26862,False
cf_8162,latent,"Neon Genesis Evangelion, that was created in",253,4047,False
cf_8162,latent,"The Legend of Zelda, that was formulated in",253,4047,False
cf_8162,latent,"Gurren Lagann, developed in",253,23340,False
cf_8162,latent,Howl's Moving Castle was created in,253,14614,False
cf_8162,latent,"Project A-ko, from",253,36546,False
cf_16831,latent,Jaromír Jágr is a professional,6749,20391,False
cf_16831,latent,Wayne Gretzky professionally plays the sport,273,19971,False
cf_16831,latent,Teemu Sälännä professionally plays the sport,273,19971,False
cf_16831,latent,Patrick Roy is a professional,5842,19971,False
cf_16831,latent,Jean Béliveau professionally plays the sport,273,19971,False
cf_16831,latent,"Dennis Seidenberg, the",3438,19971,False
cf_16831,latent,Evgeni Malkin professionally plays the sport,273,19971,False
cf_16831,latent,Mario Lemieux professionally plays the sport,273,19971,False
cf_16831,latent,What sport does Dennis Seidenberg play? They play,23354,19971,False
cf_16831,latent,What sport does Maurice Richard play? They play,5842,20391,False
cf_19157,latent,Marah that was founded in,253,14289,False
cf_19157,latent,Marah was formed in,253,4693,False
cf_19157,latent,"Ink & Dagger, created in",253,4047,False
cf_19157,latent,Free Energy was created in,253,6144,False
cf_19157,latent,"Dandelion, that was created in",253,5002,False
cf_19157,latent,"Pretty Poison, that originated in",253,6976,False
cf_19157,latent,Keebler Company that was founded in,1283,6176,False
cf_19157,latent,Blue Magic was created in,253,17372,False
cf_19157,latent,"Kindred the Family Soul, that was started in",253,8068,False
cf_19157,latent,"McFadden & Whitehead, that was formed in",253,8068,False
cf_10003,latent,Scipione Pulzone found employment in,253,27850,False
cf_10003,latent,Cristina García Rodero worked in the city of,330,46287,False
cf_10003,latent,Scipione Pulzone worked in,253,12300,False
cf_10003,latent,Onorio Marinari used to work in,253,24639,False
cf_10003,latent,Alexis-François Artaud De Montor used to work in,253,7785,False
cf_10003,latent,Jacopo da Empoli worked in the city of,27741,12300,False
cf_10003,latent,Giuliano Bugiardini worked in the city of,12300,12300,True
cf_10003,latent,Cristina García Rodero took up work in,253,21924,False
cf_10003,latent,Alfred Stevens worked in the city of,1457,4693,False
cf_10003,latent,Hiram Powers worked in,253,5041,False
cf_11975,latent,"Robert Schuman, a native",273,5112,False
cf_11975,latent,The native language of Jean-Baptiste Say is,5112,5112,True
cf_11975,latent,The mother tongue of Jean-Luc Picard is,247,5112,False
cf_11975,latent,The mother tongue of Melchior de Vogüé is,253,5112,False
cf_11975,latent,"Jean Auguste Dominique Ingres, a native",273,5112,False
cf_11975,latent,"Melchior de Vogüé, speaker of",253,5112,False
cf_11975,latent,"Georges Duhamel, a native",273,5112,False
cf_11975,latent,"Jean-Baptiste Say, speaker of",253,5112,False
cf_11975,latent,François Bayrou spoke the language,273,5112,False
cf_11975,latent,Maurice Genevoix is a native speaker of,5112,5112,True
cf_7975,latent,Fred Brooks is employed by,253,9664,False
cf_7975,latent,"Grady Booch, of",253,41813,False
cf_7975,latent,Thomas Watson is employed by,253,15501,False
cf_7975,latent,"Lynn Conway, who is employed by",253,9664,False
cf_7975,latent,Jeffrey Shallit is employed by,253,9664,False
cf_7975,latent,Grady Booch works for,253,15501,False
cf_7975,latent,"Vint Cerf, who is employed by",253,21314,False
cf_7975,latent,J. M. Coetzee is employed by,253,10550,False
cf_7975,latent,"Grady Booch, who is employed by",253,21946,False
cf_7975,latent,Frances E. Allen works for,253,21314,False
cf_812,latent,"Swoosh, by",253,5559,False
cf_812,latent,Swoosh owner,13,44065,False
cf_812,latent,10//2 is owned by,253,9664,False
cf_812,latent,"Just Do It, by",253,17885,False
cf_812,latent,Converse is from,253,9664,False
cf_812,latent,Swoosh is from,253,26862,False
cf_812,latent,Jumpman owner,13,46599,False
cf_812,latent,"Jumpman, by",253,17885,False
cf_812,latent,Just Do It owner,13,17885,False
cf_812,latent,"Converse, from",253,9664,False
cf_2754,latent,Erwin Schulhoff performs on the,3924,18542,False
cf_2754,latent,"Mathilde Kralik, performing on the",1072,18542,False
cf_2754,latent,"Paul Badura-Skoda, performing on the",3924,18542,False
cf_2754,latent,"Anton Rubinstein, playing the",2554,18542,False
cf_2754,latent,Paul Badura-Skoda plays,253,18542,False
cf_2754,latent,Conrad Hansen performs on the,18542,18542,True
cf_2754,latent,Hauschka plays the,2554,18542,False
cf_2754,latent,Ingrid Haebler plays,253,24455,False
cf_2754,latent,"Peter Igelhoff, performing on the",1072,18542,False
cf_2754,latent,"Hauschka, performing on the",1072,18542,False
cf_17879,latent,Lotto metro station is in,253,27850,False
cf_17879,latent,Garibaldi FS metro station is located in,253,9972,False
cf_17879,latent,University of Milan-Bicocca is located in,253,27850,False
cf_17879,latent,"Biblioteca Trivulziana, in",253,12300,False
cf_17879,latent,San Pietro in Gessate Church is located in,253,9972,False
cf_17879,latent,Biblioteca Trivulziana is in,253,12300,False
cf_17879,latent,"Museo della Scienza e della Tecnologia ""Leonardo da Vinci"" can be found in",253,27741,False
cf_17879,latent,"Pirelli Tower, in",253,27850,False
cf_17879,latent,"San Pietro in Gessate Church, in",253,9972,False
cf_17879,latent,San Pietro in Gessate Church is in,253,9972,False
cf_14406,latent,Peking was called after,253,18496,False
cf_14406,latent,Peking is named for,253,18496,False
cf_14406,latent,American Pekin was named for,253,7252,False
cf_14406,latent,"2045 Peking, which was named for",253,18496,False
cf_14406,latent,Beijing Capital International Airport is called after,253,18496,False
cf_14406,latent,"2045 Peking, which is called after",253,18496,False
cf_14406,latent,2045 Peking is named after,253,18496,False
cf_14406,latent,"Beijing Daxing International Airport, named for",253,18496,False
cf_14406,latent,passage de Pékin was named after,779,6181,False
cf_14406,latent,"Beijing Capital International Airport, which is named for",253,18496,False
cf_16771,latent,Q-Tip is follower of,253,35702,False
cf_16771,latent,The official religion of Mohammed Ali is,253,8033,False
cf_16771,latent,The official religion of Rasul Gamzatov is,8033,8033,True
cf_16771,latent,Malcolm X is affiliated with the religion,273,20242,False
cf_16771,latent,Malcolm X follows the religion of,521,8033,False
cf_16771,latent,Dave Chappelle is follower of,253,35702,False
cf_16771,latent,Johann Ludwig Burckhardt is affiliated with the religion,273,20242,False
cf_16771,latent,Hema Malini is follower of,253,8033,False
cf_16771,latent,Johann Ludwig Burckhardt is follower of,253,20242,False
cf_16771,latent,saint follows the religion of,253,8033,False
cf_14789,latent,The headquarter of MUBI is located in,253,11988,False
cf_14789,latent,"Eidos Interactive, whose headquarters are in",253,24639,False
cf_14789,latent,World ORT is based in,253,4693,False
cf_14789,latent,The headquarters of Taylor Wimpey is in,253,4693,False
cf_14789,latent,"Kingfisher plc, whose headquarters are in",253,4693,False
cf_14789,latent,Royal Astronomical Society is headquartered in,11988,11988,True
cf_14789,latent,The headquarter of MUBI is in,253,11988,False
cf_14789,latent,"Association of Chartered Certified Accountants, whose headquarters are in",4693,4693,True
cf_14789,latent,Marshall Amplification is based in,253,13533,False
cf_14789,latent,Arup is headquartered in,1457,48771,False
cf_10358,latent,"Vejle, in",253,22785,False
cf_10358,latent,Svendborg Municipality is located in,253,22783,False
cf_10358,latent,"Randers, in",253,6181,False
cf_10358,latent,"Capital Region of Denmark, which is located in",253,22783,False
cf_10358,latent,"Aarhus, located in",253,22783,False
cf_10358,latent,Aalborg is located in the country of,22783,22783,True
cf_10358,latent,"Central Denmark Region, located in",253,22783,False
cf_10358,latent,"Region Zealand, which is located in",253,6976,False
cf_10358,latent,"North Denmark Region, located in",253,22783,False
cf_10358,latent,"Svendborg Municipality, in",253,22783,False
cf_16538,latent,Toyota Camry (XV50) is a product of,253,32714,False
cf_16538,latent,Toyota Sprinter Carib is developed by,32714,32714,True
cf_16538,latent,Toyota AD engine is created by,32714,32714,True
cf_16538,latent,"Toyota AZ engine, produced by",32714,32714,True
cf_16538,latent,Toyota Yaris is developed by,32714,32714,True
cf_16538,latent,"Hino Liesse, created by",253,26862,False
cf_16538,latent,Hino Liesse is produced by,253,26862,False
cf_16538,latent,Su-Ki is created by,253,21314,False
cf_16538,latent,"Toyota Harrier, produced by",32714,32714,True
cf_16538,latent,"Toyota NZ engine, created by",32714,32714,True
cf_5216,latent,Apple USB Mouse was a product of,253,8217,False
cf_5216,latent,AppleSingle and AppleDouble formats was developed by,8217,8217,True
cf_5216,latent,"QuickTime Animation, a product created by",253,8217,False
cf_5216,latent,"AppleSingle and AppleDouble formats, created by",8217,8217,True
cf_5216,latent,"Apple HD SC Setup, developed by",253,8217,False
cf_5216,latent,"Apple iAd Producer, developed by",9664,8217,False
cf_5216,latent,"MacBASIC, a product developed by",253,8217,False
cf_5216,latent,Appearance Manager was developed by,253,9664,False
cf_5216,latent,"Apple Thunderbolt Display, created by",8217,8217,True
cf_5216,latent,Calendar and Contacts Server was created by,253,9664,False
cf_4684,latent,Mario Barroso is native to,253,10869,False
cf_4684,latent,Jerónimo Lobo was originally from,253,46287,False
cf_4684,latent,António Diniz da Cruz e Silva was born in,253,24084,False
cf_4684,latent,"Peter, Duke of Coimbra was native to",253,24084,False
cf_4684,latent,António de Macedo was born in,253,40549,False
cf_4684,latent,Luís Fróis was native to,253,48104,False
cf_4684,latent,António Diniz da Cruz e Silva is native to,253,48104,False
cf_4684,latent,Mario Barroso was born in,253,10869,False
cf_4684,latent,Joly Braga Santos originates from,253,7785,False
cf_4684,latent,Carlos Alberto Alves Garcia is native to,253,10869,False
cf_4186,latent,André Guinier passed away at,253,7785,False
cf_4186,latent,Otto Grautoff lost their life at,253,12911,False
cf_4186,latent,Maurice Chevalier died in,247,7785,False
cf_4186,latent,Willy Maywald lost their life at,253,24538,False
cf_4186,latent,Berthe Morisot passed away at,253,7785,False
cf_4186,latent,Maurice Chevalier passed away at,253,7785,False
cf_4186,latent,Charles-Antoine Coypel expired at,253,7785,False
cf_4186,latent,Horace François Bastien Sébastiani de La Porta expired at,253,7785,False
cf_4186,latent,Gabriel Fauré died in the city of,7785,7785,True
cf_4186,latent,Henri Moissan died in,247,7785,False
cf_8775,latent,"Manuel Valls, who is a citizen of",253,6181,False
cf_8775,latent,"Alain Prost, who holds a citizenship from",253,6181,False
cf_8775,latent,Marion Cotillard holds a citizenship from,6181,6181,True
cf_8775,latent,Alain Prost has a citizenship from,253,6181,False
cf_8775,latent,Alain Prost holds a citizenship from,253,6181,False
cf_8775,latent,"Auguste Comte, a citizen of",253,6181,False
cf_8775,latent,Jules Hardouin-Mansart has a citizenship from,253,6181,False
cf_8775,latent,"Honoré de Balzac, who holds a citizenship from",253,6181,False
cf_8775,latent,Alan Stivell has a citizenship from,253,5854,False
cf_8775,latent,Paul Bocuse has a citizenship from,253,6181,False
cf_13881,latent,Where is Young Foundation? It is located in,253,11988,False
cf_13881,latent,athletics at the 1948 Summer Olympics – men's 200 metres is located in,253,27411,False
cf_13881,latent,The location of athletics at the 1948 Summer Olympics – men's 1500 metres is,275,27411,False
cf_13881,latent,athletics at the 1948 Summer Olympics – men's 400 metres hurdles can be found in,253,27411,False
cf_13881,latent,The location of athletics at the 1948 Summer Olympics – women's 80 metres hurdles is,4441,36546,False
cf_13881,latent,athletics at the 1948 Summer Olympics – women's 100 metres is in,253,27411,False
cf_13881,latent,The location of athletics at the 1948 Summer Olympics – men's 200 metres is,275,19898,False
cf_13881,latent,athletics at the 1948 Summer Olympics – men's 1500 metres is in,253,4693,False
cf_13881,latent,Where is athletics at the 1948 Summer Olympics – men's 100 metres? It is located in,253,27411,False
cf_13881,latent,Royal Historical Society can be found in,253,4693,False
cf_19255,latent,Myanmar is in,253,10497,False
cf_19255,latent,Pakistan is located in the continent,273,10497,False
cf_19255,latent,"Thailand, in",253,10497,False
cf_19255,latent,Israel is located in the continent,273,3060,False
cf_19255,latent,Iran is in,253,16111,False
cf_19255,latent,Malaysia is a part of the continent of,10497,10497,True
cf_19255,latent,Indonesia is a part of the continent of,10497,10497,True
cf_19255,latent,Indonesia belongs to the continent of,10497,10497,True
cf_19255,latent,Myanmar is located in the continent,273,43828,False
cf_19255,latent,North Korea is a part of the continent of,10497,10497,True
cf_12630,latent,"In European Union, they understand",326,5112,False
cf_12630,latent,"In Vanuatu, an official language is",13452,4383,False
cf_12630,latent,"In Singapore, the language spoken is",18150,4383,False
cf_12630,latent,The law in Malta declares the language,273,9890,False
cf_12630,latent,The official language of Papua New Guinea is,253,43113,False
cf_12630,latent,"In India, an official language is",15713,34861,False
cf_12630,latent,"In Barbados, an official language is",253,4383,False
cf_12630,latent,The law in Papua New Guinea declares the language,273,43113,False
cf_12630,latent,"In Singapore, an official language is",18150,4383,False
cf_12630,latent,"In New Zealand, the language spoken is",4383,4383,True
cf_8020,latent,Journal of Ancient Christianity was written in,253,11308,False
cf_8020,latent,"The language of Zeitschrift für Evidenz, Fortbildung und Qualität im Gesundheitswesen is",417,5685,False
cf_8020,latent,The language of Zeitschrift für Parlamentsfragen was,8671,5685,False
cf_8020,latent,The language of Zeitschrift des Vereins für Hamburgische Geschichte was,8671,5685,False
cf_8020,latent,Zeitschrift fuer Geschichtswissenschaft is written in,253,5685,False
cf_8020,latent,Zeitschrift der Savigny-Stiftung fuer Rechtsgeschichte: Germanistische Abteilung is written in,5685,5685,True
cf_8020,latent,Zeitschrift fuer Kirchengeschichte was written in,253,5685,False
cf_8020,latent,Zeitschrift fuer Psychosomatische Medizin und Psychotherapie was written in,253,5685,False
cf_8020,latent,Zeitschrift des Vereins für Hamburgische Geschichte was written in,1283,38343,False
cf_8020,latent,German Journal of Research in Human Resource Management is written in,253,5112,False
cf_1339,latent,Medium debuted on,253,22303,False
cf_1339,latent,The Voice premieres on,253,22303,False
cf_1339,latent,Camp Cucamonga debuted on,253,22303,False
cf_1339,latent,"Friends, season 7 is to debut on",25456,15501,False
cf_1339,latent,Miami Vice was released on,253,49244,False
cf_1339,latent,Medium premieres on,253,41069,False
cf_1339,latent,The City on the Edge of Forever debuted on,253,22303,False
cf_1339,latent,Freaks and Geeks debuted on,253,21946,False
cf_1339,latent,Jeopardy! premiered on,253,22303,False
cf_1339,latent,Scrubs premieres on,253,22303,False
cf_3264,latent,Spain belongs to the organization of,253,38075,False
cf_3264,latent,Poland is affiliated with,253,24952,False
cf_3264,latent,France is a member of,253,24952,False
cf_3264,latent,Netherlands is a member of,253,24952,False
cf_3264,latent,Italy is affiliated with,253,24952,False
cf_3264,latent,Latvia is a member of,253,24952,False
cf_3264,latent,Hungary is a member of,253,24952,False
cf_3264,latent,United States of America is affiliated with,253,24952,False
cf_3264,latent,Italy is affiliated with the,5284,24952,False
cf_3264,latent,Bulgaria is a member of,253,24952,False
cf_14618,latent,Jalsaghar was created in,253,5427,False
cf_14618,latent,"Fanaa, that was formulated in",253,9972,False
cf_14618,latent,"Jana Aranya, that was created in",253,20341,False
cf_14618,latent,"Masoom, that was developed in",253,5427,False
cf_14618,latent,"Pratidwandi, formulated in",253,34861,False
cf_14618,latent,Don was created in the country of,521,6181,False
cf_14618,latent,"Sarkar, that was formulated in",253,7751,False
cf_14618,latent,Bachna Ae Haseeno was created in,253,23856,False
cf_14618,latent,"Gupt: The Hidden Truth, created in",253,4047,False
cf_14618,latent,"The Home and the World, that was formulated in",253,4693,False
cf_358,latent,What sport does Jaromír Jágr play? They play,5842,20391,False
cf_358,latent,Patrick Roy plays,247,19971,False
cf_358,latent,Evgeni Malkin plays,323,19971,False
cf_358,latent,What sport does Evgeni Malkin play? They play,19971,19971,True
cf_358,latent,"Gordie Howe, the",3438,19971,False
cf_358,latent,"Teemu Sälännä, the",36090,19971,False
cf_358,latent,Viacheslav Fetisov plays,323,19971,False
cf_358,latent,Alexander Ovechkin is a professional,6749,19971,False
cf_358,latent,Gordie Howe professionally plays the sport,273,19971,False
cf_358,latent,Alexander Ovechkin is a professional,6749,19971,False
cf_16416,latent,"Beady Eye, that originated in",253,4693,False
cf_16416,latent,Aviva was founded in,253,43516,False
cf_16416,latent,"The Saturdays, that originated in",253,4693,False
cf_16416,latent,"Razorlight, that was formed in",253,16335,False
cf_16416,latent,Babyshambles was formed in,253,4693,False
cf_16416,latent,"British American Tobacco, created in",253,6144,False
cf_16416,latent,"Razorlight, that originated in",253,9664,False
cf_16416,latent,"Haken, that was created in",253,6176,False
cf_16416,latent,The xx that was founded in,253,4693,False
cf_16416,latent,British Overseas Airways Corporation originated in,253,4693,False
cf_8850,latent,A.Th. Stapelkamp worked in the city of,399,12911,False
cf_8850,latent,Mozhgan Savabieasfahani found employment in,253,34992,False
cf_8850,latent,Mozhgan Savabieasfahani took up work in,253,7785,False
cf_8850,latent,Ernst Herzfeld worked in the city of,399,42471,False
cf_8850,latent,Ernst Herzfeld took up work in,253,12911,False
cf_8850,latent,Ernst Herzfeld worked in,253,12911,False
cf_8850,latent,Javier Nart found employment in,253,24639,False
cf_8850,latent,Ernst Herzfeld used to work in,253,12911,False
cf_8850,latent,Javier Nart worked in the city of,24639,24639,True
cf_8850,latent,A.Th. Stapelkamp found employment in,253,12911,False
cf_18302,latent,Michael Jackson is a native speaker of,4383,4383,True
cf_18302,latent,The native language of Paul McCartney is,4383,4383,True
cf_18302,latent,"Robert Louis Stevenson, speaker of",253,5112,False
cf_18302,latent,"Madonna, speaker of",253,5112,False
cf_18302,latent,George Orwell spoke the language,273,4383,False
cf_18302,latent,The native language of Elvis Presley is,4383,4383,True
cf_18302,latent,Cyndi Lauper is a native speaker of,4383,4383,True
cf_18302,latent,Meryl Streep spoke the language,273,5112,False
cf_18302,latent,Bill Clinton spoke the language,273,4383,False
cf_18302,latent,Douglas Adams is a native speaker of,4383,4383,True
cf_3736,latent,Jon Udell is employed by,253,9664,False
cf_3736,latent,"George Varghese, who works for",253,15501,False
cf_3736,latent,"Malou Aamund, of",253,49244,False
cf_3736,latent,Ken Lobb works for,253,21314,False
cf_3736,latent,"Brian L. Schmidt, who works for",253,21314,False
cf_3736,latent,"Mike Pondsmith, who works for",253,15501,False
cf_3736,latent,Danny Lange works for,253,9664,False
cf_3736,latent,"Greg Stein, of",253,5559,False
cf_3736,latent,Brian L. Schmidt works for,253,21314,False
cf_3736,latent,"Mike Pondsmith, of",253,27478,False
cf_16373,latent,Government Center is from,253,5559,False
cf_16373,latent,Government Center's owner,13,21314,False
cf_16373,latent,"Rocketts Landing, by",253,17885,False
cf_16373,latent,"City Stadium, by",253,22808,False
cf_16373,latent,Scott's Addition's owner,13,310,False
cf_16373,latent,Rocketts Landing is owned by,253,35251,False
cf_16373,latent,City Stadium is from,253,4693,False
cf_16373,latent,12th Street's owner,13,46599,False
cf_16373,latent,Staples Mill's owner,13,21314,False
cf_16373,latent,Adams Street is owned by,253,18267,False
cf_7174,latent,"Leopold von Meyer, playing the",2554,18542,False
cf_7174,latent,Peter Igelhoff performs on the,3924,18542,False
cf_7174,latent,Laci Boldemann plays,253,24455,False
cf_7174,latent,Grete von Zieritz plays,253,24342,False
cf_7174,latent,Erwin Schulhoff plays the,2554,18542,False
cf_7174,latent,"Robert Radecke, playing the",2554,18542,False
cf_7174,latent,Joseph Fischhof plays the,2554,18542,False
cf_7174,latent,"Christoph Nichelmann, the",3438,25375,False
cf_7174,latent,"Anton Rubinstein, the",3438,24455,False
cf_7174,latent,"Justus Frantz, playing the",2554,18542,False
cf_14512,latent,"Kayseri Subregion, in",253,14307,False
cf_14512,latent,"Ağrı Subregion, in",253,14307,False
cf_14512,latent,Ağrı Subregion can be found in,253,14307,False
cf_14512,latent,"Kocaeli Subregion, in",253,17785,False
cf_14512,latent,"Istanbul Region (statistical), in",253,14307,False
cf_14512,latent,Ministry of Family and Social Services is within,253,15812,False
cf_14512,latent,Ankara Province is within,253,7751,False
cf_14512,latent,Kocaeli Subregion is in,253,10497,False
cf_14512,latent,Kocaeli Subregion can be found in,253,10497,False
cf_14512,latent,TEMA Foundation is located in,253,4693,False
cf_931,latent,place de Sydney was called after,253,17361,False
cf_931,latent,"Sydney-Phillip, which is called after",253,17361,False
cf_931,latent,Sydney-Fitzroy was named after,253,17361,False
cf_931,latent,"15550 Sydney, which was named for",253,17361,False
cf_931,latent,"Sydney-Lang, which is called after",253,17361,False
cf_931,latent,"Sydney-Lang, which was named after",253,17361,False
cf_931,latent,"Sydney Airport, which was named after",253,17361,False
cf_931,latent,"15550 Sydney, which was named after",253,17361,False
cf_931,latent,"Sydney Airport, which was called after",253,17361,False
cf_931,latent,"Sydney-Cook, which was called after",253,17361,False
cf_17291,latent,Kim Si-seup is affiliated with the religion,273,35702,False
cf_17291,latent,Trần Hưng Đạo follows the religion of,253,30907,False
cf_17291,latent,The official religion of Jeongjong is,4591,35702,False
cf_17291,latent,Jinheung of Silla is follower of,253,35702,False
cf_17291,latent,Yamamoto Tsunetomo is follower of,253,35702,False
cf_17291,latent,The official religion of Kim Si-seup is,253,35702,False
cf_17291,latent,Gongmin is affiliated with the religion,273,35702,False
cf_17291,latent,Raicho Hiratsuka is affiliated with the religion,273,35702,False
cf_17291,latent,Jeongjong is follower of,253,35702,False
cf_17291,latent,The official religion of Trần Hưng Đạo is,253,35702,False
cf_11621,latent,Conservatorium van Amsterdam is headquartered in,26653,26653,True
cf_11621,latent,The headquarter of Covens & Mortier is in,253,4693,False
cf_11621,latent,The headquarter of De Nederlandsche Bank is located in,253,26653,False
cf_11621,latent,The headquarter of Just Eat Takeaway is in,253,4693,False
cf_11621,latent,The headquarters of Gemalto is in,253,4693,False
cf_11621,latent,Réseaux IP Européens Network Coordination Centre is headquartered in,7785,7785,True
cf_11621,latent,Droog is based in,253,4693,False
cf_11621,latent,"Vrije Universiteit Amsterdam, whose headquarters are in",26653,26653,True
cf_11621,latent,Koninklijke Paketvaart-Maatschappij is based in,26653,26653,True
cf_11621,latent,Netherlands Trading Society is headquartered in,26653,26653,True
cf_19381,latent,Winterthur is located in the country of,253,22785,False
cf_19381,latent,Sempach is located in the country of,253,6181,False
cf_19381,latent,"Canton Aargau, which is located in",253,6181,False
cf_19381,latent,"Canton of Solothurn, in",253,18908,False
cf_19381,latent,ETH Zürich is located in the country of,18908,18908,True
cf_19381,latent,"Canton of Zug, which is located in",253,18908,False
cf_19381,latent,Canton of Zug is located in,253,18908,False
cf_19381,latent,"Locarno, which is located in",253,9972,False
cf_19381,latent,"Canton of Bern, which is located in",253,18908,False
cf_19381,latent,"World Trade Organization, in",247,26229,False
cf_637,latent,"Douglas A-1 Skyraider, created by",253,17885,False
cf_637,latent,Douglas X-3 Stiletto is produced by,253,17885,False
cf_637,latent,A-26 Invader is developed by,253,35251,False
cf_637,latent,"Douglas X-3 Stiletto, created by",253,17885,False
cf_637,latent,Douglas DC-6 is created by,253,17885,False
cf_637,latent,"Douglas DC-6, developed by",253,17885,False
cf_637,latent,"AIR-2 Genie, developed by",253,8217,False
cf_637,latent,Douglas DC-2 is a product of,253,17885,False
cf_637,latent,"Douglas DC-3, developed by",253,17885,False
cf_637,latent,"Douglas DC-3, produced by",253,17885,False
cf_10915,latent,Windows 98 is created by,253,9664,False
cf_10915,latent,"Microsoft Office 2007, created by",9664,9664,True
cf_10915,latent,"F#, a product created by",253,9664,False
cf_10915,latent,"Visual Basic for Applications, created by",9664,9664,True
cf_10915,latent,Microsoft Office 2007 was created by,9664,9664,True
cf_10915,latent,"Microsoft Surface, developed by",9664,9664,True
cf_10915,latent,"Windows 3.0, a product manufactured by",9664,9664,True
cf_10915,latent,Windows 2000 was a product of,253,9664,False
cf_10915,latent,"Visual Basic for Applications, developed by",9664,9664,True
cf_10915,latent,"Windows 3.0, a product created by",9664,9664,True
cf_18695,latent,Victor Schoelcher originated from,253,32000,False
cf_18695,latent,Charles Perrault originates from,253,7785,False
cf_18695,latent,François-Georges Dreyfus originated from,253,7785,False
cf_18695,latent,Pauline Viardot is originally from,253,24604,False
cf_18695,latent,Henry Louis Le Châtelier originates from,253,7785,False
cf_18695,latent,Charles-Jean-François Hénault originates from,253,7785,False
cf_18695,latent,Pauline Viardot originates from,253,7785,False
cf_18695,latent,Franz Theodor Doflein was native to,253,12911,False
cf_18695,latent,Alphonse Pyramus de Candolle was born in,7785,7785,True
cf_18695,latent,Auguste Longnon is native to,253,7785,False
cf_12190,latent,Anton Günther's life ended in,247,26229,False
cf_12190,latent,Greta Keller died at,253,8068,False
cf_12190,latent,Rudolf Eisler died at,253,32000,False
cf_12190,latent,Adolf Lieben succumbed at,253,12911,False
cf_12190,latent,Adolf Lieben's life ended in,247,32000,False
cf_12190,latent,Greta Keller passed away in,247,8068,False
cf_12190,latent,Greta Keller lost their life at,253,22681,False
cf_12190,latent,Count Joseph Alexander Hübner lost their life at,253,12911,False
cf_12190,latent,Rudolf Eisler passed away in,521,32000,False
cf_12190,latent,Georg Joseph Beer died in,1283,12911,False
cf_15793,latent,"Sir Henry Wilson, 1st Baronet, who has a citizenship from",253,5854,False
cf_15793,latent,William Stokes is a citizen of,253,6976,False
cf_15793,latent,"Owen Coyle, a citizen of",253,6976,False
cf_15793,latent,Cearbhall Ó Dálaigh has a citizenship from,253,11011,False
cf_15793,latent,"George Tyrrell, who is a citizen of",253,6976,False
cf_15793,latent,Cearbhall Ó Dálaigh holds a citizenship from,253,11011,False
cf_15793,latent,"Thomas FitzGerald, 10th Earl of Kildare, who holds a citizenship from",253,11011,False
cf_15793,latent,Dylan Moran holds a citizenship from,253,6144,False
cf_15793,latent,Jeff Hendrick holds a citizenship from,253,6144,False
cf_15793,latent,"Thomas FitzGerald, 10th Earl of Kildare holds a citizenship from",253,11011,False
cf_14282,latent,Auhof is in,253,22785,False
cf_14282,latent,Donaupark is located in,253,4693,False
cf_14282,latent,Where is Church of Saint Salvator? It is located in,253,12300,False
cf_14282,latent,The location of Donaupark is,247,21818,False
cf_14282,latent,Austrian Standards Institute can be found in,253,26229,False
cf_14282,latent,Stallburg is located in,253,6176,False
cf_14282,latent,Maria am Gestade can be found in,253,7785,False
cf_14282,latent,Where is Bahnorama? It is located in,253,48771,False
cf_14282,latent,The location of Bahnorama is,275,48771,False
cf_14282,latent,Wien Penzing railway station is in,253,21753,False
cf_19599,latent,South Korea belongs to the continent of,10497,10497,True
cf_19599,latent,Malaysia is in,253,10497,False
cf_19599,latent,Taiwan is located in,253,10497,False
cf_19599,latent,Nepal is located in the continent,273,10497,False
cf_19599,latent,India is in,253,10497,False
cf_19599,latent,Russia belongs to the continent of,7531,10497,False
cf_19599,latent,Egypt is located in the continent,273,7531,False
cf_19599,latent,Egypt is located in,253,7531,False
cf_19599,latent,South Korea is located in,253,10497,False
cf_19599,latent,Japan is located in,253,10497,False
cf_3236,latent,"In Vatican City, they understand",326,12760,False
cf_3236,latent,"In South Tyrol, the language spoken is",253,9890,False
cf_3236,latent,"In European Union, they understand",326,5112,False
cf_3236,latent,"In Brescia, they understand",326,9890,False
cf_3236,latent,The law in European Union declares the language,273,5112,False
cf_3236,latent,"In Palermo, the language spoken is",247,9890,False
cf_3236,latent,The official language of Italy is,9890,9890,True
cf_3236,latent,"In Turin, an official language is",253,9890,False
cf_3236,latent,"In Ravenna, an official language is",253,9890,False
cf_3236,latent,"In Palermo, an official language is",13452,9890,False
cf_8261,latent,The language of Rigoletto was,417,9890,False
cf_8261,latent,Don Giovanni is written in,253,9890,False
cf_8261,latent,Don Carlos was written in,253,9883,False
cf_8261,latent,The language of La traviata was,417,9890,False
cf_8261,latent,Aida is written in,253,5112,False
cf_8261,latent,Barbara is written in,253,4383,False
cf_8261,latent,The Sims 3 was written in,253,16872,False
cf_8261,latent,La bohème was written in,253,5112,False
cf_8261,latent,Zeitschrift fuer Papyrologie und Epigraphik is written in,253,5685,False
cf_8261,latent,The language of The Sims is,247,4383,False
cf_1333,latent,Rome is to debut on,253,22303,False
cf_1333,latent,And the Band Played On was originally aired on,253,22303,False
cf_1333,latent,The Pacific was originally aired on,253,22303,False
cf_1333,latent,The Wire is to debut on,41069,41069,True
cf_1333,latent,Veep is to debut on,253,27478,False
cf_1333,latent,Game of Thrones premieres on,41069,41069,True
cf_1333,latent,Generation Kill is to debut on,253,41069,False
cf_1333,latent,True Blood premieres on,41069,41069,True
cf_1333,latent,Entourage is to debut on,253,22303,False
cf_1333,latent,True Blood is to debut on,253,41069,False
cf_1994,latent,Football Federation of Sri Lanka is affiliated with the,24206,38075,False
cf_1994,latent,Football Federation of Sri Lanka is affiliated with,253,38075,False
cf_1994,latent,Bangladesh Football Federation is affiliated with,253,38075,False
cf_1994,latent,Italy national association football team is affiliated with the,9890,38075,False
cf_1994,latent,Football Federation Australia is a part of the,9943,38075,False
cf_1994,latent,Israel Football Association belongs to the organization of,253,38075,False
cf_1994,latent,Russia national association football team is a member of,253,38075,False
cf_1994,latent,Algerian Football Federation is affiliated with,253,38075,False
cf_1994,latent,Latvian Football Federation is affiliated with the,15794,38075,False
cf_1994,latent,Bangladesh Football Federation is a member of,253,38075,False
cf_14794,latent,"Salve Jorge, developed in",253,10869,False
cf_14794,latent,Hibria originated in,253,7531,False
cf_14794,latent,O Globo was formulated in,253,10869,False
cf_14794,latent,Agora É Tarde was developed in,253,10869,False
cf_14794,latent,Cabezas cortadas was created in,253,8987,False
cf_14794,latent,Cashback was developed in,253,14741,False
cf_14794,latent,"Ganga Bruta, that originated in",253,5427,False
cf_14794,latent,Ganga Bruta was formulated in,253,5427,False
cf_14794,latent,"CPM 22, that was created in",253,5427,False
cf_14794,latent,"O Globo, formulated in",253,10869,False
cf_1392,latent,Andrea Pirlo professionally plays the sport,273,20391,False
cf_1392,latent,"Landon Donovan, the",3438,20391,False
cf_1392,latent,"Nigel de Jong, the",3438,20391,False
cf_1392,latent,George Best plays,253,24455,False
cf_1392,latent,What sport does Landon Donovan play? They play,20391,20391,True
cf_1392,latent,What sport does Tim Cahill play? They play,5842,19971,False
cf_1392,latent,Kaká professionally plays the sport,273,20391,False
cf_1392,latent,"Ashley Cole, the",3438,5842,False
cf_1392,latent,"Kaká, the",3438,20391,False
cf_1392,latent,What sport does Megan Rapinoe play? They play,20391,20391,True
cf_1689,unknown,Amos Yong's domain of work is,281,16775,False
cf_1689,unknown,The domain of activity of Elena Kazimirtchak-Polonskaïa is,253,18090,False
cf_1689,unknown,Henry Harbaugh specializes in,253,5842,False
cf_1689,unknown,Nicholas Zernov's expertise is,275,18090,False
cf_1689,unknown,Wolfgang Schneider works in the area of,253,34953,False
cf_1689,unknown,The expertise of Andrey Kuraev is,247,29992,False
cf_1689,unknown,Carmine Benincasa specializes in,253,3440,False
cf_1689,unknown,Sebastian Brock's domain of work is,247,16775,False
cf_1689,unknown,The expertise of Carmine Benincasa is,440,18542,False
cf_1689,unknown,Edmond Martène works in the field of,253,37756,False
cf_14816,unknown,The native language of Melchior de Vogüé is,253,5112,False
cf_14816,unknown,Ferdinand de Saussure is a native speaker of,5112,5112,True
cf_14816,unknown,François Bayrou is a native speaker of,5112,5112,True
cf_14816,unknown,"François Bayrou, a native",273,5112,False
cf_14816,unknown,Frédéric Bastiat is a native speaker of,5112,5112,True
cf_14816,unknown,Ferdinand de Saussure spoke the language,273,5112,False
cf_14816,unknown,"Montesquieu, speaker of",253,5112,False
cf_14816,unknown,The native language of François Bayrou is,5112,5112,True
cf_14816,unknown,Henri Barbusse spoke the language,273,5112,False
cf_14816,unknown,"Frédéric Bastiat, a native",273,5112,False
cf_15375,unknown,The profession of Cyndi Lauper is,247,16057,False
cf_15375,unknown,Elvis Presley's profession is a,1077,26650,False
cf_15375,unknown,Elvis Presley's profession is an,1445,12353,False
cf_15375,unknown,"David Lynch, who works as",247,12353,False
cf_15375,unknown,Charles Aznavour's profession is an,1445,12353,False
cf_15375,unknown,The occupation of Neil Young is,247,26650,False
cf_15375,unknown,David Lynch's profession is an,1445,12353,False
cf_15375,unknown,Paul McCartney's profession is a,1077,26650,False
cf_15375,unknown,Charlie Chaplin's occupation is,326,12353,False
cf_15375,unknown,"Madonna, who works as",247,20453,False
cf_18600,unknown,John Langford is employed by,253,9664,False
cf_18600,unknown,Gary Kimura is employed by,253,9664,False
cf_18600,unknown,"Daniel A. Reed, who is employed by",253,9664,False
cf_18600,unknown,Brian L. Schmidt is employed by,253,21314,False
cf_18600,unknown,Darcy Burner works for,253,15501,False
cf_18600,unknown,"Gary Kimura, of",253,41813,False
cf_18600,unknown,"Darcy Burner, who works for",253,15501,False
cf_18600,unknown,Gary William Flake works for,253,21314,False
cf_18600,unknown,"Danny Lange, who is employed by",253,9664,False
cf_18600,unknown,"Danny Lange, of",253,27478,False
cf_11725,unknown,Cloud Build's owner,13,9664,False
cf_11725,unknown,Cloud SDK is owned by,9664,9664,True
cf_11725,unknown,Gmail's owner,13,5559,False
cf_11725,unknown,Cloud Dataprep is owned by,253,21314,False
cf_11725,unknown,Google Chat is from,253,5559,False
cf_11725,unknown,"Firebase Authentication, from",253,5559,False
cf_11725,unknown,Cloud Datalab is from,253,9664,False
cf_11725,unknown,Velostrata is owned by,253,38075,False
cf_11725,unknown,Cloud Scheduler owner,15,5559,False
cf_11725,unknown,Cloud SDK's owner,15,8217,False
cf_12781,unknown,"Erwin Schulhoff, playing the",2554,18542,False
cf_12781,unknown,Peter Igelhoff plays the instrument,13,18542,False
cf_12781,unknown,Leopold von Meyer plays the,2554,18542,False
cf_12781,unknown,Richard Fall plays the instrument,13,18542,False
cf_12781,unknown,"Richard Fall, playing the",2554,18542,False
cf_12781,unknown,Götz Alsmann performs on the,18542,18542,True
cf_12781,unknown,Conrad Hansen performs on the,18542,18542,True
cf_12781,unknown,Justus Frantz plays,247,5842,False
cf_12781,unknown,Nikolai Rimsky-Korsakov plays the,2554,18542,False
cf_12781,unknown,Carl Adolf Martienssen performs on the,18542,18542,True
cf_11877,unknown,Alabama State Route 149 is within,253,15263,False
cf_11877,unknown,"Alabama State Route 188, in",253,15263,False
cf_11877,unknown,Alabama State Route 154 is in,253,15263,False
cf_11877,unknown,"Alabama State Route 166, in",253,15263,False
cf_11877,unknown,Alabama State Route 152 is within,253,15263,False
cf_11877,unknown,"Alabama State Route 152, in",253,15263,False
cf_11877,unknown,Alabama State Route 161 is in,253,15263,False
cf_11877,unknown,Alabama State Route 189 is located in,253,15263,False
cf_11877,unknown,Alabama State Route 151 can be found in,253,15263,False
cf_11877,unknown,Alabama State Route 146 is in,253,15263,False
cf_17978,unknown,What does Richard Wright play? They play,247,24455,False
cf_17978,unknown,The genre played by Jason Mraz is,247,24455,False
cf_17978,unknown,The genre played by Etta James is,247,24455,False
cf_17978,unknown,Casey Abrams performs,387,24455,False
cf_17978,unknown,The genre played by Sade Adu is,247,24455,False
cf_17978,unknown,The genre played by Richard Wright is,247,16053,False
cf_17978,unknown,What does Ziggy Elman play? They play,247,5842,False
cf_17978,unknown,Frank Wess plays,247,24455,False
cf_17978,unknown,The genre played by Niño Josele is,247,24455,False
cf_17978,unknown,What does Otis Taylor play? They play,247,24455,False
cf_3888,unknown,"Amerikaplatz, which is named after",253,12911,False
cf_3888,unknown,"Confederate States of America, which was called after",253,9385,False
cf_3888,unknown,Amerikaweg is named after,253,10497,False
cf_3888,unknown,"Avenida de América, which was named after",253,8987,False
cf_3888,unknown,Amerikaweg was named for,253,10497,False
cf_3888,unknown,"Amerika, Saxony, which was called after",253,6176,False
cf_3888,unknown,"Amerikaweg, named for",253,10497,False
cf_3888,unknown,"Delta of the Americas, named after",253,23881,False
cf_3888,unknown,American option is named after,253,7758,False
cf_3888,unknown,rio del Mondo Novo is named after,253,27850,False
cf_9223,unknown,saint is follower of,253,35702,False
cf_9223,unknown,Dave Chappelle is affiliated with the religion,273,43506,False
cf_9223,unknown,Rumi follows the religion of,253,8033,False
cf_9223,unknown,Benazir Bhutto follows the religion of,8033,8033,True
cf_9223,unknown,The official religion of Averroes is,253,8033,False
cf_9223,unknown,The official religion of Rumi is,8033,8033,True
cf_9223,unknown,Malcolm X is follower of,253,35702,False
cf_9223,unknown,Bashar al-Assad follows the religion of,8033,8033,True
cf_9223,unknown,Dave Chappelle is follower of,253,35702,False
cf_9223,unknown,The official religion of Alī ibn Abī Ṭālib is,253,8033,False
cf_3059,unknown,The language used by Massimo Troisi is,417,9890,False
cf_3059,unknown,The language used by Carlo Scarpa is,417,9890,False
cf_3059,unknown,Carlo Scarpa speaks,281,9890,False
cf_3059,unknown,The language used by Mario Monicelli is,417,9890,False
cf_3059,unknown,Frank Capra speaks the language,273,4383,False
cf_3059,unknown,Bernardo Bertolucci speaks the language,273,9890,False
cf_3059,unknown,The language used by Giulio Andreotti is,417,9890,False
cf_3059,unknown,The language used by Bernardo Bertolucci is,247,9890,False
cf_3059,unknown,Franco Zeffirelli speaks,281,9890,False
cf_3059,unknown,Francesco Rosi speaks,281,9890,False
cf_16601,unknown,The headquarter of The A.V. Club is located in,253,4693,False
cf_16601,unknown,OneSpan's headquarters are in,253,4693,False
cf_16601,unknown,The headquarters of USG Corporation is in,253,14296,False
cf_16601,unknown,The headquarter of Museum of Contemporary Photography is in,253,8068,False
cf_16601,unknown,"Molson Coors Brewing Company, whose headquarters are in",253,31914,False
cf_16601,unknown,MeTV is based in,253,22126,False
cf_16601,unknown,The headquarter of The A.V. Club is in,253,4693,False
cf_16601,unknown,The headquarters of A.B. Dick Company is in,253,11988,False
cf_16601,unknown,The headquarter of Molson Coors Brewing Company is located in,253,13533,False
cf_16601,unknown,USG Corporation is headquartered in,5003,16335,False
cf_5849,unknown,"Izhevsk, in",253,7422,False
cf_5849,unknown,Grozny is located in,253,17111,False
cf_5849,unknown,"Saratov, located in",253,7422,False
cf_5849,unknown,"Kirov, which is located in",253,16496,False
cf_5849,unknown,"Grozny, which is located in",253,16795,False
cf_5849,unknown,"Vladikavkaz, in",253,17111,False
cf_5849,unknown,"Stavropol Krai, which is located in",253,7422,False
cf_5849,unknown,"Saratov, in",253,7422,False
cf_5849,unknown,Republic of Dagestan is located in the country of,49508,7422,False
cf_5849,unknown,Perm Krai is located in the country of,253,46936,False
cf_19282,unknown,BMW M5 is developed by,253,33399,False
cf_19282,unknown,BMW N57 is developed by,253,33399,False
cf_19282,unknown,"BMW M30, developed by",253,33399,False
cf_19282,unknown,BMW M67 is created by,253,33399,False
cf_19282,unknown,BMW N53 is produced by,253,33399,False
cf_19282,unknown,BMW GINA is a product of,253,33399,False
cf_19282,unknown,BMW M6 is a product of,253,33399,False
cf_19282,unknown,"BMW M3 DTM, produced by",253,33399,False
cf_19282,unknown,BMW GINA is produced by,253,33399,False
cf_19282,unknown,"BMW N57, developed by",253,33399,False
cf_2462,unknown,"IBM Lotus Web Content Management, a product developed by",23519,21314,False
cf_2462,unknown,IBM Unica NetInsight was a product of,253,21314,False
cf_2462,unknown,"IBM RPG III, developed by",253,21314,False
cf_2462,unknown,"IBM WebSphere Process Server, developed by",21314,21314,True
cf_2462,unknown,"IBM Unica NetInsight, a product manufactured by",253,21314,False
cf_2462,unknown,IBM Rational Purify was created by,253,21314,False
cf_2462,unknown,IBM WebSphere Application Server Community Edition is a product of,253,21314,False
cf_2462,unknown,IBM Rational ClearQuest is created by,247,21314,False
cf_2462,unknown,"IBM Works, a product created by",253,21314,False
cf_2462,unknown,"IBM TXSeries, a product developed by",253,21314,False
cf_12995,unknown,Thelma Ritter is native to,253,8068,False
cf_12995,unknown,Jerry Seinfeld originated from,253,21946,False
cf_12995,unknown,Gene Tierney is originally from,253,9693,False
cf_12995,unknown,Thelma Ritter originates from,253,8068,False
cf_12995,unknown,Harvey Keitel originates from,253,4693,False
cf_12995,unknown,Larry King originates from,253,8068,False
cf_12995,unknown,Danny Kaye originated from,253,8068,False
cf_12995,unknown,Marisa Tomei is originally from,253,27850,False
cf_12995,unknown,Daniel Keyes is originally from,253,18267,False
cf_12995,unknown,Harvey Keitel originated from,253,4693,False
cf_2712,unknown,The twin city of Tunis is,253,34992,False
cf_2712,unknown,What is the twin city of Hefei? It is,247,48771,False
cf_2712,unknown,What is the twin city of Kyiv? It is,253,16496,False
cf_2712,unknown,Athens is a twin city of,27411,27411,True
cf_2712,unknown,What is the twin city of Manila? It is,253,48771,False
cf_2712,unknown,Riga is a twin city of,14310,38476,False
cf_2712,unknown,What is the twin city of Minneapolis? It is,253,8068,False
cf_2712,unknown,What is the twin city of Beijing? It is,253,23494,False
cf_2712,unknown,São Paulo is a twin city of,34215,34215,True
cf_2712,unknown,The twin city of San José is,253,46287,False
cf_5636,unknown,Jean-Xavier Lefèvre passed away at,253,7785,False
cf_5636,unknown,Berthe Morisot's life ended in,247,7785,False
cf_5636,unknown,Wilhelm Fröhner lost their life at,253,12911,False
cf_5636,unknown,Urbain Le Verrier died in the city of,7785,7785,True
cf_5636,unknown,Adolphe Niel died at,253,7785,False
cf_5636,unknown,Ernst Weiss died at,253,12911,False
cf_5636,unknown,Maurice Chevalier died in the city of,7785,7785,True
cf_5636,unknown,Berthe Morisot died at,253,7785,False
cf_5636,unknown,Wilhelm Fröhner passed away in,247,32000,False
cf_5636,unknown,Henri Moissan passed away in,247,7785,False
cf_18142,unknown,My Generation / Shout and Shimmy's record company is,247,33368,False
cf_18142,unknown,"Don Bestor, which is represented by",253,41813,False
cf_18142,unknown,Jackie Wilson's record label is,247,41813,False
cf_18142,unknown,My Generation / Shout and Shimmy label :,187,15167,False
cf_18142,unknown,The music label representing Jackie Wilson is,671,33368,False
cf_18142,unknown,The music label that is representing Buddy Holly is,253,33368,False
cf_18142,unknown,"Bing Crosby, released by",253,49937,False
cf_18142,unknown,The Who label :,187,24455,False
cf_18142,unknown,Little Richard is represented by record label,13,41813,False
cf_18142,unknown,Katherine Henderson's music label is,247,41813,False
cf_15061,unknown,"Sidney Altman, who is a citizen of",253,6976,False
cf_15061,unknown,"Auguste Viatte, who is a citizen of",253,6181,False
cf_15061,unknown,"Grimes, who has a citizenship from",253,6144,False
cf_15061,unknown,"Cory Doctorow, a citizen of",253,7758,False
cf_15061,unknown,"Jack Szostak, who holds a citizenship from",253,6144,False
cf_15061,unknown,Mary Pickford is a citizen of,253,5854,False
cf_15061,unknown,"Kiefer Sutherland, who is a citizen of",253,18908,False
cf_15061,unknown,Oscar Peterson holds a citizenship from,253,6144,False
cf_15061,unknown,"William Giauque, who has a citizenship from",253,23881,False
cf_15061,unknown,Frederick Philip Grove holds a citizenship from,253,5854,False
cf_17285,unknown,The location of Young Foundation is,275,4693,False
cf_17285,unknown,athletics at the 1948 Summer Olympics – men's 5000 metres is located in,253,27411,False
cf_17285,unknown,"St Giles in the Fields, London is located in",253,4693,False
cf_17285,unknown,athletics at the 1948 Summer Olympics – men's 800 metres is in,253,4693,False
cf_17285,unknown,The location of athletics at the 1948 Summer Olympics – men's 400 metres hurdles is,4441,16496,False
cf_17285,unknown,"St Giles in the Fields, London is in",253,4693,False
cf_17285,unknown,Where is athletics at the 1948 Summer Olympics – men's decathlon? It is located in,253,27411,False
cf_17285,unknown,The location of athletics at the 1948 Summer Olympics – women's 100 metres is,4441,36546,False
cf_17285,unknown,The location of athletics at the 1948 Summer Olympics – men's 100 metres is,275,19898,False
cf_17285,unknown,athletics at the 1948 Summer Olympics – men's 1500 metres is in,253,4693,False
cf_1376,unknown,Turkey is located in,253,3060,False
cf_1376,unknown,"People's Republic of China, in",253,10497,False
cf_1376,unknown,Malaysia is a part of the continent of,10497,10497,True
cf_1376,unknown,People's Republic of China belongs to the continent of,10497,10497,True
cf_1376,unknown,Iran is a part of the continent of,7531,10497,False
cf_1376,unknown,South Korea is in,253,10497,False
cf_1376,unknown,Vietnam is located in,253,10497,False
cf_1376,unknown,Egypt is located in,253,7531,False
cf_1376,unknown,Vietnam is a part of the continent of,10497,10497,True
cf_1376,unknown,"Egypt, in",253,7531,False
cf_13435,unknown,The capital of Arab Federation is,4441,37068,False
cf_13435,unknown,"Iraqi Republic (1958–1968)'s capital city,",39759,39759,True
cf_13435,unknown,Iraq's capital city is,253,39759,False
cf_13435,unknown,The capital of Buyid dynasty is,4441,37068,False
cf_13435,unknown,"Mamluk rule in Iraq's capital city,",39759,39759,True
cf_13435,unknown,The capital city of Ba'athist Iraq is,253,47419,False
cf_13435,unknown,"Abbasid Caliphate's capital,",253,37068,False
cf_13435,unknown,The capital city of Baghdad Eyalet is,253,17913,False
cf_13435,unknown,Jalayirids's capital city is,253,43949,False
cf_13435,unknown,The capital of Jalayirids is,4441,48771,False
cf_4195,unknown,The language of Mimino is,417,9890,False
cf_4195,unknown,The language of A Chef in Love is,247,5112,False
cf_4195,unknown,The original language of The Abandoned was,3542,4383,False
cf_4195,unknown,The language of Beware of the Car is,247,4383,False
cf_4195,unknown,The original language of No Way Out was,3542,4383,False
cf_4195,unknown,The language of Happiness is,247,4383,False
cf_4195,unknown,The language of The Return of Godzilla is,247,6692,False
cf_4195,unknown,The language of Father and Son is,417,9890,False
cf_4195,unknown,The original language of The Lanfier Colony was,247,5112,False
cf_4195,unknown,The original language of Happiness was,3542,4383,False
cf_14236,unknown,The law in United Kingdom declares the language,273,4383,False
cf_14236,unknown,"In Solomon Islands, the language spoken is",1925,4383,False
cf_14236,unknown,"In European Union, an official language is",253,4383,False
cf_14236,unknown,The official language of Guyana is,4383,4383,True
cf_14236,unknown,"In Belize, they understand",326,4383,False
cf_14236,unknown,"In Ghana, they understand",326,4383,False
cf_14236,unknown,"In Ireland, an official language is",253,4383,False
cf_14236,unknown,The official language of Malta is,4383,4383,True
cf_14236,unknown,"In Solomon Islands, they understand",326,4383,False
cf_14236,unknown,"In Papua New Guinea, an official language is",253,4383,False
cf_2248,unknown,Friedrich Gustav Piffl holds the title of,253,24012,False
cf_2248,unknown,Melchior Klesl is a,3438,25375,False
cf_2248,unknown,Archduke Rudolf of Austria has the position of,253,39166,False
cf_2248,unknown,Theodor Innitzer is a,1077,18468,False
cf_2248,unknown,"Innocent X, whose position is that of",247,29417,False
cf_2248,unknown,"Gaspard Mermillod, who holds the position of",253,29417,False
cf_2248,unknown,Melchior Klesl has the position of,253,29417,False
cf_2248,unknown,Gaspard Mermillod has the position of,253,29417,False
cf_2248,unknown,Giacomo Biffi is a,3438,25375,False
cf_2248,unknown,Theodor Innitzer holds the title of,253,29417,False
cf_7131,unknown,YouPorn was written in,253,16872,False
cf_7131,unknown,Eva is written in,253,5685,False
cf_7131,unknown,CyanogenMod was written in,330,10469,False
cf_7131,unknown,Ivan was written in,253,7247,False
cf_7131,unknown,The language of Sara was,247,4383,False
cf_7131,unknown,The language of Adobe Flash Player was,4391,22843,False
cf_7131,unknown,CyanogenMod is written in,330,10469,False
cf_7131,unknown,OneDrive is written in,330,9664,False
cf_7131,unknown,Treaty of Accession 2003 is written in,253,9883,False
cf_7131,unknown,Treaty of Accession 2003 was written in,253,9883,False
cf_2176,unknown,"Óliver Pérez, the",3438,42402,False
cf_2176,unknown,Which position does Darren Oliver play? They play as,247,42402,False
cf_2176,unknown,Óliver Pérez plays in the position of,253,26762,False
cf_2176,unknown,Which position does Tommy Hunter play? They play as,247,22385,False
cf_2176,unknown,Which position does Brad Radke play? They play as,247,22385,False
cf_2176,unknown,"Minoru Iwata, who plays the position",273,42402,False
cf_2176,unknown,Chihiro Kaneko plays as,253,42402,False
cf_2176,unknown,Which position does Fumio Fujimura play? They play as,247,42402,False
cf_2176,unknown,Which position does Keiichi Yabu play? They play as,247,42402,False
cf_2176,unknown,Which position does David Phelps play? They play as,247,22385,False
cf_11729,unknown,The Beverly Hillbillies was originally aired on,21946,21946,True
cf_11729,unknown,Mr. Merlin is to debut on,253,21946,False
cf_11729,unknown,The Young and the Restless was originally aired on,253,22303,False
cf_11729,unknown,Salem's Lot was released on,17509,21946,False
cf_11729,unknown,Late Show with David Letterman was originally aired on,22303,22303,True
cf_11729,unknown,Late Show with David Letterman debuted on,22303,22303,True
cf_11729,unknown,The Little Mermaid is to debut on,16590,16590,True
cf_11729,unknown,"Scooby-Doo, Where Are You! premiered on",253,22303,False
cf_11729,unknown,Cybill was originally aired on,253,21946,False
cf_11729,unknown,Without a Trace premieres on,25456,41069,False
cf_17972,unknown,Germany is affiliated with the,1986,24952,False
cf_17972,unknown,Greece is a member of,253,24952,False
cf_17972,unknown,Italy belongs to the organization of,253,38075,False
cf_17972,unknown,Czech Republic is affiliated with,253,24952,False
cf_17972,unknown,Germany is a part of the,5284,24952,False
cf_17972,unknown,United Kingdom belongs to the organization of,253,38075,False
cf_17972,unknown,Turkey is affiliated with the,5284,24952,False
cf_17972,unknown,Germany belongs to the organization of,253,38075,False
cf_17972,unknown,Canada is a member of,253,24952,False
cf_17972,unknown,Romania is affiliated with,253,24952,False
cf_8412,unknown,"Epidemic, developed in",253,3060,False
cf_8412,unknown,"Island of Lost Souls, that was formulated in",253,4047,False
cf_8412,unknown,"O' Horten, developed in",253,11011,False
cf_8412,unknown,"Hawaii, Oslo, that was from",253,20341,False
cf_8412,unknown,Day of Wrath originated in,253,8068,False
cf_8412,unknown,"Riget II, that was created in",253,6181,False
cf_8412,unknown,"Gold for the Tough Guys of the Prairie, developed in",253,49500,False
cf_8412,unknown,O' Horten was developed in,253,11011,False
cf_8412,unknown,"Arn – The Knight Templar, created in",253,6181,False
cf_8412,unknown,Manslaughter from,253,7758,False
cf_7888,unknown,Kaká is a professional,23354,20391,False
cf_7888,unknown,Megan Rapinoe professionally plays the sport,273,20391,False
cf_7888,unknown,David Villa plays,275,5842,False
cf_7888,unknown,"Tim Cahill, the",3438,42402,False
cf_7888,unknown,Wayne Rooney professionally plays the sport,273,20391,False
cf_7888,unknown,George Best plays,253,24455,False
cf_7888,unknown,What sport does George Best play? They play,5842,20391,False
cf_7888,unknown,Freddy Adu professionally plays the sport,273,20391,False
cf_7888,unknown,"Landon Donovan, the",3438,20391,False
cf_7888,unknown,Lothar Matthäus is a professional,6749,20391,False
cf_4418,unknown,Overkill Software was formed in,253,14296,False
cf_4418,unknown,"Djurgårdens IF, that originated in",253,38476,False
cf_4418,unknown,"Valkyrja, that was created in",253,16795,False
cf_4418,unknown,"Overkill Software, that was started in",253,16335,False
cf_4418,unknown,"The Knockouts, that was formed in",253,4693,False
cf_4418,unknown,"NoNoNo, founded in",253,4693,False
cf_4418,unknown,Avatarium was started in,253,4693,False
cf_4418,unknown,The Royal Concept formed in,253,4693,False
cf_4418,unknown,Panetoz was created in,253,6181,False
cf_4418,unknown,Djurgårdens IF that was founded in,253,22783,False
cf_13238,unknown,Ludwig Mies van der Rohe found employment in,253,7785,False
cf_13238,unknown,Matthew Binkley took up work in,253,4693,False
cf_13238,unknown,Aly Keita worked in the city of,611,48771,False
cf_13238,unknown,Marie Ward worked in the city of,4693,4693,True
cf_13238,unknown,Anastasia Minster took up work in,253,16496,False
cf_13238,unknown,Bahia Watson was employed in,253,4693,False
cf_13238,unknown,Christoph Wolff worked in the city of,330,42471,False
cf_13238,unknown,Torrey Shanks used to work in,253,4693,False
cf_13238,unknown,Aly Keita found employment in,253,48771,False
cf_13238,unknown,Bahia Watson took up work in,253,4693,False
cf_12116,unknown,Giuseppina Strepponi's domain of activity is,281,16775,False
cf_12116,unknown,Lara Fabian's domain of work is,253,16775,False
cf_12116,unknown,Yemi Alade specializes in,253,18542,False
cf_12116,unknown,Anggun's area of work is,281,26481,False
cf_12116,unknown,The domain of activity of Miki Imai is,281,18090,False
cf_12116,unknown,Wolf Biermann specializes in,253,18542,False
cf_12116,unknown,Willow Smith specializes in,253,16053,False
cf_12116,unknown,The domain of activity of Gwen Stefani is,281,24455,False
cf_12116,unknown,Adore Delano specializes in,253,16053,False
cf_12116,unknown,Yemi Alade works in the field of,4730,8672,False
cf_4444,unknown,The mother tongue of El Lissitzky is,253,7247,False
cf_4444,unknown,The native language of Nicholas I of Russia is,7247,7247,True
cf_4444,unknown,Boris Akunin spoke the language,273,7247,False
cf_4444,unknown,"Alexander III of Russia, a native",273,7247,False
cf_4444,unknown,"Anna Politkovskaya, speaker of",253,7247,False
cf_4444,unknown,Lev Landau is a native speaker of,4383,7247,False
cf_4444,unknown,Vladimir Mayakovsky spoke the language,273,7247,False
cf_4444,unknown,The mother tongue of Anatoly Karpov is,247,7247,False
cf_4444,unknown,"Dmitri Kabalevsky, speaker of",253,7247,False
cf_4444,unknown,"El Lissitzky, speaker of",253,5112,False
cf_15563,unknown,The occupation of Alfred Andersch is,247,18468,False
cf_15563,unknown,Friedrich Albert Lange's profession is an,1650,35796,False
cf_15563,unknown,Egon Bahr's profession is an,6485,12353,False
cf_15563,unknown,Egon Bahr's profession is a,11115,18468,False
cf_15563,unknown,Erika Mann's profession is a,1077,17264,False
cf_15563,unknown,The occupation of Friedrich Albert Lange is,247,18468,False
cf_15563,unknown,Alfred Eisenstaedt's profession is a,11115,17264,False
cf_15563,unknown,The occupation of Gustav Landauer is,247,49360,False
cf_15563,unknown,Heinz G. Konsalik's profession is a,11652,18468,False
cf_15563,unknown,"Mario Soldati, who works as",247,17264,False
cf_6042,unknown,"Madhur Jaffrey, of",253,38075,False
cf_6042,unknown,"George Villiers, 6th Earl of Clarendon, who is employed by",253,15501,False
cf_6042,unknown,Tony Robinson works for,253,15501,False
cf_6042,unknown,"Stefan Kornelius, who is employed by",253,21314,False
cf_6042,unknown,"Andrew Marr, who works for",253,15501,False
cf_6042,unknown,Bob Spiers works for,253,21314,False
cf_6042,unknown,"Timothy Brinton, who works for",253,15501,False
cf_6042,unknown,"Tony Robinson, who is employed by",253,15501,False
cf_6042,unknown,"Bob Spiers, who works for",253,21946,False
cf_6042,unknown,Timothy Brinton works for,253,15501,False
cf_8451,unknown,Atatürk Olympic Stadium is from,253,41460,False
cf_8451,unknown,"Presidential Complex of Turkey, from",253,41460,False
cf_8451,unknown,Ankara 19 Mayıs Stadium is owned by,253,41460,False
cf_8451,unknown,"T.C. Resmî Gazete, from",253,43905,False
cf_8451,unknown,Presidential Palace of Turkey is owned by,253,14307,False
cf_8451,unknown,T.C. Resmî Gazete's owner,13,43905,False
cf_8451,unknown,Mechanical and Chemical Industry Corporation owner,13,21314,False
cf_8451,unknown,Atatürk Olympic Stadium owner,13,41460,False
cf_8451,unknown,"Topkapı Palace, by",253,41460,False
cf_8451,unknown,"Kafes, by",253,14307,False
cf_11334,unknown,"Jacques Brel, playing the",2554,18542,False
cf_11334,unknown,Prince plays the,2554,12609,False
cf_11334,unknown,Leonard Cohen plays the instrument,13,18542,False
cf_11334,unknown,"Bob Dylan, playing the",1421,18542,False
cf_11334,unknown,Bruce Springsteen plays,253,12609,False
cf_11334,unknown,Paul McCartney plays the,1421,18542,False
cf_11334,unknown,"Ringo Starr, playing the",1421,18542,False
cf_11334,unknown,Jacques Brel plays the,2554,18542,False
cf_11334,unknown,Bob Dylan plays the instrument,15,12609,False
cf_11334,unknown,Serge Gainsbourg plays,253,24455,False
cf_7992,unknown,Maryland Route 275 is within,253,15812,False
cf_7992,unknown,Maryland Route 236 is located in,253,15812,False
cf_7992,unknown,Maryland Route 214 is in,253,15812,False
cf_7992,unknown,"Maryland Route 214, in",253,15812,False
cf_7992,unknown,"Maryland Route 272, in",253,15812,False
cf_7992,unknown,Maryland Route 214 is within,253,15812,False
cf_7992,unknown,Maryland Route 223 can be found in,253,15812,False
cf_7992,unknown,Maryland Route 208 can be found in,253,15812,False
cf_7992,unknown,Maryland Route 208 is located in,253,15812,False
cf_7992,unknown,Maryland Route 197 can be found in,253,15812,False
cf_3558,unknown,"Leo Slezak, who plays",253,24455,False
cf_3558,unknown,Fritz Kreisler performs,275,32000,False
cf_3558,unknown,The genre played by Hans Werner Henze is,247,24342,False
cf_3558,unknown,Hans Werner Henze plays,253,18542,False
cf_3558,unknown,What does Georg Philipp Telemann play? They play,253,18542,False
cf_3558,unknown,What does Eduard Lassen play? They play,247,24455,False
cf_3558,unknown,Wolfgang Rihm plays,253,18542,False
cf_3558,unknown,Viktor Ullmann is known for performing,275,24455,False
cf_3558,unknown,The genre played by Franz Schreker is,247,24342,False
cf_3558,unknown,What does Viktor Ullmann play? They play,247,24455,False
cf_18096,unknown,"Cambridge railway station, named for",253,4693,False
cf_18096,unknown,"2531 Cambridge, which was named for",253,11988,False
cf_18096,unknown,Cambridge City Airport is named after,253,4693,False
cf_18096,unknown,"Cambridge railway station, which was named after",253,18217,False
cf_18096,unknown,"Cambridge City Airport, named for",253,4693,False
cf_18096,unknown,"2531 Cambridge, called after",253,11988,False
cf_18096,unknown,"Cantabrigiaster, which is named for",253,11011,False
cf_18096,unknown,"Cantabrigiaster, which was named for",253,11011,False
cf_18096,unknown,Cambridge Greensand is called after,253,33315,False
cf_18096,unknown,Cambridge railway station was called after,253,4693,False
cf_10427,unknown,Mehmed the Conqueror follows the religion of,253,8033,False
cf_10427,unknown,Malcolm X is follower of,253,35702,False
cf_10427,unknown,Mos Def is follower of,253,8033,False
cf_10427,unknown,Mehmed the Conqueror is affiliated with the religion,273,8033,False
cf_10427,unknown,The official religion of Q-Tip is,8033,20242,False
cf_10427,unknown,The official religion of Rumi is,8033,8033,True
cf_10427,unknown,Mos Def follows the religion of,253,8033,False
cf_10427,unknown,saint follows the religion of,253,8033,False
cf_10427,unknown,Malcolm X is affiliated with the religion,273,20242,False
cf_10427,unknown,Dave Chappelle is follower of,253,35702,False
cf_11914,unknown,Sun Yat-sen writes in,521,5628,False
cf_11914,unknown,James Clerk Maxwell speaks the language,273,4383,False
cf_11914,unknown,Steven Spielberg speaks the language,273,4383,False
cf_11914,unknown,The language used by Satyajit Ray is,417,48610,False
cf_11914,unknown,Vladimir Putin speaks the language,273,7247,False
cf_11914,unknown,The language used by Enrico Fermi is,247,9890,False
cf_11914,unknown,The language used by James Clerk Maxwell is,247,4383,False
cf_11914,unknown,Winston Churchill speaks the language,273,4383,False
cf_11914,unknown,Winston Churchill speaks,281,4383,False
cf_11914,unknown,Vladimir Putin writes in,521,7247,False
cf_12888,unknown,Sheffield Wednesday F.C.'s headquarters are in,42894,42894,True
cf_12888,unknown,"Hallam F.C., whose headquarters are in",253,4693,False
cf_12888,unknown,University of Sheffield is headquartered in,42894,42894,True
cf_12888,unknown,Equinox Publishing is based in,253,4693,False
cf_12888,unknown,The headquarters of Little Chef is in,253,14296,False
cf_12888,unknown,The headquarters of Geographical Association is in,253,4693,False
cf_12888,unknown,Community Media Association is headquartered in,1457,22126,False
cf_12888,unknown,"Roman Catholic Diocese of Hallam, whose headquarters are in",253,12300,False
cf_12888,unknown,Sheffield Co-operative Society's headquarters are in,42894,42894,True
cf_12888,unknown,"Sheffield City Council, whose headquarters are in",42894,42894,True
cf_17478,unknown,"German, located in",253,6176,False
cf_17478,unknown,"UGentMemorialis ID, which is located in",253,8068,False
cf_17478,unknown,"FOIH heritage types ID, in",253,23856,False
cf_17478,unknown,FOIH taxon ID is located in,253,7751,False
cf_17478,unknown,"FOIH person ID, in",253,4047,False
cf_17478,unknown,"BALaT person/organisation id, in",253,22075,False
cf_17478,unknown,Wallonia is located in the country of,44133,22785,False
cf_17478,unknown,"Wallonia, which is located in",253,22785,False
cf_17478,unknown,Belgium is located in the country of,22785,22785,True
cf_17478,unknown,Enterprise number (Belgium) is located in,253,22785,False
cf_383,unknown,Noor is created by,253,17885,False
cf_383,unknown,"Sejjil, produced by",253,26862,False
cf_383,unknown,Iranian missile boat Joshan is created by,253,7751,False
cf_383,unknown,"Kowsar, produced by",253,21314,False
cf_383,unknown,Hwasong-5 is created by,253,26862,False
cf_383,unknown,Iranian missile boat Paykan is developed by,253,7751,False
cf_383,unknown,"Iranian missile boat Joshan, produced by",253,7751,False
cf_383,unknown,Fateh-110 is a product of,253,38075,False
cf_383,unknown,"Shahab-1, created by",253,7751,False
cf_383,unknown,"Valfajr (torpedo), produced by",253,26862,False
cf_14602,unknown,IBM Home Page Reader is developed by,253,8217,False
cf_14602,unknown,IBM Lotus Web Content Management was a product of,253,21314,False
cf_14602,unknown,IBM OfficeVision is a product of,253,9664,False
cf_14602,unknown,"IBM Lotus Web Content Management, a product of",253,21314,False
cf_14602,unknown,IBM SAN File System is a product of,253,21314,False
cf_14602,unknown,"IBM Home Page Reader, a product developed by",253,8217,False
cf_14602,unknown,"IBM OfficeVision, a product manufactured by",9664,9664,True
cf_14602,unknown,IBM WebSphere Commerce was a product of,253,21314,False
cf_14602,unknown,"IBM History Flow tool, created by",253,21314,False
cf_14602,unknown,IBM Unica NetInsight is created by,253,21314,False
cf_2485,unknown,Andreas Andersson was born in,16842,38476,False
cf_2485,unknown,Anna-Clara Tidholm was born in,38476,38476,True
cf_2485,unknown,Jacob Bjerknes was originally from,253,40892,False
cf_2485,unknown,Yvonne Hirdman originates from,253,24604,False
cf_2485,unknown,Gunnar Björnstrand was native to,253,38476,False
cf_2485,unknown,Jonatan Johansson was originally from,16842,38476,False
cf_2485,unknown,Avicii was originally from,253,24604,False
cf_2485,unknown,Natanael Berg originates from,253,4693,False
cf_2485,unknown,Jacob Bjerknes is originally from,253,40892,False
cf_2485,unknown,Inger Alfvén is native to,253,20341,False
cf_1648,unknown,What is the twin city of Busan? It is,253,36546,False
cf_1648,unknown,Damascus is a twin city of,47419,47419,True
cf_1648,unknown,The twin city of Beirut is,253,34992,False
cf_1648,unknown,Detroit is a twin city of,17372,17372,True
cf_1648,unknown,What is the twin city of Beirut? It is,253,34992,False
cf_1648,unknown,The twin city of Casablanca is,253,34992,False
cf_1648,unknown,The twin city of Detroit is,247,8068,False
cf_1648,unknown,The twin city of Nur-Sultan is,247,34992,False
cf_1648,unknown,What is the twin city of Damascus? It is,247,39759,False
cf_1648,unknown,What is the twin city of Tripoli? It is,253,12300,False
cf_3983,unknown,"Ezekiel, Freiherr von Spanheim's life ended in",253,12911,False
cf_3983,unknown,Godfrey Kneller's life ended in,247,7785,False
cf_3983,unknown,Bill Brandt lost their life at,253,8068,False
cf_3983,unknown,Johann Peter Salomon died in,247,7785,False
cf_3983,unknown,George Grey expired at,253,4693,False
cf_3983,unknown,August Wilhelmj's life ended in,247,12911,False
cf_3983,unknown,Rolf Dieter Brinkmann passed away in,521,12911,False
cf_3983,unknown,Alice Herz-Sommer died at,253,12911,False
cf_3983,unknown,Arthur Koestler passed away in,521,12911,False
cf_3983,unknown,Rolf Dieter Brinkmann died at,253,12911,False
cf_7511,unknown,The music label that is representing Petra en Alabanza is,253,33368,False
cf_7511,unknown,"Unseen Power, which is represented by",253,22645,False
cf_7511,unknown,"Petra, released by",253,22645,False
cf_7511,unknown,The music label that is representing Babbie Mason is,253,41813,False
cf_7511,unknown,I'm All Yours label :,37,12609,False
cf_7511,unknown,"John Elefante, released by",253,33368,False
cf_7511,unknown,"Billy Ray Cyrus, which is represented by",253,41813,False
cf_7511,unknown,"Bruce Carroll, which is represented by",253,41813,False
cf_7511,unknown,Stellar Kart's record label is,247,41813,False
cf_7511,unknown,Unseen Power is represented by,253,41813,False
cf_2179,unknown,"Silvio Caiozzi, who holds a citizenship from",253,9972,False
cf_2179,unknown,"Ramón Vinay, who has a citizenship from",253,8987,False
cf_2179,unknown,Arturo Prat has a citizenship from,253,10869,False
cf_2179,unknown,"Silvio Caiozzi, who has a citizenship from",253,9972,False
cf_2179,unknown,Fernando Cornejo holds a citizenship from,253,23881,False
cf_2179,unknown,"Ramón Vinay, who holds a citizenship from",253,8987,False
cf_2179,unknown,"Ariel Mateluna, who has a citizenship from",253,8987,False
cf_2179,unknown,"José Luis Villanueva, who has a citizenship from",253,23881,False
cf_2179,unknown,"Claudio Maldonado, a citizen of",253,8987,False
cf_2179,unknown,"Pedro Morales, who is a citizen of",253,31003,False
cf_5685,unknown,Bocconi University can be found in,253,9972,False
cf_5685,unknown,Milano Lancetti railway station can be found in,253,9972,False
cf_5685,unknown,Italian Bourse is located in,253,17413,False
cf_5685,unknown,The location of Italian Bourse is,275,27850,False
cf_5685,unknown,Bocconi University is located in,253,9972,False
cf_5685,unknown,Where is Biblioteca Trivulziana? It is located in,253,12300,False
cf_5685,unknown,The location of Sesto Marelli metro station is,4441,12300,False
cf_5685,unknown,The location of Milano Villapizzone railway halt is,4441,27850,False
cf_5685,unknown,Sesto Marelli metro station can be found in,253,12300,False
cf_5685,unknown,Sant’Ambrogio metro station can be found in,253,12300,False
cf_4061,unknown,Nepal is located in the continent,273,10497,False
cf_4061,unknown,Iran belongs to the continent of,7531,10497,False
cf_4061,unknown,North Korea is located in,253,10497,False
cf_4061,unknown,Saudi Arabia is located in,253,20498,False
cf_4061,unknown,Israel is a part of the continent of,7531,10497,False
cf_4061,unknown,Nepal is a part of the continent of,35020,10497,False
cf_4061,unknown,Israel is located in,253,10497,False
cf_4061,unknown,Myanmar is located in the continent,273,43828,False
cf_4061,unknown,Russia is a part of the continent of,3060,10497,False
cf_4061,unknown,Thailand is in,253,10497,False
cf_6373,unknown,Republic of San Marco's capital city is,253,28792,False
cf_6373,unknown,The capital of Kingdom of Lombardy–Venetia is,4441,28792,False
cf_6373,unknown,"Republic of San Marco's capital,",253,28792,False
cf_6373,unknown,The capital city of Venetian Province is,4441,28792,False
cf_6373,unknown,The capital city of Venezia Euganea is,4441,28792,False
cf_6373,unknown,Province of Venice's capital is,253,28792,False
cf_6373,unknown,"Republic of San Marco's capital city,",5003,28792,False
cf_6373,unknown,Adriatique's capital city is,253,7785,False
cf_6373,unknown,"Venezia Euganea's capital,",253,28792,False
cf_6373,unknown,Venezia Euganea's capital is,247,28792,False
cf_15420,unknown,The original language of Now You See Me was,3542,4383,False
cf_15420,unknown,The language of Male Hunt was,247,4383,False
cf_15420,unknown,The original language of L'Atlantide is,346,5112,False
cf_15420,unknown,The original language of The Wild Child is,247,4383,False
cf_15420,unknown,The original language of Fantastic Planet was,3542,4383,False
cf_15420,unknown,The original language of Persepolis is,31534,31534,True
cf_15420,unknown,The original language of Shoot the Piano Player is,27,4383,False
cf_15420,unknown,The language of Snowpiercer is,247,4383,False
cf_15420,unknown,The original language of And Now... Ladies and Gentlemen was,3542,4383,False
cf_15420,unknown,The language of Snowpiercer was,247,4383,False
cf_11963,unknown,The official language of Kalajoki is,253,36090,False
cf_11963,unknown,The official language of Laitila is,253,34861,False
cf_11963,unknown,The law in Loimaa declares the language,273,36090,False
cf_11963,unknown,"In Borås Municipality, an official language is",13452,19688,False
cf_11963,unknown,"In Laitila, an official language is",247,34861,False
cf_11963,unknown,"In Salla, an official language is",247,9883,False
cf_11963,unknown,"In Laitila, the language spoken is",253,34861,False
cf_11963,unknown,"In Viitasaari, an official language is",13452,34861,False
cf_11963,unknown,"In Borås Municipality, the language spoken is",19688,19688,True
cf_11963,unknown,"In Forssa, the language spoken is",417,4383,False
cf_15129,unknown,"Gregory X, whose position is that of",247,29417,False
cf_15129,unknown,"Innocent XII, who holds the position of",4222,39166,False
cf_15129,unknown,"Benedict XIII, whose position is that of",247,39166,False
cf_15129,unknown,"Adrian IV, whose position is that of",247,26390,False
cf_15129,unknown,Paul V is a,1077,29417,False
cf_15129,unknown,Clement XII is a,1077,39166,False
cf_15129,unknown,"Innocent VIII, who holds the position of",253,39166,False
cf_15129,unknown,Gregory XV is a,1077,29417,False
cf_15129,unknown,Paul V's position is,326,29417,False
cf_15129,unknown,"Clement XIII, who has the position of",253,26892,False
cf_15413,unknown,Le Ventre de Paris is written in,253,5112,False
cf_15413,unknown,The Tales of Hoffmann is written in,253,5112,False
cf_15413,unknown,The language of The Valiant Little Tailor was,247,4383,False
cf_15413,unknown,The Black Book of Communism was written in,253,7247,False
cf_15413,unknown,The language of The Plague was,247,4383,False
cf_15413,unknown,The language of Acta Mathematica was,417,11308,False
cf_15413,unknown,Terraria is written in,253,9883,False
cf_15413,unknown,La Juive was written in,253,5112,False
cf_15413,unknown,Adam was written in,253,4383,False
cf_15413,unknown,wikiHow is written in,4383,13814,False
cf_6808,unknown,Robbie Brady plays as,253,22385,False
cf_6808,unknown,"Agostinho Cá, the",3438,24110,False
cf_6808,unknown,Adrian Mierzejewski plays in the position of,247,42402,False
cf_6808,unknown,Juan Sebastián Verón plays in the position of,253,31021,False
cf_6808,unknown,"Patrick Vieira, the",3438,42402,False
cf_6808,unknown,"Paul Scholes, the",3438,12609,False
cf_6808,unknown,Radosław Kałużny plays as,253,42402,False
cf_6808,unknown,Paul Scholes plays as,247,22385,False
cf_6808,unknown,Which position does Paul Scholes play? They play as,247,22385,False
cf_6808,unknown,Rainer Bonhof plays as,253,31021,False
cf_2169,unknown,NOW on PBS is to debut on,13626,13626,True
cf_2169,unknown,"Arthur, season 13 was released on",17509,22303,False
cf_2169,unknown,Mythos was released on,253,21946,False
cf_2169,unknown,"Arthur, season 10 is to debut on",25456,22303,False
cf_2169,unknown,"Arthur, season 16 was released on",17509,22303,False
cf_2169,unknown,"Arthur, season 12 debuted on",22303,22303,True
cf_2169,unknown,"Arthur, season 13 premiered on",22303,22303,True
cf_2169,unknown,Lamb Chop's Play-Along was originally aired on,253,22303,False
cf_2169,unknown,NOW on PBS was released on,253,13626,False
cf_2169,unknown,NOW on PBS premieres on,13626,13626,True
cf_18361,unknown,Football Association of Serbia is affiliated with the,48069,38075,False
cf_18361,unknown,Federação Moçambicana de Futebol belongs to the organization of,253,38075,False
cf_18361,unknown,Football Association of Serbia is a member of,253,38075,False
cf_18361,unknown,Algerian Football Federation belongs to the organization of,253,38075,False
cf_18361,unknown,Latvian Football Federation is affiliated with the,15794,38075,False
cf_18361,unknown,Italy national association football team belongs to the organization of,253,38075,False
cf_18361,unknown,Romanian Football Federation is a part of the,45575,38075,False
cf_18361,unknown,Russia national association football team is a part of the,38075,38075,True
cf_18361,unknown,Romanian Football Federation is affiliated with the,45575,38075,False
cf_18361,unknown,Football Association of Zambia is affiliated with the,1503,38075,False
cf_11145,unknown,"Gendarme in New York, from",253,7785,False
cf_11145,unknown,"Live and Become, created in",253,6976,False
cf_11145,unknown,"Two Women, that was created in",253,22126,False
cf_11145,unknown,"Nuovomondo, formulated in",253,9890,False
cf_11145,unknown,Last Days of Mussolini was formulated in,253,9972,False
cf_11145,unknown,"The Magliari, that was from",253,9972,False
cf_11145,unknown,Gendarme in New York was created in the country of,521,6181,False
cf_11145,unknown,Live and Become originated in,253,4693,False
cf_11145,unknown,Gendarme in New York was from,253,7785,False
cf_11145,unknown,"Innocents with Dirty Hands, that was from",253,33368,False
cf_832,unknown,Lothar Matthäus is a professional,6749,20391,False
cf_832,unknown,Landon Donovan professionally plays the sport,273,20391,False
cf_832,unknown,"Wayne Rooney, the",5854,20391,False
cf_832,unknown,"Frank Lampard, the",3438,20391,False
cf_832,unknown,Javier Hernández professionally plays the sport,273,20391,False
cf_832,unknown,"Lothar Matthäus, the",806,27343,False
cf_832,unknown,Tim Cahill professionally plays the sport,273,19971,False
cf_832,unknown,"Nigel de Jong, the",3438,20391,False
cf_832,unknown,Ashley Cole is a professional,42411,31926,False
cf_832,unknown,What sport does Ashley Cole play? They play,5842,20391,False
cf_6140,unknown,O'Brother was started in,253,8068,False
cf_6140,unknown,"Watch The Duck, that originated in",253,17372,False
cf_6140,unknown,"O'Brother, created in",253,11011,False
cf_6140,unknown,The Constellations was formed in,253,4693,False
cf_6140,unknown,"Neon Christ, that was formed in",253,17372,False
cf_6140,unknown,"Neon Christ, created in",253,17372,False
cf_6140,unknown,The Lost Trailers originated in,253,22126,False
cf_6140,unknown,Neon Christ formed in,253,4693,False
cf_6140,unknown,"The Constellations, created in",253,9972,False
cf_6140,unknown,Watch The Duck formed in,253,8068,False
cf_5867,unknown,Krister Wickman found employment in,253,4693,False
cf_5867,unknown,Ingrid Segerstedt Wiberg took up work in,253,40892,False
cf_5867,unknown,Mikael Damberg found employment in,253,43516,False
cf_5867,unknown,Pierre Schori took up work in,253,7785,False
cf_5867,unknown,Bo Bernhardsson found employment in,253,38476,False
cf_5867,unknown,Margareta Winberg used to work in,253,38476,False
cf_5867,unknown,Sven-Erik Österberg took up work in,253,38476,False
cf_5867,unknown,Björn Rosengren worked in,253,12911,False
cf_5867,unknown,Fredrik Olovsson found employment in,253,38476,False
cf_5867,unknown,Bengt Berg was employed in,253,12911,False
cf_775,unknown,Irène Joliot-Curie's area of work is,253,12057,False
cf_775,unknown,Dmitri Mendeleev specializes in,253,12057,False
cf_775,unknown,The domain of work of John Dalton is,253,12057,False
cf_775,unknown,James Bryant Conant works in the field of,4730,9921,False
cf_775,unknown,Henri Becquerel works in the area of,253,23065,False
cf_775,unknown,Ernest Rutherford's domain of activity is,281,12057,False
cf_775,unknown,Louis Pasteur works in the field of,18124,18090,False
cf_775,unknown,The expertise of Henri Becquerel is,973,50085,False
cf_775,unknown,Louis Pasteur's expertise is,275,18090,False
cf_775,unknown,Friedrich Wöhler specializes in,253,12057,False
cf_18458,unknown,Pliny the Elder is a native speaker of,4383,11308,False
cf_18458,unknown,The native language of Seneca the Elder is,5112,4383,False
cf_18458,unknown,Romulus Augustus is a native speaker of,4383,5112,False
cf_18458,unknown,"Vitruvius, a native",273,11308,False
cf_18458,unknown,"Adolphus Vorstius, speaker of",253,13986,False
cf_18458,unknown,The native language of Johannes de Sacrobosco is,253,9883,False
cf_18458,unknown,The mother tongue of Pompey is,253,12760,False
cf_18458,unknown,Seneca the Elder spoke the language,273,12760,False
cf_18458,unknown,The mother tongue of Libert Froidmont is,247,5112,False
cf_18458,unknown,"Julius Firmicus Maternus, speaker of",253,11308,False
cf_13115,unknown,The occupation of Jorge Luis Borges is,247,8406,False
cf_13115,unknown,The profession of Dante Alighieri is,247,42753,False
cf_13115,unknown,The occupation of J. R. R. Tolkien is,247,42250,False
cf_13115,unknown,The profession of Giovanni Boccaccio is,247,17502,False
cf_13115,unknown,Niccolò Machiavelli's occupation is,253,27741,False
cf_13115,unknown,The occupation of Leonard Cohen is,247,26650,False
cf_13115,unknown,The occupation of Giovanni Boccaccio is,247,18468,False
cf_13115,unknown,"Charles Baudelaire, who works as",247,8406,False
cf_13115,unknown,The profession of Victor Hugo is,247,8406,False
cf_13115,unknown,Niccolò Machiavelli's profession is a,1077,18468,False
cf_2437,unknown,Doug Bowser works for,253,9664,False
cf_2437,unknown,Eiji Aonuma works for,253,9664,False
cf_2437,unknown,Takaya Imamura is employed by,253,26862,False
cf_2437,unknown,Satoru Iwata works for,253,26862,False
cf_2437,unknown,"Doug Bowser, who is employed by",253,5559,False
cf_2437,unknown,"Shin'ichirō Tamaki, who works for",253,26862,False
cf_2437,unknown,Shigeru Miyamoto works for,253,26862,False
cf_2437,unknown,"Satoru Iwata, who is employed by",253,26862,False
cf_2437,unknown,"Yoshiaki Koizumi, of",253,4047,False
cf_2437,unknown,"Satoru Iwata, of",253,26862,False
cf_11095,unknown,The Red Vineyard is owned by,253,7758,False
cf_11095,unknown,"Gromov Flight Research Institute, by",253,16496,False
cf_11095,unknown,"Progress State Research and Production Rocket Space Center, from",253,18228,False
cf_11095,unknown,"United Shipbuilding Corporation, from",253,17372,False
cf_11095,unknown,Oboronprom is owned by,253,21314,False
cf_11095,unknown,50 Let Pobedy is from,253,6181,False
cf_11095,unknown,"Nizhny Novgorod Fair, from",253,7422,False
cf_11095,unknown,United Shipbuilding Corporation owner,13,35251,False
cf_11095,unknown,United Shipbuilding Corporation is from,253,5041,False
cf_11095,unknown,Lenin's Mausoleum owner,13,17111,False
cf_1456,unknown,Conrad Hansen performs on the,18542,18542,True
cf_1456,unknown,Robert Radecke plays the,2554,18542,False
cf_1456,unknown,Nikolai Rimsky-Korsakov performs on the,3924,18542,False
cf_1456,unknown,"Richard Fall, playing the",2554,18542,False
cf_1456,unknown,"Ingrid Haebler, the",6423,20391,False
cf_1456,unknown,Nikolai Rimsky-Korsakov plays the,2554,18542,False
cf_1456,unknown,"Anton Rubinstein, performing on the",921,18542,False
cf_1456,unknown,"Christoph Nichelmann, the",3438,25375,False
cf_1456,unknown,Paul Badura-Skoda performs on the,3924,18542,False
cf_1456,unknown,"Magdalena Thora, performing on the",1072,18542,False
cf_8872,unknown,Dubai Silicon Oasis can be found in,253,34992,False
cf_8872,unknown,Executive Towers is located in,253,13533,False
cf_8872,unknown,Maktoum Bin Rashid Al Maktoum Stadium is located in,253,10253,False
cf_8872,unknown,Deira is located in,253,18267,False
cf_8872,unknown,National Bank of Dubai is in,253,34992,False
cf_8872,unknown,Dubai Festival City is within,7824,34992,False
cf_8872,unknown,Dubai Festival City is located in,253,34992,False
cf_8872,unknown,Dubai International Financial Centre is in,253,34992,False
cf_8872,unknown,Al Tayer Tower can be found in,253,7785,False
cf_8872,unknown,"Maktoum Bin Rashid Al Maktoum Stadium, in",253,34992,False
cf_2197,unknown,What does Freddy Cole play? They play,247,24455,False
cf_2197,unknown,The genre played by David Sanborn is,247,24455,False
cf_2197,unknown,Paolo Conte performs,275,24455,False
cf_2197,unknown,Antônio Carlos Jobim performs,275,18542,False
cf_2197,unknown,The genre played by Al Sears is,247,24455,False
cf_2197,unknown,Eric Alexander performs,247,24455,False
cf_2197,unknown,The genre played by Quincy Jones is,247,24455,False
cf_2197,unknown,Jason Mraz performs,387,24455,False
cf_2197,unknown,David Sanborn performs,387,24455,False
cf_2197,unknown,Richard Wright plays,253,24455,False
cf_4246,unknown,"France Square, which is called after",253,15894,False
cf_4246,unknown,"Three Countries Bridge, which is named for",253,22783,False
cf_4246,unknown,"France Square, named after",253,15894,False
cf_4246,unknown,"Tour de France, named for",253,6181,False
cf_4246,unknown,"Frankrijklaan, which is named for",253,16333,False
cf_4246,unknown,Frankrijklaan is named for,253,16333,False
cf_4246,unknown,"Frankrijklaan, which was called after",253,13986,False
cf_4246,unknown,Francouzská was named for,253,27443,False
cf_4246,unknown,"île de France, named for",253,6181,False
cf_4246,unknown,Rosa 'La France' was named for,253,6181,False
cf_5634,unknown,Fritz Lang follows the religion of,253,8033,False
cf_5634,unknown,Chiang Kai-shek follows the religion of,253,35702,False
cf_5634,unknown,The official religion of Eminem is,8033,20242,False
cf_5634,unknown,Malta follows the religion of,253,8033,False
cf_5634,unknown,Fritz Lang is affiliated with the religion,273,43506,False
cf_5634,unknown,Andrew Johnson is affiliated with the religion,273,20242,False
cf_5634,unknown,Bible is affiliated with the religion,273,43506,False
cf_5634,unknown,Orson Welles is follower of,253,20242,False
cf_5634,unknown,The official religion of Fritz Lang is,253,20242,False
cf_5634,unknown,Dwayne Johnson is affiliated with the religion,273,20242,False
cf_14982,unknown,Luigi Comencini speaks the language,273,9890,False
cf_14982,unknown,Roberto Rossellini speaks the language,273,9890,False
cf_14982,unknown,Giulio Andreotti writes in,253,9890,False
cf_14982,unknown,The language used by Frank Capra is,417,4383,False
cf_14982,unknown,Antonio Salieri speaks,281,9890,False
cf_14982,unknown,Giulio Andreotti speaks,281,9890,False
cf_14982,unknown,Ettore Scola speaks,281,9890,False
cf_14982,unknown,Giuseppe Tornatore speaks,281,9890,False
cf_14982,unknown,Frank Capra speaks,281,4383,False
cf_14982,unknown,The language used by Lina Wertmüller is,247,5685,False
cf_889,unknown,The Brown Daily Herald is based in,253,13533,False
cf_889,unknown,Roman Catholic Diocese of Providence is headquartered in,253,12300,False
cf_889,unknown,The headquarter of LIN Media is in,253,21818,False
cf_889,unknown,Rhode Island Historical Preservation and Heritage Commission's headquarters are in,253,35258,False
cf_889,unknown,"American Mathematical Society, whose headquarters are in",11988,11988,True
cf_889,unknown,"Rhode Island Department of Elementary and Secondary Education, whose headquarters are in",35258,35258,True
cf_889,unknown,LIN Media's headquarters are in,253,13533,False
cf_889,unknown,The headquarters of Load Records is in,253,41813,False
cf_889,unknown,The headquarter of Rhode Island Medical Society is in,35258,35258,True
cf_889,unknown,Big East Conference is based in,253,8068,False
cf_19666,unknown,President of Syria is located in,253,47419,False
cf_19666,unknown,"Apostolic Vicariate of Aleppo, located in",16660,12728,False
cf_19666,unknown,"Maaloula, in",253,6181,False
cf_19666,unknown,"Harem, which is located in",253,4693,False
cf_19666,unknown,Qatna is located in the country of,16111,16111,True
cf_19666,unknown,Resafa is located in the country of,253,22075,False
cf_19666,unknown,"Temple of Bel, which is located in",253,7758,False
cf_19666,unknown,"Baghdad Railway, which is located in",253,9256,False
cf_19666,unknown,"Melkite Catholic Archeparchy of Aleppo, which is located in",253,12728,False
cf_19666,unknown,Melkite Catholic Archeparchy of Aleppo is located in,16660,12728,False
cf_10722,unknown,"Honda Aviator, developed by",34379,34379,True
cf_10722,unknown,"Honda G engine, developed by",34379,34379,True
cf_10722,unknown,"Honda Activa, created by",253,34379,False
cf_10722,unknown,"Honda Quint, created by",253,34379,False
cf_10722,unknown,Honda NSR75 is a product of,34379,34379,True
cf_10722,unknown,"Honda NSX (second generation), produced by",34379,34379,True
cf_10722,unknown,Honda VT600C is a product of,34379,34379,True
cf_10722,unknown,"Honda CB650SC, created by",34379,34379,True
cf_10722,unknown,"Honda NSR500V, developed by",34379,34379,True
cf_10722,unknown,"Honda NSR75, created by",34379,34379,True
cf_10555,unknown,F# is developed by,253,9664,False
cf_10555,unknown,"Microsoft Silverlight, a product developed by",9664,9664,True
cf_10555,unknown,"Windows 3.0, a product created by",9664,9664,True
cf_10555,unknown,"Windows 2.0, a product created by",9664,9664,True
cf_10555,unknown,Microsoft Surface was a product of,9664,9664,True
cf_10555,unknown,Microsoft Office 2007 was developed by,9664,9664,True
cf_10555,unknown,Windows 3.0 was developed by,9664,9664,True
cf_10555,unknown,Microsoft Office 2007 was created by,9664,9664,True
cf_10555,unknown,Windows Embedded Compact was a product of,253,9664,False
cf_10555,unknown,JScript is created by,253,16872,False
cf_12383,unknown,Dave Eggers is originally from,253,8068,False
cf_12383,unknown,Arthur Cheney Train is originally from,253,16335,False
cf_12383,unknown,Mr. Lif is originally from,253,21249,False
cf_12383,unknown,Dave Eggers was born in,253,8068,False
cf_12383,unknown,Daniel Goldhagen was native to,253,8068,False
cf_12383,unknown,William Monahan is originally from,253,8068,False
cf_12383,unknown,Archibald Thompson Davison was native to,253,4693,False
cf_12383,unknown,Henry Theodore Tuckerman is native to,253,8068,False
cf_12383,unknown,Dave Eggers is native to,253,8068,False
cf_12383,unknown,Annie Adams Fields was originally from,253,8068,False
cf_12082,unknown,The twin city of Sydney is,253,21818,False
cf_12082,unknown,What is the twin city of Guam? It is,247,43949,False
cf_12082,unknown,Bangkok is a twin city of,48771,48771,True
cf_12082,unknown,What is the twin city of Warsaw? It is,253,40431,False
cf_12082,unknown,The twin city of Warsaw is,253,50086,False
cf_12082,unknown,The twin city of Taipei is,253,36546,False
cf_12082,unknown,What is the twin city of Buenos Aires? It is,253,46287,False
cf_12082,unknown,Rio de Janeiro is a twin city of,22319,34215,False
cf_12082,unknown,Beijing is a twin city of,23494,23494,True
cf_12082,unknown,The twin city of Moscow is,253,18496,False
cf_4113,unknown,Nur ad-Din's life ended in,247,41460,False
cf_4113,unknown,Abdul Rahman Munif passed away at,253,48771,False
cf_4113,unknown,Muawiyah I died in,253,37068,False
cf_4113,unknown,Abd al-Malik ibn Marwan passed away at,253,37068,False
cf_4113,unknown,Ibn al-Baitar passed away at,253,37068,False
cf_4113,unknown,Al-Dhahabi succumbed at,253,35889,False
cf_4113,unknown,Abdelkader El Djezairi died in the city of,611,37068,False
cf_4113,unknown,Al-Dhahabi passed away in,253,34992,False
cf_4113,unknown,Ibn Qayyim Al-Jawziy expired at,253,37068,False
cf_4113,unknown,Abdul Rahman Munif expired at,253,34992,False
cf_16118,unknown,Caravan / Azure's music label is,247,41813,False
cf_16118,unknown,"Billie Holiday, released by",12746,41813,False
cf_16118,unknown,The music label representing Little Richard is,671,33368,False
cf_16118,unknown,The music label representing Caravan / Azure is,247,33368,False
cf_16118,unknown,"Glen Gray, that is represented by",253,41813,False
cf_16118,unknown,My Generation is represented by record label,13,41813,False
cf_16118,unknown,My Generation's record label is,247,41813,False
cf_16118,unknown,Art Tatum's record company is,247,41813,False
cf_16118,unknown,Little Richard's label is,247,41813,False
cf_16118,unknown,Buddy Holly's record label is,247,41813,False
cf_5182,unknown,"Carlos María Ramírez, who holds a citizenship from",253,31003,False
cf_5182,unknown,"Lúcio, who holds a citizenship from",253,10869,False
cf_5182,unknown,"Jorginho, who is a citizen of",253,24084,False
cf_5182,unknown,"Lúcio, a citizen of",253,10869,False
cf_5182,unknown,Paulo Freire is a citizen of,253,24084,False
cf_5182,unknown,"Glória Pires, who is a citizen of",253,10869,False
cf_5182,unknown,Vera Fischer has a citizenship from,253,18908,False
cf_5182,unknown,"Bernard, who has a citizenship from",253,6181,False
cf_5182,unknown,Kevin Kurányi holds a citizenship from,253,16795,False
cf_5182,unknown,"Vera Fischer, who has a citizenship from",253,18908,False
cf_3262,unknown,Where is 2014 Australian Open? It is located in,21818,21818,True
cf_3262,unknown,John Monash Science School is located in,253,11988,False
cf_3262,unknown,Where is route 6? It is located in,253,5002,False
cf_3262,unknown,Animals Australia is in,253,6976,False
cf_3262,unknown,The location of Kew Asylum is,247,4693,False
cf_3262,unknown,RMIT Gallery can be found in,253,21818,False
cf_3262,unknown,Inner Circle railway line is located in,253,6976,False
cf_3262,unknown,The location of Australia ICOMOS is,253,21818,False
cf_3262,unknown,Inner Circle railway line is in,253,4693,False
cf_3262,unknown,Hurstbridge railway line can be found in,253,5854,False
cf_14050,unknown,Ethiopia is located in,253,7531,False
cf_14050,unknown,Ethiopia is located in the continent,273,7531,False
cf_14050,unknown,"Nigeria, in",253,7531,False
cf_14050,unknown,Côte d'Ivoire is in,253,7531,False
cf_14050,unknown,Nigeria is a part of the continent of,7531,7531,True
cf_14050,unknown,Tanzania is located in,253,7531,False
cf_14050,unknown,Zambia is a part of the continent of,7531,7531,True
cf_14050,unknown,Democratic Republic of the Congo is located in,253,7531,False
cf_14050,unknown,Kenya belongs to the continent of,7531,7531,True
cf_14050,unknown,Burkina Faso is located in the continent,273,7531,False
cf_7219,unknown,"Colony of British Columbia's capital city,",22126,22126,True
cf_7219,unknown,Capital Regional District's capital city is,253,22126,False
cf_7219,unknown,Colony of British Columbia's capital city is,247,22126,False
cf_7219,unknown,"Colony of British Columbia's capital,",22126,22126,True
cf_7219,unknown,Colony of British Columbia's capital is,247,22126,False
cf_7219,unknown,"Capital Regional District's capital,",370,37304,False
cf_7219,unknown,British Columbia's capital city is,253,22126,False
cf_7219,unknown,"Capital Regional District, which has the capital city",273,37304,False
cf_7219,unknown,The capital city of Colony of British Columbia is,4441,22126,False
cf_7219,unknown,The capital city of Capital Regional District is,4441,22126,False
cf_16543,unknown,The original language of Kaakha Kaakha was,247,34861,False
cf_16543,unknown,The language of Priyasakhi was,908,34861,False
cf_16543,unknown,The original language of Unakkum Enakkum is,247,34861,False
cf_16543,unknown,The original language of Mr. Romeo is,346,9890,False
cf_16543,unknown,The original language of Kaakha Kaakha is,247,34861,False
cf_16543,unknown,The original language of Arinthum Ariyamalum is,247,34861,False
cf_16543,unknown,The language of Unakkum Enakkum was,908,34861,False
cf_16543,unknown,The language of Kalidas was,417,34861,False
cf_16543,unknown,The original language of Priyasakhi was,346,34861,False
cf_16543,unknown,The language of Pithamagan is,417,34861,False
cf_15460,unknown,"In Naples, they understand",326,9890,False
cf_15460,unknown,"In Vatican City, an official language is",253,9890,False
cf_15460,unknown,"In Ravenna, an official language is",253,9890,False
cf_15460,unknown,"In Palermo, the language spoken is",253,9890,False
cf_15460,unknown,The law in Rome declares the language,273,12760,False
cf_15460,unknown,"In Rome, they understand",326,9890,False
cf_15460,unknown,"In Turin, an official language is",253,9890,False
cf_15460,unknown,The official language of Italy is,9890,9890,True
cf_15460,unknown,The official language of Genoa is,9890,9890,True
cf_15460,unknown,"In Holy Roman Empire, an official language is",253,5685,False
cf_7475,unknown,Alexander III's position is,326,16496,False
cf_7475,unknown,"Paul V, who has the position of",253,29417,False
cf_7475,unknown,Nicholas V has the position of,253,29417,False
cf_7475,unknown,Honorius III's position is,326,29417,False
cf_7475,unknown,"Benedict XIII, whose position is that of",247,39166,False
cf_7475,unknown,"Callixtus III, who holds the position of",253,29417,False
cf_7475,unknown,Urban V's position is,326,18468,False
cf_7475,unknown,Gregory X's position is,326,29417,False
cf_7475,unknown,Paul V has the position of,253,29417,False
cf_7475,unknown,"Clement XII, whose position is that of",247,39166,False
cf_10951,unknown,The language of LibreOffice was,417,5112,False
cf_10951,unknown,The language of iOS was,417,4383,False
cf_10951,unknown,Maastricht Treaty was written in,253,3060,False
cf_10951,unknown,Opera is written in,253,13814,False
cf_10951,unknown,Quora was written in,253,9883,False
cf_10951,unknown,RT is written in,253,4383,False
cf_10951,unknown,LibreOffice was written in,330,5112,False
cf_10951,unknown,The language of The Hound of the Baskervilles was,247,4383,False
cf_10951,unknown,The language of Grand Theft Auto V is,247,4383,False
cf_10951,unknown,The language of The Pirate Bay is,247,4383,False
cf_16509,unknown,"Paul Scholes, the",3438,12609,False
cf_16509,unknown,"Leonardo Araújo, the",3438,20391,False
cf_16509,unknown,"Adama Ba, the",806,20391,False
cf_16509,unknown,Which position does Adama Ba play? They play as,247,42402,False
cf_16509,unknown,"Idrissa Gueye, who plays the position",273,42402,False
cf_16509,unknown,Radosław Kałużny plays in the position of,253,29417,False
cf_16509,unknown,Which position does Adrian Mierzejewski play? They play as,247,42402,False
cf_16509,unknown,"Kanga Akalé, the",3438,20391,False
cf_16509,unknown,Zico plays as,247,22385,False
cf_16509,unknown,Radosław Kałużny plays as,253,42402,False
cf_18468,unknown,Scrubs is to debut on,253,22303,False
cf_18468,unknown,Camp Cucamonga debuted on,253,22303,False
cf_18468,unknown,Freaks and Geeks premiered on,27199,21946,False
cf_18468,unknown,Camp Cucamonga was originally aired on,253,21946,False
cf_18468,unknown,Patterns of Force debuted on,253,22303,False
cf_18468,unknown,Cartoon All-Stars to the Rescue debuted on,253,22303,False
cf_18468,unknown,Noah's Ark was released on,17509,17509,True
cf_18468,unknown,Miami Vice is to debut on,253,49244,False
cf_18468,unknown,Cartoon All-Stars to the Rescue was released on,17509,22303,False
cf_18468,unknown,The New Normal premiered on,41069,22303,False
cf_7139,unknown,Football Association of Zambia is affiliated with the,1503,38075,False
cf_7139,unknown,Algerian Football Federation is affiliated with the,36364,38075,False
cf_7139,unknown,Venezuelan Football Federation is a part of the,22283,38075,False
cf_7139,unknown,Football Federation Australia is affiliated with the,9943,38075,False
cf_7139,unknown,Uruguayan Football Association is affiliated with the,530,38075,False
cf_7139,unknown,Turkish Football Federation is affiliated with the,18416,38075,False
cf_7139,unknown,Football Association of Serbia is affiliated with,253,38075,False
cf_7139,unknown,Uruguayan Football Association belongs to the organization of,253,38075,False
cf_7139,unknown,Russia national association football team is a part of the,38075,38075,True
cf_7139,unknown,Federação Moçambicana de Futebol is a part of the,26467,38075,False
cf_633,unknown,Gold for the Tough Guys of the Prairie was created in the country of,253,6144,False
cf_633,unknown,"Riget II, that originated in",253,6181,False
cf_633,unknown,"Paw, created in",253,14296,False
cf_633,unknown,"The Way to Live, that was formulated in",253,22126,False
cf_633,unknown,"Into Eternity, that was formulated in",253,4047,False
cf_633,unknown,"Sommer, that was created in",253,6176,False
cf_633,unknown,"Island of Lost Souls, that originated in",253,4047,False
cf_633,unknown,"The Red Meadows, that was developed in",253,6144,False
cf_633,unknown,"O' Horten, developed in",253,11011,False
cf_633,unknown,"Kira's Reason: A Love Story, from",253,42235,False
cf_5983,unknown,"Thierry Henry, the",5112,5112,True
cf_5983,unknown,What sport does Lothar Matthäus play? They play,5842,20391,False
cf_5983,unknown,"Javier Hernández, the",3438,42402,False
cf_5983,unknown,"Megan Rapinoe, the",3438,20391,False
cf_5983,unknown,Steven Gerrard plays,323,20391,False
cf_5983,unknown,"Ashley Cole, the",3438,5842,False
cf_5983,unknown,"Andrea Pirlo, the",9890,9890,True
cf_5983,unknown,What sport does Frank Lampard play? They play,5842,20391,False
cf_5983,unknown,Landon Donovan plays,323,20391,False
cf_5983,unknown,George Best professionally plays the sport,273,14623,False
cf_10658,unknown,"Belle and Sebastian, that was created in",253,4693,False
cf_10658,unknown,The Alan Parsons Project was started in,253,4693,False
cf_10658,unknown,"The Pastels, that was formed in",253,4693,False
cf_10658,unknown,"Battlefield Band, founded in",253,9693,False
cf_10658,unknown,Texas formed in,253,4693,False
cf_10658,unknown,Lipton was formed in,253,17372,False
cf_10658,unknown,Gun that was founded in,253,17372,False
cf_10658,unknown,Camera Obscura was started in,253,4693,False
cf_10658,unknown,"FFS, that was formed in",253,17372,False
cf_10658,unknown,FFS was formed in,253,4693,False
cf_17183,unknown,Anton Friedrich Büsching took up work in,253,12911,False
cf_17183,unknown,Max Raabe worked in the city of,1457,34992,False
cf_17183,unknown,Wilhelm von Bode found employment in,253,12911,False
cf_17183,unknown,Robert von Mohl took up work in,253,12911,False
cf_17183,unknown,"Ernst II, Prince of Hohenlohe-Langenburg found employment in",253,6176,False
cf_17183,unknown,Ulrich Wilcken was employed in,253,12911,False
cf_17183,unknown,Max Raabe was employed in,253,34992,False
cf_17183,unknown,Peter Ramsauer found employment in,253,26229,False
cf_17183,unknown,Henrik Steffens was employed in,253,32000,False
cf_17183,unknown,Willi Bredel was employed in,253,32000,False
cf_10341,unknown,Sergei Movsesian's domain of activity is,281,12057,False
cf_10341,unknown,Fabrizio Benedetti works in the field of,5787,12087,False
cf_10341,unknown,Danylo Vorontsov's domain of activity is,281,8672,False
cf_10341,unknown,The domain of activity of Fabrizio Benedetti is,281,16775,False
cf_10341,unknown,The expertise of Konstantinos Vousakis is,440,23065,False
cf_10341,unknown,Ioannis Zochios specializes in,253,34486,False
cf_10341,unknown,The domain of work of Ioannis Zochios is,253,23065,False
cf_10341,unknown,The domain of activity of Fedor Tur is,253,23065,False
cf_10341,unknown,The domain of work of Danylo Vorontsov is,253,23065,False
cf_10341,unknown,The expertise of Sergei Movsesian is,440,18542,False
cf_1406,unknown,Sridevi spoke the language,273,7247,False
cf_1406,unknown,The native language of A. A. Krishnaswami Ayyangar is,34861,34861,True
cf_1406,unknown,The mother tongue of C. N. Annadurai is,253,34861,False
cf_1406,unknown,"Ilaiyaraaja, speaker of",253,34861,False
cf_1406,unknown,"C. N. Annadurai, a native",273,34861,False
cf_1406,unknown,"Chinmayi Sripada, speaker of",253,34861,False
cf_1406,unknown,The mother tongue of Kanimozhi is,253,34861,False
cf_1406,unknown,A. A. Krishnaswami Ayyangar spoke the language,273,34861,False
cf_1406,unknown,A. A. Krishnaswami Ayyangar is a native speaker of,4383,34861,False
cf_1406,unknown,The native language of Karunanidhi is,34861,34861,True
cf_3934,unknown,The profession of Cher is,247,12353,False
cf_3934,unknown,John Coltrane's occupation is,417,18542,False
cf_3934,unknown,Gioachino Rossini's occupation is,247,25375,False
cf_3934,unknown,Satyajit Ray's occupation is,417,18468,False
cf_3934,unknown,Gioachino Rossini's profession is a,6303,25375,False
cf_3934,unknown,The occupation of Cher is,247,18468,False
cf_3934,unknown,Alan Stivell's profession is an,1650,12353,False
cf_3934,unknown,"Robert Schumann, who works as",247,25375,False
cf_3934,unknown,Henry Purcell's occupation is,326,18468,False
cf_3934,unknown,Sappho's profession is a,1077,42411,False
cf_19643,unknown,"Richie Benaud, who is employed by",253,15501,False
cf_19643,unknown,Violet Bonham Carter is employed by,253,15501,False
cf_19643,unknown,"Richard Ryder, Baron Ryder of Wensum, who is employed by",253,15501,False
cf_19643,unknown,"George Villiers, 6th Earl of Clarendon is employed by",253,15501,False
cf_19643,unknown,Alistair Cooke is employed by,253,15501,False
cf_19643,unknown,Jimmy Hill is employed by,253,15501,False
cf_19643,unknown,"Bob Spiers, who works for",253,21946,False
cf_19643,unknown,"Andrew Marr, who works for",253,15501,False
cf_19643,unknown,"Chris Evans, who works for",253,15501,False
cf_19643,unknown,"Madhur Jaffrey, of",253,38075,False
cf_8270,unknown,Bundesautobahn 672 is owned by,253,6176,False
cf_8270,unknown,"Bundesautobahn 995, from",253,6176,False
cf_8270,unknown,Bundesstraße 5 is owned by,253,6176,False
cf_8270,unknown,Bundesstraße 3 is owned by,253,6176,False
cf_8270,unknown,Bundesautobahn 643 is from,253,6176,False
cf_8270,unknown,Bundesautobahn 952 is from,253,6176,False
cf_8270,unknown,Bundesautobahn 831 is owned by,253,6176,False
cf_8270,unknown,Bundesautobahn 659 is owned by,253,6176,False
cf_8270,unknown,"Bundesstraße 29, from",253,42471,False
cf_8270,unknown,Bundesstraße 4 owner,14,41813,False
cf_18625,unknown,Giacomo Casanova plays the instrument,15,18542,False
cf_18625,unknown,Franz Welser-Möst plays,323,18542,False
cf_18625,unknown,"Erika Morini, the",6423,18542,False
cf_18625,unknown,Johann Strauss II plays the instrument,275,18542,False
cf_18625,unknown,Hugo Riesenfeld plays,247,24455,False
cf_18625,unknown,Ferdinand Gumbert plays the,2554,12609,False
cf_18625,unknown,"Robert Radecke, the",3438,12609,False
cf_18625,unknown,Viktor Tretiakov plays,247,19971,False
cf_18625,unknown,Heinrich Panofka plays the instrument,13,18542,False
cf_18625,unknown,"Friedrich Benda, playing the",2554,18542,False
cf_3685,unknown,Kūh-e Ḩashār is in,253,7751,False
cf_3685,unknown,"Kūh-e Rīz Magasī, in",253,7751,False
cf_3685,unknown,"Kūh-e Qal‘eh Ţūs, in",253,7751,False
cf_3685,unknown,Kūh-e Talkhānī can be found in,253,7751,False
cf_3685,unknown,Kūh-e Sorkh is within,253,7751,False
cf_3685,unknown,Kūh-e Rīz Magasī is in,253,7751,False
cf_3685,unknown,Kūh-e Cheshmeh Sefīd is located in,253,7751,False
cf_3685,unknown,"Kūh-e Tīrūdeh, in",253,7751,False
cf_3685,unknown,Kūh-e Tichin is in,253,7751,False
cf_3685,unknown,Kūh-e Rīz Magasī can be found in,253,7751,False
cf_19064,unknown,Etta James plays,253,24455,False
cf_19064,unknown,Chick Corea is known for performing,275,19971,False
cf_19064,unknown,The genre played by Eric Alexander is,247,24455,False
cf_19064,unknown,The genre played by Otis Taylor is,247,24455,False
cf_19064,unknown,Raimonds Pauls performs,275,24455,False
cf_19064,unknown,The genre played by Casey Abrams is,247,24455,False
cf_19064,unknown,Sade Adu performs,247,24455,False
cf_19064,unknown,Otis Taylor performs,275,24455,False
cf_19064,unknown,Ziggy Elman is known for performing,275,24455,False
cf_19064,unknown,Paolo Conte performs,275,24455,False
cf_9816,unknown,"carrefour de Norvège, which was named after",253,6181,False
cf_9816,unknown,"Norwegian rocket incident, which is called after",253,20341,False
cf_9816,unknown,HNoMS Norge is called after,253,20341,False
cf_9816,unknown,"Norská, which is named for",253,20341,False
cf_9816,unknown,"Norská, called after",253,20341,False
cf_9816,unknown,"Norská, which was named for",253,20341,False
cf_9816,unknown,"Norská, which was named after",253,20341,False
cf_9816,unknown,HNoMS Norge was called after,253,20341,False
cf_9816,unknown,"Norská, which is named for",253,20341,False
cf_9816,unknown,"Norway Township, which is called after",253,20341,False
cf_1076,unknown,Bible is affiliated with the religion,273,43506,False
cf_1076,unknown,The official religion of David Beckham is,20242,20242,True
cf_1076,unknown,Bible is follower of,253,20242,False
cf_1076,unknown,Moby is follower of,253,35702,False
cf_1076,unknown,The official religion of Orson Welles is,253,20242,False
cf_1076,unknown,Nicolas Sarkozy is follower of,253,8033,False
cf_1076,unknown,Marilyn Monroe is follower of,253,20242,False
cf_1076,unknown,Fritz Lang follows the religion of,253,8033,False
cf_1076,unknown,Eminem follows the religion of,521,8033,False
cf_1076,unknown,The official religion of Andrew Johnson is,253,20242,False
cf_3751,unknown,Elsa Triolet speaks the language,273,5112,False
cf_3751,unknown,Claude Debussy speaks the language,273,5112,False
cf_3751,unknown,Sarah Bernhardt speaks the language,273,5112,False
cf_3751,unknown,Mustafa Kemal Atatürk speaks,275,18416,False
cf_3751,unknown,Michel Platini speaks,281,5112,False
cf_3751,unknown,Grace Kelly speaks,281,18542,False
cf_3751,unknown,The language used by Rodolphe Töpffer is,247,5112,False
cf_3751,unknown,Le Corbusier speaks,273,5112,False
cf_3751,unknown,Michel Platini writes in,253,5112,False
cf_3751,unknown,Celine Dion writes in,617,5112,False
cf_14696,unknown,The headquarters of Toys R Us is in,253,4693,False
cf_14696,unknown,The headquarter of Polaris Health Direction is in,253,4693,False
cf_14696,unknown,The headquarters of Real Time Tomography (United States) is in,253,14296,False
cf_14696,unknown,Materials Research & Design (United States)'s headquarters are in,253,5041,False
cf_14696,unknown,Johnson Matthey (United States)'s headquarters are in,253,14296,False
cf_14696,unknown,American Cyanamid is headquartered in,253,14296,False
cf_14696,unknown,"Grapplers Quest, whose headquarters are in",253,4693,False
cf_14696,unknown,Haier (United States) is headquartered in,1457,18267,False
cf_14696,unknown,"Toys R Us, whose headquarters are in",253,14296,False
cf_14696,unknown,Spectrasonics (United States)'s headquarters are in,253,5041,False
cf_3001,unknown,Mecklenburg-Western Pomerania is located in the country of,16795,16795,True
cf_3001,unknown,North Rhine-Westphalia is located in the country of,6176,6176,True
cf_3001,unknown,"Brandenburg, which is located in",253,6176,False
cf_3001,unknown,Saarland is located in the country of,253,22785,False
cf_3001,unknown,"Schleswig-Holstein, which is located in",253,6176,False
cf_3001,unknown,"Schleswig-Holstein, in",253,6176,False
cf_3001,unknown,"Alps, which is located in",253,18908,False
cf_3001,unknown,"Alster, in",253,22785,False
cf_3001,unknown,Alster is located in the country of,6176,22785,False
cf_3001,unknown,"Uetersen, in",253,20341,False
cf_17010,unknown,Dodge Charger R/T (LX) is a product of,253,45323,False
cf_17010,unknown,"Dodge Charger, developed by",253,45323,False
cf_17010,unknown,Dodge Regent is developed by,253,45323,False
cf_17010,unknown,Dodge M37 is created by,253,45323,False
cf_17010,unknown,Dodge Charger R/T (LX) is developed by,253,45323,False
cf_17010,unknown,Dodge Challenger R/T (LC) is produced by,253,45323,False
cf_17010,unknown,Dodge Demon Concept is developed by,253,45323,False
cf_17010,unknown,Dodge LCF Series is developed by,253,45323,False
cf_17010,unknown,"Dodge Charger R/T, produced by",253,45323,False
cf_17010,unknown,"Dodge T-Rex, developed by",253,45323,False
cf_19352,unknown,IBM Home Page Reader is created by,253,8217,False
cf_19352,unknown,IBM RPG III was developed by,253,21314,False
cf_19352,unknown,IBM RPG III is developed by,253,21314,False
cf_19352,unknown,IBM Office/36 is developed by,253,9664,False
cf_19352,unknown,"IBM SAN File System, created by",253,21314,False
cf_19352,unknown,"IBM Lotus Web Content Management, a product manufactured by",23519,21314,False
cf_19352,unknown,"IBM SAN File System, a product of",253,21314,False
cf_19352,unknown,"IBM Works, a product created by",253,21314,False
cf_19352,unknown,IBM Unica NetInsight was developed by,253,21314,False
cf_19352,unknown,"IBM SAN File System, a product manufactured by",253,21314,False
cf_15849,unknown,Martin Waddell is originally from,253,8068,False
cf_15849,unknown,Shaun Davey originated from,253,17427,False
cf_15849,unknown,Naomi Long is native to,253,8068,False
cf_15849,unknown,Martin Waddell was born in,253,8068,False
cf_15849,unknown,James McCaffrey is originally from,253,9693,False
cf_15849,unknown,John Lavery was native to,253,4693,False
cf_15849,unknown,James McCaffrey was originally from,253,8068,False
cf_15849,unknown,Bríd Brennan is native to,253,24523,False
cf_15849,unknown,"Brian Hutton, Baron Hutton was born in",4693,4693,True
cf_15849,unknown,Brian Moore originated from,253,30647,False
cf_1615,unknown,The twin city of Tokyo is,253,36546,False
cf_1615,unknown,What is the twin city of Manila? It is,253,48771,False
cf_1615,unknown,What is the twin city of Kyiv? It is,253,16496,False
cf_1615,unknown,What is the twin city of Amsterdam? It is,253,26653,False
cf_1615,unknown,The twin city of Düsseldorf is,247,42471,False
cf_1615,unknown,What is the twin city of Madrid? It is,253,24639,False
cf_1615,unknown,The twin city of Riga is,253,38476,False
cf_1615,unknown,The twin city of Manila is,253,34992,False
cf_1615,unknown,What is the twin city of Buenos Aires? It is,253,46287,False
cf_1615,unknown,What is the twin city of Seoul? It is,253,48771,False
cf_3850,unknown,Diane de France expired at,253,7785,False
cf_3850,unknown,Henri Moissan lost their life at,253,7785,False
cf_3850,unknown,Otto Grautoff died in,253,7785,False
cf_3850,unknown,"Camille d'Hostun, duc de Tallard lost their life at",253,7785,False
cf_3850,unknown,Urbain Le Verrier succumbed at,253,7785,False
cf_3850,unknown,Willy Maywald passed away in,521,4693,False
cf_3850,unknown,Urbain Le Verrier died in the city of,7785,7785,True
cf_3850,unknown,Wilhelm Fröhner died in,253,32000,False
cf_3850,unknown,Gabriel Fauré died at,253,7785,False
cf_3850,unknown,Maurice Chevalier died in the city of,7785,7785,True
cf_14841,unknown,My Generation is represented by,253,41813,False
cf_14841,unknown,"Jackie Wilson, released by",253,33368,False
cf_14841,unknown,My Generation / Shout and Shimmy's record label is,247,41813,False
cf_14841,unknown,All-Star Trio recorded for,253,41813,False
cf_14841,unknown,"Katherine Henderson, which is represented by",253,41813,False
cf_14841,unknown,Jackie Wilson is represented by,6834,7671,False
cf_14841,unknown,"Bing Crosby, released by",253,49937,False
cf_14841,unknown,The music label representing Isham Jones is,671,41813,False
cf_14841,unknown,Harry James recorded for,253,41813,False
cf_14841,unknown,Bing Crosby's record label is,253,21946,False
cf_2174,unknown,"Giocondo Albertolli, a citizen of",253,9972,False
cf_2174,unknown,"Oskar Pfister, who is a citizen of",253,16842,False
cf_2174,unknown,Carl Meissner has a citizenship from,253,6176,False
cf_2174,unknown,Gottfried Honegger has a citizenship from,253,6176,False
cf_2174,unknown,"Konrad H. Christ, who holds a citizenship from",253,16795,False
cf_2174,unknown,"Oskar Pfister, who has a citizenship from",253,16842,False
cf_2174,unknown,"Philip Schaff, who is a citizen of",253,6976,False
cf_2174,unknown,Augusto Gansser-Biaggi is a citizen of,253,9972,False
cf_2174,unknown,Zdravko Kuzmanović is a citizen of,37959,42862,False
cf_2174,unknown,Giocondo Albertolli holds a citizenship from,253,9972,False
cf_9342,unknown,The location of Lapland is,247,20341,False
cf_9342,unknown,Vaasa Province is located in,253,25270,False
cf_9342,unknown,Where is Lapland? It is located in,253,25270,False
cf_9342,unknown,The location of Jongunjoki is,247,48771,False
cf_9342,unknown,Finnish Lakeland is in,253,25270,False
cf_9342,unknown,Nummenjoki is located in,253,25270,False
cf_9342,unknown,Lapland is located in,253,7531,False
cf_9342,unknown,Lapland is in,253,7531,False
cf_9342,unknown,Southern Finland Province is located in,253,25270,False
cf_9342,unknown,Where is Northern Finland Regional State Administrative Agency? It is located in,253,25270,False
cf_17723,unknown,"Lleida, in",253,24084,False
cf_17723,unknown,Rheinwaldhorn belongs to the continent of,3060,3060,True
cf_17723,unknown,Brienzer Rothorn is located in the continent,273,273,True
cf_17723,unknown,Brienzer Rothorn belongs to the continent of,3060,3060,True
cf_17723,unknown,Mount Pilatus is located in the continent,273,3060,False
cf_17723,unknown,"Wildstrubel, in",253,22785,False
cf_17723,unknown,Bös Fulen is located in the continent,273,3060,False
cf_17723,unknown,Weisshorn belongs to the continent of,7531,3060,False
cf_17723,unknown,Finsteraarhorn is in,253,22785,False
cf_17723,unknown,Balmhorn belongs to the continent of,3060,3060,True
cf_16352,unknown,Bahia Province's capital city is,253,39351,False
cf_16352,unknown,The capital of Bahia Province is,253,39351,False
cf_16352,unknown,"State of Brazil's capital city,",31574,34215,False
cf_16352,unknown,Bahia's capital is,253,39351,False
cf_16352,unknown,Bahia's capital city is,253,39351,False
cf_16352,unknown,"Bahia Province, which has the capital",273,39351,False
cf_16352,unknown,The capital city of Bahia Province is,253,39351,False
cf_16352,unknown,"Bahia Province's capital city,",310,39351,False
cf_16352,unknown,"State of Brazil's capital,",31574,34215,False
cf_16352,unknown,"Bahia, which has the capital",273,39351,False
cf_14199,unknown,The language of Regarding Buñuel is,417,5112,False
cf_14199,unknown,The original language of The Sea Inside was,3542,4383,False
cf_14199,unknown,The original language of Los Olvidados was,3542,9883,False
cf_14199,unknown,The language of Jealousy was,417,4383,False
cf_14199,unknown,The original language of Ringo the Lone Rider is,346,4383,False
cf_14199,unknown,The original language of Blackthorn was,346,4383,False
cf_14199,unknown,The original language of Brandy is,247,4383,False
cf_14199,unknown,The language of The Sea Inside is,247,4383,False
cf_14199,unknown,The language of Ana and the Wolves is,247,9883,False
cf_14199,unknown,The language of Dangerous Minds is,247,4383,False
cf_3752,unknown,"In Mozambique, the language spoken is",253,4383,False
cf_3752,unknown,The official language of Angola is,26467,26467,True
cf_3752,unknown,"In Mercosur, an official language is",908,26467,False
cf_3752,unknown,The law in Confederation of African Football declares the language,273,4383,False
cf_3752,unknown,"In Mercosur, they understand",326,9883,False
cf_3752,unknown,The law in Timor-Leste declares the language,273,43113,False
cf_3752,unknown,"In Confederation of African Football, the language spoken is",253,4383,False
cf_3752,unknown,The law in Kingdom of Portugal declares the language,273,26467,False
cf_3752,unknown,"In Algarve, the language spoken is",247,26467,False
cf_3752,unknown,"In Union of South American Nations, an official language is",253,9883,False
cf_5955,unknown,Thomas Wimmer holds the title of,253,29417,False
cf_5955,unknown,"Georg Diederichs, who holds the position of",253,29417,False
cf_5955,unknown,Markus Welser holds the title of,253,29417,False
cf_5955,unknown,Hans Loch is a,3438,25375,False
cf_5955,unknown,Bartholomäus Scultetus's position is,326,29417,False
cf_5955,unknown,Volker Hauff's position is,326,29417,False
cf_5955,unknown,"Markus Welser, whose position is that of",247,29417,False
cf_5955,unknown,"Karl Strölin, whose position is that of",247,18468,False
cf_5955,unknown,Paul Krüger holds the title of,253,29417,False
cf_5955,unknown,Karl Strölin's position is,326,18468,False
cf_9098,unknown,The language of Catch Me was,247,4383,False
cf_9098,unknown,The language of 4Minutes Left is,247,4383,False
cf_9098,unknown,The language of Snow Pink is,247,4383,False
cf_9098,unknown,First Single is written in,253,4383,False
cf_9098,unknown,Hurricane Venus is written in,253,5112,False
cf_9098,unknown,Daum was written in,253,11308,False
cf_9098,unknown,The language of Twinkle was,247,4383,False
cf_9098,unknown,The language of Show Champion is,247,4383,False
cf_9098,unknown,"The language of 2009, Year of Us was",247,4383,False
cf_9098,unknown,First Step is written in,253,4383,False
cf_9546,unknown,Akinori Ōtsuka plays in the position of,253,31021,False
cf_9546,unknown,"Minoru Murayama, who plays the position",273,45585,False
cf_9546,unknown,Connie Marrero plays as,253,31021,False
cf_9546,unknown,Fumio Fujimura plays as,253,42402,False
cf_9546,unknown,Which position does John Kinley Tener play? They play as,247,22385,False
cf_9546,unknown,John Kinley Tener plays as,247,31021,False
cf_9546,unknown,Fumio Fujimura plays in the position of,253,42402,False
cf_9546,unknown,Bill Stafford plays as,247,22385,False
cf_9546,unknown,"Tommy Hunter, who plays the position",273,22385,False
cf_9546,unknown,Which position does Héctor Carrasco play? They play as,247,42402,False
cf_14122,unknown,Baseball Tonight is to debut on,27478,27478,True
cf_14122,unknown,Nine for IX debuted on,253,22303,False
cf_14122,unknown,The Contender premiered on,41069,27478,False
cf_14122,unknown,Playmakers is to debut on,253,27478,False
cf_14122,unknown,Nine for IX premieres on,253,41069,False
cf_14122,unknown,Sunday Night Baseball was originally aired on,22303,22303,True
cf_14122,unknown,College GameDay premieres on,21946,27478,False
cf_14122,unknown,College GameDay was originally aired on,253,21946,False
cf_14122,unknown,Baseball Tonight was released on,253,21946,False
cf_14122,unknown,NBA on ESPN was released on,3919,27478,False
cf_11121,unknown,Vinnie Moore belongs to the organization of,253,5561,False
cf_11121,unknown,Pete Way is affiliated with,253,253,True
cf_11121,unknown,Laurence Archer is affiliated with,253,4693,False
cf_11121,unknown,Laurence Archer belongs to the organization of,253,38075,False
cf_11121,unknown,Pete Way is a member of,253,27478,False
cf_11121,unknown,Vinnie Moore is affiliated with,253,49244,False
cf_11121,unknown,Laurence Archer is affiliated with the,2499,15794,False
cf_11121,unknown,Laurence Archer is a member of,253,29385,False
cf_11121,unknown,Vinnie Moore is a part of the,747,3961,False
cf_11121,unknown,Pete Way is affiliated with the,2499,13946,False
cf_1325,unknown,"Northside, from",253,8068,False
cf_1325,unknown,"The Pickwick Papers, from",253,42235,False
cf_1325,unknown,"The Tale of Peter Rabbit, that originated in",253,4693,False
cf_1325,unknown,Analysis was created in the country of,6510,6181,False
cf_1325,unknown,The Tale of Peter Rabbit from,253,7993,False
cf_1325,unknown,contra dance was created in the country of,253,10869,False
cf_1325,unknown,"Ozymandias, that was from",253,16795,False
cf_1325,unknown,"History, from",253,26481,False
cf_1325,unknown,Northside was created in,253,7758,False
cf_1325,unknown,"Archives of Biochemistry and Biophysics, that originated in",253,4693,False
cf_8864,unknown,"Jaromír Jágr, the",1481,18542,False
cf_8864,unknown,"Dennis Seidenberg, the",3438,19971,False
cf_8864,unknown,Mario Lemieux is a professional,6749,19971,False
cf_8864,unknown,Marián Hossa is a professional,6749,19971,False
cf_8864,unknown,What sport does Dennis Seidenberg play? They play,23354,19971,False
cf_8864,unknown,Mario Lemieux professionally plays the sport,273,19971,False
cf_8864,unknown,"Wayne Gretzky, the",3438,19971,False
cf_8864,unknown,Mario Lemieux plays,253,19971,False
cf_8864,unknown,Jean Béliveau is a professional,6749,19971,False
cf_8864,unknown,Dennis Seidenberg plays,323,19971,False
cf_1395,unknown,"Diana Ross, that was started in",253,8068,False
cf_1395,unknown,The Von Bondies that was founded in,253,38343,False
cf_1395,unknown,Air Products & Chemicals originated in,253,17372,False
cf_1395,unknown,D12 was formed in,253,4693,False
cf_1395,unknown,Electric Six was started in,253,8068,False
cf_1395,unknown,Jaylib started in,253,8068,False
cf_1395,unknown,Big Sean was started in,253,17372,False
cf_1395,unknown,"Four Tops, founded in",253,4693,False
cf_1395,unknown,Jimmie Wilson formed in,253,8068,False
cf_1395,unknown,"Four Tops, that originated in",253,4693,False
cf_14876,unknown,Haim Yosef Zadok was employed in,253,17913,False
cf_14876,unknown,Ami Ayalon was employed in,253,17913,False
cf_14876,unknown,Tommy Lapid was employed in,253,4693,False
cf_14876,unknown,Moshe Arens took up work in,253,17913,False
cf_14876,unknown,Yuval Ne'eman worked in the city of,611,7785,False
cf_14876,unknown,Orly Levy-Abekasis worked in the city of,611,17913,False
cf_14876,unknown,Amnon Lipkin-Shahak used to work in,253,17913,False
cf_14876,unknown,Israel Katz worked in,253,17913,False
cf_14876,unknown,Nahum Nir found employment in,253,17913,False
cf_14876,unknown,Amir Peretz worked in the city of,21123,17913,False
cf_4081,unknown,Kira Meshcherskaya specializes in,253,18542,False
cf_4081,unknown,Nikolay Neprimerov works in the field of,4382,12057,False
cf_4081,unknown,Andrey Belozersky's expertise is,275,18090,False
cf_4081,unknown,The domain of work of Grigory Galazy is,253,37756,False
cf_4081,unknown,Alexander Markov works in the field of,7605,23065,False
cf_4081,unknown,E. V. Gvozdev's domain of work is,275,16775,False
cf_4081,unknown,The expertise of Alexander Markov is,440,23065,False
cf_4081,unknown,Viktor Evgrafovich Pisarev works in the area of,253,29992,False
cf_4081,unknown,Gustaf Lindström works in the field of,253,12057,False
cf_4081,unknown,Dontcho Kostov's domain of work is,253,16775,False
cf_5892,unknown,"Grand Duchess Anastasia Nikolaevna of Russia, a native",273,7247,False
cf_5892,unknown,"Anatoly Karpov, speaker of",253,7247,False
cf_5892,unknown,El Lissitzky spoke the language,273,5112,False
cf_5892,unknown,The mother tongue of Mikhail Khodorkovsky is,253,7247,False
cf_5892,unknown,"Alexei Navalny, speaker of",253,7247,False
cf_5892,unknown,"Ayn Rand, a native",273,273,True
cf_5892,unknown,"Andrey Kolmogorov, a native",273,7247,False
cf_5892,unknown,The mother tongue of Vladimir Smirnov is,247,7247,False
cf_5892,unknown,"Lev Gumilyov, a native",273,7247,False
cf_5892,unknown,"Yury Luzhkov, speaker of",253,7247,False
cf_14393,unknown,The profession of Paulo Coelho is,247,8406,False
cf_14393,unknown,Friedrich Nietzsche's profession is an,1650,9558,False
cf_14393,unknown,Joseph Haydn's occupation is,326,25375,False
cf_14393,unknown,Friedrich Nietzsche's occupation is,253,29875,False
cf_14393,unknown,Paulo Coelho's profession is a,6303,26650,False
cf_14393,unknown,"Boris Vian, who works as",247,17264,False
cf_14393,unknown,Boris Vian's occupation is,247,18468,False
cf_14393,unknown,Alan Stivell works as,247,17264,False
cf_14393,unknown,Paulo Coelho's occupation is,326,26650,False
cf_14393,unknown,"Paulo Coelho, who works as",247,25375,False
cf_11242,unknown,"Richard Ryder, Baron Ryder of Wensum is employed by",253,15501,False
cf_11242,unknown,"Violet Bonham Carter, who is employed by",253,21946,False
cf_11242,unknown,"Magnus Magnusson, of",253,41813,False
cf_11242,unknown,"George Villiers, 6th Earl of Clarendon is employed by",253,15501,False
cf_11242,unknown,"Timothy Brinton, who works for",253,15501,False
cf_11242,unknown,Esther Rantzen works for,253,15501,False
cf_11242,unknown,Timothy Brinton works for,253,9664,False
cf_11242,unknown,Chris Evans works for,253,15501,False
cf_11242,unknown,Andrea Barbato is employed by,253,38075,False
cf_11242,unknown,Tony Robinson works for,253,15501,False
cf_6533,unknown,BBC News is owned by,253,15501,False
cf_6533,unknown,Broadcasting House is owned by,253,15501,False
cf_6533,unknown,BBC Radio 3 is owned by,253,15501,False
cf_6533,unknown,"BBC Radio 5 Live, from",253,15501,False
cf_6533,unknown,"BBC Radio 4 Extra, from",253,15501,False
cf_6533,unknown,BBC Radio 1's owner,13,15501,False
cf_6533,unknown,BBC News's owner,13,15501,False
cf_6533,unknown,BBC World Service's owner,13,15501,False
cf_6533,unknown,BBC Radio 4 Extra owner,13,15501,False
cf_6533,unknown,BBC One's owner,13,15501,False
cf_15792,unknown,"Giacomo Casanova, playing the",2554,18542,False
cf_15792,unknown,Hugo Riesenfeld plays the,2554,18542,False
cf_15792,unknown,Heinrich Christoph Koch plays,253,18542,False
cf_15792,unknown,"Friedrich Benda, performing on the",18542,18542,True
cf_15792,unknown,"Thomas Hengelbrock, playing the",2554,18542,False
cf_15792,unknown,"Wilhelm Joseph von Wasielewski, playing the",2554,18542,False
cf_15792,unknown,Heinrich Panofka plays the instrument,13,18542,False
cf_15792,unknown,Erika Morini plays,253,18542,False
cf_15792,unknown,Wilhelm Joseph von Wasielewski performs on the,3924,18542,False
cf_15792,unknown,"Robert Radecke, playing the",2554,12609,False
cf_5709,unknown,Cutler Reservoir can be found in,253,7758,False
cf_5709,unknown,Cutler Reservoir is in,253,27751,False
cf_5709,unknown,David Eccles School of Business is located in,253,9693,False
cf_5709,unknown,Cottonwood High School can be found in,253,21818,False
cf_5709,unknown,Comb Ridge can be found in,253,7758,False
cf_5709,unknown,Clearfield High School is in,253,7758,False
cf_5709,unknown,"Clearfield High School, in",253,14296,False
cf_5709,unknown,David Eccles School of Business can be found in,253,11988,False
cf_5709,unknown,Conger Mountain is located in,253,27756,False
cf_5709,unknown,Chase Home Museum of Utah Folk Arts is in,253,18143,False
cf_11047,unknown,What does Wolfgang Rihm play? They play,247,24455,False
cf_11047,unknown,The genre played by Hans Werner Henze is,247,24342,False
cf_11047,unknown,"Robert Fuchs, who plays",253,24455,False
cf_11047,unknown,Hans Werner Henze plays,253,18542,False
cf_11047,unknown,Franz Schreker performs,275,24455,False
cf_11047,unknown,What does Robert Fuchs play? They play,253,24455,False
cf_11047,unknown,Jean Gilbert performs,247,24455,False
cf_11047,unknown,Eduard Lassen is known for performing,247,24455,False
cf_11047,unknown,"Leo Slezak, who plays",253,24455,False
cf_11047,unknown,The genre played by Wolfgang Rihm is,247,24342,False
cf_8471,unknown,magnetoplumbite is called after,253,10973,False
cf_8471,unknown,plumbogummite is called after,253,35702,False
cf_8471,unknown,Adelaide Lead is called after,253,40282,False
cf_8471,unknown,"magnetoplumbite, which is called after",253,10973,False
cf_8471,unknown,plumbophyllite was named for,253,10869,False
cf_8471,unknown,Adelaide Lead was called after,247,40282,False
cf_8471,unknown,Qianxin is called after,253,44531,False
cf_8471,unknown,"magnetoplumbite, named for",253,10973,False
cf_8471,unknown,"rhodplumsite, which is named for",253,7531,False
cf_8471,unknown,"plumboagardite, which was named after",253,20341,False
cf_14091,unknown,Ang Duong is affiliated with the religion,273,35702,False
cf_14091,unknown,Raicho Hiratsuka is affiliated with the religion,273,35702,False
cf_14091,unknown,Rigdzin Tsewang Norbu is affiliated with the religion,273,35702,False
cf_14091,unknown,Jeongjong is affiliated with the religion,273,35702,False
cf_14091,unknown,The official religion of Gongmin is,253,35702,False
cf_14091,unknown,Antoni Lange is follower of,253,35702,False
cf_14091,unknown,Han Yong-un is affiliated with the religion,273,35702,False
cf_14091,unknown,Ryōgen is affiliated with the religion,273,35702,False
cf_14091,unknown,The official religion of Ong Teng Cheong is,253,35702,False
cf_14091,unknown,The official religion of Han Yong-un is,253,35702,False
cf_225,unknown,Antoine de Saint-Exupéry writes in,521,5112,False
cf_225,unknown,Michel Platini speaks the language,273,5112,False
cf_225,unknown,Benedict XVI writes in,521,12760,False
cf_225,unknown,Elsa Triolet speaks,275,5112,False
cf_225,unknown,George Orwell writes in,521,4383,False
cf_225,unknown,Mustafa Kemal Atatürk writes in,253,18416,False
cf_225,unknown,Marlene Dietrich speaks the language,273,5685,False
cf_225,unknown,Benedict XVI speaks the language,273,5112,False
cf_225,unknown,Charles Maurras speaks,281,5112,False
cf_225,unknown,The language used by Sasha Grey is,247,4383,False
cf_18352,unknown,The headquarter of Gameloft is located in,253,4693,False
cf_18352,unknown,The headquarter of ING is located in,253,26653,False
cf_18352,unknown,The headquarters of Constructions industrielles de la Méditerranée is in,2398,6181,False
cf_18352,unknown,The headquarters of ING is in,253,26653,False
cf_18352,unknown,Société française de philosophie's headquarters are in,7785,7785,True
cf_18352,unknown,Gameloft's headquarters are in,253,4693,False
cf_18352,unknown,The headquarters of Financial Action Task Force on Money Laundering is in,4693,4693,True
cf_18352,unknown,The headquarter of RATP is located in,253,12300,False
cf_18352,unknown,The headquarter of The New York Times International Edition is located in,1457,1457,True
cf_18352,unknown,"Keolis, whose headquarters are in",253,14296,False
cf_1889,unknown,"Ayers Rock Airport, which is located in",253,7758,False
cf_1889,unknown,"Port Macquarie Airport, located in",253,40035,False
cf_1889,unknown,"Darwin International Airport, which is located in",253,6976,False
cf_1889,unknown,"Alice Springs, in",253,6976,False
cf_1889,unknown,Ballarat is located in the country of,17206,6976,False
cf_1889,unknown,Tamworth Regional Airport is located in,253,6976,False
cf_1889,unknown,"Ayers Rock Airport, located in",253,7758,False
cf_1889,unknown,"Tennant Creek Airport, in",253,27751,False
cf_1889,unknown,"Gove Airport, in",253,4693,False
cf_1889,unknown,Ayers Rock Airport is located in the country of,3684,6976,False
cf_14788,unknown,"Suzuki Wagon R, developed by",253,47848,False
cf_14788,unknown,Suzuki RE5 is created by,253,47848,False
cf_14788,unknown,Suzuki GT750 is produced by,47848,47848,True
cf_14788,unknown,"Suzuki Suzulight, produced by",253,32714,False
cf_14788,unknown,"Suzuki GT750, produced by",47848,47848,True
cf_14788,unknown,"Suzuki Splash, developed by",253,47848,False
cf_14788,unknown,Suzuki Lapin is created by,253,47848,False
cf_14788,unknown,"Suzuki Alto, created by",253,47848,False
cf_14788,unknown,"Suzuki Jimny, created by",253,47848,False
cf_14788,unknown,"Suzuki Alto, developed by",253,47848,False
cf_15462,unknown,"Adobe GoLive, a product developed by",33143,33143,True
cf_15462,unknown,"Portable Document Format, a product of",253,9664,False
cf_15462,unknown,"Portable Document Format, developed by",253,9664,False
cf_15462,unknown,"Adobe Photoshop Lightroom, developed by",33143,33143,True
cf_15462,unknown,"Adobe Premiere Pro, a product developed by",33143,33143,True
cf_15462,unknown,Adobe Bridge was created by,253,33143,False
cf_15462,unknown,"Adobe Illustrator, a product developed by",33143,33143,True
cf_15462,unknown,"Adobe Creative Suite, created by",33143,33143,True
cf_15462,unknown,"Adobe Fireworks, a product created by",33143,33143,True
cf_15462,unknown,"Adobe Bridge, created by",253,33143,False
cf_14127,unknown,Takonkiet Viravan is native to,253,17413,False
cf_14127,unknown,Zeng Xuelin was born in,253,18496,False
cf_14127,unknown,Chutikarn Pholchai was born in,253,48771,False
cf_14127,unknown,Arisa Ponpikun originated from,253,25270,False
cf_14127,unknown,Sunei Jaidee is native to,253,48771,False
cf_14127,unknown,Wattanasap Jarernsri was originally from,253,43949,False
cf_14127,unknown,Witthaya Nabthong originates from,253,16496,False
cf_14127,unknown,Quang Lý is originally from,15732,15732,True
cf_14127,unknown,Vorawan Chitavanich originates from,253,32111,False
cf_14127,unknown,Praiwet Wanna was originally from,253,32111,False
cf_15994,unknown,Tehran is a twin city of,35889,35889,True
cf_15994,unknown,The twin city of Tehran is,253,34992,False
cf_15994,unknown,Nur-Sultan is a twin city of,41460,47419,False
cf_15994,unknown,What is the twin city of Nur-Sultan? It is,247,28792,False
cf_15994,unknown,Busan is a twin city of,36546,48771,False
cf_15994,unknown,What is the twin city of Busan? It is,253,36546,False
cf_15994,unknown,The twin city of Seoul is,253,48771,False
cf_15994,unknown,The twin city of Busan is,253,36546,False
cf_15994,unknown,"Washington, D.C. is a twin city of",253,5041,False
cf_15994,unknown,What is the twin city of Fukuoka? It is,253,17413,False
cf_9008,unknown,Giovanni Bona died in,253,27741,False
cf_9008,unknown,Richard Krautheimer succumbed at,253,25853,False
cf_9008,unknown,Anneliese Maier passed away in,617,12911,False
cf_9008,unknown,Paul IV passed away at,253,12300,False
cf_9008,unknown,Giovanni Morone succumbed at,253,12300,False
cf_9008,unknown,Paul IV succumbed at,253,12300,False
cf_9008,unknown,Antonio Gramsci died in the city of,12300,12300,True
cf_9008,unknown,Giovanni Bona passed away at,253,12300,False
cf_9008,unknown,Innocent X expired at,253,8068,False
cf_9008,unknown,Anneliese Maier died at,253,12911,False
cf_8533,unknown,Katherine Henderson label :,187,41813,False
cf_8533,unknown,The music label that is representing Billie Holiday is,253,24455,False
cf_8533,unknown,Billie Holiday is represented by,6834,41813,False
cf_8533,unknown,Don Bestor's music label is,247,41813,False
cf_8533,unknown,Bing Crosby's record label is,253,21946,False
cf_8533,unknown,Bee Gees is represented by record label,13,41813,False
cf_8533,unknown,My Generation / Shout and Shimmy is represented by,253,41813,False
cf_8533,unknown,The music label representing Billie Holiday is,671,21946,False
cf_8533,unknown,Have You Seen Her / Yes I'm Ready (If I Don't Get to Go)'s label is,247,41813,False
cf_8533,unknown,The Who recorded for,253,33368,False
cf_10503,unknown,Mark Webber has a citizenship from,253,6176,False
cf_10503,unknown,John Stanislaw Kubary has a citizenship from,253,16795,False
cf_10503,unknown,John Stanislaw Kubary is a citizen of,253,16795,False
cf_10503,unknown,Leopold Schmetterer has a citizenship from,253,21753,False
cf_10503,unknown,Harry Seidler is a citizen of,253,6976,False
cf_10503,unknown,Alphons Silbermann holds a citizenship from,253,18908,False
cf_10503,unknown,"Rodney Brooks, who is a citizen of",253,6976,False
cf_10503,unknown,"Errol Flynn, who has a citizenship from",253,6144,False
cf_10503,unknown,Karl Bruckner holds a citizenship from,253,6176,False
cf_10503,unknown,"Rodney Brooks, a citizen of",253,6976,False
cf_17630,unknown,The location of Church of Saint Salvator is,275,12300,False
cf_17630,unknown,Church of Saint Salvator can be found in,253,12300,False
cf_17630,unknown,Atzgersdorf can be found in,253,6176,False
cf_17630,unknown,Kirche der Barmherzigen Brüder is located in,253,12911,False
cf_17630,unknown,Stallburg can be found in,253,3060,False
cf_17630,unknown,Austrian Standards Institute is located in,26229,26229,True
cf_17630,unknown,The location of Auhof is,247,43516,False
cf_17630,unknown,Central European University is located in,253,41577,False
cf_17630,unknown,2002 Wien Energie Grand Prix can be found in,253,26229,False
cf_17630,unknown,Stallburg is located in,253,6176,False
cf_4154,unknown,Egypt belongs to the continent of,7531,7531,True
cf_4154,unknown,Algeria is in,253,7531,False
cf_4154,unknown,"Côte d'Ivoire, in",253,7531,False
cf_4154,unknown,"Ghana, in",253,7531,False
cf_4154,unknown,"Uganda, in",253,7531,False
cf_4154,unknown,Morocco is a part of the continent of,7531,7531,True
cf_4154,unknown,South Africa is in,253,7531,False
cf_4154,unknown,Cameroon is located in the continent,273,7531,False
cf_4154,unknown,Chad is in,253,5842,False
cf_4154,unknown,Tanzania is located in the continent,273,7531,False
cf_4890,unknown,Jerusalem District's capital is,253,17913,False
cf_4890,unknown,The capital city of Judah is,253,17913,False
cf_4890,unknown,The capital city of Yehud Medinata is,4441,17913,False
cf_4890,unknown,"Mutasarrifate of Jerusalem's capital city,",253,17913,False
cf_4890,unknown,The capital of Kingdom of Jerusalem is,4441,17913,False
cf_4890,unknown,Judah's capital city is,253,17913,False
cf_4890,unknown,"Kingdom of Jerusalem, which has the capital city",273,17913,False
cf_4890,unknown,"Yehud Medinata's capital,",17913,17913,True
cf_4890,unknown,Kingdom of Israel's capital is,275,17913,False
cf_4890,unknown,"State of Palestine, which has the capital",273,17913,False
cf_13109,unknown,The original language of Foul Gesture was,3542,5112,False
cf_13109,unknown,The language of Miss Entebbe was,417,4383,False
cf_13109,unknown,The language of Foul Gesture was,417,5112,False
cf_13109,unknown,The original language of Janem Janem was,3542,13986,False
cf_13109,unknown,The language of Mabat LaHadashot is,417,25260,False
cf_13109,unknown,The original language of The Friendly Doberman was,3542,5685,False
cf_13109,unknown,The original language of Joseph the Dreamer was,346,25260,False
cf_13109,unknown,The language of The Friendly Doberman was,417,5685,False
cf_13109,unknown,The original language of She's Got It was,3542,4383,False
cf_13109,unknown,The language of The Friendly Doberman is,247,5685,False
cf_2570,unknown,"In Elda, an official language is",247,4383,False
cf_2570,unknown,"In Grañén, they understand",326,9883,False
cf_2570,unknown,"In Cantavieja, the language spoken is",247,9883,False
cf_2570,unknown,The law in Zabalza/Zabaltza declares the language,273,9890,False
cf_2570,unknown,"In Ordizia, an official language is",247,9890,False
cf_2570,unknown,The law in Ansoáin/Antsoain declares the language,273,5112,False
cf_2570,unknown,"In Albatera, the language spoken is",247,4383,False
cf_2570,unknown,The law in Elda declares the language,273,25260,False
cf_2570,unknown,"In Alcalá la Real, they understand",326,9883,False
cf_2570,unknown,"In Coca, they understand",326,4383,False
cf_7154,unknown,Alban of Mainz is a,3558,29417,False
cf_7154,unknown,"Saint Martial, who holds the position of",253,22385,False
cf_7154,unknown,Paulinus II of Aquileia is a,1077,8370,False
cf_7154,unknown,"Thomas Percy, whose position is that of",247,29417,False
cf_7154,unknown,Alban of Mainz holds the title of,253,29417,False
cf_7154,unknown,Bartolomeo di Breganze holds the position of,253,26892,False
cf_7154,unknown,Thomas Percy is a,3438,17502,False
cf_7154,unknown,"Marius Aventicensis, who holds the position of",253,29417,False
cf_7154,unknown,"James Hannington, who has the position of",8534,29417,False
cf_7154,unknown,Paulinus II of Aquileia holds the title of,253,29417,False
cf_8374,unknown,The language of HaMerotz LaMillion is,247,5112,False
cf_8374,unknown,The language of Akinator was,417,4383,False
cf_8374,unknown,The language of Psalms of Solomon is,417,25260,False
cf_8374,unknown,Schocken Books is written in,253,5685,False
cf_8374,unknown,HaMerotz LaMillion was written in,253,5112,False
cf_8374,unknown,The language of Yedioth Ahronoth was,417,25260,False
cf_8374,unknown,HTTPS Everywhere is written in,247,16872,False
cf_8374,unknown,The language of Sefer haYashar was,908,25260,False
cf_8374,unknown,Akinator was written in,253,5112,False
cf_8374,unknown,Open University of Israel was written in,253,25260,False
cf_4644,unknown,"Korey Toomer, the",3438,22385,False
cf_4644,unknown,"Malcolm Smith, the",3438,5842,False
cf_4644,unknown,"Malcolm Smith, who plays the position",273,42402,False
cf_4644,unknown,Michael Morgan plays as,247,12609,False
cf_4644,unknown,Keenan Robinson plays as,247,22385,False
cf_4644,unknown,"Clay Matthews Jr., the",3438,22385,False
cf_4644,unknown,"K. J. Wright, who plays the position",273,22385,False
cf_4644,unknown,Which position does Nigel Bradham play? They play as,247,42402,False
cf_4644,unknown,"Emmanuel Acho, who plays the position",273,42402,False
cf_4644,unknown,Emmanuel Acho plays in the position of,253,42402,False
cf_5868,unknown,ESPY Award was released on,253,49244,False
cf_5868,unknown,SportsCenter was originally aired on,22303,22303,True
cf_5868,unknown,Pardon the Interruption premiered on,253,22303,False
cf_5868,unknown,College GameDay premieres on,21946,27478,False
cf_5868,unknown,Nine for IX was originally aired on,253,49244,False
cf_5868,unknown,NBA on ESPN premieres on,27478,27478,True
cf_5868,unknown,Outside the Lines premiered on,27199,21946,False
cf_5868,unknown,The Contender is to debut on,253,27478,False
cf_5868,unknown,NASCAR Countdown was originally aired on,253,22303,False
cf_5868,unknown,Saturday Primetime premieres on,6926,21946,False
cf_7220,unknown,Cannonball is a part of the,2165,6440,False
cf_7220,unknown,Daredevil is affiliated with,253,24466,False
cf_7220,unknown,Hulk is affiliated with the,2567,48255,False
cf_7220,unknown,Luke Cage is a part of the,24466,24466,True
cf_7220,unknown,Black Widow is affiliated with,253,48255,False
cf_7220,unknown,Thing is a member of,253,24952,False
cf_7220,unknown,Jessica Jones is a part of the,5248,48255,False
cf_7220,unknown,Wolverine is a part of the,24466,24466,True
cf_7220,unknown,Doctor Doom is a part of the,346,9664,False
cf_7220,unknown,Luke Cage is affiliated with the,5418,20958,False
cf_14216,unknown,I Travel Alone from,253,4693,False
cf_14216,unknown,"King of Devil's Island, developed in",253,7758,False
cf_14216,unknown,"Hawaii, Oslo, developed in",253,20341,False
cf_14216,unknown,Free Jimmy from,253,21946,False
cf_14216,unknown,"Eli Sjursdotter, that was formulated in",253,25270,False
cf_14216,unknown,"Izzat, developed in",253,9256,False
cf_14216,unknown,Manhunt was from,253,8068,False
cf_14216,unknown,"Hawaii, Oslo from",253,20341,False
cf_14216,unknown,"Susperia, created in",253,8987,False
cf_14216,unknown,"Manhunt, that originated in",253,4693,False
cf_242,unknown,What sport does Danny Ainge play? They play,247,14648,False
cf_242,unknown,Deion Sanders professionally plays the sport,273,20391,False
cf_242,unknown,Yogi Berra professionally plays the sport,273,14623,False
cf_242,unknown,Derek Jeter is a professional,14623,14623,True
cf_242,unknown,Chuck Connors professionally plays the sport,273,19971,False
cf_242,unknown,Derek Jeter plays,247,14623,False
cf_242,unknown,"Yogi Berra, the",15217,14623,False
cf_242,unknown,Derek Jeter professionally plays the sport,273,14623,False
cf_242,unknown,Mickey Mantle professionally plays the sport,273,24455,False
cf_242,unknown,"Jackie Robinson, the",3438,14623,False
cf_8179,unknown,Béla Fleck and the Flecktones formed in,253,24604,False
cf_8179,unknown,"Red, founded in",1283,4693,False
cf_8179,unknown,"Los Straitjackets, that was created in",253,22126,False
cf_8179,unknown,Béla Fleck and the Flecktones was created in,253,14748,False
cf_8179,unknown,"Red, that was started in",253,4693,False
cf_8179,unknown,"Diamond Rio, that was created in",253,10869,False
cf_8179,unknown,"Brooks & Dunn, created in",253,30647,False
cf_8179,unknown,Impact Wrestling originated in,253,14296,False
cf_8179,unknown,Kings of Leon was founded in,253,6181,False
cf_8179,unknown,"Kings of Leon, that originated in",253,9972,False
cf_13691,unknown,Antonio Canova was employed in,253,27850,False
cf_13691,unknown,Franz Joseph I of Austria found employment in,253,26229,False
cf_13691,unknown,Joseph Haydn took up work in,253,26229,False
cf_13691,unknown,Karl Renner worked in the city of,611,12911,False
cf_13691,unknown,H. C. Artmann worked in,253,8068,False
cf_13691,unknown,Sigmund Freud worked in the city of,26229,26229,True
cf_13691,unknown,Franz Schubert used to work in,253,26229,False
cf_13691,unknown,Giuseppe Arcimboldo found employment in,253,27850,False
cf_13691,unknown,Franz Joseph Gall was employed in,253,7785,False
cf_13691,unknown,Koloman Moser used to work in,253,7785,False
cf_10023,unknown,Charles Sanders Peirce specializes in,253,11727,False
cf_10023,unknown,Michael Dummett works in the field of,4382,12057,False
cf_10023,unknown,Frank P. Ramsey's domain of work is,253,16775,False
cf_10023,unknown,The domain of work of Georg Wilhelm Friedrich Hegel is,253,11727,False
cf_10023,unknown,Bertrand Russell works in the area of,23065,23065,True
cf_10023,unknown,Alonzo Church's area of work is,281,26481,False
cf_10023,unknown,The domain of activity of Al-Farabi is,253,18090,False
cf_10023,unknown,Avicenna's domain of activity is,253,8033,False
cf_10023,unknown,The domain of work of Karl Popper is,253,11727,False
cf_10023,unknown,William Stanley Jevons's expertise is,275,20701,False
cf_7613,unknown,The native language of Raymond Barre is,5112,5112,True
cf_7613,unknown,"Jean-Baptiste Say, speaker of",253,5112,False
cf_7613,unknown,Élisée Reclus is a native speaker of,5112,5112,True
cf_7613,unknown,Henri Barbusse spoke the language,273,5112,False
cf_7613,unknown,The mother tongue of Jean Gabin is,247,5112,False
cf_7613,unknown,"Élisée Reclus, a native",273,5112,False
cf_7613,unknown,"Georges Duhamel, a native",273,5112,False
cf_7613,unknown,Montesquieu is a native speaker of,5112,5112,True
cf_7613,unknown,Georges Duhamel spoke the language,273,5112,False
cf_7613,unknown,Henri Barbusse is a native speaker of,5112,5112,True
cf_10183,unknown,Christian Friedrich Daniel Schubart works as,247,18468,False
cf_10183,unknown,Alexander Fadeyev's profession is an,6485,12353,False
cf_10183,unknown,August Ludwig von Schlözer's profession is a,1077,18468,False
cf_10183,unknown,The profession of Alexander Fadeyev is,247,18468,False
cf_10183,unknown,Rudolf Augstein works as,247,25375,False
cf_10183,unknown,Alexander Fadeyev's profession is a,11115,18468,False
cf_10183,unknown,Egon Bahr works as,247,25375,False
cf_10183,unknown,Mario Soldati works as,247,17264,False
cf_10183,unknown,Gustav Landauer's occupation is,247,49360,False
cf_10183,unknown,Günther Anders's profession is a,11115,18468,False
cf_7285,unknown,"Sarah Hogg, Viscountess Hailsham works for",253,15501,False
cf_7285,unknown,"Jameela Jamil, who works for",253,16098,False
cf_7285,unknown,"George Villiers, 6th Earl of Clarendon works for",253,4693,False
cf_7285,unknown,"Verity Lambert, who works for",253,21946,False
cf_7285,unknown,Stefan Kornelius works for,253,21314,False
cf_7285,unknown,Magnus Magnusson works for,253,21314,False
cf_7285,unknown,"Sarah Hogg, Viscountess Hailsham is employed by",253,15501,False
cf_7285,unknown,Madhur Jaffrey is employed by,253,38075,False
cf_7285,unknown,"Richard Ryder, Baron Ryder of Wensum, of",253,10648,False
cf_7285,unknown,Andrew Marr works for,253,15501,False
cf_7507,unknown,Broadcasters' Audience Research Board is from,253,37957,False
cf_7507,unknown,"Be Un Limited, by",253,21946,False
cf_7507,unknown,Sky Witness's owner,13,16194,False
cf_7507,unknown,Be Un Limited's owner,13,49244,False
cf_7507,unknown,Sky Sports F1 owner,285,44152,False
cf_7507,unknown,Sky Sports News's owner,13,16194,False
cf_7507,unknown,DTV Services Ltd is owned by,253,16590,False
cf_7507,unknown,"Sky Replay, by",253,22645,False
cf_7507,unknown,"Sky Campus, by",253,5559,False
cf_7507,unknown,Sky Sports F1's owner,13,16194,False
cf_2943,unknown,"Madonna, the",954,18542,False
cf_2943,unknown,"Elvis Presley, playing the",1421,18542,False
cf_2943,unknown,"John Lennon, the",16057,40159,False
cf_2943,unknown,Madonna plays the,2554,18542,False
cf_2943,unknown,Hector Berlioz plays the,2554,36608,False
cf_2943,unknown,Bob Dylan plays,253,18542,False
cf_2943,unknown,Bruce Springsteen plays the,1421,18542,False
cf_2943,unknown,"David Bowie, the",806,40159,False
cf_2943,unknown,"Serge Gainsbourg, the",3438,20391,False
cf_2943,unknown,Bob Marley performs on the,5400,18542,False
cf_15147,unknown,"Société géologique de France, in",253,6181,False
cf_15147,unknown,rue de la Chaussée-d'Antin is within,253,7785,False
cf_15147,unknown,rue de la Chaussée-d'Antin is located in,253,6181,False
cf_15147,unknown,ISG Business School is within,253,4693,False
cf_15147,unknown,Route nationale 187 can be found in,253,6181,False
cf_15147,unknown,Institut supérieur du commerce de Paris can be found in,253,7785,False
cf_15147,unknown,ISG Business School can be found in,253,43516,False
cf_15147,unknown,rue Yves-Toudic is in,253,6181,False
cf_15147,unknown,"Stade Roland-Garros, in",7785,7785,True
cf_15147,unknown,Stade Roland-Garros is within,253,7785,False
cf_9270,unknown,Raimonds Pauls is known for performing,275,24455,False
cf_9270,unknown,"Antônio Carlos Jobim, who plays",253,24455,False
cf_9270,unknown,What does Paolo Conte play? They play,247,20391,False
cf_9270,unknown,Al Sears plays,247,24455,False
cf_9270,unknown,What does Niño Josele play? They play,247,20391,False
cf_9270,unknown,Paolo Conte is known for performing,247,24455,False
cf_9270,unknown,Raimonds Pauls plays,275,18542,False
cf_9270,unknown,Jacky Terrasson is known for performing,275,24455,False
cf_9270,unknown,The genre played by Etta James is,247,24455,False
cf_9270,unknown,What does David Sanborn play? They play,253,24455,False
cf_14010,unknown,"Nederlandlaan, named after",253,16333,False
cf_14010,unknown,Oranda-zaka was named after,253,23856,False
cf_14010,unknown,Place des Pays-Bas was named after,253,7785,False
cf_14010,unknown,Dutch is named after,253,16333,False
cf_14010,unknown,"Nederland, which is named after",253,16333,False
cf_14010,unknown,"Oranda-yado, which was named after",253,43949,False
cf_14010,unknown,"Rangaku, which was named for",253,35702,False
cf_14010,unknown,Oranda-yado is named after,253,23856,False
cf_14010,unknown,"Nederland, called after",253,16333,False
cf_14010,unknown,"Nagasaki Holland Village, named for",253,4047,False
cf_9351,unknown,Friedrich Adler is affiliated with the religion,273,43506,False
cf_9351,unknown,Ilse Bing is affiliated with the religion,273,20242,False
cf_9351,unknown,Emil Bessels follows the religion of,253,8033,False
cf_9351,unknown,Erich Lessing is follower of,253,20242,False
cf_9351,unknown,Joseph Wulf is affiliated with the religion,273,20242,False
cf_9351,unknown,Benjamin Murmelstein is follower of,253,35702,False
cf_9351,unknown,Michel Friedman is follower of,253,35702,False
cf_9351,unknown,Emanuel Löwy is affiliated with the religion,273,43506,False
cf_9351,unknown,Victor Ehrenberg is follower of,253,35702,False
cf_9351,unknown,The official religion of Emil Bessels is,253,20242,False
cf_4724,unknown,The language used by Louis de Funès is,417,5112,False
cf_4724,unknown,Celine Dion writes in,617,5112,False
cf_4724,unknown,Claude Debussy writes in,521,5112,False
cf_4724,unknown,Grace Kelly speaks,281,18542,False
cf_4724,unknown,"Albert II, Prince of Monaco writes in",521,5112,False
cf_4724,unknown,Elsa Triolet speaks,275,5112,False
cf_4724,unknown,Rodolphe Töpffer speaks the language,273,5112,False
cf_4724,unknown,Benedict XVI writes in,521,12760,False
cf_4724,unknown,Charles Maurras speaks the language,273,5112,False
cf_4724,unknown,The language used by Sasha Grey is,247,4383,False
cf_16421,unknown,The headquarter of Goodyear (United Kingdom) is located in,253,4693,False
cf_16421,unknown,Legrand (United Kingdom) is based in,253,4693,False
cf_16421,unknown,Extra Energy is based in,253,4693,False
cf_16421,unknown,The headquarters of Air Liquide (United Kingdom) is in,253,30167,False
cf_16421,unknown,PAREXEL International (United Kingdom) is headquartered in,4693,4693,True
cf_16421,unknown,The headquarter of Killergram is located in,253,21818,False
cf_16421,unknown,The headquarter of Air Liquide (United Kingdom) is in,253,26653,False
cf_16421,unknown,The headquarters of Ecorys (United Kingdom) is in,253,4693,False
cf_16421,unknown,BSA motorcycles is headquartered in,253,14296,False
cf_16421,unknown,Triplex Safety Glass's headquarters are in,253,11988,False
cf_5979,unknown,"Rhineland-Palatinate, in",253,6176,False
cf_5979,unknown,"Lower Saxony, which is located in",253,6176,False
cf_5979,unknown,Uetersen is located in,253,20341,False
cf_5979,unknown,"Dortmund, which is located in",253,6176,False
cf_5979,unknown,Mecklenburg-Western Pomerania is located in the country of,16795,16795,True
cf_5979,unknown,Thuringia is located in,253,6176,False
cf_5979,unknown,Wanfried is located in the country of,253,6176,False
cf_5979,unknown,"Alps, located in",253,18908,False
cf_5979,unknown,Saxony-Anhalt is located in the country of,32008,16795,False
cf_5979,unknown,"Dortmund, located in",253,6176,False
cf_2055,unknown,Douglas B-66 Destroyer is created by,253,35251,False
cf_2055,unknown,"B-23 Dragon, created by",253,35251,False
cf_2055,unknown,Douglas DC-5 is produced by,253,17885,False
cf_2055,unknown,B-23 Dragon is developed by,253,35251,False
cf_2055,unknown,"Douglas DC-5, produced by",253,17885,False
cf_2055,unknown,XLIM-49A Nike-Zeus is produced by,40864,40864,True
cf_2055,unknown,Douglas DC-3 is produced by,253,17885,False
cf_2055,unknown,AIR-2 Genie is produced by,253,8217,False
cf_2055,unknown,Douglas DC-3 is a product of,253,17885,False
cf_2055,unknown,"A-26 Invader, developed by",253,35251,False
cf_4681,unknown,Apple iAd Producer was developed by,253,8217,False
cf_4681,unknown,Calendar and Contacts Server was created by,253,9664,False
cf_4681,unknown,QuickTime Animation is created by,253,8217,False
cf_4681,unknown,Apple Mouse is a product of,253,8217,False
cf_4681,unknown,DiskCopy is created by,253,9664,False
cf_4681,unknown,"Darwin Streaming Server, created by",253,9664,False
cf_4681,unknown,"Appearance Manager, a product of",253,9664,False
cf_4681,unknown,"Podcast Capture, a product created by",253,5559,False
cf_4681,unknown,MacBASIC is developed by,253,8217,False
cf_4681,unknown,Calendar and Contacts Server is created by,253,9664,False
cf_16917,unknown,Enrico Maria Salerno was native to,253,12300,False
cf_16917,unknown,Armida Barelli is native to,253,12300,False
cf_16917,unknown,Luigi Veronesi was originally from,253,27850,False
cf_16917,unknown,"Luigi Barzini, Jr. originates from",253,44489,False
cf_16917,unknown,Angelo Dell'Acqua was native to,253,12300,False
cf_16917,unknown,Giacomo Ceruti was originally from,253,12300,False
cf_16917,unknown,Angelo Decembrio was native to,253,12300,False
cf_16917,unknown,Agostino Bertani originates from,253,27850,False
cf_16917,unknown,"Luigi Barzini, Jr. was native to",253,27850,False
cf_16917,unknown,Giacomo Ceruti was born in,12300,12300,True
cf_862,unknown,The twin city of Tripoli is,253,34992,False
cf_862,unknown,Gaziantep is a twin city of,253,41460,False
cf_862,unknown,The twin city of Gaziantep is,253,41460,False
cf_862,unknown,The twin city of Beirut is,253,34992,False
cf_862,unknown,Istanbul is a twin city of,41460,34992,False
cf_862,unknown,The twin city of Istanbul is,253,34992,False
cf_862,unknown,What is the twin city of Damascus? It is,247,39759,False
cf_862,unknown,Nur-Sultan is a twin city of,41460,47419,False
cf_862,unknown,Detroit is a twin city of,17372,17372,True
cf_862,unknown,What is the twin city of Busan? It is,253,36546,False
cf_4590,unknown,Innocent X expired at,253,8068,False
cf_4590,unknown,Paul IV succumbed at,253,12300,False
cf_4590,unknown,August Kestner expired at,253,4693,False
cf_4590,unknown,Liberius died at,253,12300,False
cf_4590,unknown,Roberto Melli died in,247,12300,False
cf_4590,unknown,Roberto Melli lost their life at,253,27850,False
cf_4590,unknown,Marcellus II succumbed at,253,12300,False
cf_4590,unknown,Giovanni Bona lost their life at,253,27741,False
cf_4590,unknown,Clement VII expired at,253,12300,False
cf_4590,unknown,Antonio Gramsci died at,253,12300,False
cf_1006,unknown,Buddy Holly's record label is,247,41813,False
cf_1006,unknown,Jackie Wilson is represented by music label,22645,41813,False
cf_1006,unknown,The music label that is representing Katherine Henderson is,253,33368,False
cf_1006,unknown,"All-Star Trio, released by",253,41813,False
cf_1006,unknown,Have You Seen Her / Yes I'm Ready (If I Don't Get to Go)'s record label is,253,41813,False
cf_1006,unknown,The music label that is representing Bee Gees is,253,33368,False
cf_1006,unknown,Mary Lou Williams is represented by,253,7671,False
cf_1006,unknown,Buddy Holly is represented by,253,5684,False
cf_1006,unknown,Buddy Holly recorded for,253,41813,False
cf_1006,unknown,Caravan / Azure is represented by,253,5559,False
cf_13566,unknown,"Edwin Cerio, who is a citizen of",253,8987,False
cf_13566,unknown,"Ombretta Colli, who is a citizen of",253,6976,False
cf_13566,unknown,Ombretta Colli has a citizenship from,253,9972,False
cf_13566,unknown,Guido Calabresi has a citizenship from,253,9972,False
cf_13566,unknown,"Luca Carboni, who is a citizen of",253,9972,False
cf_13566,unknown,"Gianni Infantino Riovaldi, who holds a citizenship from",253,9972,False
cf_13566,unknown,Massimo Oddo holds a citizenship from,253,9972,False
cf_13566,unknown,Guido Calabresi holds a citizenship from,253,9972,False
cf_13566,unknown,Valentina Cervi has a citizenship from,253,9972,False
cf_13566,unknown,"Beatrice Weder di Mauro, who holds a citizenship from",253,9972,False
cf_18160,unknown,Heatherley School of Fine Art is located in,253,4693,False
cf_18160,unknown,Young Foundation can be found in,253,4693,False
cf_18160,unknown,Young Foundation is in,253,20341,False
cf_18160,unknown,The location of Open Rights Group is,275,26229,False
cf_18160,unknown,Where is Royal Historical Society? It is located in,253,4693,False
cf_18160,unknown,athletics at the 1948 Summer Olympics – men's 5000 metres is located in,253,27411,False
cf_18160,unknown,Royal Historical Society is located in,253,4693,False
cf_18160,unknown,athletics at the 1948 Summer Olympics – men's 5000 metres is in,253,49402,False
cf_18160,unknown,Open Rights Group can be found in,253,5041,False
cf_18160,unknown,Where is athletics at the 1948 Summer Olympics – women's 80 metres hurdles? It is located in,253,27411,False
cf_19142,unknown,Bös Fulen belongs to the continent of,7531,10497,False
cf_19142,unknown,Mount Pilatus belongs to the continent of,7531,3060,False
cf_19142,unknown,Esla belongs to the continent of,7531,3060,False
cf_19142,unknown,Aletschhorn is a part of the continent of,3060,3060,True
cf_19142,unknown,Rigi is a part of the continent of,7531,10497,False
cf_19142,unknown,Lleida is located in,253,24084,False
cf_19142,unknown,"Volkhov, in",253,7422,False
cf_19142,unknown,Volkhov is located in,253,7422,False
cf_19142,unknown,Finsteraarhorn is a part of the continent of,3060,3060,True
cf_19142,unknown,Titlis belongs to the continent of,7531,7531,True
cf_15491,unknown,"canton of Lyon-XII's capital,",42268,42268,True
cf_15491,unknown,"canton of Lyon-VI, which has the capital city",273,42268,False
cf_15491,unknown,The capital of canton of Lyon-XI is,253,7785,False
cf_15491,unknown,"Gallia Lugdunensis's capital,",12300,40431,False
cf_15491,unknown,"canton of Lyon-IX, which has the capital",387,7785,False
cf_15491,unknown,The capital of canton of Lyon-VIII is,253,42268,False
cf_15491,unknown,Gallia Lugdunensis's capital is,253,40431,False
cf_15491,unknown,"Rhône-et-Loire's capital,",253,7785,False
cf_15491,unknown,"Gallia Lugdunensis's capital city,",12300,40431,False
cf_15491,unknown,The capital of Gallia Lugdunensis is,4441,12300,False
cf_8361,unknown,The language of May 18 is,417,4383,False
cf_8361,unknown,The language of Seven Days was,247,4383,False
cf_8361,unknown,The language of 2009: Lost Memories was,247,6692,False
cf_8361,unknown,The language of Time was,417,4383,False
cf_8361,unknown,The original language of No Regret was,3542,5112,False
cf_8361,unknown,The original language of The Scarlet Letter is,247,4383,False
cf_8361,unknown,The original language of Seven Days was,3542,4383,False
cf_8361,unknown,The language of Chi-hwa-seon was,908,13247,False
cf_8361,unknown,The language of No Regret was,247,4383,False
cf_8361,unknown,The original language of May 18 was,346,4383,False
cf_2823,unknown,"In Confederation of African Football, the language spoken is",253,4383,False
cf_2823,unknown,The law in Confederation of African Football declares the language,273,4383,False
cf_2823,unknown,The official language of Angola is,26467,26467,True
cf_2823,unknown,The law in Cape Verde declares the language,273,26467,False
cf_2823,unknown,The official language of São Tomé and Príncipe is,26467,26467,True
cf_2823,unknown,The official language of Kingdom of Portugal is,26467,26467,True
cf_2823,unknown,"In Union of South American Nations, the language spoken is",253,9883,False
cf_2823,unknown,The official language of Mozambique is,253,4383,False
cf_2823,unknown,The official language of Portuguese Empire is,26467,26467,True
cf_2823,unknown,"In Mercosur, an official language is",908,26467,False
cf_16346,unknown,Michael Geddes holds the position of,9060,29417,False
cf_16346,unknown,John Early's position is,326,29417,False
cf_16346,unknown,Robert Molyneux's position is,326,29417,False
cf_16346,unknown,Johannes Herold has the position of,253,29417,False
cf_16346,unknown,"Robert Molyneux, whose position is that of",247,29417,False
cf_16346,unknown,"Robert Molyneux, who holds the position of",9060,29417,False
cf_16346,unknown,"Thomas F. Mulledy, who holds the position of",9060,29417,False
cf_16346,unknown,Robert Molyneux is a,3438,42250,False
cf_16346,unknown,Anthony Kohlmann is a,44208,25375,False
cf_16346,unknown,Stephen Larigaudelle Dubuisson holds the title of,253,29417,False
cf_16970,unknown,The language of Grand Theft Auto IV was,247,4383,False
cf_16970,unknown,The language of LibreOffice is,417,5112,False
cf_16970,unknown,macOS was written in,330,8217,False
cf_16970,unknown,iOS was written in,330,16872,False
cf_16970,unknown,Andrés was written in,253,9883,False
cf_16970,unknown,El País was written in,253,9883,False
cf_16970,unknown,Grand Theft Auto V is written in,247,9667,False
cf_16970,unknown,The Hound of the Baskervilles was written in,253,22024,False
cf_16970,unknown,The language of El País is,417,9883,False
cf_16970,unknown,RT was written in,253,4383,False
cf_13899,unknown,"Robbie Brady, the",3438,22385,False
cf_13899,unknown,Juan Sebastián Verón plays as,247,42402,False
cf_13899,unknown,Patrick Vieira plays as,247,42402,False
cf_13899,unknown,Robbie Brady plays in the position of,247,22385,False
cf_13899,unknown,"Fabrice Ehret, the",3438,25375,False
cf_13899,unknown,"Agostinho Cá, who plays the position",273,42402,False
cf_13899,unknown,"Robbie Brady, who plays the position",273,22385,False
cf_13899,unknown,Which position does Ignacio Camacho play? They play as,247,42402,False
cf_13899,unknown,Igor Netto plays as,253,42402,False
cf_13899,unknown,Rainer Bonhof plays in the position of,253,42402,False
cf_10326,unknown,Law & Order: LA premieres on,25456,22303,False
cf_10326,unknown,Patterns of Force premiered on,27199,22303,False
cf_10326,unknown,"Friends, season 7 debuted on",25456,41069,False
cf_10326,unknown,The Count of Monte Cristo was released on,17509,7785,False
cf_10326,unknown,NBC Nightly News was originally aired on,22303,22303,True
cf_10326,unknown,Sisters is to debut on,253,22303,False
cf_10326,unknown,Medium premieres on,253,41069,False
cf_10326,unknown,"Friends, season 7 was originally aired on",253,22303,False
cf_10326,unknown,Awake is to debut on,253,27478,False
cf_10326,unknown,Scrubs was released on,253,21946,False
cf_10797,unknown,Bangladesh Football Federation is affiliated with,253,38075,False
cf_10797,unknown,New Zealand Football belongs to the organization of,253,38075,False
cf_10797,unknown,Italy national association football team is affiliated with,253,38075,False
cf_10797,unknown,New Zealand Football is a part of the,1457,38075,False
cf_10797,unknown,Bangladesh Football Federation is a part of the,29310,38075,False
cf_10797,unknown,New Zealand Football is affiliated with,253,38075,False
cf_10797,unknown,Football Association of Zambia belongs to the organization of,253,38075,False
cf_10797,unknown,Bolivian Football Federation is a member of,253,38075,False
cf_10797,unknown,Federação Moçambicana de Futebol is affiliated with,253,38075,False
cf_10797,unknown,Algerian Football Federation is affiliated with the,36364,38075,False
cf_15701,unknown,"Never Talk to Strangers, developed in",253,6976,False
cf_15701,unknown,"Babar: King of the Elephants, developed in",253,5427,False
cf_15701,unknown,Another Cinderella Story was from,253,16590,False
cf_15701,unknown,A Christmas Story was formulated in,253,30647,False
cf_15701,unknown,Scanners from,253,21314,False
cf_15701,unknown,Hobo with a Shotgun was from,253,8068,False
cf_15701,unknown,Christmas in Wonderland from,253,9449,False
cf_15701,unknown,"Never Talk to Strangers, that was developed in",253,4047,False
cf_15701,unknown,"Never Talk to Strangers, formulated in",253,6144,False
cf_15701,unknown,"Another Cinderella Story, that was created in",253,9748,False
cf_2194,unknown,Gordie Howe professionally plays the sport,273,19971,False
cf_2194,unknown,Teemu Sälännä is a professional,6749,19971,False
cf_2194,unknown,"Evgeni Malkin, the",3438,22037,False
cf_2194,unknown,Evgeni Malkin plays,323,19971,False
cf_2194,unknown,Patrick Roy is a professional,5842,19971,False
cf_2194,unknown,Alexander Ovechkin professionally plays the sport,273,19971,False
cf_2194,unknown,"Patrick Roy, the",3438,14623,False
cf_2194,unknown,Jaromír Jágr is a professional,6749,20391,False
cf_2194,unknown,"Maurice Richard, the",3438,25375,False
cf_2194,unknown,What sport does Mario Lemieux play? They play,23354,19971,False
cf_14628,unknown,The Fartz originated in,253,8068,False
cf_14628,unknown,"The Cave Singers, that originated in",253,8068,False
cf_14628,unknown,"Sicko, that was formed in",253,17372,False
cf_14628,unknown,"The Pale Pacific, created in",253,5002,False
cf_14628,unknown,"The Divorce, created in",253,4693,False
cf_14628,unknown,"Sky Cries Mary, that was started in",253,4693,False
cf_14628,unknown,The Divorce started in,253,4693,False
cf_14628,unknown,"Second Coming, that was started in",253,4693,False
cf_14628,unknown,The Cave Singers that was founded in,253,8068,False
cf_14628,unknown,"The Dark Fantastic, founded in",253,4693,False
cf_17126,unknown,Egil Aarvik worked in,253,38476,False
cf_17126,unknown,Ole Elias Holck used to work in,253,38476,False
cf_17126,unknown,Jørgen Aall took up work in,253,43516,False
cf_17126,unknown,Inger Louise Valle was employed in,253,43516,False
cf_17126,unknown,Ludvig Eikaas took up work in,253,38476,False
cf_17126,unknown,Jacob Aall Bonnevie worked in,253,7785,False
cf_17126,unknown,Svend Borchmann Hersleb took up work in,253,12911,False
cf_17126,unknown,Olaus Arvesen used to work in,253,43516,False
cf_17126,unknown,Jacob Aall Bonnevie was employed in,253,7785,False
cf_17126,unknown,Per Olaf Lundteigen worked in the city of,10876,43516,False
cf_16536,unknown,Paul Broca's area of work is,253,16775,False
cf_16536,unknown,The domain of activity of Albrecht von Haller is,253,18090,False
cf_16536,unknown,The domain of activity of Wilhelm Roux is,253,18090,False
cf_16536,unknown,Marcello Malpighi works in the area of,253,37756,False
cf_16536,unknown,Andreas Vesalius works in the field of,14530,5859,False
cf_16536,unknown,The domain of work of Wilhelm His is,247,9921,False
cf_16536,unknown,The domain of activity of Andreas Vesalius is,253,16775,False
cf_16536,unknown,Gabriele Falloppio specializes in,253,13497,False
cf_16536,unknown,The expertise of Johann Friedrich Meckel the younger is,973,50085,False
cf_16536,unknown,Franciscus Sylvius's domain of activity is,253,8672,False
cf_3352,unknown,"Louis Antoine de Saint-Just, a native",273,5112,False
cf_3352,unknown,The native language of Octave Mirbeau is,5112,5112,True
cf_3352,unknown,The native language of Jean-Luc Picard is,5112,5112,True
cf_3352,unknown,The native language of Michel Rocard is,5112,5112,True
cf_3352,unknown,"Octave Mirbeau, a native",273,5112,False
cf_3352,unknown,Robert Schuman is a native speaker of,4383,5112,False
cf_3352,unknown,"Montesquieu, a native",273,5112,False
cf_3352,unknown,"François Bayrou, speaker of",253,5112,False
cf_3352,unknown,Montesquieu spoke the language,273,5112,False
cf_3352,unknown,Jean-Baptiste Say is a native speaker of,5112,5112,True
cf_1892,unknown,Jean-Joseph Languet de Gergy's occupation is,253,19600,False
cf_1892,unknown,John Robert Morrison's occupation is,417,18468,False
cf_1892,unknown,Francis Ferdinand de Capillas's profession is a,11115,18468,False
cf_1892,unknown,Jean-Joseph Languet de Gergy's profession is a,11115,3554,False
cf_1892,unknown,The occupation of Cassian Spiss is,247,12353,False
cf_1892,unknown,Jordanus's profession is an,7126,12353,False
cf_1892,unknown,"Giovanni Cagliero, who works as",247,25375,False
cf_1892,unknown,José María Lerchundi works as,247,17264,False
cf_1892,unknown,"José María Lerchundi, who works as",247,17264,False
cf_1892,unknown,Marie-Nicolas-Antoine Daveluy's profession is a,11115,18468,False
cf_6869,unknown,"Vint Cerf, who works for",253,21314,False
cf_6869,unknown,"Erich Gamma, who is employed by",253,21314,False
cf_6869,unknown,J. M. Coetzee is employed by,253,10550,False
cf_6869,unknown,Klaus Darga is employed by,253,21314,False
cf_6869,unknown,"J. M. Coetzee, who works for",253,10550,False
cf_6869,unknown,"Grady Booch, of",253,41813,False
cf_6869,unknown,"John Cocke, who works for",253,21314,False
cf_6869,unknown,"Kenneth E. Iverson, who is employed by",253,9664,False
cf_6869,unknown,"Lynn Conway, of",253,27478,False
cf_6869,unknown,"Frances E. Allen, who works for",253,21314,False
cf_9234,unknown,WebPlatform is owned by,253,9664,False
cf_9234,unknown,"Shazam, from",253,14296,False
cf_9234,unknown,Beddit is from,253,5559,False
cf_9234,unknown,iWork's owner,13,9664,False
cf_9234,unknown,"Apple Campus, by",253,8217,False
cf_9234,unknown,AirPlay is from,253,8217,False
cf_9234,unknown,Apple Pay owner,13,5559,False
cf_9234,unknown,Anobit is owned by,253,9664,False
cf_9234,unknown,"Apple Pay, by",253,8217,False
cf_9234,unknown,iTunes Radio is owned by,253,8217,False
cf_9881,unknown,"Leonard Cohen, the",3438,18542,False
cf_9881,unknown,"Jacques Brel, the",5112,25375,False
cf_9881,unknown,Bruce Springsteen plays the,1421,18542,False
cf_9881,unknown,John Lennon plays,253,18542,False
cf_9881,unknown,"Paul Simon, the",3438,12609,False
cf_9881,unknown,Patti Smith plays the instrument,13,18542,False
cf_9881,unknown,"Madonna, playing the",2554,18542,False
cf_9881,unknown,Leonard Cohen plays the,2554,18542,False
cf_9881,unknown,"Douglas Adams, playing the",2554,18542,False
cf_9881,unknown,"Paul McCartney, playing the",1421,18542,False
cf_16097,unknown,Assay Office can be found in,253,7758,False
cf_16097,unknown,"Backdrop Peak, in",253,13338,False
cf_16097,unknown,"Bishop Kelly High School, in",253,14296,False
cf_16097,unknown,Bear River Massacre Site is located in,253,6144,False
cf_16097,unknown,"Assay Office, in",253,7758,False
cf_16097,unknown,Belt Supergroup is in,253,3060,False
cf_16097,unknown,Bear Peak is in,253,20829,False
cf_16097,unknown,Beaverhead Mountains is in,253,6144,False
cf_16097,unknown,Bethany Memorial Chapel is located in,253,8068,False
cf_16097,unknown,Baker Peak can be found in,253,5002,False
cf_17518,unknown,Dietrich Fischer-Dieskau plays,247,19971,False
cf_17518,unknown,What does Leo Slezak play? They play,247,24455,False
cf_17518,unknown,Ernő Dohnányi performs,275,24455,False
cf_17518,unknown,Hans Werner Henze plays,253,18542,False
cf_17518,unknown,What does Richard Tauber play? They play,247,24455,False
cf_17518,unknown,Hans Werner Henze performs,253,24342,False
cf_17518,unknown,Hans Werner Henze is known for performing,253,24455,False
cf_17518,unknown,Richard Tauber performs,247,24455,False
cf_17518,unknown,George Enescu plays,253,12609,False
cf_17518,unknown,Jean Gilbert performs,247,24455,False
cf_1289,unknown,Victoria–Courtenay train is named after,253,16225,False
cf_1289,unknown,"Victoria–Courtenay train, named for",253,6086,False
cf_1289,unknown,Victoria Inner Harbour Airport is named after,253,16225,False
cf_1289,unknown,Victoria Inner Harbour Airport is named for,253,16225,False
cf_1289,unknown,HMCS Victoria was named for,253,16225,False
cf_1289,unknown,"Victorians, which is named after",253,21818,False
cf_1289,unknown,Victoria–Courtenay train was named after,253,11628,False
cf_1289,unknown,Victoria–Courtenay train is named for,253,16225,False
cf_1289,unknown,"Victorians, named for",253,21818,False
cf_1289,unknown,Victoria Inner Harbour Airport was named after,253,16225,False
cf_10519,unknown,Andrew Johnson is affiliated with the religion,273,20242,False
cf_10519,unknown,Malta is follower of,253,8033,False
cf_10519,unknown,Moby follows the religion of,253,8033,False
cf_10519,unknown,The official religion of Leo Tolstoy is,253,20242,False
cf_10519,unknown,The official religion of Moby is,253,20242,False
cf_10519,unknown,Nicolas Sarkozy is follower of,253,8033,False
cf_10519,unknown,Kwame Nkrumah is affiliated with the religion,273,20242,False
cf_10519,unknown,The official religion of Ringo Starr is,253,20242,False
cf_10519,unknown,Moby is follower of,253,35702,False
cf_10519,unknown,Constantine the Great is affiliated with the religion,273,20242,False
cf_7783,unknown,Tobias Asser speaks,281,5685,False
cf_7783,unknown,Judith Leyster writes in,253,4383,False
cf_7783,unknown,The language used by Thomas à Kempis is,247,5112,False
cf_7783,unknown,Jacob van Ruisdael speaks,281,13986,False
cf_7783,unknown,Jacob van Ruisdael writes in,521,13986,False
cf_7783,unknown,Frederik van Eeden speaks,281,13986,False
cf_7783,unknown,Judith Leyster speaks,281,4383,False
cf_7783,unknown,Ayaan Hirsi Ali writes in,253,4383,False
cf_7783,unknown,The language used by Hugo van der Goes is,247,13986,False
cf_7783,unknown,Jan Brueghel the Elder speaks,273,13986,False
cf_10850,unknown,The headquarter of Wistia is located in,253,21818,False
cf_10850,unknown,TeraView is based in,253,17413,False
cf_10850,unknown,"lowRISC, whose headquarters are in",253,11988,False
cf_10850,unknown,"St John's Innovation Centre, whose headquarters are in",253,4693,False
cf_10850,unknown,Inkle's headquarters are in,253,48771,False
cf_10850,unknown,The headquarter of Zeus Technology is located in,253,21818,False
cf_10850,unknown,"Red Gate Software, whose headquarters are in",253,16335,False
cf_10850,unknown,The headquarter of Tyndale House is located in,253,4693,False
cf_10850,unknown,LabCentral is headquartered in,253,16335,False
cf_10850,unknown,"Cambridge International School, Cambridge is based in",253,11988,False
cf_10572,unknown,LNH player ID is located in the country of,6510,10869,False
cf_10572,unknown,"French Olympic Committee athlete ID, in",253,4693,False
cf_10572,unknown,"Musée d'Orsay artwork ID, which is located in",253,7785,False
cf_10572,unknown,"French Olympic Committee athlete ID, located in",253,4693,False
cf_10572,unknown,Theses.fr person ID is located in the country of,6181,6181,True
cf_10572,unknown,LNB Pro A player ID is located in,253,18267,False
cf_10572,unknown,"Theses.fr person ID, located in",253,6181,False
cf_10572,unknown,"HAL author ID, in",253,4383,False
cf_10572,unknown,LFH player ID is located in the country of,6510,6976,False
cf_10572,unknown,"Musée des Augustins artwork ID (former scheme), located in",253,7785,False
cf_3456,unknown,"Sony NEX-7, created by",22645,22645,True
cf_3456,unknown,DualShock is produced by,253,5559,False
cf_3456,unknown,Sony Alpha 550 is created by,253,22645,False
cf_3456,unknown,CLIÉ is developed by,253,9664,False
cf_3456,unknown,Sony Reader is produced by,22645,22645,True
cf_3456,unknown,"mylo, developed by",253,21314,False
cf_3456,unknown,"mylo, produced by",253,21314,False
cf_3456,unknown,"Sixaxis, developed by",253,5559,False
cf_3456,unknown,"Blu-ray Disc Audio-Video MPEG-2 Transport Stream container file format, produced by",253,9664,False
cf_3456,unknown,"Walkman, created by",253,8217,False
cf_2558,unknown,"IBM RPG III, a product created by",253,21314,False
cf_2558,unknown,IBM Rational Automation Framework was developed by,253,21314,False
cf_2558,unknown,IBM WebSphere Application Server Community Edition was a product of,253,21314,False
cf_2558,unknown,IBM RPG III was a product of,253,21314,False
cf_2558,unknown,IBM Rational ClearQuest was developed by,253,21314,False
cf_2558,unknown,"IBM Home Page Reader, a product created by",253,8217,False
cf_2558,unknown,"IBM History Flow tool, a product created by",253,21314,False
cf_2558,unknown,IBM RPG III is a product of,253,21314,False
cf_2558,unknown,IBM Office/36 was a product of,253,9664,False
cf_2558,unknown,"IBM Office/36, created by",253,9664,False
cf_17253,unknown,"Leopold, Prince of Salerno originated from",253,9972,False
cf_17253,unknown,Francesco Clemente originated from,253,12300,False
cf_17253,unknown,Erri De Luca was born in,253,12300,False
cf_17253,unknown,Roberto Murolo originated from,253,46287,False
cf_17253,unknown,Luis Egidio Meléndez was originally from,253,46287,False
cf_17253,unknown,Gian Francesco de Majo originates from,253,27741,False
cf_17253,unknown,Pirro Ligorio was born in,253,12300,False
cf_17253,unknown,Luigi Amoroso was originally from,253,27850,False
cf_17253,unknown,Luigi Settembrini was originally from,253,27850,False
cf_17253,unknown,Roberto Murolo is native to,253,46287,False
cf_17187,unknown,Buenos Aires is a twin city of,46287,46287,True
cf_17187,unknown,What is the twin city of Buenos Aires? It is,253,46287,False
cf_17187,unknown,What is the twin city of Rio de Janeiro? It is,253,34215,False
cf_17187,unknown,Miami is a twin city of,16146,16146,True
cf_17187,unknown,Athens is a twin city of,27411,27411,True
cf_17187,unknown,What is the twin city of Athens? It is,253,27411,False
cf_17187,unknown,The twin city of Rio de Janeiro is,253,34215,False
cf_17187,unknown,The twin city of Mexico City is,253,46287,False
cf_17187,unknown,The twin city of Sarajevo is,253,41460,False
cf_17187,unknown,The twin city of Manila is,253,34992,False
cf_19529,unknown,Princess Augusta of Saxe-Gotha's life ended in,247,12911,False
cf_19529,unknown,Alfred Flechtheim's life ended in,247,12911,False
cf_19529,unknown,Godfrey Kneller passed away at,253,7785,False
cf_19529,unknown,Alice Herz-Sommer lost their life at,253,12911,False
cf_19529,unknown,Johann Peter Salomon lost their life at,253,12911,False
cf_19529,unknown,Ken Adam died in the city of,611,8068,False
cf_19529,unknown,Gerard Hoffnung died in the city of,399,7785,False
cf_19529,unknown,Johann Peter Salomon died in,247,7785,False
cf_19529,unknown,George Grey succumbed at,253,4693,False
cf_19529,unknown,George Grey died at,253,4693,False
cf_12652,unknown,"Mental As Anything, released by",253,41813,False
cf_12652,unknown,Blackfeather's music label is,247,41813,False
cf_12652,unknown,If Not for You's label is,247,33368,False
cf_12652,unknown,Beat of My Heart's record label is,247,41813,False
cf_12652,unknown,The music label that is representing Mario Millo is,253,33368,False
cf_12652,unknown,Turn Around Look At Me recorded for,253,33368,False
cf_12652,unknown,"Icehouse, released by",253,24324,False
cf_12652,unknown,(2) is represented by music label,13,41813,False
cf_12652,unknown,Warumpi Band's record company is,247,41813,False
cf_12652,unknown,Marty Willson-Piper's record company is,253,41813,False
cf_8829,unknown,Manuel Valls holds a citizenship from,253,6181,False
cf_8829,unknown,"David Guetta, who has a citizenship from",253,9972,False
cf_8829,unknown,Joseph Fourier is a citizen of,253,6181,False
cf_8829,unknown,Jean-Paul Sartre has a citizenship from,253,6181,False
cf_8829,unknown,"Paul Bocuse, a citizen of",253,6181,False
cf_8829,unknown,"Marion Cotillard, a citizen of",6181,6181,True
cf_8829,unknown,Joseph Fourier has a citizenship from,253,6181,False
cf_8829,unknown,Henry Dunant has a citizenship from,253,6181,False
cf_8829,unknown,"Louis XI of France, who is a citizen of",253,6181,False
cf_8829,unknown,Louis XI of France has a citizenship from,253,6181,False
cf_9924,unknown,St. Michael's Hospital is in,253,13533,False
cf_9924,unknown,504 King is located in,253,4693,False
cf_9924,unknown,St. Michael's Hospital is located in,253,13533,False
cf_9924,unknown,The location of Christie Pits is,247,28792,False
cf_9924,unknown,The location of Enoch Turner School is,247,11988,False
cf_9924,unknown,Toronto Public Library can be found in,253,13533,False
cf_9924,unknown,Massey College is in,253,4693,False
cf_9924,unknown,Exhibition GO Station is located in,253,22126,False
cf_9924,unknown,University of Toronto Scarborough is in,253,13533,False
cf_9924,unknown,504 King is in,253,6144,False
cf_17625,unknown,"Chad, in",253,17753,False
cf_17625,unknown,Ghana belongs to the continent of,7531,7531,True
cf_17625,unknown,South Africa is in,253,7531,False
cf_17625,unknown,"Nigeria, in",253,7531,False
cf_17625,unknown,Tanzania is a part of the continent of,7531,7531,True
cf_17625,unknown,Democratic Republic of the Congo is a part of the continent of,7531,7531,True
cf_17625,unknown,Zambia belongs to the continent of,7531,7531,True
cf_17625,unknown,Ethiopia belongs to the continent of,7531,7531,True
cf_17625,unknown,Chad belongs to the continent of,7531,7531,True
cf_17625,unknown,"Mali, in",253,7531,False
cf_6576,unknown,Hellenic State's capital city is,253,27411,False
cf_6576,unknown,Attica Region's capital city is,253,12300,False
cf_6576,unknown,Second Hellenic Republic's capital city is,253,27411,False
cf_6576,unknown,The capital of Kingdom of Greece is,4441,27411,False
cf_6576,unknown,Duchy of Athens's capital city is,247,27411,False
cf_6576,unknown,The capital city of Attica Region is,4441,27411,False
cf_6576,unknown,"4th of August Regime's capital,",253,7785,False
cf_6576,unknown,Central Athens Regional Unit's capital is,253,27411,False
cf_6576,unknown,"North Athens Regional Unit's capital,",27411,27411,True
cf_6576,unknown,The capital of Third Hellenic Republic is,4441,27411,False
cf_12136,unknown,The language of The Anchorite was,417,4383,False
cf_12136,unknown,The language of Blackthorn was,417,4383,False
cf_12136,unknown,The language of Dangerous Minds is,247,4383,False
cf_12136,unknown,The original language of The Life of David Gale was,346,4383,False
cf_12136,unknown,The language of Obaba is,247,4383,False
cf_12136,unknown,The original language of The Sea Inside was,3542,4383,False
cf_12136,unknown,The original language of Spy Kids 3-D: Game Over is,247,4383,False
cf_12136,unknown,The original language of Ash Wednesday was,346,4383,False
cf_12136,unknown,The language of The Life of David Gale was,417,4383,False
cf_12136,unknown,The language of My Mother Likes Women was,3542,4383,False
cf_4663,unknown,The official language of South Tyrol is,9890,9890,True
cf_4663,unknown,The law in Holy Roman Empire declares the language,273,12760,False
cf_4663,unknown,The official language of Brescia is,9890,9890,True
cf_4663,unknown,"In Florence, an official language is",13452,9890,False
cf_4663,unknown,"In Brescia, an official language is",13452,9890,False
cf_4663,unknown,The official language of Holy Roman Empire is,253,5685,False
cf_4663,unknown,The official language of Florence is,9890,9890,True
cf_4663,unknown,"In Lugano, an official language is",253,9890,False
cf_4663,unknown,"In San Marino, the language spoken is",247,9890,False
cf_4663,unknown,"In Italy, the language spoken is",9890,9890,True
cf_7699,unknown,Henric Benzelius has the position of,253,29417,False
cf_7699,unknown,"Saint Martial, whose position is that of",247,42402,False
cf_7699,unknown,"Luigi Nazari di Calabiana, who holds the position of",253,29417,False
cf_7699,unknown,Hugh Latimer holds the position of,253,29417,False
cf_7699,unknown,"Clement, who has the position of",253,29417,False
cf_7699,unknown,Alban of Mainz is a,3558,29417,False
cf_7699,unknown,Luigi Nazari di Calabiana is a,3558,5842,False
cf_7699,unknown,Edwin Morris is a,3438,24455,False
cf_7699,unknown,Lucifer of Cagliari is a,3558,42402,False
cf_7699,unknown,Clement holds the position of,253,29417,False
cf_15574,unknown,Severny Vestnik is written in,253,7247,False
cf_15574,unknown,Mazeppa was written in,253,9890,False
cf_15574,unknown,The language of Warface was,247,4383,False
cf_15574,unknown,The language of Sovremennik is,417,7247,False
cf_15574,unknown,slovake.eu was written in,253,7247,False
cf_15574,unknown,The language of Cinnamon is,247,4383,False
cf_15574,unknown,The language of Chaos on Deponia was,247,4383,False
cf_15574,unknown,The language of Severny Vestnik is,417,7247,False
cf_15574,unknown,The Little Golden Calf was written in,253,4383,False
cf_15574,unknown,Cinnamon was written in,253,13814,False
cf_3308,unknown,Blaine Gabbert plays as,247,22385,False
cf_3308,unknown,Ryan Tannehill plays as,247,22385,False
cf_3308,unknown,Byron Leftwich plays in the position of,253,18468,False
cf_3308,unknown,Which position does Seneca Wallace play? They play as,247,22385,False
cf_3308,unknown,"Brian Griese, the",3438,12609,False
cf_3308,unknown,"Edgar Allan Poe, who plays the position",273,18542,False
cf_3308,unknown,Which position does Brian Griese play? They play as,247,22385,False
cf_3308,unknown,"Bob Guiney, who plays the position",273,45585,False
cf_3308,unknown,Charlie Batch plays in the position of,247,22385,False
cf_3308,unknown,"Tom Osborne, who plays the position",273,22385,False
cf_36,unknown,Barnaby Jones premiered on,253,15501,False
cf_36,unknown,"Murder, She Wrote was originally aired on",253,22303,False
cf_36,unknown,Cybill debuted on,253,21946,False
cf_36,unknown,The Agency is to debut on,253,22303,False
cf_36,unknown,Blue Bloods is to debut on,253,22303,False
cf_36,unknown,Candles on Bay Street was originally aired on,253,22303,False
cf_36,unknown,Barnaby Jones debuted on,253,7315,False
cf_36,unknown,The Little Mermaid is to debut on,16590,16590,True
cf_36,unknown,Candles on Bay Street was released on,253,21946,False
cf_36,unknown,"Dink, the Little Dinosaur was released on",17509,17509,True
cf_19414,unknown,Romanian Football Federation is a member of,253,38075,False
cf_19414,unknown,Bolivian Football Federation is affiliated with the,15794,38075,False
cf_19414,unknown,Venezuelan Football Federation is affiliated with,253,38075,False
cf_19414,unknown,National Autonomous Federation of Football of Honduras is affiliated with,253,38075,False
cf_19414,unknown,Algerian Football Federation is affiliated with the,36364,38075,False
cf_19414,unknown,Bangladesh Football Federation is affiliated with the,29310,38075,False
cf_19414,unknown,Peruvian Football Federation is affiliated with,253,38075,False
cf_19414,unknown,Venezuelan Football Federation belongs to the organization of,253,38075,False
cf_19414,unknown,Venezuelan Football Federation is affiliated with the,22283,38075,False
cf_19414,unknown,South African Football Association is a part of the,8118,38075,False
cf_17606,unknown,Scorpions originated in,253,6976,False
cf_17606,unknown,The Moon and Other Lovers was created in,253,14296,False
cf_17606,unknown,M was created in the country of,253,6976,False
cf_17606,unknown,"Put on Ice, developed in",253,22126,False
cf_17606,unknown,"1900, that was created in",253,4693,False
cf_17606,unknown,"1900, formulated in",253,4383,False
cf_17606,unknown,"Goal III: Taking on the World, that was developed in",253,6181,False
cf_17606,unknown,"Death Train, that was from",253,22303,False
cf_17606,unknown,Gran Torino originated in,253,9972,False
cf_17606,unknown,"M, formulated in",253,4383,False
cf_6424,unknown,Kevin Durant plays,323,14648,False
cf_6424,unknown,Dennis Rodman is a professional,14623,14648,False
cf_6424,unknown,Dennis Rodman plays,253,14648,False
cf_6424,unknown,"Pau Gasol, the",3438,14648,False
cf_6424,unknown,What sport does Pau Gasol play? They play,14648,14648,True
cf_6424,unknown,What sport does Kevin Durant play? They play,14648,14648,True
cf_6424,unknown,What sport does Dennis Rodman play? They play,247,14648,False
cf_6424,unknown,Shaquille O'Neal is a professional,14648,14648,True
cf_6424,unknown,Dennis Rodman professionally plays the sport,273,14648,False
cf_6424,unknown,What sport does Pau Gasol play? They play,14648,14648,True
cf_238,unknown,The Stills originated in,253,30647,False
cf_238,unknown,"Simple Plan, that was started in",253,8068,False
cf_238,unknown,"David Usher, created in",253,17372,False
cf_238,unknown,"Hydro-Quebec, founded in",1283,25287,False
cf_238,unknown,Arcade Fire that was founded in,253,20734,False
cf_238,unknown,Chromeo that was founded in,253,12911,False
cf_238,unknown,Men Without Hats started in,253,4693,False
cf_238,unknown,Adventure Club was started in,253,8068,False
cf_238,unknown,Bran Van 3000 was started in,253,17372,False
cf_238,unknown,"David Usher, founded in",253,8068,False
cf_547,unknown,Kenneth G. Forslund was employed in,253,16335,False
cf_547,unknown,Sven-Erik Österberg was employed in,253,38476,False
cf_547,unknown,Ingrid Segerstedt Wiberg worked in,253,40892,False
cf_547,unknown,Sven-Erik Österberg took up work in,253,38476,False
cf_547,unknown,Lena Hallengren found employment in,253,43516,False
cf_547,unknown,Bengt Berg was employed in,253,12911,False
cf_547,unknown,Björn Rosengren found employment in,253,38476,False
cf_547,unknown,Bengt Berg found employment in,253,12911,False
cf_547,unknown,Axel Gjöres worked in the city of,36125,38476,False
cf_547,unknown,Adolf Hallman was employed in,253,32000,False
cf_18726,unknown,Michail Petaev's domain of activity is,281,12057,False
cf_18726,unknown,Josep M. Trigo-Rodríguez specializes in,253,23065,False
cf_18726,unknown,The domain of work of Michail Petaev is,253,23065,False
cf_18726,unknown,Erica Jawin works in the area of,253,37756,False
cf_18726,unknown,The domain of activity of Josep M. Trigo-Rodríguez is,253,18090,False
cf_18726,unknown,Michail Petaev's domain of work is,253,16775,False
cf_18726,unknown,Michail Petaev specializes in,253,12057,False
cf_18726,unknown,The domain of activity of Martin Elvis is,253,24455,False
cf_18726,unknown,Martin Elvis's domain of activity is,253,3440,False
cf_18726,unknown,Martin Elvis works in the field of,3440,24455,False
cf_18843,unknown,The mother tongue of Leonid Kantorovich is,253,7247,False
cf_18843,unknown,The mother tongue of Anna Politkovskaya is,247,7247,False
cf_18843,unknown,Boris Akunin spoke the language,273,7247,False
cf_18843,unknown,Vladimir Mayakovsky spoke the language,273,7247,False
cf_18843,unknown,The native language of Grand Duchess Anastasia Nikolaevna of Russia is,7247,7247,True
cf_18843,unknown,The mother tongue of Alexei Navalny is,247,7247,False
cf_18843,unknown,The mother tongue of Alexander III of Russia is,253,7247,False
cf_18843,unknown,Mikhail Khodorkovsky spoke the language,273,7247,False
cf_18843,unknown,"Anna Politkovskaya, speaker of",253,7247,False
cf_18843,unknown,"Andrey Kolmogorov, a native",273,7247,False
cf_7467,unknown,Leonard Cohen's occupation is,326,12353,False
cf_7467,unknown,Plato's occupation is,281,29875,False
cf_7467,unknown,The occupation of Émile Zola is,247,42250,False
cf_7467,unknown,Bob Dylan's profession is an,1445,12353,False
cf_7467,unknown,Richard Wagner works as,247,25375,False
cf_7467,unknown,Leonardo da Vinci's profession is a,6303,27343,False
cf_7467,unknown,"Émile Zola, who works as",247,17264,False
cf_7467,unknown,The profession of Niccolò Machiavelli is,247,18468,False
cf_7467,unknown,Robert Louis Stevenson's profession is an,1650,12353,False
cf_7467,unknown,The occupation of Giovanni Boccaccio is,247,18468,False
cf_17841,unknown,Michel Martin is employed by,253,9664,False
cf_17841,unknown,Cokie Roberts works for,253,9664,False
cf_17841,unknown,"Carl Kasell, who works for",253,9664,False
cf_17841,unknown,Max Paul Friedman is employed by,253,21314,False
cf_17841,unknown,Angela Rye works for,253,15501,False
cf_17841,unknown,John L. Allen Jr. is employed by,253,9664,False
cf_17841,unknown,"Michel Martin, who works for",253,9664,False
cf_17841,unknown,"Guy Raz, of",253,49244,False
cf_17841,unknown,"Alex Zamm, who works for",253,9664,False
cf_17841,unknown,Guy Raz is employed by,253,5559,False
cf_8132,unknown,"Omaha Civic Auditorium, from",253,50180,False
cf_8132,unknown,"Abbott Drive, from",253,5559,False
cf_8132,unknown,TD Ameritrade Park Omaha is from,253,50180,False
cf_8132,unknown,Abbott Drive is from,253,5559,False
cf_8132,unknown,Omaha Civic Auditorium owner,13,50180,False
cf_8132,unknown,Abbott Drive is owned by,253,5559,False
cf_8132,unknown,Omaha Civic Auditorium is from,253,50180,False
cf_8132,unknown,TD Ameritrade Park Omaha owner,285,50180,False
cf_8132,unknown,Omaha Civic Auditorium's owner,13,50180,False
cf_8132,unknown,Abbott Drive's owner,13,49937,False
cf_11055,unknown,"Neil Young, playing the",2554,12609,False
cf_11055,unknown,Ringo Starr plays,253,24455,False
cf_11055,unknown,"Serge Gainsbourg, performing on the",1072,18542,False
cf_11055,unknown,John Lennon performs on the,15501,18542,False
cf_11055,unknown,Paul McCartney performs on the,5400,18542,False
cf_11055,unknown,Bruce Springsteen plays the instrument,273,12609,False
cf_11055,unknown,"Douglas Adams, performing on the",921,18542,False
cf_11055,unknown,Madonna plays the instrument,13,18542,False
cf_11055,unknown,Jacques Brel plays the,2554,18542,False
cf_11055,unknown,"George Harrison, playing the",2554,18542,False
cf_14893,unknown,"Indiana State Road 114, in",253,14614,False
cf_14893,unknown,Indiana State Road 120 is in,253,14614,False
cf_14893,unknown,"Indiana State Road 218, in",253,14614,False
cf_14893,unknown,U.S. Route 136 in Indiana is located in,253,14614,False
cf_14893,unknown,Indiana State Road 152 is in,253,14614,False
cf_14893,unknown,Indiana State Road 120 is located in,253,14614,False
cf_14893,unknown,Indiana State Road 218 is within,253,14614,False
cf_14893,unknown,Indiana State Road 135 is located in,253,14614,False
cf_14893,unknown,Indiana State Road 124 is located in,253,14614,False
cf_14893,unknown,Indiana State Road 148 can be found in,253,14614,False
cf_18038,unknown,Sade Adu performs,247,24455,False
cf_18038,unknown,Zeena Parkins performs,275,24455,False
cf_18038,unknown,The genre played by Sade Adu is,247,24455,False
cf_18038,unknown,"Frank Wess, who plays",253,24455,False
cf_18038,unknown,What does Raimonds Pauls play? They play,247,24455,False
cf_18038,unknown,"Niño Josele, who plays",323,12609,False
cf_18038,unknown,The genre played by Frank Wess is,247,24455,False
cf_18038,unknown,"Freddy Cole, who plays",253,24455,False
cf_18038,unknown,The genre played by Otis Taylor is,247,24455,False
cf_18038,unknown,Ziggy Elman is known for performing,275,24455,False
cf_4403,unknown,"Pennsylvania-class cruiser, which is named after",253,11637,False
cf_4403,unknown,"Pennsylvania, Exeter, which is named for",253,4693,False
cf_4403,unknown,"Pennsylvania barn, named after",253,11637,False
cf_4403,unknown,Keystone Canyon was called after,253,13169,False
cf_4403,unknown,"Pennsylvania barn, which was called after",253,11637,False
cf_4403,unknown,"Pennsylvania Avenue, which is called after",253,11637,False
cf_4403,unknown,"Fort Reno, which was named after",253,23050,False
cf_4403,unknown,"Pennsylvania barn, which was named after",253,11637,False
cf_4403,unknown,"Pennsylvanian, named after",253,11637,False
cf_4403,unknown,"Keystone Canyon, which was named for",253,15427,False
cf_15155,unknown,Rumi follows the religion of,253,8033,False
cf_15155,unknown,Dave Chappelle follows the religion of,8033,8033,True
cf_15155,unknown,The official religion of Mohammed Ali is,253,8033,False
cf_15155,unknown,Alī ibn Abī Ṭālib is affiliated with the religion,273,8033,False
cf_15155,unknown,Hamid Karzai is follower of,253,8033,False
cf_15155,unknown,The official religion of Mehmed the Conqueror is,8033,8033,True
cf_15155,unknown,Bashar al-Assad is affiliated with the religion,273,8033,False
cf_15155,unknown,The official religion of Q-Tip is,8033,20242,False
cf_15155,unknown,The official religion of Dave Chappelle is,20242,20242,True
cf_15155,unknown,Johann Ludwig Burckhardt is follower of,253,20242,False
cf_4007,unknown,Jon Elster writes in,253,4383,False
cf_4007,unknown,The language used by Jørgen Løvland is,247,25771,False
cf_4007,unknown,"The language used by Mette-Marit, Crown Princess of Norway is",25771,25771,True
cf_4007,unknown,Jaroslav Vrchlický writes in,253,21647,False
cf_4007,unknown,Ari Behn speaks,281,4383,False
cf_4007,unknown,Ari Behn writes in,253,4383,False
cf_4007,unknown,Dag Solstad speaks the language,273,19688,False
cf_4007,unknown,The language used by Eugenio Barba is,417,9890,False
cf_4007,unknown,Mathias Eick writes in,253,13986,False
cf_4007,unknown,Jørgen Moe speaks the language,273,25771,False
cf_924,unknown,The headquarter of 3Landesmuseen is located in,253,12911,False
cf_924,unknown,"Zuckerraffinerie, whose headquarters are in",253,42471,False
cf_924,unknown,Zuckerraffinerie is based in,253,12911,False
cf_924,unknown,"Stratum 0, whose headquarters are in",253,12300,False
cf_924,unknown,"Rüninger Mühle, whose headquarters are in",253,32000,False
cf_924,unknown,3Landesmuseen is based in,253,32000,False
cf_924,unknown,The headquarter of Archiv Verlag is located in,253,42471,False
cf_924,unknown,"Kroschke Holding, whose headquarters are in",253,42471,False
cf_924,unknown,Wullbrandt + Seele's headquarters are in,253,26229,False
cf_924,unknown,The headquarter of Archiv Verlag is in,253,42471,False
cf_10179,unknown,El Carmen de Atrato is located in the country of,253,8987,False
cf_10179,unknown,El Retén is located in,253,31003,False
cf_10179,unknown,"Colombia–Peru border, in",253,31003,False
cf_10179,unknown,"Anserma, Caldas, which is located in",253,10869,False
cf_10179,unknown,"El Retén, in",253,31003,False
cf_10179,unknown,"Malambo, Atlántico, located in",253,31003,False
cf_10179,unknown,"Pico Cristóbal Colón, in",253,23881,False
cf_10179,unknown,El Retén is located in the country of,8987,31003,False
cf_10179,unknown,El Carmen de Atrato is located in,253,8987,False
cf_10179,unknown,El Bosque University is located in,253,23881,False
cf_12944,unknown,"Honda Aviator, developed by",34379,34379,True
cf_12944,unknown,Honda Silver Wing is developed by,34379,34379,True
cf_12944,unknown,Honda NSX (second generation) is a product of,34379,34379,True
cf_12944,unknown,Honda NSX (second generation) is created by,34379,34379,True
cf_12944,unknown,Honda CB650SC is produced by,34379,34379,True
cf_12944,unknown,Honda G engine is developed by,34379,34379,True
cf_12944,unknown,"Honda CB650SC, created by",34379,34379,True
cf_12944,unknown,"Honda Passport, produced by",253,34379,False
cf_12944,unknown,Honda Rafaga is developed by,34379,34379,True
cf_12944,unknown,Honda Bravo is produced by,253,34379,False
cf_8212,unknown,"Intel Chipset Software Installation Utility, a product manufactured by",17545,17545,True
cf_8212,unknown,USB4 is developed by,253,9664,False
cf_8212,unknown,"Advanced Configuration and Power Interface Specification Version 2.0, Errata A, a product of",253,21314,False
cf_8212,unknown,"Advanced Configuration and Power Interface Specification Version 5.0, Errata A, a product of",253,21314,False
cf_8212,unknown,"Advanced Configuration and Power Interface Specification Version 5.0, Errata A, a product developed by",253,21314,False
cf_8212,unknown,"Advanced Configuration and Power Interface Specification Version 5.0, Errata A, a product created by",253,21314,False
cf_8212,unknown,"Accounts & SSO, a product developed by",253,9664,False
cf_8212,unknown,"Beignet, a product of",253,6181,False
cf_8212,unknown,"Intel Chipset Software Installation Utility, created by",17545,17545,True
cf_8212,unknown,"Versatile Video Coding, a product created by",253,8217,False
cf_17290,unknown,Ronnie Liang was born in,253,4693,False
cf_17290,unknown,Jaclyn Jose is native to,253,14296,False
cf_17290,unknown,Mike Pángilínan was originally from,253,50086,False
cf_17290,unknown,Vanessa Lachey originated from,253,7785,False
cf_17290,unknown,apl.de.ap is native to,253,6176,False
cf_17290,unknown,Crisostomo Yalung is native to,253,9972,False
cf_17290,unknown,Mike Hrabak originates from,253,16496,False
cf_17290,unknown,Justin Melton was originally from,253,8068,False
cf_17290,unknown,Servillano Aquino is originally from,253,43949,False
cf_17290,unknown,Dennis Espino originated from,253,8068,False
cf_2871,unknown,Madison is a twin city of,21661,8068,False
cf_2871,unknown,Warsaw is a twin city of,40431,40431,True
cf_2871,unknown,What is the twin city of Madison? It is,247,21661,False
cf_2871,unknown,"The twin city of Washington, D.C. is",247,8068,False
cf_2871,unknown,Artvin is a twin city of,253,7785,False
cf_2871,unknown,Schleswig-Holstein is a twin city of,3697,22783,False
cf_2871,unknown,The twin city of Saint Petersburg is,253,16496,False
cf_2871,unknown,The twin city of Shanghai is,253,34992,False
cf_2871,unknown,The twin city of Artvin is,247,43516,False
cf_2871,unknown,Vilnius is a twin city of,40936,26229,False
cf_7435,unknown,J. L. Parks died in,247,8068,False
cf_7435,unknown,Isaac Van Zandt passed away in,247,7785,False
cf_7435,unknown,George Watkins passed away in,247,4693,False
cf_7435,unknown,George Edward Cire passed away in,521,4693,False
cf_7435,unknown,Luis Martínez de Irujo y Artázcoz lost their life at,253,21924,False
cf_7435,unknown,George Watkins's life ended in,247,4693,False
cf_7435,unknown,Gus Mancuso expired at,253,18267,False
cf_7435,unknown,Jay Hebert passed away at,253,8068,False
cf_7435,unknown,J. L. Parks passed away at,253,8068,False
cf_7435,unknown,Hoot Evers expired at,253,8068,False
cf_12331,unknown,James Brown is represented by,253,7671,False
cf_12331,unknown,"The Platters, released by",253,33368,False
cf_12331,unknown,Tiny Topsy is represented by music label,13,41813,False
cf_12331,unknown,Marian McPartland recorded for,253,12746,False
cf_12331,unknown,"Ernest Ranglin, released by",253,33368,False
cf_12331,unknown,The music label representing The Midnighters is,247,33368,False
cf_12331,unknown,Marian McPartland label :,187,33368,False
cf_12331,unknown,"Ramblin' Tommy Scott, which is represented by",253,41813,False
cf_12331,unknown,Billy Ward and His Dominoes is represented by music label,13,41813,False
cf_12331,unknown,"Christine Kittrell, which is represented by",253,41813,False
cf_3037,unknown,Joseph Kiwánuka has a citizenship from,253,6976,False
cf_3037,unknown,"Jacob Araptany, who has a citizenship from",253,10869,False
cf_3037,unknown,"Simon Kuper, who has a citizenship from",253,6144,False
cf_3037,unknown,Geoffrey Sserunkuma holds a citizenship from,253,6144,False
cf_3037,unknown,Geoffrey Sserunkuma is a citizen of,253,6976,False
cf_3037,unknown,"Francis Ayume, who has a citizenship from",253,6181,False
cf_3037,unknown,Richard Gibson has a citizenship from,253,6976,False
cf_3037,unknown,Joseph Kiwánuka is a citizen of,253,6976,False
cf_3037,unknown,Geofrey Kusuro holds a citizenship from,4047,4047,True
cf_3037,unknown,Simon Kuper has a citizenship from,253,6144,False
cf_5384,unknown,Complexe Desjardins is in,253,24604,False
cf_5384,unknown,Board of Trade of Metropolitan Montreal is located in,253,24604,False
cf_5384,unknown,Where is Complexe Desjardins? It is located in,253,24604,False
cf_5384,unknown,Where is Compagnie Jean-Duceppe? It is located in,253,6181,False
cf_5384,unknown,Where is CIRANO? It is located in,253,7758,False
cf_5384,unknown,Where is Cégep André-Laurendeau? It is located in,253,6181,False
cf_5384,unknown,Compagnie Jean-Duceppe is in,253,6181,False
cf_5384,unknown,The location of Mount Royal Chalet is,247,22126,False
cf_5384,unknown,The location of Cégep André-Laurendeau is,275,7785,False
cf_5384,unknown,The location of Compagnie Jean-Duceppe is,247,7785,False
cf_16325,unknown,"Morocco, in",253,7531,False
cf_16325,unknown,Tanzania is a part of the continent of,7531,7531,True
cf_16325,unknown,Algeria is located in the continent,273,7531,False
cf_16325,unknown,Mali belongs to the continent of,7531,7531,True
cf_16325,unknown,Zambia is located in the continent,273,7531,False
cf_16325,unknown,Angola is located in,253,7531,False
cf_16325,unknown,Cameroon is a part of the continent of,7531,7531,True
cf_16325,unknown,South Africa is a part of the continent of,7531,7531,True
cf_16325,unknown,Angola is a part of the continent of,7531,7531,True
cf_16325,unknown,Ghana is located in the continent,273,7531,False
cf_5796,unknown,"Roman Republic's capital city,",253,7785,False
cf_5796,unknown,Lazio's capital is,253,12300,False
cf_5796,unknown,Roman Republic's capital city is,253,7785,False
cf_5796,unknown,The capital city of Italian Empire is,253,12300,False
cf_5796,unknown,The capital of Rome is,253,12300,False
cf_5796,unknown,"Rome's capital,",253,12300,False
cf_5796,unknown,"Tibre, which has the capital",273,24639,False
cf_5796,unknown,"Roman Empire, which has the capital city",273,12300,False
cf_5796,unknown,The capital of Roman Empire is,253,12300,False
cf_5796,unknown,"Roman Republic, which has the capital",275,7785,False
cf_1521,unknown,The language of Autograph was,417,13986,False
cf_1521,unknown,The original language of Arinthum Ariyamalum is,247,34861,False
cf_1521,unknown,The original language of Lava Kusha was,247,34861,False
cf_1521,unknown,The original language of Padayappa is,346,34861,False
cf_1521,unknown,The language of Vettaiyaadu Vilaiyaadu is,247,34861,False
cf_1521,unknown,The original language of Rajapattai was,3542,34861,False
cf_1521,unknown,The original language of Mr. Romeo was,346,9890,False
cf_1521,unknown,The language of Rajapattai was,417,34861,False
cf_1521,unknown,The original language of Thimiru is,346,34861,False
cf_1521,unknown,The language of Kalidas was,417,34861,False
cf_8068,unknown,The law in Châtillon declares the language,273,5112,False
cf_8068,unknown,"In Organisation for Economic Cooperation and Development, they understand",326,4383,False
cf_8068,unknown,"In UEFA, the language spoken is",253,4383,False
cf_8068,unknown,The official language of UEFA is,4383,4383,True
cf_8068,unknown,The official language of CERN is,5112,5112,True
cf_8068,unknown,"In New Caledonia, they understand",326,5112,False
cf_8068,unknown,"In International Olympic Committee, they understand",326,4383,False
cf_8068,unknown,The official language of Arles is,5112,5112,True
cf_8068,unknown,"In League of Nations, the language spoken is",253,4383,False
cf_8068,unknown,"In Arles, they understand",326,5112,False
cf_13389,unknown,Giacomo Biffi is a,3438,25375,False
cf_13389,unknown,Christoph Anton Migazzi holds the title of,253,29417,False
cf_13389,unknown,"Christoph Anton Migazzi, whose position is that of",247,29417,False
cf_13389,unknown,Christoph Anton Migazzi's position is,326,29417,False
cf_13389,unknown,Johann Rudolf Kutschker has the position of,253,29417,False
cf_13389,unknown,Innocent X has the position of,253,29417,False
cf_13389,unknown,"Alessandro Peretti di Montalto, who has the position of",253,26892,False
cf_13389,unknown,Giacomo Biffi holds the title of,253,26892,False
cf_13389,unknown,Giovanni Bona is a,3438,5842,False
cf_13389,unknown,"Clement VII, who holds the position of",253,39166,False
cf_2838,unknown,Papyrus Oxyrhynchus 20 is written in,253,11308,False
cf_2838,unknown,The language of Palirroia was,417,9883,False
cf_2838,unknown,Ola Einai Endaxi is written in,253,9883,False
cf_2838,unknown,The language of Papyrus Oxyrhynchus 230 is,417,11308,False
cf_2838,unknown,The language of Parafora was,417,26467,False
cf_2838,unknown,The language of Ola Kala was,417,13986,False
cf_2838,unknown,The language of No More Room in Hell was,247,5112,False
cf_2838,unknown,The language of O Pio Eftihismenos Anthropos Pano Sti Gi was,908,11308,False
cf_2838,unknown,Papyrus Oxyrhynchus 1 was written in,253,11308,False
cf_2838,unknown,Photographos was written in,253,5112,False
cf_5086,unknown,André-Pierre Gignac plays as,247,42402,False
cf_5086,unknown,"Robin van Persie, who plays the position",273,42402,False
cf_5086,unknown,Raúl González plays in the position of,253,26762,False
cf_5086,unknown,Sidney Govou plays as,247,22385,False
cf_5086,unknown,Ikechi Anya plays as,253,31021,False
cf_5086,unknown,Jürgen Locadia plays as,253,42402,False
cf_5086,unknown,"Jürgen Locadia, who plays the position",273,42402,False
cf_5086,unknown,Which position does Jürgen Locadia play? They play as,247,42402,False
cf_5086,unknown,Sidney Govou plays in the position of,253,18468,False
cf_5086,unknown,Olivier Giroud plays in the position of,247,42402,False
cf_5217,unknown,Barnaby Jones was released on,253,15501,False
cf_5217,unknown,Without a Trace premieres on,25456,41069,False
cf_5217,unknown,Golden Boy was originally aired on,253,22303,False
cf_5217,unknown,Barnaby Jones premiered on,253,15501,False
cf_5217,unknown,The Young and the Restless premieres on,41069,41069,True
cf_5217,unknown,Mr. Merlin premieres on,253,21946,False
cf_5217,unknown,"Scooby-Doo, Where Are You! premieres on",15599,22303,False
cf_5217,unknown,Blue Bloods debuted on,253,22303,False
cf_5217,unknown,Latin Grammy Awards premiered on,5080,22303,False
cf_5217,unknown,Cybill premiered on,253,21946,False
cf_6231,unknown,Spain is affiliated with the,5284,24952,False
cf_6231,unknown,Romania belongs to the organization of,253,24952,False
cf_6231,unknown,Poland is affiliated with,253,24952,False
cf_6231,unknown,Belgium is a part of the,5284,24952,False
cf_6231,unknown,France is affiliated with,253,24952,False
cf_6231,unknown,Germany is affiliated with the,1986,24952,False
cf_6231,unknown,Canada is a member of,253,24952,False
cf_6231,unknown,Netherlands is affiliated with,253,24952,False
cf_6231,unknown,Romania is a part of the,5284,24952,False
cf_6231,unknown,United Kingdom is affiliated with,253,24952,False
cf_9841,unknown,The Hands of Orlac was formulated in,253,6181,False
cf_9841,unknown,"Beresina, or the Last Days of Switzerland, that was created in",253,18908,False
cf_9841,unknown,"Beresina, or the Last Days of Switzerland was developed in",253,18908,False
cf_9841,unknown,The Hands of Orlac was from,253,6181,False
cf_9841,unknown,"The Castle, from",253,4693,False
cf_9841,unknown,"Desert Flower, that was from",253,6181,False
cf_9841,unknown,Our Daily Bread was created in,253,22783,False
cf_9841,unknown,Tatort was from,253,6181,False
cf_9841,unknown,Funny Games was developed in,253,8595,False
cf_9841,unknown,Erste Allgemeine Verunsicherung from,253,6176,False
cf_16680,unknown,"Ashley Cole, the",3438,5842,False
cf_16680,unknown,What sport does David Beckham play? They play,5842,20391,False
cf_16680,unknown,Nigel de Jong plays,253,19971,False
cf_16680,unknown,"David Villa, the",3438,42402,False
cf_16680,unknown,Tim Howard plays,253,24455,False
cf_16680,unknown,What sport does Kaká play? They play,20391,20391,True
cf_16680,unknown,George Best plays,253,24455,False
cf_16680,unknown,Walter Zenga professionally plays the sport,273,20391,False
cf_16680,unknown,"David Beckham, the",3438,20391,False
cf_16680,unknown,Wayne Rooney plays,323,20391,False
cf_14105,unknown,"Simple Plan, that was created in",253,4047,False
cf_14105,unknown,MindGeek was founded in,5826,16335,False
cf_14105,unknown,"Vice, that originated in",253,4693,False
cf_14105,unknown,The Dears that was founded in,253,4693,False
cf_14105,unknown,"Kataklysm, that was started in",253,4693,False
cf_14105,unknown,Nortel started in,253,5842,False
cf_14105,unknown,"Wolf Parade, that was formed in",253,4693,False
cf_14105,unknown,Arcade Fire was started in,253,20734,False
cf_14105,unknown,Air Transat was started in,253,42471,False
cf_14105,unknown,David Usher was founded in,253,4693,False
cf_1222,unknown,Jørgen Aall was employed in,253,40892,False
cf_1222,unknown,Alfred Eriksen was employed in,253,43516,False
cf_1222,unknown,Egil Aarvik worked in the city of,530,38476,False
cf_1222,unknown,Hallgrim Berg worked in the city of,611,4693,False
cf_1222,unknown,Edvard Hagerup Bull found employment in,253,40892,False
cf_1222,unknown,Sofus Arctander worked in the city of,611,40892,False
cf_1222,unknown,Sofus Arctander was employed in,253,40892,False
cf_1222,unknown,Jacob Aall Bonnevie worked in,253,7785,False
cf_1222,unknown,Ole Elias Holck used to work in,253,38476,False
cf_1222,unknown,Svend Borchmann Hersleb took up work in,253,12911,False
cf_2389,unknown,Dorothy Hodgkin's domain of work is,253,16775,False
cf_2389,unknown,Dmitri Mendeleev's expertise is,275,12057,False
cf_2389,unknown,Dmitri Mendeleev works in the field of,253,12057,False
cf_2389,unknown,Henri Becquerel works in the area of,253,23065,False
cf_2389,unknown,Gerhard Ertl's area of work is,275,16775,False
cf_2389,unknown,John Dalton's expertise is,275,18090,False
cf_2389,unknown,Antoine Laurent de Lavoisier's expertise is,275,18090,False
cf_2389,unknown,Gerhard Ertl specializes in,253,23065,False
cf_2389,unknown,Dmitri Mendeleev works in the area of,253,12057,False
cf_2389,unknown,Dmitri Mendeleev's area of work is,253,12057,False
cf_5131,unknown,Jorge Ubico is a native speaker of,9883,9883,True
cf_5131,unknown,Raúl Porras Barrenechea is a native speaker of,9883,9883,True
cf_5131,unknown,"Chespirito, a native",273,9890,False
cf_5131,unknown,"Paco Ignacio Taibo II, speaker of",253,9883,False
cf_5131,unknown,Jorge Ubico spoke the language,273,9883,False
cf_5131,unknown,The mother tongue of Antonio Prieto is,253,9890,False
cf_5131,unknown,The native language of Raúl Porras Barrenechea is,9883,9883,True
cf_5131,unknown,Chespirito is a native speaker of,9890,9890,True
cf_5131,unknown,"Iker Jiménez Elizari, a native",273,9883,False
cf_5131,unknown,Antonio Fontán spoke the language,273,9883,False
cf_16332,unknown,The occupation of George Harrison is,247,26650,False
cf_16332,unknown,"Michael Jackson, who works as",247,25375,False
cf_16332,unknown,The occupation of Madonna is,247,25375,False
cf_16332,unknown,Charlie Chaplin's profession is an,1650,12353,False
cf_16332,unknown,"Arnold Schwarzenegger, who works as",247,17264,False
cf_16332,unknown,The profession of Mikhail Bulgakov is,247,8406,False
cf_16332,unknown,The occupation of Michael Jackson is,247,26650,False
cf_16332,unknown,John Lennon's profession is an,1650,12353,False
cf_16332,unknown,The occupation of Louis Armstrong is,247,24455,False
cf_16332,unknown,George Harrison's profession is a,1077,18468,False
cf_3937,unknown,"Chris Evans, who is employed by",253,15501,False
cf_3937,unknown,"Geoffrey Lloyd, Baron Geoffrey-Lloyd is employed by",253,15501,False
cf_3937,unknown,"Jimmy Hill, who is employed by",253,15501,False
cf_3937,unknown,"Tony Robinson, who is employed by",253,15501,False
cf_3937,unknown,"Esther Rantzen, who works for",253,16098,False
cf_3937,unknown,Richie Benaud is employed by,253,15501,False
cf_3937,unknown,"Alistair Cooke, of",253,15501,False
cf_3937,unknown,Violet Bonham Carter is employed by,253,15501,False
cf_3937,unknown,"Geoffrey Lloyd, Baron Geoffrey-Lloyd, of",418,4693,False
cf_3937,unknown,"Jameela Jamil, who is employed by",253,9664,False
cf_9704,unknown,Epiphone owner,13,18542,False
cf_9704,unknown,Epiphone is owned by,253,8217,False
cf_9704,unknown,Baldwin Piano Company is from,253,4693,False
cf_9704,unknown,Epiphone's owner,13,8217,False
cf_9704,unknown,TEAC Corporation is owned by,253,35251,False
cf_9704,unknown,"TEAC Corporation, by",697,33399,False
cf_9704,unknown,"Baldwin Piano Company, by",253,18542,False
cf_9704,unknown,TEAC Corporation's owner,13,21314,False
cf_9704,unknown,Epiphone is from,253,8217,False
cf_9704,unknown,"TEAC Corporation, from",253,14296,False
cf_9952,unknown,"Paul McCartney, playing the",1421,18542,False
cf_9952,unknown,David Bowie plays the,1421,18542,False
cf_9952,unknown,"Jacques Brel, the",5112,25375,False
cf_9952,unknown,Jacques Brel plays,253,7785,False
cf_9952,unknown,"Bob Dylan, playing the",1421,18542,False
cf_9952,unknown,Ringo Starr plays,253,24455,False
cf_9952,unknown,"Serge Gainsbourg, performing on the",1072,18542,False
cf_9952,unknown,"Paul Simon, playing the",2554,12609,False
cf_9952,unknown,George Harrison plays the,2554,18542,False
cf_9952,unknown,"John Lennon, playing the",1421,18542,False
cf_18613,unknown,National Space Centre can be found in,253,6144,False
cf_18613,unknown,Leicester Museum & Art Gallery can be found in,253,42457,False
cf_18613,unknown,Leicester General Hospital is located in,253,42457,False
cf_18613,unknown,Leicester Royal Infirmary is within,253,42457,False
cf_18613,unknown,"BBC Radio Leicester, in",253,42457,False
cf_18613,unknown,Leicester City Council is within,253,42457,False
cf_18613,unknown,BBC Radio Leicester is in,253,42457,False
cf_18613,unknown,"Abbey Pumping Station, in",253,4693,False
cf_18613,unknown,British Psychological Society can be found in,253,4693,False
cf_18613,unknown,Rushey Mead Academy is within,253,9693,False
cf_12070,unknown,"My Son, My Son, What Have Ye Done? performs",247,24455,False
cf_12070,unknown,Taxi is known for performing,247,24455,False
cf_12070,unknown,S. J. Rozan is known for performing,253,24455,False
cf_12070,unknown,Hai-Alarm auf Mallorca performs,275,24342,False
cf_12070,unknown,Sonic Underground is known for performing,387,24455,False
cf_12070,unknown,What does Goliath Awaits play? They play,247,24455,False
cf_12070,unknown,Fast & Furious is known for performing,973,24455,False
cf_12070,unknown,"My Son, My Son, What Have Ye Done? plays",387,8068,False
cf_12070,unknown,"Fast & Furious, who plays",247,5842,False
cf_12070,unknown,"The genre played by My Son, My Son, What Have Ye Done? is",247,24455,False
cf_6122,unknown,"Berliner Verkehrsbetriebe, named after",253,12911,False
cf_6122,unknown,Berliner Straße was called after,253,6176,False
cf_6122,unknown,"Berlin Südkreuz station, which was named for",253,12911,False
cf_6122,unknown,Berlin was named for,253,12911,False
cf_6122,unknown,"Berlin Schönefeld Airport, which is named after",253,12911,False
cf_6122,unknown,Berlin U-Bahn was named for,253,12911,False
cf_6122,unknown,"Berliner Straße, called after",253,12911,False
cf_6122,unknown,"Berlin–Hamburg railway line, which was named after",253,12911,False
cf_6122,unknown,Berliner Verkehrsbetriebe was called after,253,12911,False
cf_6122,unknown,"Berlin Township, which was named after",253,12911,False
cf_18421,unknown,Mehmed the Conqueror is follower of,253,8033,False
cf_18421,unknown,The official religion of Hamid Karzai is,8033,8033,True
cf_18421,unknown,Malcolm X is affiliated with the religion,273,20242,False
cf_18421,unknown,The official religion of Bashar al-Assad is,8033,8033,True
cf_18421,unknown,Mohammed Ali follows the religion of,8033,8033,True
cf_18421,unknown,Mehmed the Conqueror follows the religion of,253,8033,False
cf_18421,unknown,Benazir Bhutto follows the religion of,8033,8033,True
cf_18421,unknown,The official religion of Q-Tip is,8033,20242,False
cf_18421,unknown,Mos Def follows the religion of,253,8033,False
cf_18421,unknown,Yasser Arafat is affiliated with the religion,273,43506,False
cf_13638,unknown,Nikola Tesla writes in,521,7247,False
cf_13638,unknown,Steven Spielberg writes in,521,4383,False
cf_13638,unknown,James Clerk Maxwell writes in,521,4383,False
cf_13638,unknown,Winston Churchill writes in,521,4383,False
cf_13638,unknown,Michael Faraday speaks,281,4383,False
cf_13638,unknown,The language used by Martin Luther King Jr. is,346,4383,False
cf_13638,unknown,The language used by Thomas Alva Edison is,247,4383,False
cf_13638,unknown,The language used by Sun Yat-sen is,247,5628,False
cf_13638,unknown,Sun Yat-sen speaks the language,273,5628,False
cf_13638,unknown,Gottfried Wilhelm Leibniz speaks,273,5685,False
cf_6916,unknown,National Library of Sweden is based in,38476,38476,True
cf_6916,unknown,STIM's headquarters are in,253,14296,False
cf_6916,unknown,"Stockholm School of Economics, whose headquarters are in",38476,38476,True
cf_6916,unknown,"Expressen, whose headquarters are in",253,38476,False
cf_6916,unknown,Swedish Authority for Privacy Protection is headquartered in,38476,38476,True
cf_6916,unknown,Dagens Nyheter is headquartered in,38476,38476,True
cf_6916,unknown,TUIfly Nordic's headquarters are in,253,43516,False
cf_6916,unknown,Swedish News Agency is based in,38476,38476,True
cf_6916,unknown,EQT Partners is based in,253,4693,False
cf_6916,unknown,SEB Group is based in,253,4693,False
cf_19150,unknown,"Alster, located in",253,6181,False
cf_19150,unknown,"Felsberg, located in",253,22783,False
cf_19150,unknown,"Wanfried, in",253,6176,False
cf_19150,unknown,Uetersen is located in the country of,16842,16842,True
cf_19150,unknown,Thuringia is located in the country of,6176,6176,True
cf_19150,unknown,"Lower Saxony, in",253,6176,False
cf_19150,unknown,"Alster, in",253,22785,False
cf_19150,unknown,Alster is located in the country of,6176,22785,False
cf_19150,unknown,Dortmund is located in the country of,6176,6176,True
cf_19150,unknown,"Rhineland-Palatinate, which is located in",253,6176,False
cf_2857,unknown,Dodge Sprinter is produced by,253,45323,False
cf_2857,unknown,Dodge Ram SRT-10 is created by,253,45323,False
cf_2857,unknown,"Dodge Avenger, created by",253,45323,False
cf_2857,unknown,Dodge 3700 is a product of,253,45323,False
cf_2857,unknown,Dodge Charger is a product of,253,45323,False
cf_2857,unknown,Dodge Regent is created by,253,45323,False
cf_2857,unknown,"Dodge Sprinter, created by",253,45323,False
cf_2857,unknown,Dodge Sprinter is created by,247,45323,False
cf_2857,unknown,Dodge LCF Series is developed by,253,45323,False
cf_2857,unknown,Dodge Charger is created by,247,45323,False
cf_11992,unknown,Macintosh File System is created by,253,8217,False
cf_11992,unknown,Macintosh Quadra 800 is created by,253,8217,False
cf_11992,unknown,"Calendar and Contacts Server, a product created by",253,9664,False
cf_11992,unknown,Apple iAd Producer is developed by,253,8217,False
cf_11992,unknown,"MacBASIC, a product developed by",253,8217,False
cf_11992,unknown,"Apple Thunderbolt Display, a product of",8217,8217,True
cf_11992,unknown,"MessagePad, a product developed by",253,9664,False
cf_11992,unknown,"Podcast Capture, a product of",253,5559,False
cf_11992,unknown,"Macintosh File System, a product manufactured by",8217,8217,True
cf_11992,unknown,"MessagePad, a product of",253,9664,False
cf_10727,unknown,"Quintin Hogg, Baron Hailsham of St Marylebone was originally from",253,4693,False
cf_10727,unknown,William Henry Perkin originates from,253,4693,False
cf_10727,unknown,William Huggins is originally from,253,9693,False
cf_10727,unknown,Alfonso de Portago is native to,253,24639,False
cf_10727,unknown,"Quintin Hogg, Baron Hailsham of St Marylebone originates from",253,4693,False
cf_10727,unknown,Alfonso de Portago originated from,253,24639,False
cf_10727,unknown,William Henry Perkin was originally from,253,4693,False
cf_10727,unknown,William Huggins originates from,253,9693,False
cf_10727,unknown,"Princess Louise, Duchess of Argyll is native to",253,31127,False
cf_10727,unknown,Jill Ireland originates from,253,4693,False
cf_10508,unknown,Mexico City is a twin city of,8987,8987,True
cf_10508,unknown,Athens is a twin city of,27411,27411,True
cf_10508,unknown,Cairo is a twin city of,1457,37068,False
cf_10508,unknown,London is a twin city of,4693,4693,True
cf_10508,unknown,The twin city of Budapest is,253,26229,False
cf_10508,unknown,Rio de Janeiro is a twin city of,22319,34215,False
cf_10508,unknown,What is the twin city of Saint Petersburg? It is,253,16496,False
cf_10508,unknown,The twin city of Kazan is,253,16496,False
cf_10508,unknown,What is the twin city of Vilnius? It is,253,40431,False
cf_10508,unknown,The twin city of Amsterdam is,253,26653,False
cf_14852,unknown,Richard Krautheimer's life ended in,247,12911,False
cf_14852,unknown,Innocent X died in,247,7785,False
cf_14852,unknown,Wilhelm Henzen passed away at,253,12911,False
cf_14852,unknown,Liberius succumbed at,253,12300,False
cf_14852,unknown,Wilhelm Henzen expired at,253,12911,False
cf_14852,unknown,Paul IV passed away at,253,12300,False
cf_14852,unknown,Innocent X succumbed at,253,12300,False
cf_14852,unknown,Marcellus II lost their life at,253,12300,False
cf_14852,unknown,Liberius died in,253,12300,False
cf_14852,unknown,Gisela Richter passed away at,253,7785,False
cf_4240,unknown,Harry James is represented by music label,13,41813,False
cf_4240,unknown,Art Tatum is represented by music label,13,41813,False
cf_4240,unknown,Don Bestor label :,187,22785,False
cf_4240,unknown,"My Generation / Shout and Shimmy, that is represented by",253,21946,False
cf_4240,unknown,The music label representing Isham Jones is,671,41813,False
cf_4240,unknown,The music label representing Jackie Wilson is,671,33368,False
cf_4240,unknown,The music label that is representing Bee Gees is,253,33368,False
cf_4240,unknown,Bee Gees is represented by record label,13,41813,False
cf_4240,unknown,Glen Gray is represented by music label,13,41813,False
cf_4240,unknown,Little Richard's record company is,247,41813,False
cf_15463,unknown,Nazir Mustafa Karamagi has a citizenship from,253,13115,False
cf_15463,unknown,"Hezekiah Ndahani Chibulunje, who is a citizen of",253,23856,False
cf_15463,unknown,John Paul Lwanji has a citizenship from,253,23856,False
cf_15463,unknown,"John Paul Magalle Shibuda, who holds a citizenship from",253,4047,False
cf_15463,unknown,Festus Bulugu Limbu is a citizen of,253,35522,False
cf_15463,unknown,Mohammed Amour Chombon is a citizen of,253,6181,False
cf_15463,unknown,Hezekiah Ndahani Chibulunje has a citizenship from,253,23856,False
cf_15463,unknown,"Luhaga Mpina, who has a citizenship from",253,38581,False
cf_15463,unknown,Godfrey Weston Zambi is a citizen of,253,6181,False
cf_15463,unknown,"Christopher Olonyokie Ole Sendeka, who is a citizen of",253,35522,False
cf_15730,unknown,The Dead Abel is in,253,4693,False
cf_15730,unknown,Where is Research Foundation for the State University of New York? It is located in,253,38752,False
cf_15730,unknown,The Dead Abel can be found in,253,4693,False
cf_15730,unknown,New York State Council on Graduate Medical Education is located in,1457,38752,False
cf_15730,unknown,Where is Albany Felt Company Complex? It is located in,253,38752,False
cf_15730,unknown,Research Foundation for the State University of New York is in,253,2418,False
cf_15730,unknown,The location of Albany Felt Company Complex is,4441,38752,False
cf_15730,unknown,Where is John F Finn Institute for Public Safety? It is located in,253,9693,False
cf_15730,unknown,"A Studio Reception, Paris is located in",253,6181,False
cf_15730,unknown,The location of New York State Office of Temporary and Disability Assistance is,4441,38752,False
cf_1486,unknown,Wildstrubel is located in the continent,273,3060,False
cf_1486,unknown,"Rigi, in",253,9972,False
cf_1486,unknown,Rigi belongs to the continent of,7531,7531,True
cf_1486,unknown,Balmhorn belongs to the continent of,3060,3060,True
cf_1486,unknown,Titlis belongs to the continent of,7531,7531,True
cf_1486,unknown,Lleida is in,253,24084,False
cf_1486,unknown,Pizzo Tambò is located in the continent,273,9972,False
cf_1486,unknown,Dents du Midi is located in the continent,273,7531,False
cf_1486,unknown,Finsteraarhorn belongs to the continent of,7531,3060,False
cf_1486,unknown,Volkhov is a part of the continent of,3060,3060,True
cf_4069,unknown,"Singapore in Federation of Malaysia's capital city,",611,16861,False
cf_4069,unknown,"Singapore's capital,",16861,16861,True
cf_4069,unknown,Colony of Singapore's capital city is,247,16861,False
cf_4069,unknown,"Singapore, which has the capital city",273,16861,False
cf_4069,unknown,"Singapore in Federation of Malaysia's capital,",611,16861,False
cf_4069,unknown,Colony of Singapore's capital is,247,16861,False
cf_4069,unknown,Singapore's capital is,247,16861,False
cf_4069,unknown,Singapore in Federation of Malaysia's capital is,253,16861,False
cf_4069,unknown,Singapore in Federation of Malaysia's capital city is,253,16861,False
cf_4069,unknown,The capital of Singapore in Federation of Malaysia is,671,16861,False
cf_18061,unknown,The original language of The Gift was,3542,4383,False
cf_18061,unknown,The original language of Yu Ming Is Ainm Dom is,27,5628,False
cf_18061,unknown,The original language of Lón sa Spéir is,346,5112,False
cf_18061,unknown,The language of The Gift is,247,4383,False
cf_18061,unknown,The language of Yu Ming Is Ainm Dom was,3542,5628,False
cf_18061,unknown,The original language of Miller's Crossing was,346,4383,False
cf_18061,unknown,The original language of The Secret of Kells was,3542,4383,False
cf_18061,unknown,The original language of Rebellion is,253,5112,False
cf_18061,unknown,The original language of The Island of Inis Cool is,247,4383,False
cf_18061,unknown,The original language of Cremaster 3 was,346,4383,False
cf_4191,unknown,"In Forssa, they understand",326,4383,False
cf_4191,unknown,The official language of Kemijärvi is,36090,36090,True
cf_4191,unknown,"In Heinola, the language spoken is",417,9890,False
cf_4191,unknown,"In Loviisa, the language spoken is",247,4383,False
cf_4191,unknown,"In Kuhmo, the language spoken is",417,36090,False
cf_4191,unknown,The official language of Inari is,6692,6692,True
cf_4191,unknown,The law in Keuruu declares the language,273,36090,False
cf_4191,unknown,The law in Pirkkala declares the language,273,36090,False
cf_4191,unknown,"In Kuhmo, they understand",326,36090,False
cf_4191,unknown,The law in Laitila declares the language,273,34861,False
cf_19179,unknown,John of Ephesus holds the position of,253,29417,False
cf_19179,unknown,Alban of Mainz has the position of,253,29417,False
cf_19179,unknown,Henric Benzelius is a,11652,27343,False
cf_19179,unknown,"James Hannington, whose position is that of",247,29417,False
cf_19179,unknown,George Bull has the position of,253,29417,False
cf_19179,unknown,Clement is a,1077,29417,False
cf_19179,unknown,Henric Benzelius holds the position of,253,29417,False
cf_19179,unknown,Hugh Latimer's position is,326,29417,False
cf_19179,unknown,Friedrich Müller-Langenthal has the position of,253,29417,False
cf_19179,unknown,Saint Martial holds the position of,253,42402,False
cf_7852,unknown,The language of The Little Golden Calf was,247,4383,False
cf_7852,unknown,The language of Mazeppa is,417,9890,False
cf_7852,unknown,The language of Dacia was,417,13986,False
cf_7852,unknown,Chaos on Deponia was written in,253,9883,False
cf_7852,unknown,Google Map Maker was written in,8595,8595,True
cf_7852,unknown,The language of Humiliated and Insulted was,908,4383,False
cf_7852,unknown,The Tale of Tsar Saltan was written in,253,7247,False
cf_7852,unknown,Humiliated and Insulted is written in,253,4383,False
cf_7852,unknown,The House of the Dead is written in,253,5112,False
cf_7852,unknown,Warface is written in,253,4383,False
cf_5549,unknown,Which position does Troy Smith play? They play as,247,22385,False
cf_5549,unknown,Brian Griese plays as,247,22385,False
cf_5549,unknown,"Josh McCown, who plays the position",273,22385,False
cf_5549,unknown,Josh McCown plays as,247,22385,False
cf_5549,unknown,Aaron Brooks plays in the position of,247,22385,False
cf_5549,unknown,Which position does Jason Garrett play? They play as,247,22385,False
cf_5549,unknown,Tyrod Taylor plays in the position of,247,22385,False
cf_5549,unknown,"Charlie Batch, who plays the position",273,22385,False
cf_5549,unknown,"Troy Smith, who plays the position",273,22385,False
cf_5549,unknown,Ryan Tannehill plays as,247,22385,False
cf_10232,unknown,"Murder, She Wrote premiered on",27199,21946,False
cf_10232,unknown,The King of Queens is to debut on,253,22303,False
cf_10232,unknown,Golden Boy is to debut on,253,27478,False
cf_10232,unknown,The Beverly Hillbillies is to debut on,253,21946,False
cf_10232,unknown,Candles on Bay Street premieres on,253,22303,False
cf_10232,unknown,Mr. Terrific premieres on,253,22303,False
cf_10232,unknown,CBS News premiered on,21946,21946,True
cf_10232,unknown,"Scooby-Doo, Where Are You! is to debut on",253,21946,False
cf_10232,unknown,CBS News premieres on,21946,21946,True
cf_10232,unknown,Candles on Bay Street was released on,253,21946,False
cf_18503,unknown,Venezuelan Football Federation is affiliated with,253,38075,False
cf_18503,unknown,South African Football Association is a part of the,8118,38075,False
cf_18503,unknown,Italy national association football team belongs to the organization of,253,38075,False
cf_18503,unknown,Bolivian Football Federation is affiliated with the,15794,38075,False
cf_18503,unknown,Israel Football Association is a part of the,15794,38075,False
cf_18503,unknown,Football Federation Australia is affiliated with the,9943,38075,False
cf_18503,unknown,Football Association of Serbia is a member of,253,38075,False
cf_18503,unknown,Football Association of Zambia is affiliated with,253,38075,False
cf_18503,unknown,Turkish Football Federation is a member of,253,38075,False
cf_18503,unknown,Romanian Football Federation is a member of,253,38075,False
cf_3671,unknown,"Tokyo Story, created in",253,4047,False
cf_3671,unknown,Yojimbo originated in,4047,4047,True
cf_3671,unknown,"Charisma, that was formulated in",253,12300,False
cf_3671,unknown,"Donkey Kong, from",253,26862,False
cf_3671,unknown,The Legend of Zelda was created in the country of,8305,4047,False
cf_3671,unknown,"The Legend of Zelda, created in",253,26862,False
cf_3671,unknown,Dragon Ball was from,253,26862,False
cf_3671,unknown,"Gurren Lagann, from",253,14614,False
cf_3671,unknown,"Death Note, that originated in",253,4047,False
cf_3671,unknown,"Charisma, that originated in",253,8068,False
cf_9774,unknown,Jack Kemp is a professional,8406,14623,False
cf_9774,unknown,"Jack Kemp, the",3438,24455,False
cf_9774,unknown,What sport does Jim Thorpe play? They play,5842,14623,False
cf_9774,unknown,Pat Tillman is a professional,5842,5842,True
cf_9774,unknown,Bernie Casey is a professional,8406,14623,False
cf_9774,unknown,"Drew Brees, the",1457,22385,False
cf_9774,unknown,Byron White professionally plays the sport,273,14623,False
cf_9774,unknown,What sport does Bubba Smith play? They play,5842,5842,True
cf_9774,unknown,Drew Brees plays,275,5842,False
cf_9774,unknown,What sport does Woody Strode play? They play,5842,14623,False
cf_13257,unknown,14 Iced Bears that was founded in,253,8068,False
cf_13257,unknown,Sea Power was started in,253,14296,False
cf_13257,unknown,Sea Power was formed in,253,14296,False
cf_13257,unknown,Mirrors that was founded in,253,4693,False
cf_13257,unknown,Blood Red Shoes was started in,253,17372,False
cf_13257,unknown,"Mirrors, created in",253,14296,False
cf_13257,unknown,"The Go! Team, that was started in",253,16335,False
cf_13257,unknown,"Fujiya & Miyagi, founded in",1283,4047,False
cf_13257,unknown,"Blood Red Shoes, that was started in",253,17372,False
cf_13257,unknown,"Poison Girls, created in",253,6976,False
cf_15892,unknown,Moisei Ginzburg worked in,253,7785,False
cf_15892,unknown,Alexander Vedernikov worked in,253,16496,False
cf_15892,unknown,Igor Rodionov used to work in,253,16496,False
cf_15892,unknown,Vladimir Lukin worked in,253,16496,False
cf_15892,unknown,Alexander Nevzorov worked in the city of,611,16496,False
cf_15892,unknown,Vladimir Lukin was employed in,253,16496,False
cf_15892,unknown,Nikolai Gubenko took up work in,253,16496,False
cf_15892,unknown,Pyotr Fyodorovich Sokolov worked in the city of,611,16496,False
cf_15892,unknown,Nikolay Kovalyov was employed in,253,16496,False
cf_15892,unknown,Pyotr Fyodorovich Sokolov found employment in,253,16496,False
cf_168,unknown,The expertise of Averroes is,417,12087,False
cf_168,unknown,The domain of activity of Archimedes is,253,16775,False
cf_168,unknown,Carl Friedrich Gauss's expertise is,326,12057,False
cf_168,unknown,Galileo Galilei specializes in,253,50085,False
cf_168,unknown,John Frederick William Herschel works in the area of,50085,50085,True
cf_168,unknown,The expertise of Avicenna is,253,9921,False
cf_168,unknown,Johannes Kepler's domain of activity is,253,50085,False
cf_168,unknown,William Herschel specializes in,253,50085,False
cf_168,unknown,Ptolemy's area of work is,253,50085,False
cf_168,unknown,Pierre-Simon Laplace specializes in,253,23065,False
cf_14979,unknown,The mother tongue of Jacques Chaban-Delmas is,253,5112,False
cf_14979,unknown,The mother tongue of Ferdinand de Saussure is,253,5112,False
cf_14979,unknown,The native language of Léon Blum is,5112,5112,True
cf_14979,unknown,Ferdinand de Saussure spoke the language,273,5112,False
cf_14979,unknown,"Léon Blum, speaker of",253,5112,False
cf_14979,unknown,"Élisée Reclus, a native",273,5112,False
cf_14979,unknown,"Jean Gabin, speaker of",253,5112,False
cf_14979,unknown,"Frédéric Bastiat, speaker of",253,5112,False
cf_14979,unknown,"Jean Gabin, a native",273,5112,False
cf_14979,unknown,The mother tongue of Henri Barbusse is,253,5112,False
cf_3048,unknown,"Satyajit Ray, who works as",247,18468,False
cf_3048,unknown,Richard Strauss's profession is an,1445,24342,False
cf_3048,unknown,Alan Stivell's profession is an,1650,12353,False
cf_3048,unknown,"Gioachino Rossini, who works as",247,25375,False
cf_3048,unknown,Boris Vian's profession is an,9558,12353,False
cf_3048,unknown,The profession of Cher is,247,12353,False
cf_3048,unknown,The occupation of Richard Strauss is,247,25375,False
cf_3048,unknown,The profession of Sappho is,247,16053,False
cf_3048,unknown,Robert Schumann works as,247,25375,False
cf_3048,unknown,Cher's profession is an,1774,12353,False
cf_18984,unknown,Brian L. Schmidt is employed by,253,21314,False
cf_18984,unknown,"Chris Hecker, who works for",253,21946,False
cf_18984,unknown,"Ken Lobb, who is employed by",253,9664,False
cf_18984,unknown,George Varghese works for,253,15501,False
cf_18984,unknown,Daniel A. Reed works for,253,21314,False
cf_18984,unknown,"Gary William Flake, of",253,41813,False
cf_18984,unknown,John Langford is employed by,253,9664,False
cf_18984,unknown,"John Langford, who works for",253,21314,False
cf_18984,unknown,"Jon Udell, of",253,5559,False
cf_18984,unknown,"Kristin Lauter, of",253,5559,False
cf_13645,unknown,"Bundesstraße 1, from",253,42471,False
cf_13645,unknown,Bundesautobahn 573 is owned by,253,6176,False
cf_13645,unknown,Bundesstraße 2 owner,13,42471,False
cf_13645,unknown,"Bundesautobahn 831, from",253,6176,False
cf_13645,unknown,"Bundesautobahn 831, by",253,6176,False
cf_13645,unknown,Bundesautobahn 952 is from,253,6176,False
cf_13645,unknown,Bundesstraße 4 is owned by,253,6176,False
cf_13645,unknown,"Bundesautobahn 952, from",253,6176,False
cf_13645,unknown,Bundesstraße 4 is from,253,32000,False
cf_13645,unknown,Bundesstraße 29's owner,13,33399,False
cf_3356,unknown,Paul McCartney plays the,1421,18542,False
cf_3356,unknown,Hector Berlioz plays the instrument,15,18542,False
cf_3356,unknown,Douglas Adams plays the instrument,13,12609,False
cf_3356,unknown,"Patti Smith, performing on the",1072,18542,False
cf_3356,unknown,Ringo Starr plays the,1421,18542,False
cf_3356,unknown,"Bruce Springsteen, playing the",1421,12609,False
cf_3356,unknown,"Ringo Starr, playing the",1421,18542,False
cf_3356,unknown,"Jimi Hendrix, the",40720,12609,False
cf_3356,unknown,Bruce Springsteen plays the,1421,18542,False
cf_3356,unknown,"Serge Gainsbourg, performing on the",1072,18542,False
cf_16972,unknown,St. Clair River is within,253,17367,False
cf_16972,unknown,Chesapeake and Ohio Railway can be found in,253,9385,False
cf_16972,unknown,Trans-Canada Highway is in,253,6144,False
cf_16972,unknown,Don River is in,253,7758,False
cf_16972,unknown,Scarborough is within,253,6144,False
cf_16972,unknown,"Thousand Islands, in",253,6144,False
cf_16972,unknown,"St. Clair River, in",253,17367,False
cf_16972,unknown,Essex County can be found in,253,3060,False
cf_16972,unknown,Scarborough is in,253,6144,False
cf_16972,unknown,Thousand Islands is in,253,6144,False
cf_7590,unknown,Alexander von Zemlinsky is known for performing,275,24342,False
cf_7590,unknown,The genre played by Ignaz Brüll is,247,24342,False
cf_7590,unknown,"Ignaz Brüll, who plays",253,12609,False
cf_7590,unknown,"Robert Fuchs, who plays",253,24455,False
cf_7590,unknown,Robert Fuchs is known for performing,275,24455,False
cf_7590,unknown,"George Enescu, who plays",253,12609,False
cf_7590,unknown,Robert Fuchs performs,247,24455,False
cf_7590,unknown,Fritz Kreisler performs,275,32000,False
cf_7590,unknown,What does Fritz Kreisler play? They play,253,24342,False
cf_7590,unknown,"Hans Werner Henze, who plays",253,18542,False
cf_8944,unknown,hafnium was named for,253,7531,False
cf_8944,unknown,"Europe/Copenhagen, which was named for",253,40892,False
cf_8944,unknown,"Kopenhagener Straße, named for",253,49360,False
cf_8944,unknown,Hafnia is named after,253,20341,False
cf_8944,unknown,"Københavnerruten, named after",253,20341,False
cf_8944,unknown,"13586 Copenhagen, called after",253,22783,False
cf_8944,unknown,"København, which is called after",253,20341,False
cf_8944,unknown,Kodaňská is called after,253,21647,False
cf_8944,unknown,"Kopenhagener Straße, called after",253,6176,False
cf_8944,unknown,"Kopenhagener Straße, named after",253,12911,False
cf_15454,unknown,The official religion of Fritz Lang is,253,20242,False
cf_15454,unknown,Bible follows the religion of,253,43506,False
cf_15454,unknown,Quentin Tarantino follows the religion of,253,8033,False
cf_15454,unknown,The official religion of Paul is,253,20242,False
cf_15454,unknown,Chiang Kai-shek follows the religion of,253,35702,False
cf_15454,unknown,Andrew Johnson is follower of,253,35702,False
cf_15454,unknown,The official religion of Constantine the Great is,253,20242,False
cf_15454,unknown,Charles Aznavour is follower of,253,8033,False
cf_15454,unknown,Charles Aznavour is affiliated with the religion,273,20242,False
cf_15454,unknown,The official religion of Marilyn Monroe is,10503,20242,False
cf_1415,unknown,Seneca speaks the language,273,11308,False
cf_1415,unknown,Johann Sebastian Bach speaks the language,273,5112,False
cf_1415,unknown,Giovanni Boccaccio speaks the language,273,9890,False
cf_1415,unknown,Benedict XVI speaks the language,273,5112,False
cf_1415,unknown,The language used by Augustus is,417,12760,False
cf_1415,unknown,Julius Caesar writes in,521,12760,False
cf_1415,unknown,Seneca writes in,521,12760,False
cf_1415,unknown,Giovanni Boccaccio speaks,273,9890,False
cf_1415,unknown,Giovanni Boccaccio writes in,521,27741,False
cf_1415,unknown,The language used by Cicero is,417,12760,False
cf_1157,unknown,"Yulex, whose headquarters are in",253,17413,False
cf_1157,unknown,Microchip Technology is based in,253,34413,False
cf_1157,unknown,RedRoc Interactive is based in,253,16335,False
cf_1157,unknown,Renaissance Sciences Corporation (United States) is based in,253,8068,False
cf_1157,unknown,Gould Electronics's headquarters are in,253,14296,False
cf_1157,unknown,The headquarter of Microchip Technology is in,253,34413,False
cf_1157,unknown,The headquarter of Yulex is in,253,21818,False
cf_1157,unknown,The headquarters of Yulex is in,253,4693,False
cf_1157,unknown,The headquarters of Keap is in,253,4693,False
cf_1157,unknown,The headquarter of Bashas' is in,253,16496,False
cf_14092,unknown,"Sevastopol, located in",253,7422,False
cf_14092,unknown,"Sudak, which is located in",253,23340,False
cf_14092,unknown,"Sevastopol, which is located in",253,7422,False
cf_14092,unknown,Danube is located in the country of,49523,16795,False
cf_14092,unknown,Hungarian is located in the country of,29171,29171,True
cf_14092,unknown,"Greek, in",253,5112,False
cf_14092,unknown,Hungarian is located in,253,3060,False
cf_14092,unknown,"Crimea, in",253,17111,False
cf_14092,unknown,"Odessa, in",253,24084,False
cf_14092,unknown,Odessa is located in the country of,12096,10869,False
cf_1975,unknown,Chrysler Stratus is a product of,253,46599,False
cf_1975,unknown,"Dodge Viper (VX I), developed by",253,45323,False
cf_1975,unknown,Jeep Liberty is developed by,253,46599,False
cf_1975,unknown,"Chrysler Town and Country (pre-1990), developed by",253,46599,False
cf_1975,unknown,Chrysler LeBaron GTS is produced by,46599,46599,True
cf_1975,unknown,S-IB is developed by,253,21314,False
cf_1975,unknown,Chrysler CA is produced by,253,46599,False
cf_1975,unknown,"Jeep Wagoneer (WS), created by",253,32714,False
cf_1975,unknown,Chrysler RFE transmission is a product of,253,46599,False
cf_1975,unknown,Chrysler RFE transmission is created by,253,46599,False
cf_11584,unknown,"Final Fantasy IV, developed by",253,26862,False
cf_11584,unknown,"Parasite Eve II, a product developed by",253,9664,False
cf_11584,unknown,Parasite Eve II was developed by,253,17885,False
cf_11584,unknown,Final Fantasy VII was developed by,253,26862,False
cf_11584,unknown,"Parasite Eve, a product of",253,24324,False
cf_11584,unknown,"Final Fantasy VIII, a product developed by",253,26862,False
cf_11584,unknown,Final Fantasy IX was created by,253,26862,False
cf_11584,unknown,Kingdom Hearts is developed by,253,26862,False
cf_11584,unknown,Final Fantasy II is developed by,253,15894,False
cf_11584,unknown,"Romancing SaGa 2, a product developed by",253,9664,False
cf_6226,unknown,Thomas W. Bradley originated from,253,8068,False
cf_6226,unknown,Ralph Thompson originates from,253,4693,False
cf_6226,unknown,Patricia Wilson originated from,253,8068,False
cf_6226,unknown,Peter Smithers was born in,253,4693,False
cf_6226,unknown,Olly Alexander was born in,253,4693,False
cf_6226,unknown,Tim Robinson was native to,253,21818,False
cf_6226,unknown,Paul Hyde originates from,253,4693,False
cf_6226,unknown,Phil Moody originated from,253,4693,False
cf_6226,unknown,Peter Smithers was native to,253,4693,False
cf_6226,unknown,Theodore Augustine Mann is native to,253,12300,False
cf_15273,unknown,Nice is a twin city of,253,7785,False
cf_15273,unknown,What is the twin city of Isfahan? It is,253,35889,False
cf_15273,unknown,What is the twin city of Suzhou? It is,247,23494,False
cf_15273,unknown,The twin city of Larnaca Municipality is,4441,41460,False
cf_15273,unknown,Larnaca Municipality is a twin city of,253,44637,False
cf_15273,unknown,Tirana is a twin city of,253,41460,False
cf_15273,unknown,What is the twin city of Tallinn? It is,253,38476,False
cf_15273,unknown,Saint Petersburg is a twin city of,16496,16496,True
cf_15273,unknown,What is the twin city of Sarajevo? It is,253,28792,False
cf_15273,unknown,The twin city of Dubrovnik is,247,20065,False
cf_11694,unknown,Karl Mannheim died at,253,12911,False
cf_11694,unknown,August Wilhelmj expired at,253,12911,False
cf_11694,unknown,Sybille Bedford expired at,253,7785,False
cf_11694,unknown,George Grey expired at,253,4693,False
cf_11694,unknown,Georg Dionysius Ehret succumbed at,253,12300,False
cf_11694,unknown,George Grey succumbed at,253,4693,False
cf_11694,unknown,Georg Rudolf Weckherlin's life ended in,247,26229,False
cf_11694,unknown,Godfrey Kneller passed away in,247,7785,False
cf_11694,unknown,Sybille Bedford passed away in,247,7785,False
cf_11694,unknown,Godfrey Kneller's life ended in,247,7785,False
cf_3347,unknown,Bill Evans recorded for,253,41813,False
cf_3347,unknown,The music label that is representing Odetta is,253,33368,False
cf_3347,unknown,Cannonball Adderley is represented by record label,13,41813,False
cf_3347,unknown,The music label that is representing Sylvester is,253,33368,False
cf_3347,unknown,The music label representing Bill Evans is,671,41813,False
cf_3347,unknown,The music label representing Art Pepper is,671,33368,False
cf_3347,unknown,John Fogerty's label is,247,33368,False
cf_3347,unknown,"Doug E. Fresh, that is represented by",253,41813,False
cf_3347,unknown,Vince Guaraldi is represented by,253,7671,False
cf_3347,unknown,Odetta's record company is,253,41813,False
cf_12884,unknown,Saana Saarteinen holds a citizenship from,253,25270,False
cf_12884,unknown,"Matti Hautamäki, who is a citizen of",25270,25270,True
cf_12884,unknown,"Essi Laine, who has a citizenship from",253,6181,False
cf_12884,unknown,"Kimi Räikkönen, who has a citizenship from",253,4047,False
cf_12884,unknown,"Henri Laaksonen, who holds a citizenship from",253,6181,False
cf_12884,unknown,"Harri Heliövaara, who holds a citizenship from",25270,25270,True
cf_12884,unknown,Katariina Tuohimaa has a citizenship from,253,25270,False
cf_12884,unknown,"Janne Ahonen, who holds a citizenship from",253,25270,False
cf_12884,unknown,Kaisa Sere holds a citizenship from,253,25270,False
cf_12884,unknown,Harri Heliövaara has a citizenship from,25270,25270,True
cf_14793,unknown,Arts Council England is in,253,4693,False
cf_14793,unknown,The location of W. & D. Downey is,247,11988,False
cf_14793,unknown,athletics at the 1948 Summer Olympics – women's 100 metres is in,253,27411,False
cf_14793,unknown,The location of athletics at the 1948 Summer Olympics – men's 5000 metres is,275,27411,False
cf_14793,unknown,W. & D. Downey is in,253,12057,False
cf_14793,unknown,athletics at the 1948 Summer Olympics – men's 3000 metres steeplechase is in,253,4693,False
cf_14793,unknown,The location of Young Foundation is,275,4693,False
cf_14793,unknown,The location of Heatherley School of Fine Art is,275,21818,False
cf_14793,unknown,Royal Historical Society is in,253,4693,False
cf_14793,unknown,Royal Historical Society can be found in,253,4693,False
cf_5290,unknown,Wildstrubel is a part of the continent of,3060,3060,True
cf_5290,unknown,Aletschhorn is located in the continent,273,3060,False
cf_5290,unknown,Aletschhorn is a part of the continent of,3060,3060,True
cf_5290,unknown,"Soviet Union, in",253,3060,False
cf_5290,unknown,Pizzo Tambò is located in,253,9972,False
cf_5290,unknown,Rheinwaldhorn is located in,253,6176,False
cf_5290,unknown,Esla is located in the continent,273,3060,False
cf_5290,unknown,Rigi is located in,253,17413,False
cf_5290,unknown,"Pizzo Tambò, in",253,9972,False
cf_5290,unknown,"Volkhov, in",253,7422,False
cf_19618,unknown,"Kingdom of Ireland, which has the capital",273,24523,False
cf_19618,unknown,"County Dublin, which has the capital",387,24523,False
cf_19618,unknown,"County Dublin's capital city,",24523,24523,True
cf_19618,unknown,"Kingdom of Dublin's capital city,",24523,11011,False
cf_19618,unknown,Irish Free State's capital is,275,31127,False
cf_19618,unknown,Southern Ireland's capital city is,253,24523,False
cf_19618,unknown,"Irish Free State's capital,",25990,31127,False
cf_19618,unknown,"County Dublin's capital,",310,24523,False
cf_19618,unknown,The capital city of Irish Republic is,253,24523,False
cf_19618,unknown,"Lordship of Ireland, which has the capital",273,24523,False
cf_11941,unknown,The original language of The Sisterhood of the Traveling Pants was,3542,4383,False
cf_11941,unknown,The original language of The Angels' Share is,27,4383,False
cf_11941,unknown,The original language of Star Wars: Episode III – Revenge of the Sith was,3542,6692,False
cf_11941,unknown,The language of Titanic was,417,4383,False
cf_11941,unknown,The original language of Titanic is,346,4383,False
cf_11941,unknown,The language of The Cabin in the Woods was,247,4383,False
cf_11941,unknown,The original language of Dogma is,253,4383,False
cf_11941,unknown,The language of Barbarella was,247,9883,False
cf_11941,unknown,The language of The Last Stand was,247,4383,False
cf_11941,unknown,The original language of Ghost Rider is,247,4383,False
cf_7076,unknown,"In Borås Municipality, an official language is",13452,19688,False
cf_7076,unknown,"In Heinola, an official language is",247,9890,False
cf_7076,unknown,The law in Lempäälä declares the language,273,36090,False
cf_7076,unknown,The official language of Sundbyberg Municipality is,19688,19688,True
cf_7076,unknown,"In Pirkkala, an official language is",253,36090,False
cf_7076,unknown,The law in Haapavesi declares the language,273,36090,False
cf_7076,unknown,"In Viitasaari, an official language is",13452,34861,False
cf_7076,unknown,The law in Loviisa declares the language,273,36090,False
cf_7076,unknown,"In Forssa, the language spoken is",417,4383,False
cf_7076,unknown,The official language of Pirkkala is,36090,36090,True
cf_9031,unknown,"Hugh Latimer, whose position is that of",247,29417,False
cf_9031,unknown,Friedrich Müller-Langenthal has the position of,253,29417,False
cf_9031,unknown,Saint Martial's position is,326,6181,False
cf_9031,unknown,"Marius Aventicensis, who holds the position of",253,29417,False
cf_9031,unknown,"Alban of Mainz, who has the position of",253,29417,False
cf_9031,unknown,Edwin Morris is a,3438,24455,False
cf_9031,unknown,Hugh Latimer is a,3438,18468,False
cf_9031,unknown,"Bartolomeo di Breganze, whose position is that of",247,26892,False
cf_9031,unknown,Alban of Mainz holds the position of,253,29417,False
cf_9031,unknown,Edwin Morris holds the title of,253,29417,False
cf_1602,unknown,Moments is written in,253,4383,False
cf_1602,unknown,The language of Tetangga Masa Gitu is,247,34861,False
cf_1602,unknown,Bastian Steel Bukan Cowok Biasa is written in,253,7247,False
cf_1602,unknown,Cakra Khan is written in,253,15713,False
cf_1602,unknown,The language of Bastian Steel Bukan Cowok Biasa is,247,43113,False
cf_1602,unknown,The language of King of Dangdut was,247,5112,False
cf_1602,unknown,The language of Moments was,247,4383,False
cf_1602,unknown,Buletin Indonesia was written in,253,43113,False
cf_1602,unknown,Confession No.1 was written in,253,12760,False
cf_1602,unknown,Jakarta Love Story is written in,253,8595,False
cf_2839,unknown,Which position does Lance Briggs play? They play as,247,22385,False
cf_2839,unknown,Omar Gaither plays in the position of,247,18542,False
cf_2839,unknown,Mike Curtis plays as,247,22385,False
cf_2839,unknown,K. J. Wright plays in the position of,247,22385,False
cf_2839,unknown,Kyle Wilber plays in the position of,247,22385,False
cf_2839,unknown,Which position does Michael Wilhoite play? They play as,247,42402,False
cf_2839,unknown,Napoleon Harris plays in the position of,247,42402,False
cf_2839,unknown,"Napoleon Harris, the",3438,5842,False
cf_2839,unknown,"Omar Gaither, who plays the position",273,22385,False
cf_2839,unknown,"Kyle Wilber, who plays the position",273,22385,False
cf_5029,unknown,Sisters premiered on,27199,21946,False
cf_5029,unknown,NBC Nightly News is to debut on,22303,22303,True
cf_5029,unknown,Law & Order: LA premiered on,22303,22303,True
cf_5029,unknown,Patterns of Force debuted on,253,22303,False
cf_5029,unknown,Camp Cucamonga was released on,253,22303,False
cf_5029,unknown,Medium is to debut on,253,49244,False
cf_5029,unknown,Forbidden Passions premiered on,27199,41069,False
cf_5029,unknown,The Menagerie debuted on,253,15501,False
cf_5029,unknown,Cartoon All-Stars to the Rescue is to debut on,253,22303,False
cf_5029,unknown,Forbidden Passions is to debut on,253,41069,False
cf_14605,unknown,Algerian Football Federation is a member of,253,38075,False
cf_14605,unknown,Bolivian Football Federation is a member of,253,38075,False
cf_14605,unknown,Russia national association football team is affiliated with the,15794,38075,False
cf_14605,unknown,Bolivian Football Federation is affiliated with,253,38075,False
cf_14605,unknown,Italy national association football team is a member of,253,38075,False
cf_14605,unknown,Football Association of Serbia belongs to the organization of,253,38075,False
cf_14605,unknown,Algerian Football Federation is affiliated with,253,38075,False
cf_14605,unknown,Federação Moçambicana de Futebol is affiliated with,253,38075,False
cf_14605,unknown,Algerian Football Federation is a part of the,36364,38075,False
cf_14605,unknown,New Zealand Football belongs to the organization of,253,38075,False
cf_11761,unknown,"8½, formulated in",247,10869,False
cf_11761,unknown,Libération was created in,253,6181,False
cf_11761,unknown,The Petit Paumé was formulated in,253,6181,False
cf_11761,unknown,"Messier object, formulated in",253,6181,False
cf_11761,unknown,"Les Rougon-Macquart, created in",1283,6181,False
cf_11761,unknown,"Les Rougon-Macquart, formulated in",253,6181,False
cf_11761,unknown,"cognac, formulated in",253,6181,False
cf_11761,unknown,"Le Canard enchaîné, that originated in",253,7785,False
cf_11761,unknown,8½ from,253,49937,False
cf_11761,unknown,Tri Yann was created in the country of,521,6181,False
cf_7836,unknown,What sport does Magic Johnson play? They play,15692,14648,False
cf_7836,unknown,What sport does Dennis Rodman play? They play,5842,14648,False
cf_7836,unknown,What sport does Tim Duncan play? They play,5842,14648,False
cf_7836,unknown,Kobe Bryant is a professional,14648,14648,True
cf_7836,unknown,Dennis Rodman professionally plays the sport,273,14648,False
cf_7836,unknown,"Hakeem Olajuwon, the",3438,14648,False
cf_7836,unknown,Pau Gasol professionally plays the sport,273,14648,False
cf_7836,unknown,What sport does Hakeem Olajuwon play? They play,14648,14648,True
cf_7836,unknown,Dennis Rodman plays,253,14648,False
cf_7836,unknown,"LeBron James, the",19802,14648,False
cf_4928,unknown,Deutscher Werkbund was founded in,1283,12911,False
cf_4928,unknown,"Munich Re, that was created in",253,6176,False
cf_4928,unknown,ECM Records was created in,253,30647,False
cf_4928,unknown,"Munich Re, that originated in",253,32000,False
cf_4928,unknown,ECM Records was started in,253,8068,False
cf_4928,unknown,Equilibrium started in,253,4693,False
cf_4928,unknown,Deutscher Werkbund started in,253,12911,False
cf_4928,unknown,Münchner Verkehrsgesellschaft mbH (MVG) originated in,253,32000,False
cf_4928,unknown,Münchner Verkehrsgesellschaft mbH (MVG) was created in,253,32000,False
cf_4928,unknown,Bavaria Party was founded in,253,43447,False
cf_14610,unknown,Roberta Blackman-Woods used to work in,253,4693,False
cf_14610,unknown,Ben Wallace worked in the city of,1457,8068,False
cf_14610,unknown,Peter Bottomley used to work in,253,4693,False
cf_14610,unknown,George Clarkson Stanfield found employment in,253,4693,False
cf_14610,unknown,Ben Wallace took up work in,253,4693,False
cf_14610,unknown,Graham Brady used to work in,253,4693,False
cf_14610,unknown,James Brokenshire worked in the city of,4693,4693,True
cf_14610,unknown,Graham Brady found employment in,253,4693,False
cf_14610,unknown,George Clarkson Stanfield worked in the city of,4693,4693,True
cf_14610,unknown,Ben Bradshaw worked in the city of,4693,4693,True
cf_17853,unknown,The domain of activity of Constantin von Economo is,253,20701,False
cf_17853,unknown,The domain of activity of Robert Gordon Latham is,281,18090,False
cf_17853,unknown,Wanda Półtawska's domain of work is,253,8672,False
cf_17853,unknown,Edward Flatau specializes in,253,16053,False
cf_17853,unknown,Magnus Hirschfeld specializes in,253,12057,False
cf_17853,unknown,The domain of work of Ibn Zuhr is,253,50085,False
cf_17853,unknown,The expertise of Ibn Zuhr is,417,50085,False
cf_17853,unknown,Constantin von Economo's area of work is,253,20701,False
cf_17853,unknown,Jean-Baptiste Charcot's expertise is,275,9921,False
cf_17853,unknown,The domain of work of Jacopo Berengario da Carpi is,253,13497,False
cf_6898,unknown,Jean-Baptiste Say is a native speaker of,5112,5112,True
cf_6898,unknown,Jean Auguste Dominique Ingres is a native speaker of,5112,5112,True
cf_6898,unknown,"Jean Gabin, a native",273,5112,False
cf_6898,unknown,"Jean-Baptiste Say, a native",273,5112,False
cf_6898,unknown,The native language of Ferdinand de Saussure is,5112,9883,False
cf_6898,unknown,Robert Schuman spoke the language,273,5112,False
cf_6898,unknown,Montesquieu is a native speaker of,5112,5112,True
cf_6898,unknown,The mother tongue of Raymond Barre is,253,5112,False
cf_6898,unknown,The native language of Jean Auguste Dominique Ingres is,5112,5112,True
cf_6898,unknown,The native language of Michel Rocard is,5112,5112,True
cf_14629,unknown,Angela Merkel's profession is a,2372,18468,False
cf_14629,unknown,"Julius Caesar, who works as",247,18468,False
cf_14629,unknown,The profession of George Washington is,247,18468,False
cf_14629,unknown,The occupation of Abraham Lincoln is,247,18468,False
cf_14629,unknown,Julius Caesar's occupation is,247,18468,False
cf_14629,unknown,The profession of Joseph Stalin is,247,18468,False
cf_14629,unknown,The occupation of Giuseppe Garibaldi is,247,18468,False
cf_14629,unknown,"Jawaharlal Nehru, who works as",247,18468,False
cf_14629,unknown,"John Paul II, who works as",247,29417,False
cf_14629,unknown,Mohandas Karamchand Gandhi's profession is an,1650,12353,False
cf_14960,unknown,"Klaus Darga, of",253,21314,False
cf_14960,unknown,"J. M. Coetzee, who is employed by",253,10550,False
cf_14960,unknown,"Gene Amdahl, who works for",253,21314,False
cf_14960,unknown,"Edgar F. Codd, of",1457,21314,False
cf_14960,unknown,"John Backus, of",253,21314,False
cf_14960,unknown,John Cocke is employed by,253,15501,False
cf_14960,unknown,"Vint Cerf, of",253,21314,False
cf_14960,unknown,Gerd Binnig works for,253,21314,False
cf_14960,unknown,"Edgar F. Codd, who is employed by",253,21314,False
cf_14960,unknown,"Edgar F. Codd, who works for",253,21314,False
cf_6555,unknown,Magyar Suzuki's owner,13,33399,False
cf_6555,unknown,Suzuki Indomobil Motor's owner,13,47848,False
cf_6555,unknown,"Taiwan Suzuki Automobile Corp., by",253,47848,False
cf_6555,unknown,CAMI Automotive owner,285,33399,False
cf_6555,unknown,Taiwan Suzuki Automobile Corp. is from,253,4047,False
cf_6555,unknown,"CAMI Automotive, by",253,49937,False
cf_6555,unknown,Taiwan Suzuki Automobile Corp. owner,273,17975,False
cf_6555,unknown,Taiwan Suzuki Automobile Corp. is owned by,253,4047,False
cf_6555,unknown,Suzuki Indomobil Motor is from,253,47848,False
cf_6555,unknown,Suzuki Indomobil Motor owner,13,47848,False
cf_19550,unknown,"Peter Igelhoff, playing the",2554,18542,False
cf_19550,unknown,Magdalena Thora plays the,2554,18542,False
cf_19550,unknown,"Anton Rubinstein, playing the",2554,18542,False
cf_19550,unknown,"Peter Igelhoff, the",3438,25375,False
cf_19550,unknown,"Conrad Hansen, playing the",2554,12609,False
cf_19550,unknown,Ingrid Haebler plays,253,24455,False
cf_19550,unknown,"Richard Fall, performing on the",921,18542,False
cf_19550,unknown,"Robert Radecke, playing the",2554,12609,False
cf_19550,unknown,Paul Badura-Skoda plays,253,18542,False
cf_19550,unknown,"Paul Badura-Skoda, playing the",2554,12609,False
cf_11778,unknown,Jalgabha River can be found in,253,5427,False
cf_11778,unknown,Hunai Khiang is in,253,48771,False
cf_11778,unknown,Itakhola R is in,253,27325,False
cf_11778,unknown,"Jaldi Reserved Forest, in",253,5002,False
cf_11778,unknown,"Kailas Tila, in",253,5842,False
cf_11778,unknown,Nunda Nadi is in,253,23856,False
cf_11778,unknown,Jaldi Reserved Forest can be found in,253,5002,False
cf_11778,unknown,Hamid Point can be found in,253,10497,False
cf_11778,unknown,Jarir Dona is located in,253,31003,False
cf_11778,unknown,"Jayanti River, in",253,5427,False
cf_19305,unknown,The genre played by Al Sears is,247,24455,False
cf_19305,unknown,Freddy Cole performs,387,24455,False
cf_19305,unknown,Etta James is known for performing,275,24455,False
cf_19305,unknown,Eric Alexander is known for performing,275,24455,False
cf_19305,unknown,What does Paolo Conte play? They play,247,20391,False
cf_19305,unknown,"Otis Taylor, who plays",253,24455,False
cf_19305,unknown,"Jason Mraz, who plays",247,12609,False
cf_19305,unknown,What does Chick Corea play? They play,247,24455,False
cf_19305,unknown,Frank Wess plays,247,24455,False
cf_19305,unknown,Paolo Conte performs,275,24455,False
cf_10171,unknown,"New Amsterdam, which was called after",253,26653,False
cf_10171,unknown,New Amsterdam was called after,253,26653,False
cf_10171,unknown,"Nieuw Amsterdam, Suriname was named after",253,26653,False
cf_10171,unknown,11945 Amsterdam is called after,253,26653,False
cf_10171,unknown,"Amsterdamøya, which is named for",253,26653,False
cf_10171,unknown,Amsterdamsestraatweg is named for,253,26653,False
cf_10171,unknown,"impasse d'Amsterdam, which was named after",253,26653,False
cf_10171,unknown,Haarlemmermeerstation is called after,253,16333,False
cf_10171,unknown,"New Amsterdam, which was called after",253,26653,False
cf_10171,unknown,"11945 Amsterdam, which is named after",253,26653,False
cf_4746,unknown,Dave Chappelle is follower of,253,35702,False
cf_4746,unknown,Dave Chappelle is affiliated with the religion,273,43506,False
cf_4746,unknown,Bashar al-Assad follows the religion of,8033,8033,True
cf_4746,unknown,Hema Malini is affiliated with the religion,273,35702,False
cf_4746,unknown,The official religion of Dave Chappelle is,20242,20242,True
cf_4746,unknown,Benazir Bhutto is affiliated with the religion,273,8033,False
cf_4746,unknown,The official religion of Malcolm X is,253,8033,False
cf_4746,unknown,Mehmed the Conqueror is follower of,253,8033,False
cf_4746,unknown,The official religion of Usman ibn Affan is,8033,8033,True
cf_4746,unknown,Q-Tip is affiliated with the religion,273,35702,False
cf_4941,unknown,Gottfried Wilhelm Leibniz writes in,521,5685,False
cf_4941,unknown,Enrico Fermi speaks,273,9890,False
cf_4941,unknown,Noam Chomsky speaks the language,273,4383,False
cf_4941,unknown,The language used by Thomas Alva Edison is,247,4383,False
cf_4941,unknown,Kurt Cobain speaks the language,273,4383,False
cf_4941,unknown,Satyajit Ray speaks the language,273,15713,False
cf_4941,unknown,Vladimir Putin speaks,281,7247,False
cf_4941,unknown,Henry Ford speaks,281,4383,False
cf_4941,unknown,The language used by Nelson Mandela is,247,4383,False
cf_4941,unknown,Henry Ford speaks the language,273,4383,False
cf_18018,unknown,Wistia is headquartered in,253,20956,False
cf_18018,unknown,Inkle's headquarters are in,253,48771,False
cf_18018,unknown,Tyndale House is headquartered in,253,4693,False
cf_18018,unknown,The headquarter of Subatomic Studios is located in,253,14296,False
cf_18018,unknown,The headquarter of Vlingo is located in,253,4693,False
cf_18018,unknown,The headquarter of LabCentral is in,253,14296,False
cf_18018,unknown,The headquarter of Vernalis Research is in,253,21818,False
cf_18018,unknown,The headquarter of Horizon Discovery is located in,253,14296,False
cf_18018,unknown,St John's Innovation Centre's headquarters are in,253,11988,False
cf_18018,unknown,lowRISC's headquarters are in,253,4693,False
cf_3963,unknown,ESPN.com NHL player ID is located in the country of,6144,6144,True
cf_3963,unknown,Heritage Lighthouse of Canada ID is located in the country of,6510,6144,False
cf_3963,unknown,"Canadian Register of Historic Places ID, in",253,6144,False
cf_3963,unknown,ESPN.com NBA player ID is located in,253,16700,False
cf_3963,unknown,Heritage Railway Station of Canada ID is located in,253,24604,False
cf_3963,unknown,"ESPN.com NHL player ID, located in",253,13533,False
cf_3963,unknown,"Sports-Reference.com college basketball player ID, which is located in",253,18267,False
cf_3963,unknown,"ESPN.com NHL player ID, in",253,22037,False
cf_3963,unknown,"USL Championship player ID, which is located in",253,33894,False
cf_3963,unknown,"Canadiana Authorities ID (former scheme), which is located in",253,6144,False
cf_1640,unknown,Boeing 737 is created by,35251,35251,True
cf_1640,unknown,Boeing 777 is developed by,35251,35251,True
cf_1640,unknown,McDonnell Douglas F-15 Eagle is produced by,253,35251,False
cf_1640,unknown,"Boeing 717, produced by",35251,35251,True
cf_1640,unknown,B-47 Stratojet is a product of,253,35251,False
cf_1640,unknown,"Boeing 737 MAX, produced by",35251,35251,True
cf_1640,unknown,B-50 Superfortress is created by,253,35251,False
cf_1640,unknown,Boeing 777 is created by,253,35251,False
cf_1640,unknown,"Boeing B-52 Stratofortress, produced by",35251,35251,True
cf_1640,unknown,Space Shuttle is created by,253,35251,False
cf_14577,unknown,"Nexus 7, created by",5559,5559,True
cf_14577,unknown,V8 is created by,253,33399,False
cf_14577,unknown,Nexus One is created by,253,5559,False
cf_14577,unknown,Blogger was developed by,253,9664,False
cf_14577,unknown,Go was created by,253,9664,False
cf_14577,unknown,"Google Drive, created by",5559,5559,True
cf_14577,unknown,Google Play is a product of,253,5559,False
cf_14577,unknown,Galaxy Nexus was created by,247,5559,False
cf_14577,unknown,"Google Workspace, developed by",9664,5559,False
cf_14577,unknown,Google Web Toolkit was created by,253,9664,False
cf_16781,unknown,Marietta Robusti was born in,253,18267,False
cf_16781,unknown,Antonio Visentini is originally from,253,24639,False
cf_16781,unknown,Giacomo Boni was originally from,253,27741,False
cf_16781,unknown,Antonio Sartorio originates from,253,46287,False
cf_16781,unknown,Marco Antonio Canini originated from,253,27850,False
cf_16781,unknown,Marietta Robusti was native to,253,22119,False
cf_16781,unknown,Domenico Grimani is originally from,253,27850,False
cf_16781,unknown,Vincenzo Coronelli is originally from,253,12300,False
cf_16781,unknown,Giacomo Boni is native to,253,12300,False
cf_16781,unknown,Gregorio Barbarigo originated from,253,12300,False
cf_12865,unknown,The twin city of Moscow is,253,18496,False
cf_12865,unknown,The Hague is a twin city of,253,26653,False
cf_12865,unknown,Düsseldorf is a twin city of,253,42471,False
cf_12865,unknown,What is the twin city of The Hague? It is,253,26653,False
cf_12865,unknown,The twin city of The Hague is,247,26653,False
cf_12865,unknown,What is the twin city of Seoul? It is,253,48771,False
cf_12865,unknown,Rio de Janeiro is a twin city of,22319,34215,False
cf_12865,unknown,What is the twin city of Athens? It is,253,27411,False
cf_12865,unknown,What is the twin city of Kyiv? It is,253,16496,False
cf_12865,unknown,The twin city of Vienna is,253,8068,False
cf_6448,unknown,Vilhelm Hammershøi died at,253,40892,False
cf_6448,unknown,Johannes Eugenius Bülow Warming died at,253,26229,False
cf_6448,unknown,Wilhelm Marstrand passed away in,247,12911,False
cf_6448,unknown,Magdalene Thoresen succumbed at,253,40892,False
cf_6448,unknown,Christoffer Wilhelm Eckersberg passed away in,247,12911,False
cf_6448,unknown,Richard Mortensen passed away in,247,16335,False
cf_6448,unknown,Magdalene Thoresen died at,253,40892,False
cf_6448,unknown,Bengt Strömgren succumbed at,253,12911,False
cf_6448,unknown,Christen Købke died in,247,40892,False
cf_6448,unknown,Johannes Eugenius Bülow Warming passed away in,253,41577,False
cf_8632,unknown,The music label representing Cal Tjader is,247,33368,False
cf_8632,unknown,The music label that is representing Mongo Santamaría is,253,33368,False
cf_8632,unknown,"Red Holloway, which is represented by",253,41813,False
cf_8632,unknown,Odetta's label is,247,41813,False
cf_8632,unknown,Tom Fogerty is represented by,253,30647,False
cf_8632,unknown,Vince Guaraldi's record company is,253,33368,False
cf_8632,unknown,Art Farmer's label is,247,41813,False
cf_8632,unknown,Cal Tjader is represented by,253,7671,False
cf_8632,unknown,"John Fogerty, which is represented by",253,41813,False
cf_8632,unknown,"Doug E. Fresh, released by",253,24324,False
cf_11338,unknown,"Tito Sotto, a citizen of",253,9972,False
cf_11338,unknown,"Cesar Virata, who has a citizenship from",253,23881,False
cf_11338,unknown,"Francis Pangilinan, a citizen of",253,22075,False
cf_11338,unknown,Gregorio Aglipay has a citizenship from,253,23881,False
cf_11338,unknown,Julio Rosales has a citizenship from,253,31003,False
cf_11338,unknown,"Claro M. Recto, a citizen of",253,10869,False
cf_11338,unknown,Rufino Santos is a citizen of,253,10869,False
cf_11338,unknown,"Julio Rosales, who holds a citizenship from",253,31003,False
cf_11338,unknown,Gregorio Aglipay is a citizen of,253,31003,False
cf_11338,unknown,Salvador Laurel has a citizenship from,253,23881,False
cf_10376,unknown,Fatih Sultan Mehmet University can be found in,253,41460,False
cf_10376,unknown,The location of Hüseyinağa is,247,41460,False
cf_10376,unknown,Hüseyinağa can be found in,253,41460,False
cf_10376,unknown,Çamlık is in,253,14307,False
cf_10376,unknown,Orta can be found in,253,9972,False
cf_10376,unknown,Where is Atlas Cinema? It is located in,253,14296,False
cf_10376,unknown,The location of Adem Yavuz is,247,41460,False
cf_10376,unknown,Adem Yavuz is located in,253,14307,False
cf_10376,unknown,Yayla is in,253,6181,False
cf_10376,unknown,The location of Nişantepe is,247,41460,False
cf_4170,unknown,Wildstrubel is located in,253,6176,False
cf_4170,unknown,"Pizzo Tambò, in",253,9972,False
cf_4170,unknown,"Titlis, in",253,14307,False
cf_4170,unknown,Volkhov is in,253,7422,False
cf_4170,unknown,Rigi belongs to the continent of,7531,7531,True
cf_4170,unknown,Mount Pilatus is located in the continent,273,3060,False
cf_4170,unknown,Aletschhorn is located in,253,18908,False
cf_4170,unknown,Bös Fulen belongs to the continent of,7531,10497,False
cf_4170,unknown,"Volkhov, in",253,7422,False
cf_4170,unknown,Lleida is a part of the continent of,7531,7531,True
cf_10631,unknown,"Third Republic of the Philippines, which has the capital city",273,43949,False
cf_10631,unknown,"Philippines, which has the capital city",273,43949,False
cf_10631,unknown,The capital of National Capital Region First District is,4441,19950,False
cf_10631,unknown,The capital city of Metro Manila is,253,43949,False
cf_10631,unknown,"Third Republic of the Philippines, which has the capital",273,43949,False
cf_10631,unknown,The capital city of Third Republic of the Philippines is,253,43949,False
cf_10631,unknown,Second Philippine Republic's capital city is,43949,43949,True
cf_10631,unknown,National Capital Region First District's capital is,275,29539,False
cf_10631,unknown,The capital of Captaincy General of the Philippines is,253,43949,False
cf_10631,unknown,The capital city of Captaincy General of the Philippines is,253,43949,False
cf_16483,unknown,The original language of Memoirs of a Geisha is,27,6692,False
cf_16483,unknown,The original language of Dogma is,253,4383,False
cf_16483,unknown,The language of The Last Stand is,247,4383,False
cf_16483,unknown,The original language of Goodfellas was,3542,4383,False
cf_16483,unknown,The language of Ghost Rider: Spirit of Vengeance is,247,4383,False
cf_16483,unknown,The original language of The Angels' Share is,27,4383,False
cf_16483,unknown,The language of Goodfellas is,247,4383,False
cf_16483,unknown,The original language of Dumbo is,346,4383,False
cf_16483,unknown,The language of Under the Tuscan Sun is,247,9890,False
cf_16483,unknown,The original language of Ghost Rider was,3542,4383,False
cf_8497,unknown,The law in Brescia declares the language,273,9890,False
cf_8497,unknown,"In Florence, they understand",326,9890,False
cf_8497,unknown,"In Brescia, they understand",326,9890,False
cf_8497,unknown,"In Aosta Valley, they understand",326,9890,False
cf_8497,unknown,"In Switzerland, they understand",326,5112,False
cf_8497,unknown,"In Switzerland, the language spoken is",5685,5112,False
cf_8497,unknown,The law in Ravenna declares the language,273,9890,False
cf_8497,unknown,"In European Union, they understand",326,5112,False
cf_8497,unknown,The law in Turin declares the language,273,9890,False
cf_8497,unknown,The official language of Florence is,9890,9890,True
cf_14425,unknown,Boniface II has the position of,253,39166,False
cf_14425,unknown,"Alfons Maria Stickler, whose position is that of",247,29417,False
cf_14425,unknown,"Charles Journet, whose position is that of",247,29417,False
cf_14425,unknown,"Gaspard Mermillod, whose position is that of",247,49360,False
cf_14425,unknown,Alexander VIII holds the title of,22212,26390,False
cf_14425,unknown,Charles Journet has the position of,253,29417,False
cf_14425,unknown,Charles Journet's position is,326,18468,False
cf_14425,unknown,"Alexander VIII, who has the position of",253,26390,False
cf_14425,unknown,"Christoph Anton Migazzi, whose position is that of",247,29417,False
cf_14425,unknown,Giovanni Bona holds the position of,253,26892,False
cf_2398,unknown,Humiliated and Insulted is written in,253,4383,False
cf_2398,unknown,The language of Cancer Ward is,247,4383,False
cf_2398,unknown,Chaos on Deponia is written in,253,5112,False
cf_2398,unknown,The language of The Snow Maiden was,247,4383,False
cf_2398,unknown,The language of Chaos on Deponia is,247,4383,False
cf_2398,unknown,Severny Vestnik was written in,253,7247,False
cf_2398,unknown,Warface is written in,253,4383,False
cf_2398,unknown,The language of Warface is,247,4383,False
cf_2398,unknown,Dacia is written in,253,13986,False
cf_2398,unknown,The language of Chaser is,417,4383,False
cf_15396,unknown,"Idrissa Gueye, who plays the position",273,42402,False
cf_15396,unknown,"Fabrice Ehret, who plays the position",273,22385,False
cf_15396,unknown,Rainer Bonhof plays as,253,31021,False
cf_15396,unknown,"Olivier Sorlin, the",3438,20391,False
cf_15396,unknown,Paul Scholes plays in the position of,247,22385,False
cf_15396,unknown,Uwe Rahn plays as,247,42402,False
cf_15396,unknown,Which position does Olivier Sorlin play? They play as,247,42402,False
cf_15396,unknown,"Leonardo Araújo, the",3438,20391,False
cf_15396,unknown,Adama Ba plays as,247,42402,False
cf_15396,unknown,Which position does Patrick Vieira play? They play as,247,22385,False
cf_648,unknown,Forbidden Passions is to debut on,253,41069,False
cf_648,unknown,Awake was originally aired on,253,22303,False
cf_648,unknown,Law & Order: LA was originally aired on,22303,22303,True
cf_648,unknown,Freaks and Geeks was originally aired on,253,21946,False
cf_648,unknown,Camp Cucamonga was released on,253,22303,False
cf_648,unknown,Cartoon All-Stars to the Rescue was originally aired on,253,22303,False
cf_648,unknown,Awake premieres on,253,22303,False
cf_648,unknown,The Count of Monte Cristo is to debut on,41069,7785,False
cf_648,unknown,Sisters is to debut on,253,22303,False
cf_648,unknown,Freaks and Geeks debuted on,253,21946,False
cf_10770,unknown,Peruvian Football Federation is a member of,253,38075,False
cf_10770,unknown,Latvian Football Federation is affiliated with the,15794,38075,False
cf_10770,unknown,Israel Football Association is a member of,253,38075,False
cf_10770,unknown,Federação Moçambicana de Futebol is a member of,253,38075,False
cf_10770,unknown,Football Federation of Sri Lanka is affiliated with the,24206,38075,False
cf_10770,unknown,Federação Moçambicana de Futebol belongs to the organization of,253,38075,False
cf_10770,unknown,Romanian Football Federation is a part of the,45575,38075,False
cf_10770,unknown,Latvian Football Federation is affiliated with,253,38075,False
cf_10770,unknown,Football Association of Zambia is affiliated with the,1503,38075,False
cf_10770,unknown,Bangladesh Football Federation is a part of the,29310,38075,False
cf_865,unknown,Home was developed in,253,22126,False
cf_865,unknown,"Europa, developed in",253,3060,False
cf_865,unknown,"Europa, formulated in",253,6176,False
cf_865,unknown,Gotthard from,253,41813,False
cf_865,unknown,"The Blue Villa, that was from",253,15501,False
cf_865,unknown,"Benny's Video, that was developed in",253,17372,False
cf_865,unknown,"Home, from",253,5559,False
cf_865,unknown,Set Me Free from,253,5559,False
cf_865,unknown,"Jonah Who Will Be 25 in the Year 2000, that originated in",253,30647,False
cf_865,unknown,Benny's Video was from,253,41813,False
cf_912,unknown,Kevin Durant is a professional,14648,14648,True
cf_912,unknown,Kevin Durant plays,323,14648,False
cf_912,unknown,What sport does Larry Bird play? They play,14648,14648,True
cf_912,unknown,LeBron James plays,247,14648,False
cf_912,unknown,Charles Barkley professionally plays the sport,273,14648,False
cf_912,unknown,What sport does Kevin Durant play? They play,14648,14648,True
cf_912,unknown,Magic Johnson professionally plays the sport,273,14648,False
cf_912,unknown,Hakeem Olajuwon is a professional,14648,14648,True
cf_912,unknown,"Kevin Durant, the",3438,14648,False
cf_912,unknown,Kevin Durant professionally plays the sport,273,14648,False
cf_7161,unknown,Safeco was started in,253,8068,False
cf_7161,unknown,Sky Cries Mary was formed in,253,4693,False
cf_7161,unknown,Satchel was created in,253,16872,False
cf_7161,unknown,Safeco was formed in,253,8068,False
cf_7161,unknown,"Safeco, created in",253,7758,False
cf_7161,unknown,The Fartz originated in,253,8068,False
cf_7161,unknown,The Fartz formed in,253,8068,False
cf_7161,unknown,The Pale Pacific was started in,253,22126,False
cf_7161,unknown,"The Pale Pacific, that was created in",253,5002,False
cf_7161,unknown,"Second Coming, that was started in",253,4693,False
cf_8963,unknown,As Friends Rust used to work in,13,30647,False
cf_8963,unknown,Booba was employed in,253,48771,False
cf_8963,unknown,Poison the Well was employed in,253,8068,False
cf_8963,unknown,Cat Power took up work in,253,4693,False
cf_8963,unknown,As Friends Rust took up work in,253,4693,False
cf_8963,unknown,Booba used to work in,253,48771,False
cf_8963,unknown,Robbie Rivera took up work in,253,21249,False
cf_8963,unknown,Arnold Newman was employed in,253,8068,False
cf_8963,unknown,Charles Deering worked in the city of,1457,9693,False
cf_8963,unknown,Charles Deering used to work in,253,9693,False
cf_3153,unknown,The domain of activity of Henri Becquerel is,253,50085,False
cf_3153,unknown,Al-Biruni's area of work is,281,50085,False
cf_3153,unknown,The expertise of Louis Pasteur is,973,18090,False
cf_3153,unknown,Al-Biruni specializes in,253,50085,False
cf_3153,unknown,Dmitri Mendeleev specializes in,253,12057,False
cf_3153,unknown,Michael Faraday specializes in,253,12057,False
cf_3153,unknown,The domain of work of Paul Langevin is,253,12057,False
cf_3153,unknown,Justus von Liebig's domain of work is,253,20701,False
cf_3153,unknown,Irène Joliot-Curie's domain of activity is,253,12057,False
cf_3153,unknown,Dmitri Mendeleev works in the field of,253,12057,False
cf_17045,unknown,Montesquieu is a native speaker of,5112,5112,True
cf_17045,unknown,"Jean-Baptiste Say, speaker of",253,5112,False
cf_17045,unknown,The native language of Léon Blum is,5112,5112,True
cf_17045,unknown,The mother tongue of Jean-Luc Picard is,253,5112,False
cf_17045,unknown,"Jean Auguste Dominique Ingres, a native",273,5112,False
cf_17045,unknown,"François Bayrou, speaker of",253,5112,False
cf_17045,unknown,Octave Mirbeau spoke the language,273,5112,False
cf_17045,unknown,Louis Antoine de Saint-Just is a native speaker of,5112,5112,True
cf_17045,unknown,"Jacques Chaban-Delmas, speaker of",253,5112,False
cf_17045,unknown,"Jean Auguste Dominique Ingres, speaker of",253,5112,False
cf_15537,unknown,"Rowan Atkinson, who works as",247,18468,False
cf_15537,unknown,Terry Gilliam's profession is a,2372,42250,False
cf_15537,unknown,Maya Angelou's profession is an,9558,12353,False
cf_15537,unknown,Rowan Atkinson's occupation is,247,18468,False
cf_15537,unknown,Ricky Gervais's profession is a,2372,43778,False
cf_15537,unknown,The profession of Charlie Chaplin is,247,12353,False
cf_15537,unknown,Ricky Gervais's occupation is,247,43778,False
cf_15537,unknown,Takeshi Kitano's occupation is,247,26540,False
cf_15537,unknown,Tina Fey works as,247,17264,False
cf_15537,unknown,"Graham Chapman, who works as",247,18468,False
cf_15675,unknown,Stefan Kornelius works for,253,21314,False
cf_15675,unknown,Jimmy Hill works for,253,15501,False
cf_15675,unknown,Alistair Cooke works for,253,15501,False
cf_15675,unknown,"Andrew Marr, of",253,24455,False
cf_15675,unknown,"Madhur Jaffrey, who works for",253,15501,False
cf_15675,unknown,Magnus Magnusson is employed by,253,15501,False
cf_15675,unknown,Timothy Brinton works for,253,15501,False
cf_15675,unknown,Andrew Marr works for,253,15501,False
cf_15675,unknown,Violet Bonham Carter is employed by,253,15501,False
cf_15675,unknown,"Tony Robinson, who works for",253,15501,False
cf_15401,unknown,"The Orchard, by",253,17885,False
cf_15401,unknown,"Epic Games, by",253,9664,False
cf_15401,unknown,DVD is from,253,22645,False
cf_15401,unknown,Sony Pictures is owned by,22645,22645,True
cf_15401,unknown,Funimation's owner,13,15894,False
cf_15401,unknown,Sony Mobile Communications's owner,13,22645,False
cf_15401,unknown,Bend Studio's owner,13,41813,False
cf_15401,unknown,"Bend Studio, from",253,33143,False
cf_15401,unknown,Sony Mobile Communications is owned by,22645,22645,True
cf_15401,unknown,"Funimation, from",253,4047,False
cf_15421,unknown,"Paul Simon, playing the",2554,12609,False
cf_15421,unknown,Prince plays the,2554,12609,False
cf_15421,unknown,"Prince, performing on the",1072,18542,False
cf_15421,unknown,"Leonard Cohen, the",3438,18542,False
cf_15421,unknown,"Douglas Adams, performing on the",921,18542,False
cf_15421,unknown,Bob Marley plays the instrument,13,12609,False
cf_15421,unknown,"Jacques Brel, performing on the",1072,18542,False
cf_15421,unknown,David Bowie plays the instrument,273,18542,False
cf_15421,unknown,John Lennon plays the instrument,13,18542,False
cf_15421,unknown,"Prince, playing the",2554,12609,False
cf_5587,unknown,Savyolovsky railway station can be found in,253,7422,False
cf_5587,unknown,"Church of All Saints, Moscow is within",7824,16496,False
cf_5587,unknown,National Research University – Higher School of Economics can be found in,16496,16496,True
cf_5587,unknown,"M5 highway, in",253,23799,False
cf_5587,unknown,"Church of All Saints, Moscow is in",253,16496,False
cf_5587,unknown,Sretensky Monastery is in,253,16496,False
cf_5587,unknown,"Central Academic Theatre of the Russian Army, in",253,16496,False
cf_5587,unknown,National Research University – Higher School of Economics is located in,16496,16496,True
cf_5587,unknown,"Military Academy of the General Staff of the Armed Forces of Russia, in",16496,16496,True
cf_5587,unknown,M5 highway is within,253,16861,False
cf_11810,unknown,David Sanborn is known for performing,275,24455,False
cf_11810,unknown,Al Sears plays,247,24455,False
cf_11810,unknown,Raimonds Pauls performs,275,24455,False
cf_11810,unknown,"Quincy Jones, who plays",253,12609,False
cf_11810,unknown,Chick Corea is known for performing,387,19971,False
cf_11810,unknown,The genre played by Raimonds Pauls is,247,24342,False
cf_11810,unknown,Etta James plays,253,24455,False
cf_11810,unknown,The genre played by Jason Mraz is,247,24455,False
cf_11810,unknown,Sade Adu plays,253,24455,False
cf_11810,unknown,Richard Wright is known for performing,275,24455,False
cf_8726,unknown,12464 Manhattan is named after,253,21801,False
cf_8726,unknown,"taxicab geometry, which was named for",253,4693,False
cf_8726,unknown,Manhattan Plaza is named after,253,21801,False
cf_8726,unknown,Biografen Manhattan is called after,253,21801,False
cf_8726,unknown,taxicab geometry is called after,253,23881,False
cf_8726,unknown,"Manhattanization, which is called after",253,21801,False
cf_8726,unknown,"taxicab geometry, which was named after",253,4693,False
cf_8726,unknown,"12464 Manhattan, which was named after",253,21801,False
cf_8726,unknown,"12464 Manhattan, which is named after",253,21801,False
cf_8726,unknown,"Manhattan, which is named for",253,21801,False
cf_2753,unknown,Averroes is affiliated with the religion,273,20242,False
cf_2753,unknown,Bashar al-Assad is affiliated with the religion,273,8033,False
cf_2753,unknown,Mehmed the Conqueror is follower of,253,8033,False
cf_2753,unknown,Mohammed Ali is follower of,253,8033,False
cf_2753,unknown,Mohammed Ali follows the religion of,8033,8033,True
cf_2753,unknown,Q-Tip is follower of,253,35702,False
cf_2753,unknown,The official religion of Omar Khayyám is,8033,8033,True
cf_2753,unknown,The official religion of Mohammed Ali is,253,8033,False
cf_2753,unknown,Abd al-Malik ibn Marwan follows the religion of,253,8033,False
cf_2753,unknown,Abd al-Malik ibn Marwan is follower of,253,8033,False
cf_19470,unknown,Walt Disney speaks the language,273,4383,False
cf_19470,unknown,Noam Chomsky writes in,521,4383,False
cf_19470,unknown,Michael Faraday speaks,281,4383,False
cf_19470,unknown,Kurt Cobain writes in,521,25771,False
cf_19470,unknown,The language used by Sun Yat-sen is,247,5628,False
cf_19470,unknown,The language used by Winston Churchill is,247,4383,False
cf_19470,unknown,Martin Luther King Jr. writes in,521,24496,False
cf_19470,unknown,Walt Disney writes in,521,4383,False
cf_19470,unknown,Enrico Fermi speaks the language,273,9890,False
cf_19470,unknown,The language used by Nikola Tesla is,247,7247,False
cf_17362,unknown,The headquarter of WOW 1 Day Painting is in,253,21818,False
cf_17362,unknown,The headquarter of Code Mystics is located in,253,4693,False
cf_17362,unknown,Code Mystics is headquartered in,253,22126,False
cf_17362,unknown,"Brace Yourself Games, whose headquarters are in",253,14296,False
cf_17362,unknown,The headquarter of ElectraMeccanica is in,253,27850,False
cf_17362,unknown,"Code Mystics, whose headquarters are in",253,40892,False
cf_17362,unknown,Daniel Mullins Games is based in,253,22126,False
cf_17362,unknown,"ElectraMeccanica, whose headquarters are in",253,4693,False
cf_17362,unknown,You Move Me's headquarters are in,253,8068,False
cf_17362,unknown,"moovly, whose headquarters are in",253,4693,False
cf_16453,unknown,"Thanjavur district, located in",253,5427,False
cf_16453,unknown,Nalgonda district is located in,253,5427,False
cf_16453,unknown,"Kadapa District, which is located in",253,5427,False
cf_16453,unknown,Kurnool District is located in,253,5427,False
cf_16453,unknown,"Prakasam district, located in",253,34861,False
cf_16453,unknown,"Nilgiris district, located in",253,17785,False
cf_16453,unknown,Madurai district is located in the country of,34861,5427,False
cf_16453,unknown,"Prakasam district, in",253,34861,False
cf_16453,unknown,Madurai district is located in,253,34861,False
cf_16453,unknown,Guntur district is located in the country of,24206,5427,False
cf_8498,unknown,Chevrolet Corvette C7 Grand Sport is created by,253,49937,False
cf_8498,unknown,Chevrolet Tru 140S is a product of,253,49937,False
cf_8498,unknown,"Chevrolet Constantia, developed by",253,49937,False
cf_8498,unknown,Chevrolet Camaro ZL1 (fifth generation) is created by,49937,49937,True
cf_8498,unknown,Chevrolet Camaro ZL1 (fifth generation) is developed by,49937,49937,True
cf_8498,unknown,"M6 Bomb Truck, developed by",253,35251,False
cf_8498,unknown,"Chevrolet Engineering Research Vehicle, developed by",49937,49937,True
cf_8498,unknown,Chevrolet Camaro ZL1 (fifth generation) is produced by,49937,49937,True
cf_8498,unknown,Chevrolet Camaro is created by,253,49937,False
cf_8498,unknown,Chevrolet Series F is a product of,253,49937,False
cf_10523,unknown,Apple Pro Mouse is created by,253,8217,False
cf_10523,unknown,"Calendar and Contacts Server, a product manufactured by",253,9664,False
cf_10523,unknown,"MacBASIC, a product manufactured by",253,8217,False
cf_10523,unknown,"Podcast Capture, developed by",253,5559,False
cf_10523,unknown,"Macintosh Quadra 800, a product of",253,8217,False
cf_10523,unknown,Macintosh File System was created by,253,8217,False
cf_10523,unknown,"Apple Mouse, a product manufactured by",8217,8217,True
cf_10523,unknown,"Datafork TrueType, developed by",253,9664,False
cf_10523,unknown,Podcast Capture was created by,253,5559,False
cf_10523,unknown,Calendar and Contacts Server is created by,253,9664,False
cf_2269,unknown,George S. Kaufman originates from,253,8068,False
cf_2269,unknown,F. Murray Abraham was born in,253,4693,False
cf_2269,unknown,Annie Dillard is native to,253,8068,False
cf_2269,unknown,Julie Benz originated from,253,30647,False
cf_2269,unknown,Jackie Evancho is originally from,253,14296,False
cf_2269,unknown,Philip Showalter Hench originated from,253,8068,False
cf_2269,unknown,Ron Paul is originally from,253,30647,False
cf_2269,unknown,Jackie Evancho originates from,253,8068,False
cf_2269,unknown,Gene Kelly originated from,253,21818,False
cf_2269,unknown,Andy Warhol is native to,253,7785,False
cf_2980,unknown,Daejeon is a twin city of,36546,36546,True
cf_2980,unknown,What is the twin city of Daqing? It is,247,18496,False
cf_2980,unknown,The twin city of Jaipur is,253,19950,False
cf_2980,unknown,What is the twin city of Daejeon? It is,247,36546,False
cf_2980,unknown,Sarajevo is a twin city of,253,41460,False
cf_2980,unknown,The twin city of Daejeon is,253,36546,False
cf_2980,unknown,What is the twin city of Sarajevo? It is,253,28792,False
cf_2980,unknown,What is the twin city of Naucalpan de Juárez Municipality? It is,247,8987,False
cf_2980,unknown,The twin city of Sarajevo is,253,41460,False
cf_2980,unknown,The twin city of Mazkeret Batya is,247,17913,False
cf_19264,unknown,Charles-Antoine Coypel lost their life at,253,7785,False
cf_19264,unknown,Adolphe Niel passed away at,253,7785,False
cf_19264,unknown,Jean-Baptiste Philibert Vaillant died at,253,7785,False
cf_19264,unknown,Jean-Xavier Lefèvre died in,247,7785,False
cf_19264,unknown,Horace François Bastien Sébastiani de La Porta succumbed at,253,7785,False
cf_19264,unknown,Charles-Antoine Coypel passed away at,253,7785,False
cf_19264,unknown,André Guinier succumbed at,253,24639,False
cf_19264,unknown,Charles-Antoine Coypel succumbed at,253,7785,False
cf_19264,unknown,Gabriel Fauré died at,253,7785,False
cf_19264,unknown,Wanda von Sacher-Masoch passed away in,617,32000,False
cf_12523,unknown,James Brown is represented by,253,7671,False
cf_12523,unknown,Little Willie Littlefield label :,187,41813,False
cf_12523,unknown,"Freddie King, that is represented by",253,41813,False
cf_12523,unknown,"Johnny ""Guitar"" Watson label :",346,33368,False
cf_12523,unknown,"Johnny ""Guitar"" Watson's music label is",253,41813,False
cf_12523,unknown,"Billy Ward and His Dominoes, that is represented by",253,41813,False
cf_12523,unknown,Christine Kittrell's music label is,247,41813,False
cf_12523,unknown,"Marian McPartland, that is represented by",253,22645,False
cf_12523,unknown,Tiny Topsy is represented by record label,13,41813,False
cf_12523,unknown,The music label that is representing Freddie King is,253,33368,False
cf_4297,unknown,"Karl Bruckner, who is a citizen of",253,6176,False
cf_4297,unknown,"Ashleigh Barty, who has a citizenship from",253,6144,False
cf_4297,unknown,"Karl Sigmund, a citizen of",253,6176,False
cf_4297,unknown,"Leo Stein, who holds a citizenship from",253,9972,False
cf_4297,unknown,"Daniel Ricciardo, a citizen of",253,10869,False
cf_4297,unknown,Mark Webber holds a citizenship from,253,18908,False
cf_4297,unknown,Errol Flynn holds a citizenship from,253,6976,False
cf_4297,unknown,"Harry Seidler, who is a citizen of",253,6976,False
cf_4297,unknown,"Karl Bruckner, who holds a citizenship from",253,6176,False
cf_4297,unknown,Dymphna Cusack holds a citizenship from,253,6144,False
cf_12623,unknown,route 96 can be found in,253,7758,False
cf_12623,unknown,The location of Inner Circle railway line is,275,21818,False
cf_12623,unknown,Hellenic Museum can be found in,253,27411,False
cf_12623,unknown,Vision Australia is located in,253,21818,False
cf_12623,unknown,Vision Australia can be found in,253,6976,False
cf_12623,unknown,The location of Jessie McPherson Private Hospital is,4441,37304,False
cf_12623,unknown,route 16 is located in,253,4693,False
cf_12623,unknown,Where is Melbourne Athenaeum? It is located in,253,21818,False
cf_12623,unknown,Hotel Windsor is located in,253,42835,False
cf_12623,unknown,Where is 2014 Australian Open? It is located in,21818,21818,True
cf_411,unknown,Säntis is a part of the continent of,7531,10497,False
cf_411,unknown,Lleida is located in the continent,273,3060,False
cf_411,unknown,Aletschhorn is a part of the continent of,3060,3060,True
cf_411,unknown,Weisshorn belongs to the continent of,7531,3060,False
cf_411,unknown,Dents du Midi is a part of the continent of,7531,7531,True
cf_411,unknown,Soviet Union is in,253,3060,False
cf_411,unknown,Mount Pilatus is located in the continent,273,3060,False
cf_411,unknown,Bös Fulen is a part of the continent of,7531,3060,False
cf_411,unknown,Soviet Union is located in the continent,273,3060,False
cf_411,unknown,Aletschhorn is in,253,6176,False
cf_2401,unknown,"corrgimiento of Valencia, which has the capital city",273,47137,False
cf_2401,unknown,Comarca de València's capital is,247,47137,False
cf_2401,unknown,Military Region III (Spain)'s capital city is,21924,21924,True
cf_2401,unknown,corrgimiento of Valencia's capital city is,247,24639,False
cf_2401,unknown,The capital city of Comarca de València is,253,47137,False
cf_2401,unknown,The capital of Valencia Province is,253,47137,False
cf_2401,unknown,corrgimiento of Valencia's capital is,247,24639,False
cf_2401,unknown,The capital city of Captaincy General of Valencia is,4441,47137,False
cf_2401,unknown,"Community of Valencia, which has the capital city",273,47137,False
cf_2401,unknown,"Kingdom of Valencia's capital,",47137,47137,True
cf_2816,unknown,The language of Vettaiyaadu Vilaiyaadu is,247,34861,False
cf_2816,unknown,The language of Mayabazar was,417,4383,False
cf_2816,unknown,The original language of Aalavandhan was,3542,34861,False
cf_2816,unknown,The original language of Kaakha Kaakha is,247,34861,False
cf_2816,unknown,The original language of Thimiru was,247,34861,False
cf_2816,unknown,The language of Lava Kusha is,247,34861,False
cf_2816,unknown,The language of Rajapattai is,417,34861,False
cf_2816,unknown,The original language of Whistle is,27,4383,False
cf_2816,unknown,The language of Unakkum Enakkum is,247,34861,False
cf_2816,unknown,The language of Kuruthipunal is,417,34861,False
cf_15749,unknown,"In Netherlands, they understand",326,13986,False
cf_15749,unknown,"In Flemish Region, they understand",326,13986,False
cf_15749,unknown,"In Belgium, they understand",326,5112,False
cf_15749,unknown,The official language of Netherlands Antilles is,13986,13986,True
cf_15749,unknown,"In Belgium, the language spoken is",13986,13986,True
cf_15749,unknown,"In Sint Maarten, an official language is",13452,13986,False
cf_15749,unknown,The law in Bruges declares the language,273,13986,False
cf_15749,unknown,"In Maastricht, the language spoken is",253,13986,False
cf_15749,unknown,The official language of Maastricht is,13986,13986,True
cf_15749,unknown,The official language of Curaçao is,13986,13986,True
cf_9139,unknown,"Innocent XII, whose position is that of",247,26892,False
cf_9139,unknown,Boniface VIII holds the position of,18422,39166,False
cf_9139,unknown,"Pius IV, whose position is that of",247,39166,False
cf_9139,unknown,"Gregory XV, who has the position of",253,26892,False
cf_9139,unknown,Gregory XV holds the title of,253,29417,False
cf_9139,unknown,"Clement XII, whose position is that of",247,39166,False
cf_9139,unknown,"Honorius III, who holds the position of",253,39166,False
cf_9139,unknown,Gregory X's position is,326,29417,False
cf_9139,unknown,Gregory XV's position is,326,29417,False
cf_9139,unknown,Gregory X is a,3438,29417,False
cf_14547,unknown,The language of Ars Poetica is,417,9890,False
cf_14547,unknown,The language of Redemptoris Mater is,417,12760,False
cf_14547,unknown,Inscriptiones Graecae was written in,253,11308,False
cf_14547,unknown,The language of Inscriptiones Graecae was,908,11308,False
cf_14547,unknown,The language of Liber ad honorem Augusti is,247,12760,False
cf_14547,unknown,Liber ad honorem Augusti is written in,253,12760,False
cf_14547,unknown,Augustan History is written in,253,5112,False
cf_14547,unknown,Syntagma Musicum was written in,253,11308,False
cf_14547,unknown,The language of Ecclesia de Eucharistia was,417,12760,False
cf_14547,unknown,Inscriptiones Graecae is written in,253,11308,False
cf_8871,unknown,"Robbie Brady, who plays the position",273,22385,False
cf_8871,unknown,Which position does Pierre Littbarski play? They play as,247,42402,False
cf_8871,unknown,Pierre Littbarski plays as,247,42402,False
cf_8871,unknown,"Radosław Kałużny, who plays the position",273,42402,False
cf_8871,unknown,"Kanga Akalé, who plays the position",273,22385,False
cf_8871,unknown,"Juan Sebastián Verón, who plays the position",273,42402,False
cf_8871,unknown,Which position does Kanga Akalé play? They play as,247,42402,False
cf_8871,unknown,"Leonardo Araújo, who plays the position",273,42402,False
cf_8871,unknown,Igor Netto plays in the position of,253,42402,False
cf_8871,unknown,Which position does Paul Scholes play? They play as,247,22385,False
cf_19534,unknown,Awake was originally aired on,253,22303,False
cf_19534,unknown,Jeopardy! premieres on,253,21946,False
cf_19534,unknown,NBC Nightly News was originally aired on,22303,22303,True
cf_19534,unknown,Camp Cucamonga was originally aired on,253,21946,False
cf_19534,unknown,Scrubs premiered on,253,22303,False
cf_19534,unknown,Medium debuted on,253,22303,False
cf_19534,unknown,Medium premiered on,253,22303,False
cf_19534,unknown,The Voice was released on,3919,21946,False
cf_19534,unknown,The Voice debuted on,253,22303,False
cf_19534,unknown,The Menagerie debuted on,253,15501,False
cf_1884,unknown,Bulgaria is affiliated with the,5284,24952,False
cf_1884,unknown,Hungary is affiliated with the,5284,24952,False
cf_1884,unknown,Norway belongs to the organization of,253,24952,False
cf_1884,unknown,Spain is affiliated with,253,24952,False
cf_1884,unknown,Turkey is affiliated with the,5284,24952,False
cf_1884,unknown,Belgium is affiliated with the,5284,24952,False
cf_1884,unknown,Slovenia is a member of,253,24952,False
cf_1884,unknown,Slovenia is affiliated with,253,24952,False
cf_1884,unknown,Italy is affiliated with,253,24952,False
cf_1884,unknown,Greece is affiliated with the,5284,24952,False
cf_5833,unknown,"Love Me If You Dare, that was formulated in",253,30647,False
cf_5833,unknown,"The Scorpion King, that was from",253,4047,False
cf_5833,unknown,"Daisy Town, that was from",253,15501,False
cf_5833,unknown,Asterix and Cleopatra was developed in,253,12300,False
cf_5833,unknown,"Altiplano, formulated in",253,9972,False
cf_5833,unknown,Ben X from,253,9664,False
cf_5833,unknown,"Daisy Town, created in",253,6976,False
cf_5833,unknown,"Everybody's Famous!, that was formulated in",253,17372,False
cf_5833,unknown,"Altiplano, that was from",253,9972,False
cf_5833,unknown,"Man Bites Dog, created in",253,4047,False
cf_17735,unknown,Derek Jeter plays,247,14623,False
cf_17735,unknown,"Hank Aaron, the",3438,14623,False
cf_17735,unknown,Ty Cobb professionally plays the sport,273,14623,False
cf_17735,unknown,Joe DiMaggio is a professional,14623,14623,True
cf_17735,unknown,Jim Thorpe professionally plays the sport,273,19971,False
cf_17735,unknown,"Mickey Mantle, the",806,24455,False
cf_17735,unknown,Jim Bunning is a professional,14623,14623,True
cf_17735,unknown,What sport does Lou Gehrig play? They play,14623,14623,True
cf_17735,unknown,Derek Jeter professionally plays the sport,273,14623,False
cf_17735,unknown,Babe Ruth professionally plays the sport,273,14623,False
cf_8016,unknown,Gerilja formed in,253,40431,False
cf_8016,unknown,"Isvind, that was created in",253,20341,False
cf_8016,unknown,"Jon Eberson Group, that originated in",253,14296,False
cf_8016,unknown,Bushman's Revenge that was founded in,253,14296,False
cf_8016,unknown,"The Lucky Bullets, that was started in",253,8068,False
cf_8016,unknown,Thunderbolt was founded in,253,4693,False
cf_8016,unknown,Jumbo originated in,253,8068,False
cf_8016,unknown,Jon Eberson Group that was founded in,253,16700,False
cf_8016,unknown,Thunderbolt was formed in,253,4072,False
cf_8016,unknown,"In The Country, that was created in",253,6976,False
cf_6618,unknown,Fritz Erpenbeck took up work in,253,12911,False
cf_6618,unknown,Heinz Zatschek took up work in,253,12911,False
cf_6618,unknown,Johann Wolfgang Brügel worked in,253,26229,False
cf_6618,unknown,Jan Kryštof Liška used to work in,253,41577,False
cf_6618,unknown,Jan Otakar Fischer found employment in,253,43516,False
cf_6618,unknown,Jindřich Tomec was employed in,253,41577,False
cf_6618,unknown,Jan Zach worked in the city of,1457,8068,False
cf_6618,unknown,Ignaz Rudolf Bischoff was employed in,253,26229,False
cf_6618,unknown,Irena Dodalová worked in the city of,418,41577,False
cf_6618,unknown,Jan Bělehrádek worked in the city of,611,41577,False
cf_17661,unknown,The domain of activity of Gerard Blasius is,281,18090,False
cf_17661,unknown,The domain of activity of Augusto Murri is,253,18090,False
cf_17661,unknown,Augusto Murri specializes in,253,18542,False
cf_17661,unknown,Nestor Ambodik-Maksimovich specializes in,253,23065,False
cf_17661,unknown,Mukhtar Aliev specializes in,253,20391,False
cf_17661,unknown,Arkadij Alfonskij's domain of work is,253,2892,False
cf_17661,unknown,William Hunter's domain of activity is,281,8672,False
cf_17661,unknown,Eugen Albrecht's area of work is,253,16775,False
cf_17661,unknown,The domain of work of Marc Colombat de L'Isère is,253,37756,False
cf_17661,unknown,William Hunter's expertise is,275,20162,False
cf_433,unknown,The native language of Montesquieu is,5112,5112,True
cf_433,unknown,The native language of Octave Mirbeau is,5112,5112,True
cf_433,unknown,"Henri Barbusse, speaker of",253,5112,False
cf_433,unknown,Élisée Reclus is a native speaker of,5112,5112,True
cf_433,unknown,"Maurice Genevoix, a native",273,5112,False
cf_433,unknown,"Jean-Baptiste Say, a native",273,5112,False
cf_433,unknown,Jean Auguste Dominique Ingres spoke the language,273,5112,False
cf_433,unknown,"Montesquieu, a native",273,5112,False
cf_433,unknown,"Élisée Reclus, speaker of",253,5112,False
cf_433,unknown,The mother tongue of Jean-Baptiste Say is,247,5112,False
cf_19126,unknown,John Lloyd Stephens's profession is a,1077,18468,False
cf_19126,unknown,Oleksandr Dovzhenko's profession is an,6485,12353,False
cf_19126,unknown,The profession of Lutz Graf Schwerin von Krosigk is,247,25375,False
cf_19126,unknown,"Carl Bildt, who works as",247,18468,False
cf_19126,unknown,Gabriel Narutowicz works as,247,25375,False
cf_19126,unknown,The occupation of Norodom Sihamoni is,247,18468,False
cf_19126,unknown,The profession of Stanisław August Poniatowski is,247,18468,False
cf_19126,unknown,The occupation of Toomas Hendrik Ilves is,247,18468,False
cf_19126,unknown,Stanisław August Poniatowski works as,247,18468,False
cf_19126,unknown,Lutz Graf Schwerin von Krosigk's occupation is,417,18468,False
cf_15611,unknown,"Vint Cerf, who works for",253,21314,False
cf_15611,unknown,Erich Gamma works for,253,21314,False
cf_15611,unknown,"Klaus Darga, who is employed by",253,5559,False
cf_15611,unknown,"Edgar F. Codd, who works for",253,21314,False
cf_15611,unknown,Thomas Watson is employed by,253,15501,False
cf_15611,unknown,"Gerd Binnig, who works for",253,21314,False
cf_15611,unknown,"John Cocke, who is employed by",253,15501,False
cf_15611,unknown,"Jim Gray, of",253,41813,False
cf_15611,unknown,Vint Cerf is employed by,253,21314,False
cf_15611,unknown,John Cocke works for,253,15501,False
cf_12976,unknown,Polemidia Dam owner,13,9972,False
cf_12976,unknown,Solea Dam is owned by,253,10869,False
cf_12976,unknown,Germasogeia Dam's owner,13,9972,False
cf_12976,unknown,"Solea Dam, by",253,28792,False
cf_12976,unknown,"Arminou Dam, from",253,10869,False
cf_12976,unknown,"Kouris Dam, from",253,6181,False
cf_12976,unknown,Pomos Dam is from,253,11268,False
cf_12976,unknown,"Evretou Dam, by",253,42862,False
cf_12976,unknown,Polemidia Dam is owned by,253,10869,False
cf_12976,unknown,Achna Dam's owner,13,46599,False
cf_11362,unknown,"Götz Alsmann, the",3438,24455,False
cf_11362,unknown,"Grete von Zieritz, the",4475,25375,False
cf_11362,unknown,Justus Frantz performs on the,18542,18542,True
cf_11362,unknown,"Carl Adolf Martienssen, the",15217,18542,False
cf_11362,unknown,Carl Adolf Martienssen performs on the,18542,18542,True
cf_11362,unknown,Grete von Zieritz plays the instrument,13,18542,False
cf_11362,unknown,Hauschka plays,247,24455,False
cf_11362,unknown,"Peter Igelhoff, the",3438,25375,False
cf_11362,unknown,"Nikolai Rimsky-Korsakov, playing the",2554,18542,False
cf_11362,unknown,Leopold von Meyer performs on the,3924,18542,False
cf_317,unknown,"Louisiana Highway 3, in",253,17753,False
cf_317,unknown,Louisiana Highway 19 is located in,253,17753,False
cf_317,unknown,"Louisiana Highway 14, in",253,17753,False
cf_317,unknown,Louisiana Highway 8 is within,253,17753,False
cf_317,unknown,"Louisiana Highway 8, in",253,17753,False
cf_317,unknown,Deville is located in,253,6181,False
cf_317,unknown,Louisiana Highway 4 can be found in,253,17753,False
cf_317,unknown,Louisiana Highway 26 is within,253,17753,False
cf_317,unknown,Inniswold is located in,253,6144,False
cf_317,unknown,Louisiana Highway 21 is within,253,17753,False
cf_6957,unknown,Sade Adu plays,323,24455,False
cf_6957,unknown,Jacky Terrasson is known for performing,275,24455,False
cf_6957,unknown,Niño Josele plays,323,12609,False
cf_6957,unknown,Jacky Terrasson plays,247,12609,False
cf_6957,unknown,What does Casey Abrams play? They play,253,5842,False
cf_6957,unknown,What does Jacky Terrasson play? They play,247,24455,False
cf_6957,unknown,Al Sears is known for performing,247,24455,False
cf_6957,unknown,Jason Mraz performs,387,24455,False
cf_6957,unknown,Eric Alexander is known for performing,275,24455,False
cf_6957,unknown,Al Sears performs,247,24455,False
cf_7033,unknown,Tukholmankatu was named after,253,25270,False
cf_7033,unknown,378 Holmia was named after,253,6181,False
cf_7033,unknown,"Stockholm (Mónica Gaztambide), which is named for",253,38476,False
cf_7033,unknown,"Stockholm Water Prize, which was named after",253,38476,False
cf_7033,unknown,"holmium, which is named for",253,41813,False
cf_7033,unknown,"Stockholm Västerås Airport, which is named for",253,38476,False
cf_7033,unknown,"Stockholm Skavsta Airport, which is named after",253,38476,False
cf_7033,unknown,"Stockholm East Station, called after",253,38476,False
cf_7033,unknown,"Stockholm East Station, which was named after",253,38476,False
cf_7033,unknown,Stockholm Skavsta Airport was named for,253,16842,False
cf_9302,unknown,Andrew Johnson is affiliated with the religion,273,20242,False
cf_9302,unknown,Orson Welles is follower of,253,20242,False
cf_9302,unknown,Andrew Johnson is follower of,253,35702,False
cf_9302,unknown,Malta is affiliated with the religion,273,20242,False
cf_9302,unknown,Leo Tolstoy follows the religion of,253,8033,False
cf_9302,unknown,Chiang Kai-shek is affiliated with the religion,273,35702,False
cf_9302,unknown,Marilyn Monroe is follower of,253,20242,False
cf_9302,unknown,The official religion of Lady Gaga is,26334,20242,False
cf_9302,unknown,Charles Aznavour follows the religion of,521,8033,False
cf_9302,unknown,Dwayne Johnson is affiliated with the religion,273,20242,False
cf_16283,unknown,The language used by Grace Kelly is,247,4383,False
cf_16283,unknown,Georges Pompidou writes in,253,5112,False
cf_16283,unknown,Michel Platini writes in,253,5112,False
cf_16283,unknown,Antoine de Saint-Exupéry writes in,521,5112,False
cf_16283,unknown,Benedict XVI writes in,521,12760,False
cf_16283,unknown,Charles Maurras speaks the language,273,5112,False
cf_16283,unknown,The language used by Benedict XVI is,253,9890,False
cf_16283,unknown,Rodolphe Töpffer speaks,273,5112,False
cf_16283,unknown,Benedict XVI speaks,273,5112,False
cf_16283,unknown,Sarah Bernhardt speaks the language,273,5112,False
cf_9728,unknown,World Lacrosse is headquartered in,253,13533,False
cf_9728,unknown,The headquarter of Shoppers Drug Mart is in,253,14296,False
cf_9728,unknown,The headquarter of Postmedia Network is located in,13533,13533,True
cf_9728,unknown,Manulife Financial's headquarters are in,253,17361,False
cf_9728,unknown,Vale Limited is headquartered in,4693,4693,True
cf_9728,unknown,The headquarters of The Hockey News is in,1457,21249,False
cf_9728,unknown,The headquarters of Iamgold is in,253,4693,False
cf_9728,unknown,Four Seasons Hotels and Resorts's headquarters are in,253,8068,False
cf_9728,unknown,"Labatt Brewing Company, whose headquarters are in",253,22119,False
cf_9728,unknown,The headquarter of National Post is in,253,4693,False
cf_5227,unknown,Finland is located in,253,3060,False
cf_5227,unknown,"euro, which is located in",253,3060,False
cf_5227,unknown,"Finnish National Gallery artwork ID, in",253,25270,False
cf_5227,unknown,Åland is located in the country of,253,16842,False
cf_5227,unknown,euro is located in the country of,253,43905,False
cf_5227,unknown,Helsinki is located in the country of,25270,25270,True
cf_5227,unknown,"Finnish National Gallery artist ID, located in",34159,34159,True
cf_5227,unknown,Finnish MP ID is located in,253,25270,False
cf_5227,unknown,"Tilastopaja female athlete ID, located in",253,25270,False
cf_5227,unknown,"Nokia, in",253,25270,False
cf_15605,unknown,Honda Bali is a product of,34379,34379,True
cf_15605,unknown,"Honda Passport, created by",253,34379,False
cf_15605,unknown,Honda Bravo is developed by,34379,34379,True
cf_15605,unknown,Honda 70 is created by,34379,34379,True
cf_15605,unknown,Honda 70 is developed by,34379,34379,True
cf_15605,unknown,Honda Passport is developed by,253,34379,False
cf_15605,unknown,"Honda CB650SC, developed by",34379,34379,True
cf_15605,unknown,"Honda 70, created by",34379,34379,True
cf_15605,unknown,"Honda 70, produced by",34379,34379,True
cf_15605,unknown,"Honda VT600C, created by",34379,34379,True
cf_13502,unknown,"Windows 9x, a product created by",9664,9664,True
cf_13502,unknown,Microsoft Surface is a product of,9664,9664,True
cf_13502,unknown,ASP.NET MVC Framework is a product of,253,9664,False
cf_13502,unknown,Windows 9x is developed by,9664,9664,True
cf_13502,unknown,"Windows Me, a product manufactured by",253,8217,False
cf_13502,unknown,"Rich Text Format, a product of",253,9664,False
cf_13502,unknown,"JScript, developed by",253,9664,False
cf_13502,unknown,Windows 98 is developed by,9664,9664,True
cf_13502,unknown,"F#, developed by",253,9664,False
cf_13502,unknown,"Windows Me, created by",253,9664,False
cf_15325,unknown,André Charles Boulle originated from,253,7785,False
cf_15325,unknown,Boniface de Castellane is originally from,253,7785,False
cf_15325,unknown,Alphonse Pyramus de Candolle was native to,253,7785,False
cf_15325,unknown,Henry E. Sigerist is originally from,253,8068,False
cf_15325,unknown,Franz Theodor Doflein is originally from,6176,12911,False
cf_15325,unknown,Catherine of Cleves is native to,253,7785,False
cf_15325,unknown,Boniface de Castellane was born in,253,7785,False
cf_15325,unknown,Alphonse Pyramus de Candolle was born in,7785,7785,True
cf_15325,unknown,Auguste Longnon was born in,7785,7785,True
cf_15325,unknown,Louis-Auguste Bisson was originally from,253,7785,False
cf_15909,unknown,The twin city of Florence is,253,28792,False
cf_15909,unknown,What is the twin city of Vilnius? It is,253,40431,False
cf_15909,unknown,The twin city of Rio de Janeiro is,253,34215,False
cf_15909,unknown,Strasbourg is a twin city of,7785,7785,True
cf_15909,unknown,The twin city of Venice is,247,28792,False
cf_15909,unknown,What is the twin city of Amsterdam? It is,253,26653,False
cf_15909,unknown,The twin city of Budapest is,253,26229,False
cf_15909,unknown,What is the twin city of Rio de Janeiro? It is,253,34215,False
cf_15909,unknown,What is the twin city of Venice? It is,247,28792,False
cf_15909,unknown,What is the twin city of Cairo? It is,253,37068,False
cf_4278,unknown,George Whipple's life ended in,247,9693,False
cf_4278,unknown,Frank Moore Cross passed away in,247,4693,False
cf_4278,unknown,George Eastman lost their life at,253,8068,False
cf_4278,unknown,George Whipple expired at,253,8068,False
cf_4278,unknown,William Thurston died in the city of,1457,9693,False
cf_4278,unknown,Emil Wolf lost their life at,253,32000,False
cf_4278,unknown,Walter Rauschenbusch succumbed at,253,12911,False
cf_4278,unknown,Emil Wolf succumbed at,253,11988,False
cf_4278,unknown,Louise Brooks died at,253,7785,False
cf_4278,unknown,Lewis H. Morgan died in,247,8068,False
cf_15540,unknown,Billie Holiday is represented by record label,13,41813,False
cf_15540,unknown,The music label representing Bing Crosby is,671,33368,False
cf_15540,unknown,"Bing Crosby, which is represented by",253,5559,False
cf_15540,unknown,"Don Bestor, that is represented by",253,41813,False
cf_15540,unknown,Don Bestor's record label is,247,41813,False
cf_15540,unknown,Billie Holiday label :,346,41813,False
cf_15540,unknown,"Little Richard, which is represented by",253,41813,False
cf_15540,unknown,Art Tatum's record label is,247,41813,False
cf_15540,unknown,Glen Gray recorded for,253,41813,False
cf_15540,unknown,Art Tatum's label is,247,33368,False
cf_3863,unknown,"Tatjana Lematschko, who holds a citizenship from",253,37603,False
cf_3863,unknown,"Ivan Asen III of Bulgaria, who holds a citizenship from",253,43905,False
cf_3863,unknown,"Manuela Maleeva, who has a citizenship from",253,7422,False
cf_3863,unknown,"Lili Ivanova, who has a citizenship from",253,7422,False
cf_3863,unknown,"Elitsa Todorova, who is a citizen of",253,43905,False
cf_3863,unknown,"Ghena Dimitrova, who holds a citizenship from",253,43905,False
cf_3863,unknown,"Omurtag of Bulgaria, who is a citizen of",253,43905,False
cf_3863,unknown,"Lili Ivanova, who holds a citizenship from",253,7422,False
cf_3863,unknown,Manuela Maleeva holds a citizenship from,253,23881,False
cf_3863,unknown,"John Kukuzelis, who has a citizenship from",253,16795,False
cf_15469,unknown,trams in Budapest is in,253,50086,False
cf_15469,unknown,Balassi Institute is in,253,9972,False
cf_15469,unknown,Where is Kelenföld railway station? It is located in,253,16842,False
cf_15469,unknown,The location of Budapest Southern Railway Terminal is,4441,50086,False
cf_15469,unknown,Budapest District XVI is located in,253,29171,False
cf_15469,unknown,Budapest Southern Railway Terminal is in,253,50086,False
cf_15469,unknown,trams in Budapest is located in,253,29171,False
cf_15469,unknown,Where is Budapest Metro Line 4? It is located in,253,50086,False
cf_15469,unknown,Budapest District XX is in,253,29171,False
cf_15469,unknown,Budapest District XVI is in,253,29171,False
cf_9437,unknown,India is a part of the continent of,7531,10497,False
cf_9437,unknown,Russia is in,253,3060,False
cf_9437,unknown,Myanmar is located in the continent,273,43828,False
cf_9437,unknown,Indonesia is a part of the continent of,10497,10497,True
cf_9437,unknown,Indonesia is in,253,10497,False
cf_9437,unknown,"People's Republic of China, in",253,10497,False
cf_9437,unknown,Myanmar is in,253,10497,False
cf_9437,unknown,Japan belongs to the continent of,7531,10497,False
cf_9437,unknown,Saudi Arabia is located in,253,20498,False
cf_9437,unknown,Pakistan is a part of the continent of,7531,10497,False
cf_13126,unknown,"July Monarchy's capital city,",253,26229,False
cf_13126,unknown,"French colonial empire's capital city,",253,4693,False
cf_13126,unknown,The capital city of Vichy France is,253,7785,False
cf_13126,unknown,Vichy France's capital city is,247,7785,False
cf_13126,unknown,"Metropolis of Greater Paris's capital,",253,7785,False
cf_13126,unknown,Metropolis of Greater Paris's capital is,247,7785,False
cf_13126,unknown,"French colonial empire, which has the capital",273,7785,False
cf_13126,unknown,The capital of July Monarchy is,4441,26229,False
cf_13126,unknown,"French Fifth Republic, which has the capital",273,7785,False
cf_13126,unknown,French Third Republic's capital is,253,7785,False
cf_16597,unknown,The original language of Backwood Philosopher is,27,4383,False
cf_16597,unknown,The original language of Sunset Riders is,247,4383,False
cf_16597,unknown,The original language of For the Living and the Dead was,3542,4383,False
cf_16597,unknown,The language of Dynamiittityttö was,908,4383,False
cf_16597,unknown,The language of For the Living and the Dead is,247,4383,False
cf_16597,unknown,The language of Elinan surma is,247,4383,False
cf_16597,unknown,The language of Ella and Friends was,247,4383,False
cf_16597,unknown,The original language of Dynamiittityttö is,346,36090,False
cf_16597,unknown,The language of Badding was,417,4383,False
cf_16597,unknown,"The language of Gabriel, Come Back is",247,26467,False
cf_18237,unknown,The law in India declares the language,273,34861,False
cf_18237,unknown,The official language of India is,15713,34861,False
cf_18237,unknown,"In Fiji, the language spoken is",401,4383,False
cf_18237,unknown,The official language of Singapore is,4383,4383,True
cf_18237,unknown,The law in Ireland declares the language,273,11596,False
cf_18237,unknown,The official language of United Kingdom is,4383,4383,True
cf_18237,unknown,"In Ireland, an official language is",253,4383,False
cf_18237,unknown,"In Australia, they understand",326,4383,False
cf_18237,unknown,"In Barbados, they understand",326,4383,False
cf_18237,unknown,"In United Kingdom, they understand",326,4383,False
cf_7770,unknown,Hyacinthe Sigismond Gerdil holds the title of,253,26892,False
cf_7770,unknown,Alfons Maria Stickler has the position of,253,29417,False
cf_7770,unknown,"Friedrich Gustav Piffl, who has the position of",253,14967,False
cf_7770,unknown,Gaspard Mermillod holds the title of,253,49360,False
cf_7770,unknown,Alessandro Peretti di Montalto's position is,326,29417,False
cf_7770,unknown,"Johann Rudolf Kutschker, who has the position of",253,14967,False
cf_7770,unknown,"Hyacinthe Sigismond Gerdil, whose position is that of",247,26892,False
cf_7770,unknown,Boniface II is a,1270,39166,False
cf_7770,unknown,Theodor Innitzer holds the title of,253,29417,False
cf_7770,unknown,Gaspard Mermillod's position is,326,29417,False
cf_13071,unknown,The language of Chaser is,417,4383,False
cf_13071,unknown,Cinnamon is written in,253,4383,False
cf_13071,unknown,The language of Mazeppa is,417,9890,False
cf_13071,unknown,The language of Google Map Maker was,417,4383,False
cf_13071,unknown,The language of Odnoklassniki was,417,7247,False
cf_13071,unknown,The language of Moskovskij Komsomolets is,417,7247,False
cf_13071,unknown,Moskovskij Komsomolets was written in,253,7247,False
cf_13071,unknown,The language of Chaos on Deponia is,247,4383,False
cf_13071,unknown,The language of Moskovskij Komsomolets was,417,7247,False
cf_13071,unknown,Severny Vestnik is written in,253,7247,False
cf_19073,unknown,Leonardo Araújo plays in the position of,253,42402,False
cf_19073,unknown,Paul Scholes plays in the position of,247,22385,False
cf_19073,unknown,Robbie Brady plays in the position of,247,22385,False
cf_19073,unknown,Adrian Mierzejewski plays in the position of,247,42402,False
cf_19073,unknown,Which position does Uwe Rahn play? They play as,247,42402,False
cf_19073,unknown,Juan Sebastián Verón plays in the position of,253,31021,False
cf_19073,unknown,"Juan Sebastián Verón, who plays the position",273,42402,False
cf_19073,unknown,Kanga Akalé plays as,247,31021,False
cf_19073,unknown,Which position does Igor Netto play? They play as,247,42402,False
cf_19073,unknown,"Robbie Brady, who plays the position",273,22385,False
cf_7615,unknown,Without a Trace premieres on,25456,41069,False
cf_7615,unknown,The Little Mermaid premiered on,27199,16590,False
cf_7615,unknown,Late Show with David Letterman was released on,17509,22303,False
cf_7615,unknown,Candles on Bay Street premieres on,253,22303,False
cf_7615,unknown,"Murder, She Wrote was released on",17509,21946,False
cf_7615,unknown,The Agency was released on,19590,21946,False
cf_7615,unknown,Candles on Bay Street premiered on,27199,22303,False
cf_7615,unknown,Golden Boy was originally aired on,253,22303,False
cf_7615,unknown,"Scooby-Doo, Where Are You! was originally aired on",253,21946,False
cf_7615,unknown,The Young and the Restless debuted on,253,22303,False
cf_3716,unknown,John Bechdel is affiliated with,253,20695,False
cf_3716,unknown,Bill Rieflin is affiliated with the,2499,33368,False
cf_3716,unknown,Paul Raven belongs to the organization of,253,33368,False
cf_3716,unknown,John Bechdel belongs to the organization of,253,24455,False
cf_3716,unknown,Bill Rieflin belongs to the organization of,253,24455,False
cf_3716,unknown,John Bechdel is a member of,253,20695,False
cf_3716,unknown,Casey Orr is a part of the,2285,33368,False
cf_3716,unknown,Bill Rieflin is affiliated with,253,253,True
cf_3716,unknown,Casey Orr is affiliated with,253,33368,False
cf_3716,unknown,Casey Orr belongs to the organization of,253,38075,False
cf_4843,unknown,"Fortress, that was created in",253,15427,False
cf_4843,unknown,Frauds was formulated in,253,6181,False
cf_4843,unknown,The Pacific was from,253,6976,False
cf_4843,unknown,The Seekers was from,253,18267,False
cf_4843,unknown,"Legend of the Guardians: The Owls of Ga'Hoole, created in",253,6976,False
cf_4843,unknown,The Slap was created in the country of,253,22075,False
cf_4843,unknown,"Frauds, formulated in",253,5112,False
cf_4843,unknown,Legend of the Guardians: The Owls of Ga'Hoole was formulated in,253,17367,False
cf_4843,unknown,The Lucky One was formulated in,253,17372,False
cf_4843,unknown,"Deep Blue Sea, that was developed in",253,6976,False
cf_730,unknown,What sport does Byron White play? They play,5842,20391,False
cf_730,unknown,Terry Crews plays,247,5842,False
cf_730,unknown,What sport does George Plimpton play? They play,15692,14623,False
cf_730,unknown,What sport does Bubba Smith play? They play,5842,5842,True
cf_730,unknown,Terry Crews is a professional,5842,20391,False
cf_730,unknown,What sport does Jim Thorpe play? They play,247,14623,False
cf_730,unknown,What sport does Ed O'Neill play? They play,5842,20391,False
cf_730,unknown,Drew Brees is a professional,5842,5842,True
cf_730,unknown,Carl Weathers is a professional,8406,19971,False
cf_730,unknown,Bubba Smith plays,253,5842,False
cf_6059,unknown,"Alex Kapranos, that was formed in",253,18267,False
cf_6059,unknown,Travis was formed in,253,30647,False
cf_6059,unknown,"Battlefield Band, that was formed in",253,16335,False
cf_6059,unknown,"Gun, founded in",253,4693,False
cf_6059,unknown,"Primal Scream, that originated in",253,4047,False
cf_6059,unknown,Deacon Blue was started in,253,8068,False
cf_6059,unknown,"Camera Obscura, created in",253,8987,False
cf_6059,unknown,Camera Obscura was created in,253,7758,False
cf_6059,unknown,Middle of the Road was formed in,253,17372,False
cf_6059,unknown,Texas formed in,253,4693,False
cf_14070,unknown,Walter Nestle was employed in,253,7785,False
cf_14070,unknown,Johann Friedrich Morgenstern took up work in,253,12911,False
cf_14070,unknown,Fritz Kern was employed in,253,12911,False
cf_14070,unknown,Franz Georg Maier took up work in,253,12911,False
cf_14070,unknown,Filippo Ranieri worked in,253,12300,False
cf_14070,unknown,Fritz Peter Buch used to work in,253,32000,False
cf_14070,unknown,Paul Lüth was employed in,253,12911,False
cf_14070,unknown,Hermann Goepfert found employment in,253,32000,False
cf_14070,unknown,Fritz Peter Buch was employed in,253,12911,False
cf_14070,unknown,Fritz Kern used to work in,253,12911,False
cf_16497,unknown,William Henry Bragg's area of work is,253,26481,False
cf_16497,unknown,Henry Cavendish specializes in,253,13497,False
cf_16497,unknown,François Arago works in the area of,253,23065,False
cf_16497,unknown,Johannes Diderik van der Waals works in the area of,253,18090,False
cf_16497,unknown,The domain of work of Leó Szilárd is,253,23065,False
cf_16497,unknown,Henry Cavendish's domain of activity is,281,8672,False
cf_16497,unknown,The domain of work of Joseph Louis Gay-Lussac is,253,32337,False
cf_16497,unknown,Jean Perrin's area of work is,253,26481,False
cf_16497,unknown,The domain of activity of Gabriel Lippmann is,253,20162,False
cf_16497,unknown,Felix Bloch works in the field of,4382,12057,False
cf_15743,unknown,Arend Heyting spoke the language,273,5112,False
cf_15743,unknown,Giaches de Wert spoke the language,273,5112,False
cf_15743,unknown,The mother tongue of Jan Hendrik Waszink is,247,13986,False
cf_15743,unknown,Arend Lijphart is a native speaker of,4383,5112,False
cf_15743,unknown,"Antoon Coolen, a native",273,5112,False
cf_15743,unknown,"David Teniers the Elder, speaker of",253,4383,False
cf_15743,unknown,The mother tongue of Wilhelm de Haan is,253,5685,False
cf_15743,unknown,"Dick Bruna, a native",273,5112,False
cf_15743,unknown,The native language of Pieter Codde is,13986,13986,True
cf_15743,unknown,"Johan Daisne, a native",273,13986,False
cf_15248,unknown,"John Galsworthy, who works as",247,42250,False
cf_15248,unknown,Sigrid Undset's occupation is,247,27343,False
cf_15248,unknown,"George Meredith, who works as",247,12353,False
cf_15248,unknown,The profession of Arthur Miller is,247,48605,False
cf_15248,unknown,Giacomo Casanova's profession is a,1077,27343,False
cf_15248,unknown,The occupation of Giacomo Casanova is,247,18468,False
cf_15248,unknown,Isabel Allende's occupation is,417,18468,False
cf_15248,unknown,Aldous Huxley's profession is a,8406,29875,False
cf_15248,unknown,François Mauriac works as,247,8406,False
cf_15248,unknown,J. M. Barrie's occupation is,417,18468,False
cf_7625,unknown,"Richard Ryder, Baron Ryder of Wensum, who works for",253,15501,False
cf_7625,unknown,Stefan Kornelius is employed by,253,9664,False
cf_7625,unknown,"Madhur Jaffrey, who works for",253,15501,False
cf_7625,unknown,"Geoffrey Lloyd, Baron Geoffrey-Lloyd works for",253,15501,False
cf_7625,unknown,Andrew Marr is employed by,253,15501,False
cf_7625,unknown,"Geoffrey Lloyd, Baron Geoffrey-Lloyd is employed by",253,15501,False
cf_7625,unknown,"Andrea Barbato, of",253,9972,False
cf_7625,unknown,"Richard Ryder, Baron Ryder of Wensum, of",253,10648,False
cf_7625,unknown,Jameela Jamil is employed by,253,5559,False
cf_7625,unknown,Magnus Magnusson works for,253,21314,False
cf_8422,unknown,"Sky Sports Premier League, by",253,38075,False
cf_8422,unknown,Sky Witness is from,253,22303,False
cf_8422,unknown,Sky Movies Box Office's owner,13,21946,False
cf_8422,unknown,"Sky Replay, from",253,22645,False
cf_8422,unknown,Sky Sports Premier League owner,13,16194,False
cf_8422,unknown,Be Un Limited is from,253,4693,False
cf_8422,unknown,Sky One is owned by,253,35251,False
cf_8422,unknown,Sky Movies Box Office is owned by,253,16590,False
cf_8422,unknown,"Sky Italia (company), from",253,9972,False
cf_8422,unknown,Sky Sports Premier League is owned by,253,16194,False
cf_7235,unknown,Douglas Adams performs on the,3924,18542,False
cf_7235,unknown,"Douglas Adams, playing the",2554,18542,False
cf_7235,unknown,John Lennon plays,253,18542,False
cf_7235,unknown,"Neil Young, playing the",2554,12609,False
cf_7235,unknown,"Paul Simon, playing the",2554,12609,False
cf_7235,unknown,"Serge Gainsbourg, playing the",2554,12609,False
cf_7235,unknown,"Jimi Hendrix, the",40720,12609,False
cf_7235,unknown,Paul Simon plays the instrument,15,12609,False
cf_7235,unknown,Paul McCartney plays the instrument,13,12609,False
cf_7235,unknown,Jacques Brel plays,253,7785,False
cf_14035,unknown,Top Thrill Dragster is in,253,17885,False
cf_14035,unknown,Chagrin River is within,253,6181,False
cf_14035,unknown,Millennium Force can be found in,253,7758,False
cf_14035,unknown,"Walhonding River, in",253,6181,False
cf_14035,unknown,Campbell Hill is in,253,13533,False
cf_14035,unknown,Campbell Hill is located in,253,13533,False
cf_14035,unknown,Walhonding River is in,253,6181,False
cf_14035,unknown,Interstate 271 is located in,253,14614,False
cf_14035,unknown,Corkscrew is in,253,20341,False
cf_14035,unknown,King of Kings can be found in,253,4693,False
cf_12618,unknown,The genre played by Zeena Parkins is,247,24455,False
cf_12618,unknown,Zeena Parkins plays,247,14648,False
cf_12618,unknown,"Paolo Conte, who plays",253,20391,False
cf_12618,unknown,Sade Adu plays,253,24455,False
cf_12618,unknown,Jason Mraz plays,247,24455,False
cf_12618,unknown,Chick Corea plays,253,19971,False
cf_12618,unknown,The genre played by Raimonds Pauls is,247,24342,False
cf_12618,unknown,Ziggy Elman is known for performing,275,24455,False
cf_12618,unknown,"Niño Josele, who plays",323,12609,False
cf_12618,unknown,Otis Taylor is known for performing,275,24455,False
cf_2895,unknown,"geocronite, named for",253,12300,False
cf_2895,unknown,Terra is named after,253,10869,False
cf_2895,unknown,geocronite is named for,253,20341,False
cf_2895,unknown,"gearksutite, which was named for",253,6181,False
cf_2895,unknown,"Earth Changes, named after",253,7565,False
cf_2895,unknown,"Earth Changes, which was named after",253,7565,False
cf_2895,unknown,"Earth 300, which was called after",253,36582,False
cf_2895,unknown,Jordens barn was called after,253,6181,False
cf_2895,unknown,"Terra, which is named after",253,10869,False
cf_2895,unknown,"Terra, named after",253,10869,False
cf_8895,unknown,Mos Def is follower of,253,8033,False
cf_8895,unknown,Rumi is follower of,253,8033,False
cf_8895,unknown,The official religion of Rumi is,8033,8033,True
cf_8895,unknown,The official religion of Dave Chappelle is,20242,20242,True
cf_8895,unknown,saint follows the religion of,253,8033,False
cf_8895,unknown,Benazir Bhutto is affiliated with the religion,273,8033,False
cf_8895,unknown,Abd al-Malik ibn Marwan follows the religion of,253,8033,False
cf_8895,unknown,Hamid Karzai follows the religion of,8033,8033,True
cf_8895,unknown,Mehmed the Conqueror is affiliated with the religion,273,8033,False
cf_8895,unknown,Bashar al-Assad is follower of,253,8033,False
cf_9700,unknown,Daniel Tammet speaks the language,273,4383,False
cf_9700,unknown,Bernard Madoff speaks the language,273,4383,False
cf_9700,unknown,Daniel Tammet writes in,253,4383,False
cf_9700,unknown,Juan Carlos Onetti speaks the language,273,9883,False
cf_9700,unknown,Alberto Bayo speaks,281,9890,False
cf_9700,unknown,The language used by Juan Carlos Onetti is,417,9883,False
cf_9700,unknown,The language used by José Batlle y Ordóñez is,247,9883,False
cf_9700,unknown,Cesc Fàbregas speaks the language,273,9883,False
cf_9700,unknown,The language used by Josep Puig i Cadafalch is,247,5112,False
cf_9700,unknown,Ferdinand II of Aragon writes in,521,12760,False
cf_9390,unknown,Le Droit is based in,253,7785,False
cf_9390,unknown,"Global Affairs Canada, whose headquarters are in",29539,13533,False
cf_9390,unknown,The headquarter of The Council of Canadians is located in,13533,13533,True
cf_9390,unknown,The headquarters of Global Affairs Canada is in,29539,13533,False
cf_9390,unknown,The headquarters of Hydro Ottawa is in,253,29539,False
cf_9390,unknown,"Le Droit, whose headquarters are in",7785,7785,True
cf_9390,unknown,Le Droit is headquartered in,7785,7785,True
cf_9390,unknown,Skate Canada is based in,13533,13533,True
cf_9390,unknown,The headquarter of Human Resources and Skills Development Canada is located in,29539,29539,True
cf_9390,unknown,The headquarters of Skate Canada is in,13533,13533,True
cf_17941,unknown,Neusiedl Lake is located in,253,18908,False
cf_17941,unknown,"Lake Balaton, in",253,43905,False
cf_17941,unknown,"Hungary, which is located in",253,3060,False
cf_17941,unknown,"Zichyújfalu, in",253,16795,False
cf_17941,unknown,"Slovak, in",253,37603,False
cf_17941,unknown,"Lake Balaton, which is located in",253,43905,False
cf_17941,unknown,KSH code is located in the country of,6510,7422,False
cf_17941,unknown,"Carpathian Mountains, which is located in",253,43905,False
cf_17941,unknown,"Budapest, located in",253,3060,False
cf_17941,unknown,"Carpathian Mountains, located in",253,43905,False
cf_17691,unknown,"IBM System/34, produced by",253,21314,False
cf_17691,unknown,590 Madison Avenue is developed by,253,21661,False
cf_17691,unknown,Intel 80286 is produced by,17545,17545,True
cf_17691,unknown,Intel 80486 is developed by,17545,17545,True
cf_17691,unknown,"IBM Roadrunner, created by",253,21314,False
cf_17691,unknown,"IBM 5100, developed by",253,21314,False
cf_17691,unknown,server is created by,253,21314,False
cf_17691,unknown,IBM System/3 is developed by,253,21314,False
cf_17691,unknown,"Watson, developed by",253,15501,False
cf_17691,unknown,"Intel 80286, developed by",17545,17545,True
cf_11304,unknown,IBM WebSphere Process Server is a product of,253,21314,False
cf_11304,unknown,IBM OfficeVision was created by,253,9664,False
cf_11304,unknown,"IBM OfficeVision, a product of",253,9664,False
cf_11304,unknown,IBM WebSphere Commerce is a product of,253,21314,False
cf_11304,unknown,"IBM Rational Automation Framework, a product of",253,21314,False
cf_11304,unknown,IBM Rational AppScan was created by,253,21314,False
cf_11304,unknown,IBM Rational Automation Framework is developed by,253,21314,False
cf_11304,unknown,"IBM WebSphere Process Server, a product developed by",21314,21314,True
cf_11304,unknown,IBM OfficeVision is created by,9664,9664,True
cf_11304,unknown,"IBM Rational ClearQuest, a product of",253,21314,False
cf_11860,unknown,Julius Rietz is native to,253,12911,False
cf_11860,unknown,Peter Gay was born in,253,4693,False
cf_11860,unknown,"Friedrich Wilhelm, Count Brandenburg originates from",253,12911,False
cf_11860,unknown,Paul Kretschmer is native to,253,7785,False
cf_11860,unknown,Paul Kretschmer originated from,253,7785,False
cf_11860,unknown,Gregor Gysi is native to,253,7785,False
cf_11860,unknown,Ken Adam is native to,253,4693,False
cf_11860,unknown,Paul Kretschmer was native to,253,7785,False
cf_11860,unknown,Gustav Rose originates from,253,38476,False
cf_11860,unknown,Gustav Rose is originally from,253,43516,False
cf_3635,unknown,What is the twin city of Budapest? It is,253,26229,False
cf_3635,unknown,The twin city of Manila is,253,34992,False
cf_3635,unknown,The twin city of Taipei is,253,36546,False
cf_3635,unknown,What is the twin city of Jakarta? It is,253,48771,False
cf_3635,unknown,Budapest is a twin city of,50086,26229,False
cf_3635,unknown,Hanoi is a twin city of,388,48771,False
cf_3635,unknown,What is the twin city of Hanoi? It is,253,48771,False
cf_3635,unknown,Moscow is a twin city of,16496,16496,True
cf_3635,unknown,Busan is a twin city of,36546,48771,False
cf_3635,unknown,What is the twin city of Guangzhou? It is,247,18496,False
cf_4072,unknown,Wilhelm Henzen's life ended in,247,12911,False
cf_4072,unknown,Clement VII lost their life at,253,12300,False
cf_4072,unknown,Roberto Melli passed away in,247,12300,False
cf_4072,unknown,August Kestner died in the city of,611,32000,False
cf_4072,unknown,Wilhelm Friedrich Gmelin passed away in,1283,12911,False
cf_4072,unknown,Paul IV died in the city of,12300,12300,True
cf_4072,unknown,Innocent XI succumbed at,253,12300,False
cf_4072,unknown,Liberius lost their life at,253,12300,False
cf_4072,unknown,Anneliese Maier passed away at,253,7785,False
cf_4072,unknown,Alois Hudal died in,253,7785,False
cf_6137,unknown,The music label representing Nat Adderley is,671,33368,False
cf_6137,unknown,Bill Evans's label is,247,12609,False
cf_6137,unknown,Art Farmer recorded for,253,41813,False
cf_6137,unknown,Art Pepper recorded for,253,41813,False
cf_6137,unknown,"John Fogerty, that is represented by",253,41813,False
cf_6137,unknown,Nat Adderley recorded for,253,15501,False
cf_6137,unknown,Tom Fogerty's label is,247,33368,False
cf_6137,unknown,Odetta's label is,247,41813,False
cf_6137,unknown,Red Holloway is represented by,253,41813,False
cf_6137,unknown,Art Farmer is represented by record label,13,41813,False
cf_10242,unknown,Guy Gavriel Kay has a citizenship from,253,28746,False
cf_10242,unknown,"Maurice Duplessis, who is a citizen of",253,6181,False
cf_10242,unknown,"Kiefer Sutherland, who is a citizen of",253,18908,False
cf_10242,unknown,"Sidney Altman, who is a citizen of",253,6976,False
cf_10242,unknown,"Robbie Robertson, a citizen of",253,6976,False
cf_10242,unknown,Ralph Steinman has a citizenship from,253,5002,False
cf_10242,unknown,"William Giauque, who is a citizen of",253,10869,False
cf_10242,unknown,"Robbie Robertson, who holds a citizenship from",253,6976,False
cf_10242,unknown,Patrick Chan holds a citizenship from,14025,16861,False
cf_10242,unknown,Frederick Philip Grove holds a citizenship from,253,5854,False
cf_1197,unknown,Bang Na can be found in,253,48771,False
cf_1197,unknown,Where is Bang Na? It is located in,253,48771,False
cf_1197,unknown,Mahidol University is located in,253,23174,False
cf_1197,unknown,Where is Chom Thong? It is located in,253,48771,False
cf_1197,unknown,Bang Kapi can be found in,253,48771,False
cf_1197,unknown,The location of Bang Sue is,247,48771,False
cf_1197,unknown,The location of Bang Rak is,247,48771,False
cf_1197,unknown,Phasi Charoen is located in,253,23174,False
cf_1197,unknown,Mahidol University is in,253,23174,False
cf_1197,unknown,Watthana is in,253,10497,False
cf_3426,unknown,Titlis is located in the continent,273,7531,False
cf_3426,unknown,Monte Generoso belongs to the continent of,7531,3060,False
cf_3426,unknown,Aletschhorn is a part of the continent of,3060,3060,True
cf_3426,unknown,Finsteraarhorn belongs to the continent of,7531,3060,False
cf_3426,unknown,Brienzer Rothorn belongs to the continent of,3060,3060,True
cf_3426,unknown,Titlis belongs to the continent of,7531,7531,True
cf_3426,unknown,Soviet Union is in,253,3060,False
cf_3426,unknown,Volkhov is located in the continent,273,3060,False
cf_3426,unknown,Dents du Midi is in,253,6181,False
cf_3426,unknown,Brienzer Rothorn is located in,253,12911,False
cf_6281,unknown,The capital of Duchy of Bohemia is,4441,41577,False
cf_6281,unknown,The capital of Czech and Slovak Federal Republic is,4441,41577,False
cf_6281,unknown,"Czechoslovak Socialist Republic's capital,",41577,41577,True
cf_6281,unknown,The capital of Central Bohemian Region is,4441,41577,False
cf_6281,unknown,Lands of the Bohemian Crown's capital city is,247,41577,False
cf_6281,unknown,"Czech and Slovak Federal Republic's capital city,",2652,41577,False
cf_6281,unknown,"Země Česká's capital city,",11437,41577,False
cf_6281,unknown,"Lands of the Bohemian Crown's capital,",41577,41577,True
cf_6281,unknown,Prague-West District's capital city is,253,41577,False
cf_6281,unknown,"Lands of the Bohemian Crown's capital city,",41577,41577,True
cf_15677,unknown,The language of The Wild Child was,247,4383,False
cf_15677,unknown,The original language of Female Agents is,247,4383,False
cf_15677,unknown,The language of London River is,247,4383,False
cf_15677,unknown,The original language of Fantastic Planet was,3542,4383,False
cf_15677,unknown,The language of Man Bites Dog was,247,4383,False
cf_15677,unknown,The original language of And Now... Ladies and Gentlemen is,247,4383,False
cf_15677,unknown,The language of Man Bites Dog is,247,4383,False
cf_15677,unknown,The language of Snowpiercer was,247,4383,False
cf_15677,unknown,The original language of Persepolis is,31534,31534,True
cf_15677,unknown,The language of L'Atlantide is,417,5112,False
cf_3361,unknown,"In European Space Agency, they understand",326,4383,False
cf_3361,unknown,The official language of Nice is,5112,5112,True
cf_3361,unknown,"In Clermont-Ferrand, the language spoken is",247,5112,False
cf_3361,unknown,"In UEFA, the language spoken is",253,4383,False
cf_3361,unknown,"In European Space Agency, the language spoken is",4383,4383,True
cf_3361,unknown,The official language of Clermont-Ferrand is,5112,5112,True
cf_3361,unknown,The law in European Space Agency declares the language,273,5112,False
cf_3361,unknown,The official language of Saint Pierre and Miquelon is,5112,5112,True
cf_3361,unknown,"In Organisation for Economic Cooperation and Development, the language spoken is",4383,4383,True
cf_3361,unknown,The law in Wallis and Futuna declares the language,273,4383,False
cf_14871,unknown,Alexander VIII's position is,326,29417,False
cf_14871,unknown,Gregory II holds the title of,4377,39166,False
cf_14871,unknown,"Hyacinthe Sigismond Gerdil, who has the position of",253,14967,False
cf_14871,unknown,"Charles Journet, who holds the position of",253,29417,False
cf_14871,unknown,"Alexander VIII, who holds the position of",253,26390,False
cf_14871,unknown,Theodor Innitzer is a,1077,18468,False
cf_14871,unknown,"Johann Rudolf Kutschker, who holds the position of",253,29417,False
cf_14871,unknown,Boniface II holds the title of,18422,39166,False
cf_14871,unknown,Alexander VIII is a,1077,18468,False
cf_14871,unknown,Gregory II holds the position of,253,39166,False
cf_7204,unknown,The language of El País was,417,9883,False
cf_7204,unknown,The language of Quora is,247,4383,False
cf_7204,unknown,The language of Opera is,417,9890,False
cf_7204,unknown,The language of macOS is,417,4383,False
cf_7204,unknown,The language of Maastricht Treaty was,417,13986,False
cf_7204,unknown,Animal Crossing: New Leaf was written in,253,6692,False
cf_7204,unknown,The language of La que se avecina is,247,9883,False
cf_7204,unknown,The Hound of the Baskervilles is written in,253,22024,False
cf_7204,unknown,RT was written in,253,4383,False
cf_7204,unknown,Inkscape is written in,13814,8595,False
cf_2268,unknown,Which position does Kanga Akalé play? They play as,247,42402,False
cf_2268,unknown,"Agostinho Cá, the",3438,24110,False
cf_2268,unknown,Juan Sebastián Verón plays in the position of,253,31021,False
cf_2268,unknown,Paul Scholes plays in the position of,247,22385,False
cf_2268,unknown,"Robbie Brady, the",3438,22385,False
cf_2268,unknown,Robbie Brady plays in the position of,247,22385,False
cf_2268,unknown,Igor Netto plays in the position of,253,42402,False
cf_2268,unknown,Zico plays in the position of,247,42402,False
cf_2268,unknown,Patrick Vieira plays as,247,42402,False
cf_2268,unknown,"Edu Marangon, who plays the position",273,22385,False
cf_19378,unknown,The Little Mermaid premieres on,16590,16590,True
cf_19378,unknown,Blue Bloods was released on,253,21946,False
cf_19378,unknown,The King of Queens premiered on,27199,22303,False
cf_19378,unknown,Barnaby Jones was originally aired on,253,15501,False
cf_19378,unknown,The Little Mermaid was released on,17509,17509,True
cf_19378,unknown,Candles on Bay Street was released on,253,21946,False
cf_19378,unknown,"Murder, She Wrote was released on",17509,21946,False
cf_19378,unknown,CBS News was released on,8216,21946,False
cf_19378,unknown,Mr. Merlin was released on,19590,21946,False
cf_19378,unknown,"Murder, She Wrote premieres on",25456,41069,False
cf_2278,unknown,Germany is affiliated with,253,24952,False
cf_2278,unknown,Netherlands is affiliated with the,5284,24952,False
cf_2278,unknown,United States of America is a part of the,5284,24952,False
cf_2278,unknown,Bulgaria is affiliated with,253,24952,False
cf_2278,unknown,Romania is a member of,253,24952,False
cf_2278,unknown,Czech Republic belongs to the organization of,253,24952,False
cf_2278,unknown,Netherlands is a member of,253,24952,False
cf_2278,unknown,Norway belongs to the organization of,253,24952,False
cf_2278,unknown,Hungary is a member of,253,24952,False
cf_2278,unknown,Netherlands is a part of the,5284,24952,False
cf_16901,unknown,"The Criminal Life of Archibaldo de la Cruz, created in",253,10869,False
cf_16901,unknown,Cuca was from,253,11268,False
cf_16901,unknown,"The Bermuda Triangle, from",253,7758,False
cf_16901,unknown,Matando Cabos was formulated in,253,10869,False
cf_16901,unknown,"Revenge, that originated in",253,4047,False
cf_16901,unknown,"The Bermuda Triangle, developed in",253,7758,False
cf_16901,unknown,Biutiful originated in,253,4693,False
cf_16901,unknown,Cuca was developed in,253,10869,False
cf_16901,unknown,The Orphanage was created in,253,13533,False
cf_16901,unknown,"El Mariachi, developed in",253,8987,False
cf_17105,unknown,Byron White is a professional,8406,14623,False
cf_17105,unknown,"Bill Goldberg, the",3438,24455,False
cf_17105,unknown,What sport does Bill Goldberg play? They play,15692,14623,False
cf_17105,unknown,Woody Strode professionally plays the sport,273,5842,False
cf_17105,unknown,"Bill Goldberg, the",3438,24455,False
cf_17105,unknown,What sport does Otto Graham play? They play,247,19971,False
cf_17105,unknown,Tom Brady plays,323,5842,False
cf_17105,unknown,Otto Graham professionally plays the sport,273,14623,False
cf_17105,unknown,What sport does Drew Brees play? They play,5842,5842,True
cf_17105,unknown,Byron White professionally plays the sport,273,14623,False
cf_10343,unknown,Seioglobal was formed in,253,43516,False
cf_10343,unknown,"Seioglobal, that was created in",253,6181,False
cf_10343,unknown,Korean National Revolutionary Party was founded in,253,36546,False
cf_10343,unknown,Maxus was formed in,253,4693,False
cf_10343,unknown,UnionPay was founded in,253,4693,False
cf_10343,unknown,League of Left-Wing Writers formed in,253,8068,False
cf_10343,unknown,"Roewe, that was formed in",253,4693,False
cf_10343,unknown,China Baowu Steel Group was created in,253,18496,False
cf_10343,unknown,UnionPay originated in,253,8068,False
cf_10343,unknown,"SIMCom, that was formed in",253,17413,False
cf_5787,unknown,Carme Vidal i Xifré found employment in,253,7785,False
cf_5787,unknown,Antonio Lacavalleria found employment in,253,21924,False
cf_5787,unknown,Casimir Giralt i Bullich worked in the city of,7785,7785,True
cf_5787,unknown,Antoni Castellà i Clavé found employment in,253,27850,False
cf_5787,unknown,Carme Capdevila i Palau was employed in,253,46287,False
cf_5787,unknown,Concepció Tarruella i Tomàs worked in,253,12300,False
cf_5787,unknown,Carles Josep Bonet i Revés found employment in,253,24639,False
cf_5787,unknown,Anna Figueras i Ibáñez worked in the city of,3262,21924,False
cf_5787,unknown,Daniel Terradellas i Redon found employment in,253,4693,False
cf_5787,unknown,Carme Carretero i Romay used to work in,253,21924,False
cf_6698,unknown,John Robert Schrieffer's domain of work is,253,16775,False
cf_6698,unknown,Konstantin Novoselov's expertise is,275,12057,False
cf_6698,unknown,The domain of work of John Robert Schrieffer is,253,12057,False
cf_6698,unknown,Jean Perrin's domain of activity is,281,26481,False
cf_6698,unknown,The domain of activity of Robert A. Millikan is,253,16775,False
cf_6698,unknown,Johannes Diderik van der Waals's domain of activity is,253,18090,False
cf_6698,unknown,The domain of activity of George Paget Thomson is,281,18090,False
cf_6698,unknown,The domain of work of Konstantin Novoselov is,253,12057,False
cf_6698,unknown,Edward Victor Appleton's expertise is,275,37756,False
cf_6698,unknown,The domain of work of Charles Édouard Guillaume is,253,5112,False
cf_10562,unknown,Louis Antoine de Saint-Just is a native speaker of,5112,5112,True
cf_10562,unknown,The mother tongue of François Bayrou is,247,5112,False
cf_10562,unknown,Jean-Luc Picard is a native speaker of,5112,5112,True
cf_10562,unknown,"Jean-Baptiste Say, speaker of",253,5112,False
cf_10562,unknown,The native language of Jean Auguste Dominique Ingres is,5112,5112,True
cf_10562,unknown,"Élisée Reclus, a native",273,5112,False
cf_10562,unknown,The native language of Ferdinand de Saussure is,5112,9883,False
cf_10562,unknown,Melchior de Vogüé spoke the language,273,5112,False
cf_10562,unknown,"Octave Mirbeau, speaker of",253,5112,False
cf_10562,unknown,Robert Schuman spoke the language,273,5112,False
cf_18929,unknown,Joseph Stalin works as,247,18468,False
cf_18929,unknown,The occupation of Indira Gandhi is,247,18468,False
cf_18929,unknown,Jawaharlal Nehru's occupation is,247,5427,False
cf_18929,unknown,George W. Bush works as,247,18468,False
cf_18929,unknown,Giuseppe Garibaldi works as,247,18468,False
cf_18929,unknown,Julius Caesar's occupation is,247,18468,False
cf_18929,unknown,The occupation of John Paul II is,247,29417,False
cf_18929,unknown,Mohandas Karamchand Gandhi's profession is a,1077,18468,False
cf_18929,unknown,Alessandro Manzoni works as,247,25375,False
cf_18929,unknown,Napoleon's profession is an,1445,5908,False
cf_9340,unknown,"George Villiers, 6th Earl of Clarendon, who is employed by",253,15501,False
cf_9340,unknown,Alistair Cooke is employed by,253,15501,False
cf_9340,unknown,"Jameela Jamil, who is employed by",253,9664,False
cf_9340,unknown,"George Villiers, 6th Earl of Clarendon works for",253,4693,False
cf_9340,unknown,"Jimmy Hill, who works for",253,21946,False
cf_9340,unknown,Tony Robinson is employed by,253,15501,False
cf_9340,unknown,"Bob Spiers, of",253,41813,False
cf_9340,unknown,"Tony Robinson, who works for",253,15501,False
cf_9340,unknown,Alistair Cooke works for,253,15501,False
cf_9340,unknown,Tony Robinson works for,253,15501,False
cf_13448,unknown,PZL Mielec is owned by,253,16795,False
cf_13448,unknown,Polish State Railways owner,13,16795,False
cf_13448,unknown,Hôtel de Monaco's owner,13,7785,False
cf_13448,unknown,"Lindenallee 7, by",253,17885,False
cf_13448,unknown,"Polish State Railways, by",253,16795,False
cf_13448,unknown,Edward Jancarz Stadium's owner,13,27478,False
cf_13448,unknown,Lindenallee 7 owner,13,41813,False
cf_13448,unknown,Prussian Homage is owned by,253,6181,False
cf_13448,unknown,Olympic Stadium owner,13,20391,False
cf_13448,unknown,Polish State Railways's owner,13,16795,False
cf_13693,unknown,George Harrison plays the instrument,15,12609,False
cf_13693,unknown,"John Lennon, the",16057,40159,False
cf_13693,unknown,"Leonard Cohen, performing on the",1072,18542,False
cf_13693,unknown,Paul McCartney plays the instrument,13,12609,False
cf_13693,unknown,Bruce Springsteen plays the instrument,273,12609,False
cf_13693,unknown,"David Bowie, playing the",1421,18542,False
cf_13693,unknown,David Bowie plays,253,24455,False
cf_13693,unknown,"Leonard Cohen, playing the",2554,18542,False
cf_13693,unknown,"George Harrison, playing the",2554,18542,False
cf_13693,unknown,David Bowie plays the,1421,18542,False
cf_3902,unknown,Cleveland Hopkins International Airport can be found in,253,19802,False
cf_3902,unknown,Top Thrill Dragster is located in,253,14759,False
cf_3902,unknown,Chagrin River is in,253,6181,False
cf_3902,unknown,Interstate 70 in Ohio is located in,253,10128,False
cf_3902,unknown,Interstate 90 in Ohio can be found in,253,10128,False
cf_3902,unknown,Interstate 270 is in,253,14614,False
cf_3902,unknown,"Millennium Force, in",253,7758,False
cf_3902,unknown,Interstate 471 is located in,253,7758,False
cf_3902,unknown,Interstate 271 is within,253,14614,False
cf_3902,unknown,David Berger National Memorial is in,253,24604,False
cf_16020,unknown,Alexander von Zemlinsky plays,253,18542,False
cf_16020,unknown,Richard Tauber is known for performing,275,24455,False
cf_16020,unknown,"Leo Fall, who plays",253,24455,False
cf_16020,unknown,The genre played by Georg Philipp Telemann is,247,16053,False
cf_16020,unknown,"Leo Slezak, who plays",253,24455,False
cf_16020,unknown,Alban Berg is known for performing,275,24455,False
cf_16020,unknown,Eduard Lassen is known for performing,247,24455,False
cf_16020,unknown,Robert Fuchs plays,253,24455,False
cf_16020,unknown,"Carl Ditters von Dittersdorf, who plays",253,18542,False
cf_16020,unknown,What does Ernő Dohnányi play? They play,247,24455,False
cf_1977,unknown,Corcadorca Theatre Company was named for,253,24639,False
cf_1977,unknown,"Cork encoding, named for",253,44261,False
cf_1977,unknown,Cork Street was named after,253,44261,False
cf_1977,unknown,Corcadorca Theatre Company is called after,253,24639,False
cf_1977,unknown,"Corkgade, which is named after",253,44261,False
cf_1977,unknown,Cork encoding was named after,253,44261,False
cf_1977,unknown,Cork encoding is named after,253,44261,False
cf_1977,unknown,"Corcadorca Theatre Company, named after",253,24639,False
cf_1977,unknown,Cork encoding was named for,253,44261,False
cf_1977,unknown,"Corkstraat, which is named after",253,44261,False
cf_1846,unknown,The official religion of Joseph Wulf is,253,20242,False
cf_1846,unknown,Moritz Gottlieb Saphir is affiliated with the religion,273,43506,False
cf_1846,unknown,Joseph Unger is follower of,253,35702,False
cf_1846,unknown,Franz Skutsch follows the religion of,253,8033,False
cf_1846,unknown,Joseph Wulf follows the religion of,253,8033,False
cf_1846,unknown,Ferdinand Gumbert follows the religion of,253,8033,False
cf_1846,unknown,Joseph Wulf is affiliated with the religion,273,20242,False
cf_1846,unknown,The official religion of Erich Lessing is,253,20242,False
cf_1846,unknown,Joseph Wulf is follower of,253,8033,False
cf_1846,unknown,The official religion of Ferdinand Gumbert is,253,20242,False
cf_2050,unknown,Benjamin Netanyahu speaks,281,25260,False
cf_2050,unknown,Theodor Herzl speaks the language,273,25260,False
cf_2050,unknown,Edmund Landau speaks the language,273,4383,False
cf_2050,unknown,Ruth Bader Ginsburg speaks,281,4383,False
cf_2050,unknown,Elie Wiesel writes in,521,5112,False
cf_2050,unknown,The language used by Isaak Babel is,417,25260,False
cf_2050,unknown,The language used by Shimon Peres is,417,25260,False
cf_2050,unknown,Yizhak Rabin writes in,521,4383,False
cf_2050,unknown,Johann Reuchlin writes in,521,5685,False
cf_2050,unknown,Golda Meir speaks the language,273,25260,False
cf_3131,unknown,"Coldwell Banker, whose headquarters are in",1457,4693,False
cf_3131,unknown,"Better Homes and Gardens Real Estate, whose headquarters are in",253,8068,False
cf_3131,unknown,Better Homes and Gardens Real Estate is based in,253,8068,False
cf_3131,unknown,The headquarters of Merck Animal Health is in,253,41813,False
cf_3131,unknown,The headquarter of Thursday Morning Club is in,253,14296,False
cf_3131,unknown,The headquarters of FC Motown is in,253,17372,False
cf_3131,unknown,Quest Diagnostics is headquartered in,253,14296,False
cf_3131,unknown,Leo Pharma (United States)'s headquarters are in,253,8068,False
cf_3131,unknown,The headquarters of Fairleigh Dickinson University Press is in,35699,25853,False
cf_3131,unknown,The headquarters of Leo Pharma (United States) is in,253,14296,False
cf_13859,unknown,Cesena is located in,253,6181,False
cf_13859,unknown,"Gorizia, located in",253,9972,False
cf_13859,unknown,Sassuolo is located in the country of,34970,9972,False
cf_13859,unknown,Ascoli Piceno is located in the country of,9972,9972,True
cf_13859,unknown,"Lanciano, in",253,9972,False
cf_13859,unknown,"Empoli, which is located in",253,9972,False
cf_13859,unknown,"Reggio Calabria, which is located in",253,9972,False
cf_13859,unknown,"Croatian, which is located in",253,42862,False
cf_13859,unknown,"La Spezia, located in",253,9972,False
cf_13859,unknown,Val della Torre is located in the country of,308,9972,False
cf_7212,unknown,"A-26 Invader, produced by",253,35251,False
cf_7212,unknown,Douglas B-66 Destroyer is produced by,253,35251,False
cf_7212,unknown,"XLIM-49A Nike-Zeus, developed by",40864,40864,True
cf_7212,unknown,Douglas DC-3 is developed by,253,17885,False
cf_7212,unknown,Douglas A-1 Skyraider is created by,253,17885,False
cf_7212,unknown,"AIR-2 Genie, created by",253,8217,False
cf_7212,unknown,XLIM-49A Nike-Zeus is produced by,40864,40864,True
cf_7212,unknown,DT-2 is created by,253,21314,False
cf_7212,unknown,B-23 Dragon is developed by,253,35251,False
cf_7212,unknown,"XB-42 Mixmaster, developed by",253,15501,False
cf_11549,unknown,"IBM Works, a product developed by",253,21314,False
cf_11549,unknown,IBM Rational AppScan is a product of,253,21314,False
cf_11549,unknown,"IBM Rational Purify, a product developed by",253,21314,False
cf_11549,unknown,"IBM Home Page Reader, a product of",253,8217,False
cf_11549,unknown,IBM Lotus Web Content Management is created by,9664,9664,True
cf_11549,unknown,"IBM WebSphere Process Server, a product of",21314,21314,True
cf_11549,unknown,"IBM Office/36, a product developed by",253,9664,False
cf_11549,unknown,IBM OfficeVision was created by,253,9664,False
cf_11549,unknown,IBM Works was developed by,253,21314,False
cf_11549,unknown,IBM RPG III was developed by,253,21314,False
cf_18424,unknown,Mitchell Sharp originates from,253,4693,False
cf_18424,unknown,Alastair G. W. Cameron is native to,253,4693,False
cf_18424,unknown,Frances Bay is native to,253,28792,False
cf_18424,unknown,Frances Bay was native to,253,7785,False
cf_18424,unknown,Mitchell Sharp originated from,253,4693,False
cf_18424,unknown,Joel Rosenberg was originally from,253,21249,False
cf_18424,unknown,Venetian Snares is native to,253,28792,False
cf_18424,unknown,Sophia Santi is native to,253,48771,False
cf_18424,unknown,Clara Hughes was born in,253,4693,False
cf_18424,unknown,Susan Auch originated from,253,8068,False
cf_10823,unknown,The twin city of Lausanne is,253,27850,False
cf_10823,unknown,The twin city of Jakarta is,253,32319,False
cf_10823,unknown,Tehran is a twin city of,35889,35889,True
cf_10823,unknown,What is the twin city of Tehran? It is,247,48771,False
cf_10823,unknown,The twin city of Nur-Sultan is,247,34992,False
cf_10823,unknown,"Washington, D.C. is a twin city of",253,5041,False
cf_10823,unknown,Manila is a twin city of,43949,43949,True
cf_10823,unknown,Fukuoka is a twin city of,17413,17413,True
cf_10823,unknown,The twin city of Tehran is,253,34992,False
cf_10823,unknown,What is the twin city of Seoul? It is,253,48771,False
cf_14763,unknown,John Roy Lynch's life ended in,247,8068,False
cf_14763,unknown,Frederick Stock succumbed at,253,11988,False
cf_14763,unknown,Henry Burr's life ended in,247,41813,False
cf_14763,unknown,Bob Fitzsimmons's life ended in,247,4693,False
cf_14763,unknown,Marion Mahony Griffin expired at,253,18267,False
cf_14763,unknown,Junior Wells lost their life at,253,22681,False
cf_14763,unknown,John Roy Lynch expired at,253,18267,False
cf_14763,unknown,Frederick Stock passed away in,247,4693,False
cf_14763,unknown,Ralph Metcalfe died in the city of,1457,8068,False
cf_14763,unknown,Marion Mahony Griffin's life ended in,247,9693,False
cf_2776,unknown,"Eddie Rambeau, which is represented by",253,41813,False
cf_2776,unknown,Danny Rapp's label is,253,33368,False
cf_2776,unknown,The Explosive Freddy Cannon is represented by music label,21312,41813,False
cf_2776,unknown,The Explosive Freddy Cannon is represented by,253,41813,False
cf_2776,unknown,"Palisades Park, released by",253,24324,False
cf_2776,unknown,Danny & the Juniors's record label is,247,41813,False
cf_2776,unknown,Palisades Park's record company is,253,41813,False
cf_2776,unknown,She Loves You / I'll Get You's label is,247,41813,False
cf_2776,unknown,Palisades Park is represented by,253,38075,False
cf_2776,unknown,Palisades Park recorded for,253,38075,False
cf_1527,unknown,"Wael Gomaa, who holds a citizenship from",253,6144,False
cf_1527,unknown,"Sayed Moawad, who has a citizenship from",253,13115,False
cf_1527,unknown,"Mustafa Mahmoud, a citizen of",10253,10253,True
cf_1527,unknown,"Khalid Abdalla, a citizen of",253,28746,False
cf_1527,unknown,"Gamal Hamza, a citizen of",253,10253,False
cf_1527,unknown,"Khalid Abdalla, who has a citizenship from",253,28746,False
cf_1527,unknown,Ali Gomaa is a citizen of,253,35522,False
cf_1527,unknown,Ali Gomaa holds a citizenship from,253,35522,False
cf_1527,unknown,Gamal Hamza holds a citizenship from,253,35363,False
cf_1527,unknown,Ihab Abdelrahman has a citizenship from,253,10253,False
cf_15617,unknown,Columbus Hall can be found in,253,27899,False
cf_15617,unknown,Pix Theater can be found in,253,14296,False
cf_15617,unknown,Orange Theatre is in,253,4693,False
cf_15617,unknown,Rosedale Cemetery can be found in,253,8068,False
cf_15617,unknown,Highland Avenue is located in,253,13533,False
cf_15617,unknown,Palace Cinema is in,253,4693,False
cf_15617,unknown,Pix Theater is located in,253,8068,False
cf_15617,unknown,Orange Theatre can be found in,253,4693,False
cf_15617,unknown,Orange Theatre is located in,253,4693,False
cf_15617,unknown,Colonial Theatre can be found in,253,4693,False
cf_1938,unknown,Weisshorn is in,253,6176,False
cf_1938,unknown,Säntis is in,253,20341,False
cf_1938,unknown,Rigi is in,253,9972,False
cf_1938,unknown,Esla is in,253,14307,False
cf_1938,unknown,Esla is located in,253,14307,False
cf_1938,unknown,"Rigi, in",253,9972,False
cf_1938,unknown,Wildstrubel is a part of the continent of,3060,3060,True
cf_1938,unknown,Soviet Union is located in the continent,273,3060,False
cf_1938,unknown,"Wildhorn, in",253,8987,False
cf_1938,unknown,Rheinwaldhorn is located in,253,6176,False
cf_7249,unknown,"South Korea, which has the capital",36546,36546,True
cf_7249,unknown,"People's Republic of Korea's capital city,",36546,36546,True
cf_7249,unknown,Fourth Republic of South Korea's capital is,4441,36546,False
cf_7249,unknown,Fourth Republic of South Korea's capital city is,253,36546,False
cf_7249,unknown,People's Republic of Korea's capital city is,253,36546,False
cf_7249,unknown,"Provisional Government of the Republic of Korea, which has the capital",273,36546,False
cf_7249,unknown,Korean Empire's capital is,36546,36546,True
cf_7249,unknown,The capital city of Provisional Government of the Republic of Korea is,4441,36546,False
cf_7249,unknown,Sixth Republic of South Korea's capital is,4441,36546,False
cf_7249,unknown,The capital of Fourth Republic of South Korea is,4441,36546,False
cf_8683,unknown,The language of Padayappa is,417,34861,False
cf_8683,unknown,The original language of Mudhalvan is,247,34861,False
cf_8683,unknown,The language of Whistle was,417,4383,False
cf_8683,unknown,The original language of Lava Kusha was,247,34861,False
cf_8683,unknown,The language of Lava Kusha is,247,34861,False
cf_8683,unknown,The original language of Mayabazar is,346,26503,False
cf_8683,unknown,The language of Mayabazar is,417,4383,False
cf_8683,unknown,The original language of Mayabazar was,346,4383,False
cf_8683,unknown,The original language of Padayappa was,247,34861,False
cf_8683,unknown,The language of Autograph was,417,13986,False
